h,g,direction,kind,state_index,period_ms,recurrence_error_hz,duration_ms,source
0.0,0.5,down,equilibrium_candidate,0,,,0,results/topic4_sef_hfo/core_heterogeneity_bifurcation_20260918/state_scan_v2/h0.00000/down/g0p50000.npz
0.0,0.7,down,equilibrium_candidate,0,,,0,results/topic4_sef_hfo/core_heterogeneity_bifurcation_20260918/state_scan_v2/h0.00000/down/g0p70000.npz
0.0,0.9,down,equilibrium_candidate,0,,,0,results/topic4_sef_hfo/core_heterogeneity_bifurcation_20260918/state_scan_v2/h0.00000/down/g0p90000.npz
0.0,1.0,down,equilibrium_candidate,0,,,0,results/topic4_sef_hfo/core_heterogeneity_bifurcation_20260918/state_scan_v2/h0.00000/down/g1p00000.npz
0.0,1.05,down,equilibrium_candidate,0,,,0,results/topic4_sef_hfo/core_heterogeneity_bifurcation_20260918/state_scan_v2/h0.00000/down/g1p05000.npz
0.0,1.1,down,equilibrium_candidate,0,,,0,results/topic4_sef_hfo/core_heterogeneity_bifurcation_20260918/state_scan_v2/h0.00000/down/g1p10000.npz
0.0,1.12,down,equilibrium_candidate,0,,,3000,results/topic4_sef_hfo/core_heterogeneity_bifurcation_20260918/state_scan_v2/h0.00000/down/g1p12000.npz
0.0,1.14,down,equilibrium_candidate,0,,,3000,results/topic4_sef_hfo/core_heterogeneity_bifurcation_20260918/state_scan_v2/h0.00000/down/g1p14000.npz
0.0,1.16,down,equilibrium_candidate,0,,,3000,results/topic4_sef_hfo/core_heterogeneity_bifurcation_20260918/state_scan_v2/h0.00000/down/g1p16000.npz
0.0,1.17,down,equilibrium_candidate,0,,,3000,results/topic4_sef_hfo/core_heterogeneity_bifurcation_20260918/state_scan_v2/h0.00000/down/g1p17000.npz
0.0,1.18,down,periodic_candidate,2,1086.0874331043653,0.0002589164115045636,9000,results/topic4_sef_hfo/core_heterogeneity_bifurcation_20260918/state_scan_v2/h0.00000/down/g1p18000.npz
0.0,1.2,down,periodic_candidate,2,612.560787525386,0.0001803233804357506,9000,results/topic4_sef_hfo/core_heterogeneity_bifurcation_20260918/state_scan_v2/h0.00000/down/g1p20000.npz
0.0,1.22,down,periodic_candidate,2,509.199991620238,0.0005778874178080569,9000,results/topic4_sef_hfo/core_heterogeneity_bifurcation_20260918/state_scan_v2/h0.00000/down/g1p22000.npz
0.0,1.24,down,periodic_candidate,2,467.2948123377791,0.0006352749792012354,3000,results/topic4_sef_hfo/core_heterogeneity_bifurcation_20260918/state_scan_v2/h0.00000/down/g1p24000.npz
0.0,1.26,down,periodic_candidate,2,437.78616540195566,0.0009299768659555053,3000,results/topic4_sef_hfo/core_heterogeneity_bifurcation_20260918/state_scan_v2/h0.00000/down/g1p26000.npz
0.0,1.28,down,periodic_candidate,2,414.986943477683,5.939060304017897e-05,3000,results/topic4_sef_hfo/core_heterogeneity_bifurcation_20260918/state_scan_v2/h0.00000/down/g1p28000.npz
0.0,1.3,down,periodic_candidate,2,397.65936638580706,0.00047535749045685594,3000,results/topic4_sef_hfo/core_heterogeneity_bifurcation_20260918/state_scan_v2/h0.00000/down/g1p30000.npz
0.0,1.32,down,periodic_candidate,2,383.934583287843,0.00012317706237930558,3000,results/topic4_sef_hfo/core_heterogeneity_bifurcation_20260918/state_scan_v2/h0.00000/down/g1p32000.npz
0.0,1.34,down,periodic_candidate,2,372.7050882742544,0.0003607306577414604,3000,results/topic4_sef_hfo/core_heterogeneity_bifurcation_20260918/state_scan_v2/h0.00000/down/g1p34000.npz
0.0,1.36,down,periodic_candidate,3,185.8052701627184,0.0005863785677668307,3000,results/topic4_sef_hfo/core_heterogeneity_bifurcation_20260918/state_scan_v2/h0.00000/down/g1p36000.npz
0.0,1.3800000000000001,down,periodic_candidate,5,150.91710521809904,0.0005002912273453352,3000,results/topic4_sef_hfo/core_heterogeneity_bifurcation_20260918/state_scan_v2/h0.00000/down/g1p38000.npz
0.0,1.4000000000000001,down,periodic_candidate,5,150.85952323493186,0.0004861230451839801,3000,results/topic4_sef_hfo/core_heterogeneity_bifurcation_20260918/state_scan_v2/h0.00000/down/g1p40000.npz
0.0,1.4200000000000002,down,periodic_candidate,5,150.25804888915332,0.001527984196444786,3000,results/topic4_sef_hfo/core_heterogeneity_bifurcation_20260918/state_scan_v2/h0.00000/down/g1p42000.npz
0.0,1.4400000000000002,down,periodic_candidate,5,149.58297090390477,0.0005019155475877393,3000,results/topic4_sef_hfo/core_heterogeneity_bifurcation_20260918/state_scan_v2/h0.00000/down/g1p44000.npz
0.0,1.4600000000000002,down,periodic_candidate,5,148.94705096893844,0.0004412146642180316,3000,results/topic4_sef_hfo/core_heterogeneity_bifurcation_20260918/state_scan_v2/h0.00000/down/g1p46000.npz
0.0,1.4800000000000002,down,periodic_candidate,5,148.37564457451273,0.0006134494532913476,3000,results/topic4_sef_hfo/core_heterogeneity_bifurcation_20260918/state_scan_v2/h0.00000/down/g1p48000.npz
0.0,1.5000000000000002,down,periodic_candidate,5,147.868946759755,0.0008846817519809567,3000,results/topic4_sef_hfo/core_heterogeneity_bifurcation_20260918/state_scan_v2/h0.00000/down/g1p50000.npz
0.0,1.5200000000000002,down,periodic_candidate,5,147.42027559676367,0.0005449088315947628,3000,results/topic4_sef_hfo/core_heterogeneity_bifurcation_20260918/state_scan_v2/h0.00000/down/g1p52000.npz
0.0,1.5400000000000003,down,periodic_candidate,5,147.02174033198742,0.00011837309005860321,3000,results/topic4_sef_hfo/core_heterogeneity_bifurcation_20260918/state_scan_v2/h0.00000/down/g1p54000.npz
0.0,1.5600000000000003,down,periodic_candidate,5,146.66601091759554,0.000757242947158541,3000,results/topic4_sef_hfo/core_heterogeneity_bifurcation_20260918/state_scan_v2/h0.00000/down/g1p56000.npz
0.0,1.5800000000000003,down,periodic_candidate,5,146.34680519300082,0.000723585335391992,3000,results/topic4_sef_hfo/core_heterogeneity_bifurcation_20260918/state_scan_v2/h0.00000/down/g1p58000.npz
0.0,1.6000000000000003,down,periodic_candidate,5,146.05883694391926,0.0004667167802932475,6000,results/topic4_sef_hfo/core_heterogeneity_bifurcation_20260918/state_scan_v2/h0.00000/down/g1p60000.npz
0.0,0.5,up,equilibrium_candidate,0,,,0,results/topic4_sef_hfo/core_heterogeneity_bifurcation_20260918/state_scan_v2/h0.00000/up/g0p50000.npz
0.0,0.7,up,equilibrium_candidate,0,,,0,results/topic4_sef_hfo/core_heterogeneity_bifurcation_20260918/state_scan_v2/h0.00000/up/g0p70000.npz
0.0,0.9,up,equilibrium_candidate,0,,,0,results/topic4_sef_hfo/core_heterogeneity_bifurcation_20260918/state_scan_v2/h0.00000/up/g0p90000.npz
0.0,1.0,up,equilibrium_candidate,0,,,0,results/topic4_sef_hfo/core_heterogeneity_bifurcation_20260918/state_scan_v2/h0.00000/up/g1p00000.npz
0.0,1.05,up,equilibrium_candidate,0,,,0,results/topic4_sef_hfo/core_heterogeneity_bifurcation_20260918/state_scan_v2/h0.00000/up/g1p05000.npz
0.0,1.1,up,equilibrium_candidate,0,,,0,results/topic4_sef_hfo/core_heterogeneity_bifurcation_20260918/state_scan_v2/h0.00000/up/g1p10000.npz
0.0,1.12,up,equilibrium_candidate,0,,,3000,results/topic4_sef_hfo/core_heterogeneity_bifurcation_20260918/state_scan_v2/h0.00000/up/g1p12000.npz
0.0,1.14,up,equilibrium_candidate,0,,,3000,results/topic4_sef_hfo/core_heterogeneity_bifurcation_20260918/state_scan_v2/h0.00000/up/g1p14000.npz
0.0,1.16,up,equilibrium_candidate,0,,,3000,results/topic4_sef_hfo/core_heterogeneity_bifurcation_20260918/state_scan_v2/h0.00000/up/g1p16000.npz
0.0,1.17,up,equilibrium_candidate,0,,,3000,results/topic4_sef_hfo/core_heterogeneity_bifurcation_20260918/state_scan_v2/h0.00000/up/g1p17000.npz
0.0,1.18,up,periodic_candidate,2,1086.0874390546355,0.00016863832438494784,9000,results/topic4_sef_hfo/core_heterogeneity_bifurcation_20260918/state_scan_v2/h0.00000/up/g1p18000.npz
0.0,1.2,up,periodic_candidate,2,612.5607873694394,0.00016515086823265824,9000,results/topic4_sef_hfo/core_heterogeneity_bifurcation_20260918/state_scan_v2/h0.00000/up/g1p20000.npz
0.0,1.22,up,periodic_candidate,2,509.19999878582,0.0007516896949555063,9000,results/topic4_sef_hfo/core_heterogeneity_bifurcation_20260918/state_scan_v2/h0.00000/up/g1p22000.npz
0.0,1.24,up,periodic_candidate,2,467.2948360527322,0.00040172371243635155,3000,results/topic4_sef_hfo/core_heterogeneity_bifurcation_20260918/state_scan_v2/h0.00000/up/g1p24000.npz
0.0,1.26,up,periodic_candidate,2,437.7861754464433,0.0007437200220945712,3000,results/topic4_sef_hfo/core_heterogeneity_bifurcation_20260918/state_scan_v2/h0.00000/up/g1p26000.npz
0.0,1.28,up,periodic_candidate,2,414.98694459009874,4.095213469026654e-05,3000,results/topic4_sef_hfo/core_heterogeneity_bifurcation_20260918/state_scan_v2/h0.00000/up/g1p28000.npz
0.0,1.3,up,periodic_candidate,2,397.65936571066493,0.0007010020471217371,3000,results/topic4_sef_hfo/core_heterogeneity_bifurcation_20260918/state_scan_v2/h0.00000/up/g1p30000.npz
0.0,1.32,up,periodic_candidate,2,383.9345826801946,9.741772883314789e-05,3000,results/topic4_sef_hfo/core_heterogeneity_bifurcation_20260918/state_scan_v2/h0.00000/up/g1p32000.npz
0.0,1.34,up,periodic_candidate,2,372.7050844482644,0.0006415752842566526,3000,results/topic4_sef_hfo/core_heterogeneity_bifurcation_20260918/state_scan_v2/h0.00000/up/g1p34000.npz
0.0,1.36,up,periodic_candidate,3,185.80527498142544,0.0008375139373664373,3000,results/topic4_sef_hfo/core_heterogeneity_bifurcation_20260918/state_scan_v2/h0.00000/up/g1p36000.npz
0.0,1.3800000000000001,up,periodic_candidate,3,183.5810476258123,0.0003798742780939683,3000,results/topic4_sef_hfo/core_heterogeneity_bifurcation_20260918/state_scan_v2/h0.00000/up/g1p38000.npz
0.0,1.4000000000000001,up,periodic_candidate,5,150.85950216482885,0.0011828837777447874,3000,results/topic4_sef_hfo/core_heterogeneity_bifurcation_20260918/state_scan_v2/h0.00000/up/g1p40000.npz
0.0,1.4200000000000002,up,periodic_candidate,5,150.25804874674594,0.0015141852379276742,3000,results/topic4_sef_hfo/core_heterogeneity_bifurcation_20260918/state_scan_v2/h0.00000/up/g1p42000.npz
0.0,1.4400000000000002,up,periodic_candidate,5,149.5829702279078,0.0005163302112127524,3000,results/topic4_sef_hfo/core_heterogeneity_bifurcation_20260918/state_scan_v2/h0.00000/up/g1p44000.npz
0.0,1.4600000000000002,up,periodic_candidate,5,148.9470554956115,0.00017903414919207006,3000,results/topic4_sef_hfo/core_heterogeneity_bifurcation_20260918/state_scan_v2/h0.00000/up/g1p46000.npz
0.0,1.4800000000000002,up,periodic_candidate,5,148.37563534623655,0.0008971791303851574,3000,results/topic4_sef_hfo/core_heterogeneity_bifurcation_20260918/state_scan_v2/h0.00000/up/g1p48000.npz
0.0,1.5000000000000002,up,periodic_candidate,5,147.86893461053214,0.001078514357194305,3000,results/topic4_sef_hfo/core_heterogeneity_bifurcation_20260918/state_scan_v2/h0.00000/up/g1p50000.npz
0.0,1.5200000000000002,up,periodic_candidate,5,147.42027520347165,0.0005562456126055701,3000,results/topic4_sef_hfo/core_heterogeneity_bifurcation_20260918/state_scan_v2/h0.00000/up/g1p52000.npz
0.0,1.5400000000000003,up,periodic_candidate,5,147.0217355501439,8.729890614839179e-05,3000,results/topic4_sef_hfo/core_heterogeneity_bifurcation_20260918/state_scan_v2/h0.00000/up/g1p54000.npz
0.0,1.5600000000000003,up,periodic_candidate,5,146.66601190727627,0.001150006957673859,3000,results/topic4_sef_hfo/core_heterogeneity_bifurcation_20260918/state_scan_v2/h0.00000/up/g1p56000.npz
0.0,1.5800000000000003,up,periodic_candidate,5,146.34679579637702,0.0010473719751876978,3000,results/topic4_sef_hfo/core_heterogeneity_bifurcation_20260918/state_scan_v2/h0.00000/up/g1p58000.npz
0.0,1.6000000000000003,up,periodic_candidate,5,146.0588382066088,0.00029112767237643986,3000,results/topic4_sef_hfo/core_heterogeneity_bifurcation_20260918/state_scan_v2/h0.00000/up/g1p60000.npz
0.125,0.5,down,equilibrium_candidate,0,,,0,results/topic4_sef_hfo/core_heterogeneity_bifurcation_20260918/state_scan_v2/h0.12500/down/g0p50000.npz
0.125,0.7,down,equilibrium_candidate,0,,,0,results/topic4_sef_hfo/core_heterogeneity_bifurcation_20260918/state_scan_v2/h0.12500/down/g0p70000.npz
0.125,0.9,down,equilibrium_candidate,0,,,0,results/topic4_sef_hfo/core_heterogeneity_bifurcation_20260918/state_scan_v2/h0.12500/down/g0p90000.npz
0.125,1.0,down,equilibrium_candidate,0,,,0,results/topic4_sef_hfo/core_heterogeneity_bifurcation_20260918/state_scan_v2/h0.12500/down/g1p00000.npz
0.125,1.05,down,equilibrium_candidate,0,,,0,results/topic4_sef_hfo/core_heterogeneity_bifurcation_20260918/state_scan_v2/h0.12500/down/g1p05000.npz
0.125,1.1,down,equilibrium_candidate,0,,,0,results/topic4_sef_hfo/core_heterogeneity_bifurcation_20260918/state_scan_v2/h0.12500/down/g1p10000.npz
0.125,1.12,down,equilibrium_candidate,0,,,3000,results/topic4_sef_hfo/core_heterogeneity_bifurcation_20260918/state_scan_v2/h0.12500/down/g1p12000.npz
0.125,1.14,down,equilibrium_candidate,0,,,3000,results/topic4_sef_hfo/core_heterogeneity_bifurcation_20260918/state_scan_v2/h0.12500/down/g1p14000.npz
0.125,1.16,down,equilibrium_candidate,0,,,3000,results/topic4_sef_hfo/core_heterogeneity_bifurcation_20260918/state_scan_v2/h0.12500/down/g1p16000.npz
0.125,1.17,down,equilibrium_candidate,0,,,3000,results/topic4_sef_hfo/core_heterogeneity_bifurcation_20260918/state_scan_v2/h0.12500/down/g1p17000.npz
0.125,1.18,down,periodic_candidate,2,1086.086895734042,0.00024600125506945127,9000,results/topic4_sef_hfo/core_heterogeneity_bifurcation_20260918/state_scan_v2/h0.12500/down/g1p18000.npz
0.125,1.2,down,periodic_candidate,2,612.5604529087615,0.0001629830312623033,9000,results/topic4_sef_hfo/core_heterogeneity_bifurcation_20260918/state_scan_v2/h0.12500/down/g1p20000.npz
0.125,1.22,down,periodic_candidate,2,509.1997524716462,0.0006268013101459122,9000,results/topic4_sef_hfo/core_heterogeneity_bifurcation_20260918/state_scan_v2/h0.12500/down/g1p22000.npz
0.125,1.24,down,periodic_candidate,2,467.2944135711388,0.0006816642751438462,3000,results/topic4_sef_hfo/core_heterogeneity_bifurcation_20260918/state_scan_v2/h0.12500/down/g1p24000.npz
0.125,1.26,down,periodic_candidate,2,437.7856659705022,0.0008847147270609996,3000,results/topic4_sef_hfo/core_heterogeneity_bifurcation_20260918/state_scan_v2/h0.12500/down/g1p26000.npz
0.125,1.28,down,periodic_candidate,2,414.9865304733796,5.516387058879506e-05,3000,results/topic4_sef_hfo/core_heterogeneity_bifurcation_20260918/state_scan_v2/h0.12500/down/g1p28000.npz
0.125,1.3,down,periodic_candidate,2,397.6590123457919,0.00039675995251081675,3000,results/topic4_sef_hfo/core_heterogeneity_bifurcation_20260918/state_scan_v2/h0.12500/down/g1p30000.npz
0.125,1.32,down,periodic_candidate,2,383.934262945669,0.0001506781353900843,3000,results/topic4_sef_hfo/core_heterogeneity_bifurcation_20260918/state_scan_v2/h0.12500/down/g1p32000.npz
0.125,1.34,down,periodic_candidate,2,372.70479266083254,0.0003038497910480836,3000,results/topic4_sef_hfo/core_heterogeneity_bifurcation_20260918/state_scan_v2/h0.12500/down/g1p34000.npz
0.125,1.36,down,periodic_candidate,3,185.80542188830583,0.0006642211375024994,3000,results/topic4_sef_hfo/core_heterogeneity_bifurcation_20260918/state_scan_v2/h0.12500/down/g1p36000.npz
0.125,1.3800000000000001,down,periodic_candidate,5,150.9168200494768,0.0005682149525204021,3000,results/topic4_sef_hfo/core_heterogeneity_bifurcation_20260918/state_scan_v2/h0.12500/down/g1p38000.npz
0.125,1.4000000000000001,down,periodic_candidate,5,150.85930974385235,0.0006135227467881176,3000,results/topic4_sef_hfo/core_heterogeneity_bifurcation_20260918/state_scan_v2/h0.12500/down/g1p40000.npz
0.125,1.4200000000000002,down,periodic_candidate,5,150.25773424536925,0.001499848406355146,3000,results/topic4_sef_hfo/core_heterogeneity_bifurcation_20260918/state_scan_v2/h0.12500/down/g1p42000.npz
0.125,1.4400000000000002,down,periodic_candidate,5,149.58265265522914,0.0005094258231153303,3000,results/topic4_sef_hfo/core_heterogeneity_bifurcation_20260918/state_scan_v2/h0.12500/down/g1p44000.npz
0.125,1.4600000000000002,down,periodic_candidate,5,148.94675920179455,0.00044161252545439394,3000,results/topic4_sef_hfo/core_heterogeneity_bifurcation_20260918/state_scan_v2/h0.12500/down/g1p46000.npz
0.125,1.4800000000000002,down,periodic_candidate,5,148.37538563155871,0.0005965469703631133,3000,results/topic4_sef_hfo/core_heterogeneity_bifurcation_20260918/state_scan_v2/h0.12500/down/g1p48000.npz
0.125,1.5000000000000002,down,periodic_candidate,5,147.86871521925926,0.0008282597522165054,3000,results/topic4_sef_hfo/core_heterogeneity_bifurcation_20260918/state_scan_v2/h0.12500/down/g1p50000.npz
0.125,1.5200000000000002,down,periodic_candidate,5,147.42007227124122,0.0005535142465904278,3000,results/topic4_sef_hfo/core_heterogeneity_bifurcation_20260918/state_scan_v2/h0.12500/down/g1p52000.npz
0.125,1.5400000000000003,down,periodic_candidate,5,147.0215543900158,0.00011140365025100551,3000,results/topic4_sef_hfo/core_heterogeneity_bifurcation_20260918/state_scan_v2/h0.12500/down/g1p54000.npz
0.125,1.5600000000000003,down,periodic_candidate,5,146.6658476070526,0.0007719540316101621,3000,results/topic4_sef_hfo/core_heterogeneity_bifurcation_20260918/state_scan_v2/h0.12500/down/g1p56000.npz
0.125,1.5800000000000003,down,periodic_candidate,5,146.34665715414025,0.0007138729241999631,3000,results/topic4_sef_hfo/core_heterogeneity_bifurcation_20260918/state_scan_v2/h0.12500/down/g1p58000.npz
0.125,1.6000000000000003,down,periodic_candidate,5,146.05870355647605,0.0004685945536396141,6000,results/topic4_sef_hfo/core_heterogeneity_bifurcation_20260918/state_scan_v2/h0.12500/down/g1p60000.npz
0.125,0.5,up,equilibrium_candidate,0,,,0,results/topic4_sef_hfo/core_heterogeneity_bifurcation_20260918/state_scan_v2/h0.12500/up/g0p50000.npz
0.125,0.7,up,equilibrium_candidate,0,,,0,results/topic4_sef_hfo/core_heterogeneity_bifurcation_20260918/state_scan_v2/h0.12500/up/g0p70000.npz
0.125,0.9,up,equilibrium_candidate,0,,,0,results/topic4_sef_hfo/core_heterogeneity_bifurcation_20260918/state_scan_v2/h0.12500/up/g0p90000.npz
0.125,1.0,up,equilibrium_candidate,0,,,0,results/topic4_sef_hfo/core_heterogeneity_bifurcation_20260918/state_scan_v2/h0.12500/up/g1p00000.npz
0.125,1.05,up,equilibrium_candidate,0,,,0,results/topic4_sef_hfo/core_heterogeneity_bifurcation_20260918/state_scan_v2/h0.12500/up/g1p05000.npz
0.125,1.1,up,equilibrium_candidate,0,,,0,results/topic4_sef_hfo/core_heterogeneity_bifurcation_20260918/state_scan_v2/h0.12500/up/g1p10000.npz
0.125,1.12,up,equilibrium_candidate,0,,,3000,results/topic4_sef_hfo/core_heterogeneity_bifurcation_20260918/state_scan_v2/h0.12500/up/g1p12000.npz
0.125,1.14,up,equilibrium_candidate,0,,,3000,results/topic4_sef_hfo/core_heterogeneity_bifurcation_20260918/state_scan_v2/h0.12500/up/g1p14000.npz
0.125,1.16,up,equilibrium_candidate,0,,,3000,results/topic4_sef_hfo/core_heterogeneity_bifurcation_20260918/state_scan_v2/h0.12500/up/g1p16000.npz
0.125,1.17,up,equilibrium_candidate,0,,,3000,results/topic4_sef_hfo/core_heterogeneity_bifurcation_20260918/state_scan_v2/h0.12500/up/g1p17000.npz
0.125,1.18,up,periodic_candidate,2,1086.0868903843682,0.00016748553367056928,9000,results/topic4_sef_hfo/core_heterogeneity_bifurcation_20260918/state_scan_v2/h0.12500/up/g1p18000.npz
0.125,1.2,up,periodic_candidate,2,612.5604528100615,0.00016070392596476908,9000,results/topic4_sef_hfo/core_heterogeneity_bifurcation_20260918/state_scan_v2/h0.12500/up/g1p20000.npz
0.125,1.22,up,periodic_candidate,2,509.1997845215565,0.0007568160629121498,9000,results/topic4_sef_hfo/core_heterogeneity_bifurcation_20260918/state_scan_v2/h0.12500/up/g1p22000.npz
0.125,1.24,up,periodic_candidate,2,467.29443728588683,0.00038093719063218986,3000,results/topic4_sef_hfo/core_heterogeneity_bifurcation_20260918/state_scan_v2/h0.12500/up/g1p24000.npz
0.125,1.26,up,periodic_candidate,2,437.7856654059151,0.0007400198642461337,3000,results/topic4_sef_hfo/core_heterogeneity_bifurcation_20260918/state_scan_v2/h0.12500/up/g1p26000.npz
0.125,1.28,up,periodic_candidate,2,414.98652871643355,4.8824457967835725e-05,3000,results/topic4_sef_hfo/core_heterogeneity_bifurcation_20260918/state_scan_v2/h0.12500/up/g1p28000.npz
0.125,1.3,up,periodic_candidate,2,397.6590029900773,0.000693312436069312,3000,results/topic4_sef_hfo/core_heterogeneity_bifurcation_20260918/state_scan_v2/h0.12500/up/g1p30000.npz
0.125,1.32,up,periodic_candidate,2,383.9342626222781,0.0001063619361483301,3000,results/topic4_sef_hfo/core_heterogeneity_bifurcation_20260918/state_scan_v2/h0.12500/up/g1p32000.npz
0.125,1.34,up,periodic_candidate,2,372.7047893524948,0.0006701655078934508,3000,results/topic4_sef_hfo/core_heterogeneity_bifurcation_20260918/state_scan_v2/h0.12500/up/g1p34000.npz
0.125,1.36,up,periodic_candidate,3,185.80542237109304,0.0007885099760184014,3000,results/topic4_sef_hfo/core_heterogeneity_bifurcation_20260918/state_scan_v2/h0.12500/up/g1p36000.npz
0.125,1.3800000000000001,up,periodic_candidate,3,183.58119715862853,0.000383829504781041,3000,results/topic4_sef_hfo/core_heterogeneity_bifurcation_20260918/state_scan_v2/h0.12500/up/g1p38000.npz
0.125,1.4000000000000001,up,periodic_candidate,5,150.8592931988442,0.0011888062710564003,3000,results/topic4_sef_hfo/core_heterogeneity_bifurcation_20260918/state_scan_v2/h0.12500/up/g1p40000.npz
0.125,1.4200000000000002,up,periodic_candidate,5,150.25773115848668,0.001528587641358122,3000,results/topic4_sef_hfo/core_heterogeneity_bifurcation_20260918/state_scan_v2/h0.12500/up/g1p42000.npz
0.125,1.4400000000000002,up,periodic_candidate,5,149.58265196666173,0.0005165141125338446,3000,results/topic4_sef_hfo/core_heterogeneity_bifurcation_20260918/state_scan_v2/h0.12500/up/g1p44000.npz
0.125,1.4600000000000002,up,periodic_candidate,5,148.94676733176954,0.0001317917288824576,3000,results/topic4_sef_hfo/core_heterogeneity_bifurcation_20260918/state_scan_v2/h0.12500/up/g1p46000.npz
0.125,1.4800000000000002,up,periodic_candidate,5,148.3753745222517,0.0008991387006452346,3000,results/topic4_sef_hfo/core_heterogeneity_bifurcation_20260918/state_scan_v2/h0.12500/up/g1p48000.npz
0.125,1.5000000000000002,up,periodic_candidate,5,147.86870475790786,0.0011247567750501135,3000,results/topic4_sef_hfo/core_heterogeneity_bifurcation_20260918/state_scan_v2/h0.12500/up/g1p50000.npz
0.125,1.5200000000000002,up,periodic_candidate,5,147.42007096924345,0.0005633992260045562,3000,results/topic4_sef_hfo/core_heterogeneity_bifurcation_20260918/state_scan_v2/h0.12500/up/g1p52000.npz
0.125,1.5400000000000003,up,periodic_candidate,5,147.0215522941549,7.096092980385939e-05,3000,results/topic4_sef_hfo/core_heterogeneity_bifurcation_20260918/state_scan_v2/h0.12500/up/g1p54000.npz
0.125,1.5600000000000003,up,periodic_candidate,5,146.66584762984493,0.0010619818964603504,3000,results/topic4_sef_hfo/core_heterogeneity_bifurcation_20260918/state_scan_v2/h0.12500/up/g1p56000.npz
0.125,1.5800000000000003,up,periodic_candidate,5,146.34664686500585,0.0010989628808638473,3000,results/topic4_sef_hfo/core_heterogeneity_bifurcation_20260918/state_scan_v2/h0.12500/up/g1p58000.npz
0.125,1.6000000000000003,up,periodic_candidate,5,146.05870602078582,0.0003753445929456811,3000,results/topic4_sef_hfo/core_heterogeneity_bifurcation_20260918/state_scan_v2/h0.12500/up/g1p60000.npz
0.25,0.5,down,equilibrium_candidate,0,,,0,results/topic4_sef_hfo/core_heterogeneity_bifurcation_20260918/state_scan_v2/h0.25000/down/g0p50000.npz
0.25,0.7,down,equilibrium_candidate,0,,,0,results/topic4_sef_hfo/core_heterogeneity_bifurcation_20260918/state_scan_v2/h0.25000/down/g0p70000.npz
0.25,0.9,down,equilibrium_candidate,0,,,0,results/topic4_sef_hfo/core_heterogeneity_bifurcation_20260918/state_scan_v2/h0.25000/down/g0p90000.npz
0.25,1.0,down,equilibrium_candidate,0,,,0,results/topic4_sef_hfo/core_heterogeneity_bifurcation_20260918/state_scan_v2/h0.25000/down/g1p00000.npz
0.25,1.05,down,equilibrium_candidate,0,,,0,results/topic4_sef_hfo/core_heterogeneity_bifurcation_20260918/state_scan_v2/h0.25000/down/g1p05000.npz
0.25,1.1,down,equilibrium_candidate,0,,,0,results/topic4_sef_hfo/core_heterogeneity_bifurcation_20260918/state_scan_v2/h0.25000/down/g1p10000.npz
0.25,1.12,down,equilibrium_candidate,0,,,3000,results/topic4_sef_hfo/core_heterogeneity_bifurcation_20260918/state_scan_v2/h0.25000/down/g1p12000.npz
0.25,1.14,down,equilibrium_candidate,0,,,3000,results/topic4_sef_hfo/core_heterogeneity_bifurcation_20260918/state_scan_v2/h0.25000/down/g1p14000.npz
0.25,1.16,down,equilibrium_candidate,0,,,3000,results/topic4_sef_hfo/core_heterogeneity_bifurcation_20260918/state_scan_v2/h0.25000/down/g1p16000.npz
0.25,1.17,down,equilibrium_candidate,0,,,3000,results/topic4_sef_hfo/core_heterogeneity_bifurcation_20260918/state_scan_v2/h0.25000/down/g1p17000.npz
0.25,1.18,down,periodic_candidate,2,1086.0850362481071,0.000276268871037476,9000,results/topic4_sef_hfo/core_heterogeneity_bifurcation_20260918/state_scan_v2/h0.25000/down/g1p18000.npz
0.25,1.2,down,periodic_candidate,2,612.559321416137,0.00018853396797496137,9000,results/topic4_sef_hfo/core_heterogeneity_bifurcation_20260918/state_scan_v2/h0.25000/down/g1p20000.npz
0.25,1.22,down,periodic_candidate,2,509.19904531533894,0.0005769930018646896,9000,results/topic4_sef_hfo/core_heterogeneity_bifurcation_20260918/state_scan_v2/h0.25000/down/g1p22000.npz
0.25,1.24,down,periodic_candidate,2,467.2930885183673,0.000780694789048071,3000,results/topic4_sef_hfo/core_heterogeneity_bifurcation_20260918/state_scan_v2/h0.25000/down/g1p24000.npz
0.25,1.26,down,periodic_candidate,2,437.7839650551694,0.000989770944603578,3000,results/topic4_sef_hfo/core_heterogeneity_bifurcation_20260918/state_scan_v2/h0.25000/down/g1p26000.npz
0.25,1.28,down,periodic_candidate,2,414.9851562057218,7.930594291193744e-05,3000,results/topic4_sef_hfo/core_heterogeneity_bifurcation_20260918/state_scan_v2/h0.25000/down/g1p28000.npz
0.25,1.3,down,periodic_candidate,2,397.657805862497,0.0003722218939505276,3000,results/topic4_sef_hfo/core_heterogeneity_bifurcation_20260918/state_scan_v2/h0.25000/down/g1p30000.npz
0.25,1.32,down,periodic_candidate,2,383.9331873900973,0.000204916818479234,3000,results/topic4_sef_hfo/core_heterogeneity_bifurcation_20260918/state_scan_v2/h0.25000/down/g1p32000.npz
0.25,1.34,down,periodic_candidate,2,372.7038035509905,0.00024519708303667373,3000,results/topic4_sef_hfo/core_heterogeneity_bifurcation_20260918/state_scan_v2/h0.25000/down/g1p34000.npz
0.25,1.36,down,periodic_candidate,3,185.8058670677708,0.00097972643186441,3000,results/topic4_sef_hfo/core_heterogeneity_bifurcation_20260918/state_scan_v2/h0.25000/down/g1p36000.npz
0.25,1.3800000000000001,down,periodic_candidate,5,150.9160866679251,0.0007071818771675054,3000,results/topic4_sef_hfo/core_heterogeneity_bifurcation_20260918/state_scan_v2/h0.25000/down/g1p38000.npz
0.25,1.4000000000000001,down,periodic_candidate,5,150.8586719004591,0.0009856404557022137,3000,results/topic4_sef_hfo/core_heterogeneity_bifurcation_20260918/state_scan_v2/h0.25000/down/g1p40000.npz
0.25,1.4200000000000002,down,periodic_candidate,5,150.2567932952687,0.001256134726727042,3000,results/topic4_sef_hfo/core_heterogeneity_bifurcation_20260918/state_scan_v2/h0.25000/down/g1p42000.npz
0.25,1.4400000000000002,down,periodic_candidate,5,149.58169730973748,0.0005130751126409069,3000,results/topic4_sef_hfo/core_heterogeneity_bifurcation_20260918/state_scan_v2/h0.25000/down/g1p44000.npz
0.25,1.4600000000000002,down,periodic_candidate,5,148.94588329889285,0.0004026365026846636,3000,results/topic4_sef_hfo/core_heterogeneity_bifurcation_20260918/state_scan_v2/h0.25000/down/g1p46000.npz
0.25,1.4800000000000002,down,periodic_candidate,5,148.37459919535763,0.0006104916241237725,3000,results/topic4_sef_hfo/core_heterogeneity_bifurcation_20260918/state_scan_v2/h0.25000/down/g1p48000.npz
0.25,1.5000000000000002,down,periodic_candidate,5,147.86802510968593,0.0006414537387732885,3000,results/topic4_sef_hfo/core_heterogeneity_bifurcation_20260918/state_scan_v2/h0.25000/down/g1p50000.npz
0.25,1.5200000000000002,down,periodic_candidate,5,147.41945194741152,0.0005679334643239082,3000,results/topic4_sef_hfo/core_heterogeneity_bifurcation_20260918/state_scan_v2/h0.25000/down/g1p52000.npz
0.25,1.5400000000000003,down,periodic_candidate,5,147.02100143700213,9.201392035421955e-05,3000,results/topic4_sef_hfo/core_heterogeneity_bifurcation_20260918/state_scan_v2/h0.25000/down/g1p54000.npz
0.25,1.5600000000000003,down,periodic_candidate,5,146.6653506616315,0.0008227466859575199,3000,results/topic4_sef_hfo/core_heterogeneity_bifurcation_20260918/state_scan_v2/h0.25000/down/g1p56000.npz
0.25,1.5800000000000003,down,periodic_candidate,5,146.3462119158678,0.0006899889452859001,3000,results/topic4_sef_hfo/core_heterogeneity_bifurcation_20260918/state_scan_v2/h0.25000/down/g1p58000.npz
0.25,1.6000000000000003,down,periodic_candidate,5,146.05830205873892,0.0004739752951108253,6000,results/topic4_sef_hfo/core_heterogeneity_bifurcation_20260918/state_scan_v2/h0.25000/down/g1p60000.npz
0.25,0.5,up,equilibrium_candidate,0,,,0,results/topic4_sef_hfo/core_heterogeneity_bifurcation_20260918/state_scan_v2/h0.25000/up/g0p50000.npz
0.25,0.7,up,equilibrium_candidate,0,,,0,results/topic4_sef_hfo/core_heterogeneity_bifurcation_20260918/state_scan_v2/h0.25000/up/g0p70000.npz
0.25,0.9,up,equilibrium_candidate,0,,,0,results/topic4_sef_hfo/core_heterogeneity_bifurcation_20260918/state_scan_v2/h0.25000/up/g0p90000.npz
0.25,1.0,up,equilibrium_candidate,0,,,0,results/topic4_sef_hfo/core_heterogeneity_bifurcation_20260918/state_scan_v2/h0.25000/up/g1p00000.npz
0.25,1.05,up,equilibrium_candidate,0,,,0,results/topic4_sef_hfo/core_heterogeneity_bifurcation_20260918/state_scan_v2/h0.25000/up/g1p05000.npz
0.25,1.1,up,equilibrium_candidate,0,,,0,results/topic4_sef_hfo/core_heterogeneity_bifurcation_20260918/state_scan_v2/h0.25000/up/g1p10000.npz
0.25,1.12,up,equilibrium_candidate,0,,,3000,results/topic4_sef_hfo/core_heterogeneity_bifurcation_20260918/state_scan_v2/h0.25000/up/g1p12000.npz
0.25,1.14,up,equilibrium_candidate,0,,,3000,results/topic4_sef_hfo/core_heterogeneity_bifurcation_20260918/state_scan_v2/h0.25000/up/g1p14000.npz
0.25,1.16,up,equilibrium_candidate,0,,,3000,results/topic4_sef_hfo/core_heterogeneity_bifurcation_20260918/state_scan_v2/h0.25000/up/g1p16000.npz
0.25,1.17,up,equilibrium_candidate,0,,,3000,results/topic4_sef_hfo/core_heterogeneity_bifurcation_20260918/state_scan_v2/h0.25000/up/g1p17000.npz
0.25,1.18,up,periodic_candidate,2,1086.0850396519197,0.00017027912146068107,9000,results/topic4_sef_hfo/core_heterogeneity_bifurcation_20260918/state_scan_v2/h0.25000/up/g1p18000.npz
0.25,1.2,up,periodic_candidate,2,612.5593224183782,0.00016154974728107882,9000,results/topic4_sef_hfo/core_heterogeneity_bifurcation_20260918/state_scan_v2/h0.25000/up/g1p20000.npz
0.25,1.22,up,periodic_candidate,2,509.19902173857884,0.0007608697525034656,9000,results/topic4_sef_hfo/core_heterogeneity_bifurcation_20260918/state_scan_v2/h0.25000/up/g1p22000.npz
0.25,1.24,up,periodic_candidate,2,467.293104453895,0.0003173541624155463,3000,results/topic4_sef_hfo/core_heterogeneity_bifurcation_20260918/state_scan_v2/h0.25000/up/g1p24000.npz
0.25,1.26,up,periodic_candidate,2,437.783967618036,0.0007148975214312516,3000,results/topic4_sef_hfo/core_heterogeneity_bifurcation_20260918/state_scan_v2/h0.25000/up/g1p26000.npz
0.25,1.28,up,periodic_candidate,2,414.98515234820576,4.791220975444114e-05,3000,results/topic4_sef_hfo/core_heterogeneity_bifurcation_20260918/state_scan_v2/h0.25000/up/g1p28000.npz
0.25,1.3,up,periodic_candidate,2,397.6578138066747,0.0006618417229187152,3000,results/topic4_sef_hfo/core_heterogeneity_bifurcation_20260918/state_scan_v2/h0.25000/up/g1p30000.npz
0.25,1.32,up,periodic_candidate,2,383.9331889918233,0.00014117374389205632,3000,results/topic4_sef_hfo/core_heterogeneity_bifurcation_20260918/state_scan_v2/h0.25000/up/g1p32000.npz
0.25,1.34,up,periodic_candidate,2,372.7037904127171,0.000756158091077194,3000,results/topic4_sef_hfo/core_heterogeneity_bifurcation_20260918/state_scan_v2/h0.25000/up/g1p34000.npz
0.25,1.36,up,periodic_candidate,3,185.80588076686223,0.0006169732862896752,3000,results/topic4_sef_hfo/core_heterogeneity_bifurcation_20260918/state_scan_v2/h0.25000/up/g1p36000.npz
0.25,1.3800000000000001,up,periodic_candidate,3,183.58164666284722,0.00039468724815996145,3000,results/topic4_sef_hfo/core_heterogeneity_bifurcation_20260918/state_scan_v2/h0.25000/up/g1p38000.npz
0.25,1.4000000000000001,up,periodic_candidate,5,150.8586673783297,0.0011690212477922185,3000,results/topic4_sef_hfo/core_heterogeneity_bifurcation_20260918/state_scan_v2/h0.25000/up/g1p40000.npz
0.25,1.4200000000000002,up,periodic_candidate,5,150.25678254761095,0.0015192396892653242,3000,results/topic4_sef_hfo/core_heterogeneity_bifurcation_20260918/state_scan_v2/h0.25000/up/g1p42000.npz
0.25,1.4400000000000002,up,periodic_candidate,5,149.58169728635966,0.0005199093270235774,3000,results/topic4_sef_hfo/core_heterogeneity_bifurcation_20260918/state_scan_v2/h0.25000/up/g1p44000.npz
0.25,1.4600000000000002,up,periodic_candidate,5,148.9458913720257,0.00012506280400518372,3000,results/topic4_sef_hfo/core_heterogeneity_bifurcation_20260918/state_scan_v2/h0.25000/up/g1p46000.npz
0.25,1.4800000000000002,up,periodic_candidate,5,148.37459122802926,0.0008879452283337687,3000,results/topic4_sef_hfo/core_heterogeneity_bifurcation_20260918/state_scan_v2/h0.25000/up/g1p48000.npz
0.25,1.5000000000000002,up,periodic_candidate,5,147.86800891059818,0.0011024152269435497,3000,results/topic4_sef_hfo/core_heterogeneity_bifurcation_20260918/state_scan_v2/h0.25000/up/g1p50000.npz
0.25,1.5200000000000002,up,periodic_candidate,5,147.4194506610708,0.0005410880040877021,3000,results/topic4_sef_hfo/core_heterogeneity_bifurcation_20260918/state_scan_v2/h0.25000/up/g1p52000.npz
0.25,1.5400000000000003,up,periodic_candidate,5,147.02100014021048,6.690760866161152e-05,3000,results/topic4_sef_hfo/core_heterogeneity_bifurcation_20260918/state_scan_v2/h0.25000/up/g1p54000.npz
0.25,1.5600000000000003,up,periodic_candidate,5,146.66535678806164,0.0007347306943462309,3000,results/topic4_sef_hfo/core_heterogeneity_bifurcation_20260918/state_scan_v2/h0.25000/up/g1p56000.npz
0.25,1.5800000000000003,up,periodic_candidate,5,146.34619881350937,0.0011326948767217142,3000,results/topic4_sef_hfo/core_heterogeneity_bifurcation_20260918/state_scan_v2/h0.25000/up/g1p58000.npz
0.25,1.6000000000000003,up,periodic_candidate,5,146.05830386490962,0.0005003585169326572,3000,results/topic4_sef_hfo/core_heterogeneity_bifurcation_20260918/state_scan_v2/h0.25000/up/g1p60000.npz
0.375,0.5,down,equilibrium_candidate,0,,,0,results/topic4_sef_hfo/core_heterogeneity_bifurcation_20260918/state_scan_v2/h0.37500/down/g0p50000.npz
0.375,0.7,down,equilibrium_candidate,0,,,0,results/topic4_sef_hfo/core_heterogeneity_bifurcation_20260918/state_scan_v2/h0.37500/down/g0p70000.npz
0.375,0.9,down,equilibrium_candidate,0,,,0,results/topic4_sef_hfo/core_heterogeneity_bifurcation_20260918/state_scan_v2/h0.37500/down/g0p90000.npz
0.375,1.0,down,equilibrium_candidate,0,,,0,results/topic4_sef_hfo/core_heterogeneity_bifurcation_20260918/state_scan_v2/h0.37500/down/g1p00000.npz
0.375,1.05,down,equilibrium_candidate,0,,,0,results/topic4_sef_hfo/core_heterogeneity_bifurcation_20260918/state_scan_v2/h0.37500/down/g1p05000.npz
0.375,1.1,down,equilibrium_candidate,0,,,0,results/topic4_sef_hfo/core_heterogeneity_bifurcation_20260918/state_scan_v2/h0.37500/down/g1p10000.npz
0.375,1.12,down,equilibrium_candidate,0,,,3000,results/topic4_sef_hfo/core_heterogeneity_bifurcation_20260918/state_scan_v2/h0.37500/down/g1p12000.npz
0.375,1.14,down,equilibrium_candidate,0,,,3000,results/topic4_sef_hfo/core_heterogeneity_bifurcation_20260918/state_scan_v2/h0.37500/down/g1p14000.npz
0.375,1.16,down,equilibrium_candidate,0,,,3000,results/topic4_sef_hfo/core_heterogeneity_bifurcation_20260918/state_scan_v2/h0.37500/down/g1p16000.npz
0.375,1.17,down,equilibrium_candidate,0,,,3000,results/topic4_sef_hfo/core_heterogeneity_bifurcation_20260918/state_scan_v2/h0.37500/down/g1p17000.npz
0.375,1.18,down,periodic_candidate,2,1086.0814162838558,0.00031495469197853626,9000,results/topic4_sef_hfo/core_heterogeneity_bifurcation_20260918/state_scan_v2/h0.37500/down/g1p18000.npz
0.375,1.2,down,periodic_candidate,2,612.5570859611792,0.00019458937547242618,9000,results/topic4_sef_hfo/core_heterogeneity_bifurcation_20260918/state_scan_v2/h0.37500/down/g1p20000.npz
0.375,1.22,down,periodic_candidate,2,509.19749153320134,0.0007062376333855089,9000,results/topic4_sef_hfo/core_heterogeneity_bifurcation_20260918/state_scan_v2/h0.37500/down/g1p22000.npz
0.375,1.24,down,periodic_candidate,2,467.2904985598109,0.00034026678352348056,3000,results/topic4_sef_hfo/core_heterogeneity_bifurcation_20260918/state_scan_v2/h0.37500/down/g1p24000.npz
0.375,1.26,down,periodic_candidate,2,437.7806931419359,0.0006393830205636386,3000,results/topic4_sef_hfo/core_heterogeneity_bifurcation_20260918/state_scan_v2/h0.37500/down/g1p26000.npz
0.375,1.28,down,periodic_candidate,2,414.98246939095367,6.19429801478547e-05,3000,results/topic4_sef_hfo/core_heterogeneity_bifurcation_20260918/state_scan_v2/h0.37500/down/g1p28000.npz
0.375,1.3,down,periodic_candidate,2,397.6554737273167,0.0005258524649160542,3000,results/topic4_sef_hfo/core_heterogeneity_bifurcation_20260918/state_scan_v2/h0.37500/down/g1p30000.npz
0.375,1.32,down,periodic_candidate,2,383.9310691655737,0.0002373740514530664,3000,results/topic4_sef_hfo/core_heterogeneity_bifurcation_20260918/state_scan_v2/h0.37500/down/g1p32000.npz
0.375,1.34,down,periodic_candidate,2,372.70184285731136,0.0005680532686671653,3000,results/topic4_sef_hfo/core_heterogeneity_bifurcation_20260918/state_scan_v2/h0.37500/down/g1p34000.npz
0.375,1.36,down,periodic_candidate,3,185.80660899178966,0.0011275075310957197,3000,results/topic4_sef_hfo/core_heterogeneity_bifurcation_20260918/state_scan_v2/h0.37500/down/g1p36000.npz
0.375,1.3800000000000001,down,periodic_candidate,5,150.91524127254257,0.00052449039249411,3000,results/topic4_sef_hfo/core_heterogeneity_bifurcation_20260918/state_scan_v2/h0.37500/down/g1p38000.npz
0.375,1.4000000000000001,down,periodic_candidate,5,150.85761516351425,0.0011664761475747869,3000,results/topic4_sef_hfo/core_heterogeneity_bifurcation_20260918/state_scan_v2/h0.37500/down/g1p40000.npz
0.375,1.4200000000000002,down,periodic_candidate,5,150.25520894801696,0.0006576300432157554,3000,results/topic4_sef_hfo/core_heterogeneity_bifurcation_20260918/state_scan_v2/h0.37500/down/g1p42000.npz
0.375,1.4400000000000002,down,periodic_candidate,5,149.58009490692245,0.0005569850990370593,3000,results/topic4_sef_hfo/core_heterogeneity_bifurcation_20260918/state_scan_v2/h0.37500/down/g1p44000.npz
0.375,1.4600000000000002,down,periodic_candidate,5,148.94442054078783,0.00021818797220135634,3000,results/topic4_sef_hfo/core_heterogeneity_bifurcation_20260918/state_scan_v2/h0.37500/down/g1p46000.npz
0.375,1.4800000000000002,down,periodic_candidate,5,148.37327946001818,0.0007886314759796338,3000,results/topic4_sef_hfo/core_heterogeneity_bifurcation_20260918/state_scan_v2/h0.37500/down/g1p48000.npz
0.375,1.5000000000000002,down,periodic_candidate,5,147.86685610818063,0.0003738595502264706,3000,results/topic4_sef_hfo/core_heterogeneity_bifurcation_20260918/state_scan_v2/h0.37500/down/g1p50000.npz
0.375,1.5200000000000002,down,periodic_candidate,5,147.4184139795083,0.0005642684111244425,3000,results/topic4_sef_hfo/core_heterogeneity_bifurcation_20260918/state_scan_v2/h0.37500/down/g1p52000.npz
0.375,1.5400000000000003,down,periodic_candidate,5,147.02007901948664,7.07514036796962e-05,3000,results/topic4_sef_hfo/core_heterogeneity_bifurcation_20260918/state_scan_v2/h0.37500/down/g1p54000.npz
0.375,1.5600000000000003,down,periodic_candidate,5,146.66452204719988,0.0009128276115220307,3000,results/topic4_sef_hfo/core_heterogeneity_bifurcation_20260918/state_scan_v2/h0.37500/down/g1p56000.npz
0.375,1.5800000000000003,down,periodic_candidate,5,146.3454653760583,0.0006727864039426865,3000,results/topic4_sef_hfo/core_heterogeneity_bifurcation_20260918/state_scan_v2/h0.37500/down/g1p58000.npz
0.375,1.6000000000000003,down,periodic_candidate,5,146.0576302792943,0.00048104980782053995,6000,results/topic4_sef_hfo/core_heterogeneity_bifurcation_20260918/state_scan_v2/h0.37500/down/g1p60000.npz
0.375,0.5,up,equilibrium_candidate,0,,,0,results/topic4_sef_hfo/core_heterogeneity_bifurcation_20260918/state_scan_v2/h0.37500/up/g0p50000.npz
0.375,0.7,up,equilibrium_candidate,0,,,0,results/topic4_sef_hfo/core_heterogeneity_bifurcation_20260918/state_scan_v2/h0.37500/up/g0p70000.npz
0.375,0.9,up,equilibrium_candidate,0,,,0,results/topic4_sef_hfo/core_heterogeneity_bifurcation_20260918/state_scan_v2/h0.37500/up/g0p90000.npz
0.375,1.0,up,equilibrium_candidate,0,,,0,results/topic4_sef_hfo/core_heterogeneity_bifurcation_20260918/state_scan_v2/h0.37500/up/g1p00000.npz
0.375,1.05,up,equilibrium_candidate,0,,,0,results/topic4_sef_hfo/core_heterogeneity_bifurcation_20260918/state_scan_v2/h0.37500/up/g1p05000.npz
0.375,1.1,up,equilibrium_candidate,0,,,0,results/topic4_sef_hfo/core_heterogeneity_bifurcation_20260918/state_scan_v2/h0.37500/up/g1p10000.npz
0.375,1.12,up,equilibrium_candidate,0,,,3000,results/topic4_sef_hfo/core_heterogeneity_bifurcation_20260918/state_scan_v2/h0.37500/up/g1p12000.npz
0.375,1.14,up,equilibrium_candidate,0,,,3000,results/topic4_sef_hfo/core_heterogeneity_bifurcation_20260918/state_scan_v2/h0.37500/up/g1p14000.npz
0.375,1.16,up,equilibrium_candidate,0,,,3000,results/topic4_sef_hfo/core_heterogeneity_bifurcation_20260918/state_scan_v2/h0.37500/up/g1p16000.npz
0.375,1.17,up,equilibrium_candidate,0,,,3000,results/topic4_sef_hfo/core_heterogeneity_bifurcation_20260918/state_scan_v2/h0.37500/up/g1p17000.npz
0.375,1.18,up,periodic_candidate,2,1086.0814063799364,0.00016207208417963326,9000,results/topic4_sef_hfo/core_heterogeneity_bifurcation_20260918/state_scan_v2/h0.37500/up/g1p18000.npz
0.375,1.2,up,periodic_candidate,2,612.5570857032651,0.00017720180945183202,9000,results/topic4_sef_hfo/core_heterogeneity_bifurcation_20260918/state_scan_v2/h0.37500/up/g1p20000.npz
0.375,1.22,up,periodic_candidate,2,509.1974899022668,0.0007407206524891695,9000,results/topic4_sef_hfo/core_heterogeneity_bifurcation_20260918/state_scan_v2/h0.37500/up/g1p22000.npz
0.375,1.24,up,periodic_candidate,2,467.29048870331786,0.0003854931174941106,3000,results/topic4_sef_hfo/core_heterogeneity_bifurcation_20260918/state_scan_v2/h0.37500/up/g1p24000.npz
0.375,1.26,up,periodic_candidate,2,437.78068727655824,0.0006165759081187471,3000,results/topic4_sef_hfo/core_heterogeneity_bifurcation_20260918/state_scan_v2/h0.37500/up/g1p26000.npz
0.375,1.28,up,periodic_candidate,2,414.9824684833386,5.3643572698870424e-05,3000,results/topic4_sef_hfo/core_heterogeneity_bifurcation_20260918/state_scan_v2/h0.37500/up/g1p28000.npz
0.375,1.3,up,periodic_candidate,2,397.6554750199667,0.0005632497701188032,3000,results/topic4_sef_hfo/core_heterogeneity_bifurcation_20260918/state_scan_v2/h0.37500/up/g1p30000.npz
0.375,1.32,up,periodic_candidate,2,383.93107675297034,0.00019306228397512966,3000,results/topic4_sef_hfo/core_heterogeneity_bifurcation_20260918/state_scan_v2/h0.37500/up/g1p32000.npz
0.375,1.34,up,periodic_candidate,2,372.7018437536707,0.0008508082939205837,3000,results/topic4_sef_hfo/core_heterogeneity_bifurcation_20260918/state_scan_v2/h0.37500/up/g1p34000.npz
0.375,1.36,up,periodic_candidate,3,185.80662241631757,0.0004752058668821672,3000,results/topic4_sef_hfo/core_heterogeneity_bifurcation_20260918/state_scan_v2/h0.37500/up/g1p36000.npz
0.375,1.3800000000000001,up,periodic_candidate,3,183.58239668107993,0.00041145918086902546,3000,results/topic4_sef_hfo/core_heterogeneity_bifurcation_20260918/state_scan_v2/h0.37500/up/g1p38000.npz
0.375,1.4000000000000001,up,periodic_candidate,5,150.85762080054064,0.0009592182351838376,3000,results/topic4_sef_hfo/core_heterogeneity_bifurcation_20260918/state_scan_v2/h0.37500/up/g1p40000.npz
0.375,1.4200000000000002,up,periodic_candidate,5,150.2551995363104,0.0012675904504024164,3000,results/topic4_sef_hfo/core_heterogeneity_bifurcation_20260918/state_scan_v2/h0.37500/up/g1p42000.npz
0.375,1.4400000000000002,up,periodic_candidate,5,149.58009558525083,0.0005642505903000544,3000,results/topic4_sef_hfo/core_heterogeneity_bifurcation_20260918/state_scan_v2/h0.37500/up/g1p44000.npz
0.375,1.4600000000000002,up,periodic_candidate,5,148.9444171754522,0.0003279980554220382,3000,results/topic4_sef_hfo/core_heterogeneity_bifurcation_20260918/state_scan_v2/h0.37500/up/g1p46000.npz
0.375,1.4800000000000002,up,periodic_candidate,5,148.37328278416965,0.000745666963223482,3000,results/topic4_sef_hfo/core_heterogeneity_bifurcation_20260918/state_scan_v2/h0.37500/up/g1p48000.npz
0.375,1.5000000000000002,up,periodic_candidate,5,147.86686203159664,0.0005174786394438394,3000,results/topic4_sef_hfo/core_heterogeneity_bifurcation_20260918/state_scan_v2/h0.37500/up/g1p50000.npz
0.375,1.5200000000000002,up,periodic_candidate,5,147.41841567411547,0.0005153876536307093,3000,results/topic4_sef_hfo/core_heterogeneity_bifurcation_20260918/state_scan_v2/h0.37500/up/g1p52000.npz
0.375,1.5400000000000003,up,periodic_candidate,5,147.0200757700956,0.0001572599729472183,3000,results/topic4_sef_hfo/core_heterogeneity_bifurcation_20260918/state_scan_v2/h0.37500/up/g1p54000.npz
0.375,1.5600000000000003,up,periodic_candidate,5,146.66451859984878,0.0010170049243813375,3000,results/topic4_sef_hfo/core_heterogeneity_bifurcation_20260918/state_scan_v2/h0.37500/up/g1p56000.npz
0.375,1.5800000000000003,up,periodic_candidate,5,146.34546534014555,0.0007788463791945437,3000,results/topic4_sef_hfo/core_heterogeneity_bifurcation_20260918/state_scan_v2/h0.37500/up/g1p58000.npz
0.375,1.6000000000000003,up,periodic_candidate,5,146.05763996600285,0.0003061437158231223,3000,results/topic4_sef_hfo/core_heterogeneity_bifurcation_20260918/state_scan_v2/h0.37500/up/g1p60000.npz
0.5,0.5,down,equilibrium_candidate,0,,,0,results/topic4_sef_hfo/core_heterogeneity_bifurcation_20260918/state_scan_v2/h0.50000/down/g0p50000.npz
0.5,0.7,down,equilibrium_candidate,0,,,0,results/topic4_sef_hfo/core_heterogeneity_bifurcation_20260918/state_scan_v2/h0.50000/down/g0p70000.npz
0.5,0.9,down,equilibrium_candidate,0,,,0,results/topic4_sef_hfo/core_heterogeneity_bifurcation_20260918/state_scan_v2/h0.50000/down/g0p90000.npz
0.5,1.0,down,equilibrium_candidate,0,,,0,results/topic4_sef_hfo/core_heterogeneity_bifurcation_20260918/state_scan_v2/h0.50000/down/g1p00000.npz
0.5,1.05,down,equilibrium_candidate,0,,,0,results/topic4_sef_hfo/core_heterogeneity_bifurcation_20260918/state_scan_v2/h0.50000/down/g1p05000.npz
0.5,1.1,down,equilibrium_candidate,0,,,0,results/topic4_sef_hfo/core_heterogeneity_bifurcation_20260918/state_scan_v2/h0.50000/down/g1p10000.npz
0.5,1.12,down,equilibrium_candidate,0,,,3000,results/topic4_sef_hfo/core_heterogeneity_bifurcation_20260918/state_scan_v2/h0.50000/down/g1p12000.npz
0.5,1.14,down,equilibrium_candidate,0,,,3000,results/topic4_sef_hfo/core_heterogeneity_bifurcation_20260918/state_scan_v2/h0.50000/down/g1p14000.npz
0.5,1.16,down,equilibrium_candidate,0,,,3000,results/topic4_sef_hfo/core_heterogeneity_bifurcation_20260918/state_scan_v2/h0.50000/down/g1p16000.npz
0.5,1.17,down,equilibrium_candidate,0,,,3000,results/topic4_sef_hfo/core_heterogeneity_bifurcation_20260918/state_scan_v2/h0.50000/down/g1p17000.npz
0.5,1.18,down,periodic_candidate,2,1086.0752131935155,0.00020946780515942122,9000,results/topic4_sef_hfo/core_heterogeneity_bifurcation_20260918/state_scan_v2/h0.50000/down/g1p18000.npz
0.5,1.2,down,periodic_candidate,2,612.5531820393472,0.00015871596375151067,9000,results/topic4_sef_hfo/core_heterogeneity_bifurcation_20260918/state_scan_v2/h0.50000/down/g1p20000.npz
0.5,1.22,down,periodic_candidate,2,509.1947605922904,0.0006545543605774195,9000,results/topic4_sef_hfo/core_heterogeneity_bifurcation_20260918/state_scan_v2/h0.50000/down/g1p22000.npz
0.5,1.24,down,periodic_candidate,2,467.28596892564315,0.0007939301953690522,3000,results/topic4_sef_hfo/core_heterogeneity_bifurcation_20260918/state_scan_v2/h0.50000/down/g1p24000.npz
0.5,1.26,down,periodic_candidate,2,437.7750816241346,0.0009653226212814026,3000,results/topic4_sef_hfo/core_heterogeneity_bifurcation_20260918/state_scan_v2/h0.50000/down/g1p26000.npz
0.5,1.28,down,periodic_candidate,2,414.9778575473702,8.527064447112314e-05,3000,results/topic4_sef_hfo/core_heterogeneity_bifurcation_20260918/state_scan_v2/h0.50000/down/g1p28000.npz
0.5,1.3,down,periodic_candidate,2,397.6514409334446,0.0003825497946208422,3000,results/topic4_sef_hfo/core_heterogeneity_bifurcation_20260918/state_scan_v2/h0.50000/down/g1p30000.npz
0.5,1.32,down,periodic_candidate,2,383.92740683034907,0.00015888464972113394,3000,results/topic4_sef_hfo/core_heterogeneity_bifurcation_20260918/state_scan_v2/h0.50000/down/g1p32000.npz
0.5,1.34,down,periodic_candidate,2,372.6984443457984,0.0005624658471548423,3000,results/topic4_sef_hfo/core_heterogeneity_bifurcation_20260918/state_scan_v2/h0.50000/down/g1p34000.npz
0.5,1.36,down,periodic_candidate,3,185.80764088498086,0.00046502744406971987,3000,results/topic4_sef_hfo/core_heterogeneity_bifurcation_20260918/state_scan_v2/h0.50000/down/g1p36000.npz
0.5,1.3800000000000001,down,periodic_candidate,5,150.91470079858516,0.00030163994533779245,3000,results/topic4_sef_hfo/core_heterogeneity_bifurcation_20260918/state_scan_v2/h0.50000/down/g1p38000.npz
0.5,1.4000000000000001,down,periodic_candidate,5,150.8561451150883,0.00036507003386540945,3000,results/topic4_sef_hfo/core_heterogeneity_bifurcation_20260918/state_scan_v2/h0.50000/down/g1p40000.npz
0.5,1.4200000000000002,down,periodic_candidate,5,150.25294422700006,0.001328512828279985,3000,results/topic4_sef_hfo/core_heterogeneity_bifurcation_20260918/state_scan_v2/h0.50000/down/g1p42000.npz
0.5,1.4400000000000002,down,periodic_candidate,5,149.5778477532946,0.00044925044047620856,3000,results/topic4_sef_hfo/core_heterogeneity_bifurcation_20260918/state_scan_v2/h0.50000/down/g1p44000.npz
0.5,1.4600000000000002,down,periodic_candidate,5,148.94235529391136,0.00019750484423598124,3000,results/topic4_sef_hfo/core_heterogeneity_bifurcation_20260918/state_scan_v2/h0.50000/down/g1p46000.npz
0.5,1.4800000000000002,down,periodic_candidate,5,148.3714300760394,0.0009347139893482794,3000,results/topic4_sef_hfo/core_heterogeneity_bifurcation_20260918/state_scan_v2/h0.50000/down/g1p48000.npz
0.5,1.5000000000000002,down,periodic_candidate,5,147.8652213957297,0.0004719022377269248,3000,results/topic4_sef_hfo/core_heterogeneity_bifurcation_20260918/state_scan_v2/h0.50000/down/g1p50000.npz
0.5,1.5200000000000002,down,periodic_candidate,5,147.41695814947377,0.0005527666429539719,3000,results/topic4_sef_hfo/core_heterogeneity_bifurcation_20260918/state_scan_v2/h0.50000/down/g1p52000.npz
0.5,1.5400000000000003,down,periodic_candidate,5,147.01877751751866,6.561173989964927e-05,3000,results/topic4_sef_hfo/core_heterogeneity_bifurcation_20260918/state_scan_v2/h0.50000/down/g1p54000.npz
0.5,1.5600000000000003,down,periodic_candidate,5,146.66335552025186,0.0010242324353189236,3000,results/topic4_sef_hfo/core_heterogeneity_bifurcation_20260918/state_scan_v2/h0.50000/down/g1p56000.npz
0.5,1.5800000000000003,down,periodic_candidate,5,146.34441830283592,0.0007023906106053019,3000,results/topic4_sef_hfo/core_heterogeneity_bifurcation_20260918/state_scan_v2/h0.50000/down/g1p58000.npz
0.5,1.6000000000000003,down,periodic_candidate,5,146.05668460401688,0.00048304121222744853,6000,results/topic4_sef_hfo/core_heterogeneity_bifurcation_20260918/state_scan_v2/h0.50000/down/g1p60000.npz
0.5,0.5,up,equilibrium_candidate,0,,,0,results/topic4_sef_hfo/core_heterogeneity_bifurcation_20260918/state_scan_v2/h0.50000/up/g0p50000.npz
0.5,0.7,up,equilibrium_candidate,0,,,0,results/topic4_sef_hfo/core_heterogeneity_bifurcation_20260918/state_scan_v2/h0.50000/up/g0p70000.npz
0.5,0.9,up,equilibrium_candidate,0,,,0,results/topic4_sef_hfo/core_heterogeneity_bifurcation_20260918/state_scan_v2/h0.50000/up/g0p90000.npz
0.5,1.0,up,equilibrium_candidate,0,,,0,results/topic4_sef_hfo/core_heterogeneity_bifurcation_20260918/state_scan_v2/h0.50000/up/g1p00000.npz
0.5,1.05,up,equilibrium_candidate,0,,,0,results/topic4_sef_hfo/core_heterogeneity_bifurcation_20260918/state_scan_v2/h0.50000/up/g1p05000.npz
0.5,1.1,up,equilibrium_candidate,0,,,0,results/topic4_sef_hfo/core_heterogeneity_bifurcation_20260918/state_scan_v2/h0.50000/up/g1p10000.npz
0.5,1.12,up,equilibrium_candidate,0,,,3000,results/topic4_sef_hfo/core_heterogeneity_bifurcation_20260918/state_scan_v2/h0.50000/up/g1p12000.npz
0.5,1.14,up,equilibrium_candidate,0,,,3000,results/topic4_sef_hfo/core_heterogeneity_bifurcation_20260918/state_scan_v2/h0.50000/up/g1p14000.npz
0.5,1.16,up,equilibrium_candidate,0,,,3000,results/topic4_sef_hfo/core_heterogeneity_bifurcation_20260918/state_scan_v2/h0.50000/up/g1p16000.npz
0.5,1.17,up,equilibrium_candidate,0,,,3000,results/topic4_sef_hfo/core_heterogeneity_bifurcation_20260918/state_scan_v2/h0.50000/up/g1p17000.npz
0.5,1.18,up,periodic_candidate,2,1086.0752099372523,0.0001684795897456352,9000,results/topic4_sef_hfo/core_heterogeneity_bifurcation_20260918/state_scan_v2/h0.50000/up/g1p18000.npz
0.5,1.2,up,periodic_candidate,2,612.5531821216264,0.0001832313951582963,9000,results/topic4_sef_hfo/core_heterogeneity_bifurcation_20260918/state_scan_v2/h0.50000/up/g1p20000.npz
0.5,1.22,up,periodic_candidate,2,509.19476960215917,0.0006200001573818702,9000,results/topic4_sef_hfo/core_heterogeneity_bifurcation_20260918/state_scan_v2/h0.50000/up/g1p22000.npz
0.5,1.24,up,periodic_candidate,2,467.28596795689384,0.0005905667700696701,3000,results/topic4_sef_hfo/core_heterogeneity_bifurcation_20260918/state_scan_v2/h0.50000/up/g1p24000.npz
0.5,1.26,up,periodic_candidate,2,437.77505223520797,0.0005771617091028595,3000,results/topic4_sef_hfo/core_heterogeneity_bifurcation_20260918/state_scan_v2/h0.50000/up/g1p26000.npz
0.5,1.28,up,periodic_candidate,2,414.9778634887469,7.273736165474644e-05,3000,results/topic4_sef_hfo/core_heterogeneity_bifurcation_20260918/state_scan_v2/h0.50000/up/g1p28000.npz
0.5,1.3,up,periodic_candidate,2,397.65143321648065,0.0005621333262078607,3000,results/topic4_sef_hfo/core_heterogeneity_bifurcation_20260918/state_scan_v2/h0.50000/up/g1p30000.npz
0.5,1.32,up,periodic_candidate,2,383.92740524923033,0.00025295306661227607,3000,results/topic4_sef_hfo/core_heterogeneity_bifurcation_20260918/state_scan_v2/h0.50000/up/g1p32000.npz
0.5,1.34,up,periodic_candidate,2,372.69844834543574,0.0007624515638073654,3000,results/topic4_sef_hfo/core_heterogeneity_bifurcation_20260918/state_scan_v2/h0.50000/up/g1p34000.npz
0.5,1.36,up,periodic_candidate,3,185.80763236719676,0.000808930709152648,3000,results/topic4_sef_hfo/core_heterogeneity_bifurcation_20260918/state_scan_v2/h0.50000/up/g1p36000.npz
0.5,1.3800000000000001,up,periodic_candidate,3,183.5834320985458,0.00045844387895073105,3000,results/topic4_sef_hfo/core_heterogeneity_bifurcation_20260918/state_scan_v2/h0.50000/up/g1p38000.npz
0.5,1.4000000000000001,up,periodic_candidate,5,150.85614205715427,0.00040128917155388973,3000,results/topic4_sef_hfo/core_heterogeneity_bifurcation_20260918/state_scan_v2/h0.50000/up/g1p40000.npz
0.5,1.4200000000000002,up,periodic_candidate,5,150.25296105968752,0.0006406512425472174,3000,results/topic4_sef_hfo/core_heterogeneity_bifurcation_20260918/state_scan_v2/h0.50000/up/g1p42000.npz
0.5,1.4400000000000002,up,periodic_candidate,5,149.5778477633947,0.000421713040228049,3000,results/topic4_sef_hfo/core_heterogeneity_bifurcation_20260918/state_scan_v2/h0.50000/up/g1p44000.npz
0.5,1.4600000000000002,up,periodic_candidate,5,148.94234330442237,0.00047172715111469424,3000,results/topic4_sef_hfo/core_heterogeneity_bifurcation_20260918/state_scan_v2/h0.50000/up/g1p46000.npz
0.5,1.4800000000000002,up,periodic_candidate,5,148.3714345523843,0.0007957072708585906,3000,results/topic4_sef_hfo/core_heterogeneity_bifurcation_20260918/state_scan_v2/h0.50000/up/g1p48000.npz
0.5,1.5000000000000002,up,periodic_candidate,5,147.86520779238765,0.0008795305931667214,3000,results/topic4_sef_hfo/core_heterogeneity_bifurcation_20260918/state_scan_v2/h0.50000/up/g1p50000.npz
0.5,1.5200000000000002,up,periodic_candidate,5,147.41696035438116,0.0005573134166981119,3000,results/topic4_sef_hfo/core_heterogeneity_bifurcation_20260918/state_scan_v2/h0.50000/up/g1p52000.npz
0.5,1.5400000000000003,up,periodic_candidate,5,147.01877837997156,8.154881874638575e-05,3000,results/topic4_sef_hfo/core_heterogeneity_bifurcation_20260918/state_scan_v2/h0.50000/up/g1p54000.npz
0.5,1.5600000000000003,up,periodic_candidate,5,146.66336303815999,0.0010582029285195146,3000,results/topic4_sef_hfo/core_heterogeneity_bifurcation_20260918/state_scan_v2/h0.50000/up/g1p56000.npz
0.5,1.5800000000000003,up,periodic_candidate,5,146.344406476372,0.0011368854673742496,3000,results/topic4_sef_hfo/core_heterogeneity_bifurcation_20260918/state_scan_v2/h0.50000/up/g1p58000.npz
0.5,1.6000000000000003,up,periodic_candidate,5,146.05668108941157,0.00044449718630876634,3000,results/topic4_sef_hfo/core_heterogeneity_bifurcation_20260918/state_scan_v2/h0.50000/up/g1p60000.npz
0.625,0.5,down,equilibrium_candidate,0,,,0,results/topic4_sef_hfo/core_heterogeneity_bifurcation_20260918/state_scan_v2/h0.62500/down/g0p50000.npz
0.625,0.7,down,equilibrium_candidate,0,,,0,results/topic4_sef_hfo/core_heterogeneity_bifurcation_20260918/state_scan_v2/h0.62500/down/g0p70000.npz
0.625,0.9,down,equilibrium_candidate,0,,,0,results/topic4_sef_hfo/core_heterogeneity_bifurcation_20260918/state_scan_v2/h0.62500/down/g0p90000.npz
0.625,1.0,down,equilibrium_candidate,0,,,0,results/topic4_sef_hfo/core_heterogeneity_bifurcation_20260918/state_scan_v2/h0.62500/down/g1p00000.npz
0.625,1.05,down,equilibrium_candidate,0,,,0,results/topic4_sef_hfo/core_heterogeneity_bifurcation_20260918/state_scan_v2/h0.62500/down/g1p05000.npz
0.625,1.1,down,equilibrium_candidate,0,,,0,results/topic4_sef_hfo/core_heterogeneity_bifurcation_20260918/state_scan_v2/h0.62500/down/g1p10000.npz
0.625,1.12,down,equilibrium_candidate,0,,,3000,results/topic4_sef_hfo/core_heterogeneity_bifurcation_20260918/state_scan_v2/h0.62500/down/g1p12000.npz
0.625,1.14,down,equilibrium_candidate,0,,,3000,results/topic4_sef_hfo/core_heterogeneity_bifurcation_20260918/state_scan_v2/h0.62500/down/g1p14000.npz
0.625,1.16,down,equilibrium_candidate,0,,,3000,results/topic4_sef_hfo/core_heterogeneity_bifurcation_20260918/state_scan_v2/h0.62500/down/g1p16000.npz
0.625,1.17,down,equilibrium_candidate,0,,,3000,results/topic4_sef_hfo/core_heterogeneity_bifurcation_20260918/state_scan_v2/h0.62500/down/g1p17000.npz
0.625,1.18,down,periodic_candidate,2,1086.064962714119,0.00019529250512325205,9000,results/topic4_sef_hfo/core_heterogeneity_bifurcation_20260918/state_scan_v2/h0.62500/down/g1p18000.npz
0.625,1.2,down,periodic_candidate,2,612.5465855492735,0.00015748656025985173,9000,results/topic4_sef_hfo/core_heterogeneity_bifurcation_20260918/state_scan_v2/h0.62500/down/g1p20000.npz
0.625,1.22,down,periodic_candidate,2,509.1900426860122,0.0006325888450523921,9000,results/topic4_sef_hfo/core_heterogeneity_bifurcation_20260918/state_scan_v2/h0.62500/down/g1p22000.npz
0.625,1.24,down,periodic_candidate,2,467.27836201445484,0.0007000735168245849,3000,results/topic4_sef_hfo/core_heterogeneity_bifurcation_20260918/state_scan_v2/h0.62500/down/g1p24000.npz
0.625,1.26,down,periodic_candidate,2,437.76573575154106,0.0009492273691830463,3000,results/topic4_sef_hfo/core_heterogeneity_bifurcation_20260918/state_scan_v2/h0.62500/down/g1p26000.npz
0.625,1.28,down,periodic_candidate,2,414.9700970827416,0.0001357396718033009,3000,results/topic4_sef_hfo/core_heterogeneity_bifurcation_20260918/state_scan_v2/h0.62500/down/g1p28000.npz
0.625,1.3,down,periodic_candidate,2,397.6445545068441,0.0005096904464724222,3000,results/topic4_sef_hfo/core_heterogeneity_bifurcation_20260918/state_scan_v2/h0.62500/down/g1p30000.npz
0.625,1.32,down,periodic_candidate,2,383.92109334451754,0.0002725832590563505,3000,results/topic4_sef_hfo/core_heterogeneity_bifurcation_20260918/state_scan_v2/h0.62500/down/g1p32000.npz
0.625,1.34,down,periodic_candidate,2,372.69252750805214,0.0003835929384926087,3000,results/topic4_sef_hfo/core_heterogeneity_bifurcation_20260918/state_scan_v2/h0.62500/down/g1p34000.npz
0.625,1.36,down,periodic_candidate,3,185.80887408013066,0.0010375214589415115,3000,results/topic4_sef_hfo/core_heterogeneity_bifurcation_20260918/state_scan_v2/h0.62500/down/g1p36000.npz
0.625,1.3800000000000001,down,periodic_candidate,5,150.91486563964233,0.0007164297899820477,3000,results/topic4_sef_hfo/core_heterogeneity_bifurcation_20260918/state_scan_v2/h0.62500/down/g1p38000.npz
0.625,1.4000000000000001,down,periodic_candidate,5,150.85420220338725,0.001189207499249835,3000,results/topic4_sef_hfo/core_heterogeneity_bifurcation_20260918/state_scan_v2/h0.62500/down/g1p40000.npz
0.625,1.4200000000000002,down,periodic_candidate,5,150.2500512960994,0.001198956611312647,3000,results/topic4_sef_hfo/core_heterogeneity_bifurcation_20260918/state_scan_v2/h0.62500/down/g1p42000.npz
0.625,1.4400000000000002,down,periodic_candidate,5,149.57493411849288,0.0004622441996444484,3000,results/topic4_sef_hfo/core_heterogeneity_bifurcation_20260918/state_scan_v2/h0.62500/down/g1p44000.npz
0.625,1.4600000000000002,down,periodic_candidate,5,148.93967425977314,0.00047715459101690765,3000,results/topic4_sef_hfo/core_heterogeneity_bifurcation_20260918/state_scan_v2/h0.62500/down/g1p46000.npz
0.625,1.4800000000000002,down,periodic_candidate,5,148.36904309077534,0.0009067266016271105,3000,results/topic4_sef_hfo/core_heterogeneity_bifurcation_20260918/state_scan_v2/h0.62500/down/g1p48000.npz
0.625,1.5000000000000002,down,periodic_candidate,5,147.8630883533395,0.0009920538770989147,3000,results/topic4_sef_hfo/core_heterogeneity_bifurcation_20260918/state_scan_v2/h0.62500/down/g1p50000.npz
0.625,1.5200000000000002,down,periodic_candidate,5,147.4150799089578,0.0005512257418671762,3000,results/topic4_sef_hfo/core_heterogeneity_bifurcation_20260918/state_scan_v2/h0.62500/down/g1p52000.npz
0.625,1.5400000000000003,down,periodic_candidate,5,147.0171014557975,8.395133424558943e-05,3000,results/topic4_sef_hfo/core_heterogeneity_bifurcation_20260918/state_scan_v2/h0.62500/down/g1p54000.npz
0.625,1.5600000000000003,down,periodic_candidate,5,146.66185329883544,0.001123772418840268,3000,results/topic4_sef_hfo/core_heterogeneity_bifurcation_20260918/state_scan_v2/h0.62500/down/g1p56000.npz
0.625,1.5800000000000003,down,periodic_candidate,5,146.3430676771689,0.0008126981986762985,3000,results/topic4_sef_hfo/core_heterogeneity_bifurcation_20260918/state_scan_v2/h0.62500/down/g1p58000.npz
0.625,1.6000000000000003,down,periodic_candidate,5,146.05546203988538,0.0004739194869779789,6000,results/topic4_sef_hfo/core_heterogeneity_bifurcation_20260918/state_scan_v2/h0.62500/down/g1p60000.npz
0.625,0.5,up,equilibrium_candidate,0,,,0,results/topic4_sef_hfo/core_heterogeneity_bifurcation_20260918/state_scan_v2/h0.62500/up/g0p50000.npz
0.625,0.7,up,equilibrium_candidate,0,,,0,results/topic4_sef_hfo/core_heterogeneity_bifurcation_20260918/state_scan_v2/h0.62500/up/g0p70000.npz
0.625,0.9,up,equilibrium_candidate,0,,,0,results/topic4_sef_hfo/core_heterogeneity_bifurcation_20260918/state_scan_v2/h0.62500/up/g0p90000.npz
0.625,1.0,up,equilibrium_candidate,0,,,0,results/topic4_sef_hfo/core_heterogeneity_bifurcation_20260918/state_scan_v2/h0.62500/up/g1p00000.npz
0.625,1.05,up,equilibrium_candidate,0,,,0,results/topic4_sef_hfo/core_heterogeneity_bifurcation_20260918/state_scan_v2/h0.62500/up/g1p05000.npz
0.625,1.1,up,equilibrium_candidate,0,,,0,results/topic4_sef_hfo/core_heterogeneity_bifurcation_20260918/state_scan_v2/h0.62500/up/g1p10000.npz
0.625,1.12,up,equilibrium_candidate,0,,,3000,results/topic4_sef_hfo/core_heterogeneity_bifurcation_20260918/state_scan_v2/h0.62500/up/g1p12000.npz
0.625,1.14,up,equilibrium_candidate,0,,,3000,results/topic4_sef_hfo/core_heterogeneity_bifurcation_20260918/state_scan_v2/h0.62500/up/g1p14000.npz
0.625,1.16,up,equilibrium_candidate,0,,,3000,results/topic4_sef_hfo/core_heterogeneity_bifurcation_20260918/state_scan_v2/h0.62500/up/g1p16000.npz
0.625,1.17,up,equilibrium_candidate,0,,,3000,results/topic4_sef_hfo/core_heterogeneity_bifurcation_20260918/state_scan_v2/h0.62500/up/g1p17000.npz
0.625,1.18,up,periodic_candidate,2,1086.0649384582007,0.0001324929708924741,9000,results/topic4_sef_hfo/core_heterogeneity_bifurcation_20260918/state_scan_v2/h0.62500/up/g1p18000.npz
0.625,1.2,up,periodic_candidate,2,612.5465851302857,0.00013513273222047893,9000,results/topic4_sef_hfo/core_heterogeneity_bifurcation_20260918/state_scan_v2/h0.62500/up/g1p20000.npz
0.625,1.22,up,periodic_candidate,2,509.19002418012343,0.0006341479021236626,9000,results/topic4_sef_hfo/core_heterogeneity_bifurcation_20260918/state_scan_v2/h0.62500/up/g1p22000.npz
0.625,1.24,up,periodic_candidate,2,467.278367526222,0.0007731900411122013,3000,results/topic4_sef_hfo/core_heterogeneity_bifurcation_20260918/state_scan_v2/h0.62500/up/g1p24000.npz
0.625,1.26,up,periodic_candidate,2,437.76573616313647,0.0007275695195851981,3000,results/topic4_sef_hfo/core_heterogeneity_bifurcation_20260918/state_scan_v2/h0.62500/up/g1p26000.npz
0.625,1.28,up,periodic_candidate,2,414.970093936471,9.56665895792799e-05,3000,results/topic4_sef_hfo/core_heterogeneity_bifurcation_20260918/state_scan_v2/h0.62500/up/g1p28000.npz
0.625,1.3,up,periodic_candidate,2,397.6445665761922,0.0006013567244100889,3000,results/topic4_sef_hfo/core_heterogeneity_bifurcation_20260918/state_scan_v2/h0.62500/up/g1p30000.npz
0.625,1.32,up,periodic_candidate,2,383.92110873425844,0.00018870808727749046,3000,results/topic4_sef_hfo/core_heterogeneity_bifurcation_20260918/state_scan_v2/h0.62500/up/g1p32000.npz
0.625,1.34,up,periodic_candidate,2,372.6925263942122,0.0005432974373701371,3000,results/topic4_sef_hfo/core_heterogeneity_bifurcation_20260918/state_scan_v2/h0.62500/up/g1p34000.npz
0.625,1.36,up,periodic_candidate,3,185.8088802149402,0.0010207228303261704,3000,results/topic4_sef_hfo/core_heterogeneity_bifurcation_20260918/state_scan_v2/h0.62500/up/g1p36000.npz
0.625,1.3800000000000001,up,periodic_candidate,3,183.58472491564302,0.00034635504307128294,3000,results/topic4_sef_hfo/core_heterogeneity_bifurcation_20260918/state_scan_v2/h0.62500/up/g1p38000.npz
0.625,1.4000000000000001,up,periodic_candidate,5,150.85420595160136,0.001062233935665681,3000,results/topic4_sef_hfo/core_heterogeneity_bifurcation_20260918/state_scan_v2/h0.62500/up/g1p40000.npz
0.625,1.4200000000000002,up,periodic_candidate,5,150.25003319847067,0.0015255583890737593,3000,results/topic4_sef_hfo/core_heterogeneity_bifurcation_20260918/state_scan_v2/h0.62500/up/g1p42000.npz
0.625,1.4400000000000002,up,periodic_candidate,5,149.5749334995349,0.0004706249524295662,3000,results/topic4_sef_hfo/core_heterogeneity_bifurcation_20260918/state_scan_v2/h0.62500/up/g1p44000.npz
0.625,1.4600000000000002,up,periodic_candidate,5,148.93968307382357,0.0002608517541143496,3000,results/topic4_sef_hfo/core_heterogeneity_bifurcation_20260918/state_scan_v2/h0.62500/up/g1p46000.npz
0.625,1.4800000000000002,up,periodic_candidate,5,148.36904898383895,0.000812858244221936,3000,results/topic4_sef_hfo/core_heterogeneity_bifurcation_20260918/state_scan_v2/h0.62500/up/g1p48000.npz
0.625,1.5000000000000002,up,periodic_candidate,5,147.86310156229294,0.000439370798367345,3000,results/topic4_sef_hfo/core_heterogeneity_bifurcation_20260918/state_scan_v2/h0.62500/up/g1p50000.npz
0.625,1.5200000000000002,up,periodic_candidate,5,147.41508187335285,0.0004750247863497337,3000,results/topic4_sef_hfo/core_heterogeneity_bifurcation_20260918/state_scan_v2/h0.62500/up/g1p52000.npz
0.625,1.5400000000000003,up,periodic_candidate,5,147.01710571020703,0.00012969001165700028,3000,results/topic4_sef_hfo/core_heterogeneity_bifurcation_20260918/state_scan_v2/h0.62500/up/g1p54000.npz
0.625,1.5600000000000003,up,periodic_candidate,5,146.661850781175,0.001192708825960973,3000,results/topic4_sef_hfo/core_heterogeneity_bifurcation_20260918/state_scan_v2/h0.62500/up/g1p56000.npz
0.625,1.5800000000000003,up,periodic_candidate,5,146.34306633423515,0.0008766377980867184,3000,results/topic4_sef_hfo/core_heterogeneity_bifurcation_20260918/state_scan_v2/h0.62500/up/g1p58000.npz
0.625,1.6000000000000003,up,periodic_candidate,5,146.0554685177049,0.00021723790773824265,3000,results/topic4_sef_hfo/core_heterogeneity_bifurcation_20260918/state_scan_v2/h0.62500/up/g1p60000.npz
0.75,0.5,down,equilibrium_candidate,0,,,0,results/topic4_sef_hfo/core_heterogeneity_bifurcation_20260918/state_scan_v2/h0.75000/down/g0p50000.npz
0.75,0.7,down,equilibrium_candidate,0,,,0,results/topic4_sef_hfo/core_heterogeneity_bifurcation_20260918/state_scan_v2/h0.75000/down/g0p70000.npz
0.75,0.9,down,equilibrium_candidate,0,,,0,results/topic4_sef_hfo/core_heterogeneity_bifurcation_20260918/state_scan_v2/h0.75000/down/g0p90000.npz
0.75,1.0,down,equilibrium_candidate,0,,,0,results/topic4_sef_hfo/core_heterogeneity_bifurcation_20260918/state_scan_v2/h0.75000/down/g1p00000.npz
0.75,1.05,down,equilibrium_candidate,0,,,0,results/topic4_sef_hfo/core_heterogeneity_bifurcation_20260918/state_scan_v2/h0.75000/down/g1p05000.npz
0.75,1.1,down,equilibrium_candidate,0,,,0,results/topic4_sef_hfo/core_heterogeneity_bifurcation_20260918/state_scan_v2/h0.75000/down/g1p10000.npz
0.75,1.12,down,equilibrium_candidate,0,,,3000,results/topic4_sef_hfo/core_heterogeneity_bifurcation_20260918/state_scan_v2/h0.75000/down/g1p12000.npz
0.75,1.14,down,equilibrium_candidate,0,,,3000,results/topic4_sef_hfo/core_heterogeneity_bifurcation_20260918/state_scan_v2/h0.75000/down/g1p14000.npz
0.75,1.16,down,equilibrium_candidate,0,,,3000,results/topic4_sef_hfo/core_heterogeneity_bifurcation_20260918/state_scan_v2/h0.75000/down/g1p16000.npz
0.75,1.17,down,equilibrium_candidate,0,,,3000,results/topic4_sef_hfo/core_heterogeneity_bifurcation_20260918/state_scan_v2/h0.75000/down/g1p17000.npz
0.75,1.18,down,periodic_candidate,2,1086.0475630401197,0.00018070853592325786,9000,results/topic4_sef_hfo/core_heterogeneity_bifurcation_20260918/state_scan_v2/h0.75000/down/g1p18000.npz
0.75,1.2,down,periodic_candidate,2,612.5350840424735,0.00012142346545908734,9000,results/topic4_sef_hfo/core_heterogeneity_bifurcation_20260918/state_scan_v2/h0.75000/down/g1p20000.npz
0.75,1.22,down,periodic_candidate,2,509.1815961960687,0.000564488674668648,9000,results/topic4_sef_hfo/core_heterogeneity_bifurcation_20260918/state_scan_v2/h0.75000/down/g1p22000.npz
0.75,1.24,down,periodic_candidate,2,467.2649808259548,0.0008222498638234514,3000,results/topic4_sef_hfo/core_heterogeneity_bifurcation_20260918/state_scan_v2/h0.75000/down/g1p24000.npz
0.75,1.26,down,periodic_candidate,2,437.7493345551946,0.0009431265903384786,3000,results/topic4_sef_hfo/core_heterogeneity_bifurcation_20260918/state_scan_v2/h0.75000/down/g1p26000.npz
0.75,1.28,down,periodic_candidate,2,414.9561995648466,0.00019756431459454254,3000,results/topic4_sef_hfo/core_heterogeneity_bifurcation_20260918/state_scan_v2/h0.75000/down/g1p28000.npz
0.75,1.3,down,periodic_candidate,2,397.63201931803263,0.00044515464572353715,3000,results/topic4_sef_hfo/core_heterogeneity_bifurcation_20260918/state_scan_v2/h0.75000/down/g1p30000.npz
0.75,1.32,down,periodic_candidate,2,383.9093583178819,0.0003132855811701644,3000,results/topic4_sef_hfo/core_heterogeneity_bifurcation_20260918/state_scan_v2/h0.75000/down/g1p32000.npz
0.75,1.34,down,periodic_candidate,2,372.681286509097,0.0004514203761724781,3000,results/topic4_sef_hfo/core_heterogeneity_bifurcation_20260918/state_scan_v2/h0.75000/down/g1p34000.npz
0.75,1.36,down,periodic_candidate,3,185.81030857239855,0.0005152771664910499,3000,results/topic4_sef_hfo/core_heterogeneity_bifurcation_20260918/state_scan_v2/h0.75000/down/g1p36000.npz
0.75,1.3800000000000001,down,periodic_candidate,5,150.9161344888794,0.00032617923786499924,3000,results/topic4_sef_hfo/core_heterogeneity_bifurcation_20260918/state_scan_v2/h0.75000/down/g1p38000.npz
0.75,1.4000000000000001,down,periodic_candidate,5,150.85183779936273,0.00040545974706586517,3000,results/topic4_sef_hfo/core_heterogeneity_bifurcation_20260918/state_scan_v2/h0.75000/down/g1p40000.npz
0.75,1.4200000000000002,down,periodic_candidate,5,150.24646487755004,0.0012828898923649956,3000,results/topic4_sef_hfo/core_heterogeneity_bifurcation_20260918/state_scan_v2/h0.75000/down/g1p42000.npz
0.75,1.4400000000000002,down,periodic_candidate,5,149.57135646061656,0.0004902329604561594,3000,results/topic4_sef_hfo/core_heterogeneity_bifurcation_20260918/state_scan_v2/h0.75000/down/g1p44000.npz
0.75,1.4600000000000002,down,periodic_candidate,5,148.93639685507557,0.0003013454489296938,3000,results/topic4_sef_hfo/core_heterogeneity_bifurcation_20260918/state_scan_v2/h0.75000/down/g1p46000.npz
0.75,1.4800000000000002,down,periodic_candidate,5,148.36612188919187,0.0006447657039615708,3000,results/topic4_sef_hfo/core_heterogeneity_bifurcation_20260918/state_scan_v2/h0.75000/down/g1p48000.npz
0.75,1.5000000000000002,down,periodic_candidate,5,147.86048612596883,0.001162055322573231,3000,results/topic4_sef_hfo/core_heterogeneity_bifurcation_20260918/state_scan_v2/h0.75000/down/g1p50000.npz
0.75,1.5200000000000002,down,periodic_candidate,5,147.41277405983183,0.0004550784934799293,3000,results/topic4_sef_hfo/core_heterogeneity_bifurcation_20260918/state_scan_v2/h0.75000/down/g1p52000.npz
0.75,1.5400000000000003,down,periodic_candidate,5,147.01504828400587,0.00011123102664650726,3000,results/topic4_sef_hfo/core_heterogeneity_bifurcation_20260918/state_scan_v2/h0.75000/down/g1p54000.npz
0.75,1.5600000000000003,down,periodic_candidate,5,146.66001372552233,0.0011872009210212458,3000,results/topic4_sef_hfo/core_heterogeneity_bifurcation_20260918/state_scan_v2/h0.75000/down/g1p56000.npz
0.75,1.5800000000000003,down,periodic_candidate,5,146.34140667691645,0.0009773288163069898,3000,results/topic4_sef_hfo/core_heterogeneity_bifurcation_20260918/state_scan_v2/h0.75000/down/g1p58000.npz
0.75,1.6000000000000003,down,periodic_candidate,5,146.05396598198047,0.0004507816414422807,6000,results/topic4_sef_hfo/core_heterogeneity_bifurcation_20260918/state_scan_v2/h0.75000/down/g1p60000.npz
0.75,0.5,up,equilibrium_candidate,0,,,0,results/topic4_sef_hfo/core_heterogeneity_bifurcation_20260918/state_scan_v2/h0.75000/up/g0p50000.npz
0.75,0.7,up,equilibrium_candidate,0,,,0,results/topic4_sef_hfo/core_heterogeneity_bifurcation_20260918/state_scan_v2/h0.75000/up/g0p70000.npz
0.75,0.9,up,equilibrium_candidate,0,,,0,results/topic4_sef_hfo/core_heterogeneity_bifurcation_20260918/state_scan_v2/h0.75000/up/g0p90000.npz
0.75,1.0,up,equilibrium_candidate,0,,,0,results/topic4_sef_hfo/core_heterogeneity_bifurcation_20260918/state_scan_v2/h0.75000/up/g1p00000.npz
0.75,1.05,up,equilibrium_candidate,0,,,0,results/topic4_sef_hfo/core_heterogeneity_bifurcation_20260918/state_scan_v2/h0.75000/up/g1p05000.npz
0.75,1.1,up,equilibrium_candidate,0,,,0,results/topic4_sef_hfo/core_heterogeneity_bifurcation_20260918/state_scan_v2/h0.75000/up/g1p10000.npz
0.75,1.12,up,equilibrium_candidate,0,,,3000,results/topic4_sef_hfo/core_heterogeneity_bifurcation_20260918/state_scan_v2/h0.75000/up/g1p12000.npz
0.75,1.14,up,equilibrium_candidate,0,,,3000,results/topic4_sef_hfo/core_heterogeneity_bifurcation_20260918/state_scan_v2/h0.75000/up/g1p14000.npz
0.75,1.16,up,equilibrium_candidate,0,,,3000,results/topic4_sef_hfo/core_heterogeneity_bifurcation_20260918/state_scan_v2/h0.75000/up/g1p16000.npz
0.75,1.17,up,equilibrium_candidate,0,,,3000,results/topic4_sef_hfo/core_heterogeneity_bifurcation_20260918/state_scan_v2/h0.75000/up/g1p17000.npz
0.75,1.18,up,periodic_candidate,2,1086.04756114289,0.00010380813378709297,9000,results/topic4_sef_hfo/core_heterogeneity_bifurcation_20260918/state_scan_v2/h0.75000/up/g1p18000.npz
0.75,1.2,up,periodic_candidate,2,612.5350852570605,0.00011434302613174385,9000,results/topic4_sef_hfo/core_heterogeneity_bifurcation_20260918/state_scan_v2/h0.75000/up/g1p20000.npz
0.75,1.22,up,periodic_candidate,2,509.181593328625,0.0006220944764597725,9000,results/topic4_sef_hfo/core_heterogeneity_bifurcation_20260918/state_scan_v2/h0.75000/up/g1p22000.npz
0.75,1.24,up,periodic_candidate,2,467.265001200544,0.0003811139586953043,3000,results/topic4_sef_hfo/core_heterogeneity_bifurcation_20260918/state_scan_v2/h0.75000/up/g1p24000.npz
0.75,1.26,up,periodic_candidate,2,437.7493399239168,0.0006925343074473327,3000,results/topic4_sef_hfo/core_heterogeneity_bifurcation_20260918/state_scan_v2/h0.75000/up/g1p26000.npz
0.75,1.28,up,periodic_candidate,2,414.9562021740108,0.00012148061634937491,3000,results/topic4_sef_hfo/core_heterogeneity_bifurcation_20260918/state_scan_v2/h0.75000/up/g1p28000.npz
0.75,1.3,up,periodic_candidate,2,397.6320254455388,0.00047463955723744613,3000,results/topic4_sef_hfo/core_heterogeneity_bifurcation_20260918/state_scan_v2/h0.75000/up/g1p30000.npz
0.75,1.32,up,periodic_candidate,2,383.9093591548969,0.0003251805000832733,3000,results/topic4_sef_hfo/core_heterogeneity_bifurcation_20260918/state_scan_v2/h0.75000/up/g1p32000.npz
0.75,1.34,up,periodic_candidate,2,372.6812877491686,0.0005087600310939929,3000,results/topic4_sef_hfo/core_heterogeneity_bifurcation_20260918/state_scan_v2/h0.75000/up/g1p34000.npz
0.75,1.36,up,periodic_candidate,3,185.81028715010743,0.0011113981595616514,3000,results/topic4_sef_hfo/core_heterogeneity_bifurcation_20260918/state_scan_v2/h0.75000/up/g1p36000.npz
0.75,1.3800000000000001,up,periodic_candidate,3,183.58622733502875,0.00044386879328526537,3000,results/topic4_sef_hfo/core_heterogeneity_bifurcation_20260918/state_scan_v2/h0.75000/up/g1p38000.npz
0.75,1.4000000000000001,up,periodic_candidate,5,150.85183831225606,0.00042873964297974386,3000,results/topic4_sef_hfo/core_heterogeneity_bifurcation_20260918/state_scan_v2/h0.75000/up/g1p40000.npz
0.75,1.4200000000000002,up,periodic_candidate,5,150.24646808109705,0.001111242892318514,3000,results/topic4_sef_hfo/core_heterogeneity_bifurcation_20260918/state_scan_v2/h0.75000/up/g1p42000.npz
0.75,1.4400000000000002,up,periodic_candidate,5,149.57135715847525,0.000439696681134362,3000,results/topic4_sef_hfo/core_heterogeneity_bifurcation_20260918/state_scan_v2/h0.75000/up/g1p44000.npz
0.75,1.4600000000000002,up,periodic_candidate,5,148.9363994668805,0.00016879120359279402,3000,results/topic4_sef_hfo/core_heterogeneity_bifurcation_20260918/state_scan_v2/h0.75000/up/g1p46000.npz
0.75,1.4800000000000002,up,periodic_candidate,5,148.36611492922245,0.0008994625057717757,3000,results/topic4_sef_hfo/core_heterogeneity_bifurcation_20260918/state_scan_v2/h0.75000/up/g1p48000.npz
0.75,1.5000000000000002,up,periodic_candidate,5,147.86050814195093,0.0005031411334887486,3000,results/topic4_sef_hfo/core_heterogeneity_bifurcation_20260918/state_scan_v2/h0.75000/up/g1p50000.npz
0.75,1.5200000000000002,up,periodic_candidate,5,147.41277393427882,0.0004708790069014664,3000,results/topic4_sef_hfo/core_heterogeneity_bifurcation_20260918/state_scan_v2/h0.75000/up/g1p52000.npz
0.75,1.5400000000000003,up,periodic_candidate,5,147.0150515134027,0.00011143104179963401,3000,results/topic4_sef_hfo/core_heterogeneity_bifurcation_20260918/state_scan_v2/h0.75000/up/g1p54000.npz
0.75,1.5600000000000003,up,periodic_candidate,5,146.66001539739906,0.0011931069073563263,3000,results/topic4_sef_hfo/core_heterogeneity_bifurcation_20260918/state_scan_v2/h0.75000/up/g1p56000.npz
0.75,1.5800000000000003,up,periodic_candidate,5,146.34140288307466,0.0011020213735274966,3000,results/topic4_sef_hfo/core_heterogeneity_bifurcation_20260918/state_scan_v2/h0.75000/up/g1p58000.npz
0.75,1.6000000000000003,up,periodic_candidate,5,146.0539631777983,0.0004011741933673618,3000,results/topic4_sef_hfo/core_heterogeneity_bifurcation_20260918/state_scan_v2/h0.75000/up/g1p60000.npz
0.875,0.5,down,equilibrium_candidate,0,,,0,results/topic4_sef_hfo/core_heterogeneity_bifurcation_20260918/state_scan_v2/h0.87500/down/g0p50000.npz
0.875,0.7,down,equilibrium_candidate,0,,,0,results/topic4_sef_hfo/core_heterogeneity_bifurcation_20260918/state_scan_v2/h0.87500/down/g0p70000.npz
0.875,0.9,down,equilibrium_candidate,0,,,0,results/topic4_sef_hfo/core_heterogeneity_bifurcation_20260918/state_scan_v2/h0.87500/down/g0p90000.npz
0.875,1.0,down,equilibrium_candidate,0,,,0,results/topic4_sef_hfo/core_heterogeneity_bifurcation_20260918/state_scan_v2/h0.87500/down/g1p00000.npz
0.875,1.05,down,equilibrium_candidate,0,,,0,results/topic4_sef_hfo/core_heterogeneity_bifurcation_20260918/state_scan_v2/h0.87500/down/g1p05000.npz
0.875,1.1,down,equilibrium_candidate,0,,,0,results/topic4_sef_hfo/core_heterogeneity_bifurcation_20260918/state_scan_v2/h0.87500/down/g1p10000.npz
0.875,1.12,down,equilibrium_candidate,0,,,3000,results/topic4_sef_hfo/core_heterogeneity_bifurcation_20260918/state_scan_v2/h0.87500/down/g1p12000.npz
0.875,1.14,down,equilibrium_candidate,0,,,3000,results/topic4_sef_hfo/core_heterogeneity_bifurcation_20260918/state_scan_v2/h0.87500/down/g1p14000.npz
0.875,1.16,down,equilibrium_candidate,0,,,3000,results/topic4_sef_hfo/core_heterogeneity_bifurcation_20260918/state_scan_v2/h0.87500/down/g1p16000.npz
0.875,1.17,down,equilibrium_candidate,0,,,3000,results/topic4_sef_hfo/core_heterogeneity_bifurcation_20260918/state_scan_v2/h0.87500/down/g1p17000.npz
0.875,1.18,down,periodic_candidate,2,1086.0139590693539,5.095418314221245e-05,9000,results/topic4_sef_hfo/core_heterogeneity_bifurcation_20260918/state_scan_v2/h0.87500/down/g1p18000.npz
0.875,1.2,down,periodic_candidate,2,612.5116548483015,3.977814340048851e-05,9000,results/topic4_sef_hfo/core_heterogeneity_bifurcation_20260918/state_scan_v2/h0.87500/down/g1p20000.npz
0.875,1.22,down,periodic_candidate,2,509.163347470606,0.000685242723006476,9000,results/topic4_sef_hfo/core_heterogeneity_bifurcation_20260918/state_scan_v2/h0.87500/down/g1p22000.npz
0.875,1.24,down,periodic_candidate,2,467.23537571029647,0.0007036573319028187,3000,results/topic4_sef_hfo/core_heterogeneity_bifurcation_20260918/state_scan_v2/h0.87500/down/g1p24000.npz
0.875,1.26,down,periodic_candidate,2,437.7116632903875,0.0008701720849525825,3000,results/topic4_sef_hfo/core_heterogeneity_bifurcation_20260918/state_scan_v2/h0.87500/down/g1p26000.npz
0.875,1.28,down,periodic_candidate,2,414.9220262555044,0.00039215782707691186,3000,results/topic4_sef_hfo/core_heterogeneity_bifurcation_20260918/state_scan_v2/h0.87500/down/g1p28000.npz
0.875,1.3,down,periodic_candidate,2,397.598867156548,0.0003156299601887437,3000,results/topic4_sef_hfo/core_heterogeneity_bifurcation_20260918/state_scan_v2/h0.87500/down/g1p30000.npz
0.875,1.32,down,periodic_candidate,2,383.8759003053031,0.0004562712313939791,3000,results/topic4_sef_hfo/core_heterogeneity_bifurcation_20260918/state_scan_v2/h0.87500/down/g1p32000.npz
0.875,1.34,down,periodic_candidate,2,372.6466798767034,0.0005344800524156703,3000,results/topic4_sef_hfo/core_heterogeneity_bifurcation_20260918/state_scan_v2/h0.87500/down/g1p34000.npz
0.875,1.36,down,periodic_candidate,3,185.81177269482697,0.0011367348597157328,3000,results/topic4_sef_hfo/core_heterogeneity_bifurcation_20260918/state_scan_v2/h0.87500/down/g1p36000.npz
0.875,1.3800000000000001,down,periodic_candidate,5,150.91866473218047,0.0004387616488451799,3000,results/topic4_sef_hfo/core_heterogeneity_bifurcation_20260918/state_scan_v2/h0.87500/down/g1p38000.npz
0.875,1.4000000000000001,down,periodic_candidate,5,150.84898732698477,0.0009644724540769368,3000,results/topic4_sef_hfo/core_heterogeneity_bifurcation_20260918/state_scan_v2/h0.87500/down/g1p40000.npz
0.875,1.4200000000000002,down,periodic_candidate,5,150.2422372702183,0.0006900813504544959,3000,results/topic4_sef_hfo/core_heterogeneity_bifurcation_20260918/state_scan_v2/h0.87500/down/g1p42000.npz
0.875,1.4400000000000002,down,periodic_candidate,5,149.5671050099385,0.0004120998789411527,3000,results/topic4_sef_hfo/core_heterogeneity_bifurcation_20260918/state_scan_v2/h0.87500/down/g1p44000.npz
0.875,1.4600000000000002,down,periodic_candidate,5,148.93249867315023,0.00042910071909581097,3000,results/topic4_sef_hfo/core_heterogeneity_bifurcation_20260918/state_scan_v2/h0.87500/down/g1p46000.npz
0.875,1.4800000000000002,down,periodic_candidate,5,148.3626316399495,0.0009804290493625383,3000,results/topic4_sef_hfo/core_heterogeneity_bifurcation_20260918/state_scan_v2/h0.87500/down/g1p48000.npz
0.875,1.5000000000000002,down,periodic_candidate,5,147.8574188122168,0.0004420880072926525,3000,results/topic4_sef_hfo/core_heterogeneity_bifurcation_20260918/state_scan_v2/h0.87500/down/g1p50000.npz
0.875,1.5200000000000002,down,periodic_candidate,5,147.41003535093333,0.000597063568615387,3000,results/topic4_sef_hfo/core_heterogeneity_bifurcation_20260918/state_scan_v2/h0.87500/down/g1p52000.npz
0.875,1.5400000000000003,down,periodic_candidate,5,147.01261062683804,9.649388493746402e-05,3000,results/topic4_sef_hfo/core_heterogeneity_bifurcation_20260918/state_scan_v2/h0.87500/down/g1p54000.npz
0.875,1.5600000000000003,down,periodic_candidate,5,146.65783520334756,0.0011466463189409948,3000,results/topic4_sef_hfo/core_heterogeneity_bifurcation_20260918/state_scan_v2/h0.87500/down/g1p56000.npz
0.875,1.5800000000000003,down,periodic_candidate,5,146.3394371993294,0.0011237002124765583,3000,results/topic4_sef_hfo/core_heterogeneity_bifurcation_20260918/state_scan_v2/h0.87500/down/g1p58000.npz
0.875,1.6000000000000003,down,periodic_candidate,5,146.05219220480802,0.00041087695971772214,6000,results/topic4_sef_hfo/core_heterogeneity_bifurcation_20260918/state_scan_v2/h0.87500/down/g1p60000.npz
0.875,0.5,up,equilibrium_candidate,0,,,0,results/topic4_sef_hfo/core_heterogeneity_bifurcation_20260918/state_scan_v2/h0.87500/up/g0p50000.npz
0.875,0.7,up,equilibrium_candidate,0,,,0,results/topic4_sef_hfo/core_heterogeneity_bifurcation_20260918/state_scan_v2/h0.87500/up/g0p70000.npz
0.875,0.9,up,equilibrium_candidate,0,,,0,results/topic4_sef_hfo/core_heterogeneity_bifurcation_20260918/state_scan_v2/h0.87500/up/g0p90000.npz
0.875,1.0,up,equilibrium_candidate,0,,,0,results/topic4_sef_hfo/core_heterogeneity_bifurcation_20260918/state_scan_v2/h0.87500/up/g1p00000.npz
0.875,1.05,up,equilibrium_candidate,0,,,0,results/topic4_sef_hfo/core_heterogeneity_bifurcation_20260918/state_scan_v2/h0.87500/up/g1p05000.npz
0.875,1.1,up,equilibrium_candidate,0,,,0,results/topic4_sef_hfo/core_heterogeneity_bifurcation_20260918/state_scan_v2/h0.87500/up/g1p10000.npz
0.875,1.12,up,equilibrium_candidate,0,,,3000,results/topic4_sef_hfo/core_heterogeneity_bifurcation_20260918/state_scan_v2/h0.87500/up/g1p12000.npz
0.875,1.14,up,equilibrium_candidate,0,,,3000,results/topic4_sef_hfo/core_heterogeneity_bifurcation_20260918/state_scan_v2/h0.87500/up/g1p14000.npz
0.875,1.16,up,equilibrium_candidate,0,,,3000,results/topic4_sef_hfo/core_heterogeneity_bifurcation_20260918/state_scan_v2/h0.87500/up/g1p16000.npz
0.875,1.17,up,equilibrium_candidate,0,,,3000,results/topic4_sef_hfo/core_heterogeneity_bifurcation_20260918/state_scan_v2/h0.87500/up/g1p17000.npz
0.875,1.18,up,periodic_candidate,2,1086.0139566276364,4.5109662171961426e-05,9000,results/topic4_sef_hfo/core_heterogeneity_bifurcation_20260918/state_scan_v2/h0.87500/up/g1p18000.npz
0.875,1.2,up,periodic_candidate,2,612.5116549882467,3.906357287728078e-05,9000,results/topic4_sef_hfo/core_heterogeneity_bifurcation_20260918/state_scan_v2/h0.87500/up/g1p20000.npz
0.875,1.22,up,periodic_candidate,2,509.1633643935568,0.0005368932798172508,9000,results/topic4_sef_hfo/core_heterogeneity_bifurcation_20260918/state_scan_v2/h0.87500/up/g1p22000.npz
0.875,1.24,up,periodic_candidate,2,467.2353792797909,0.0004906378835170852,3000,results/topic4_sef_hfo/core_heterogeneity_bifurcation_20260918/state_scan_v2/h0.87500/up/g1p24000.npz
0.875,1.26,up,periodic_candidate,2,437.7116752606782,0.0005950987962454551,3000,results/topic4_sef_hfo/core_heterogeneity_bifurcation_20260918/state_scan_v2/h0.87500/up/g1p26000.npz
0.875,1.28,up,periodic_candidate,2,414.92202611129403,0.00024842842382892104,3000,results/topic4_sef_hfo/core_heterogeneity_bifurcation_20260918/state_scan_v2/h0.87500/up/g1p28000.npz
0.875,1.3,up,periodic_candidate,2,397.59886706175877,0.0004069537324179432,3000,results/topic4_sef_hfo/core_heterogeneity_bifurcation_20260918/state_scan_v2/h0.87500/up/g1p30000.npz
0.875,1.32,up,periodic_candidate,2,383.87590689733474,0.00033948632605038586,3000,results/topic4_sef_hfo/core_heterogeneity_bifurcation_20260918/state_scan_v2/h0.87500/up/g1p32000.npz
0.875,1.34,up,periodic_candidate,2,372.6466831379662,0.0006050944335851721,3000,results/topic4_sef_hfo/core_heterogeneity_bifurcation_20260918/state_scan_v2/h0.87500/up/g1p34000.npz
0.875,1.36,up,periodic_candidate,3,185.8117751506792,0.00097654940620512,3000,results/topic4_sef_hfo/core_heterogeneity_bifurcation_20260918/state_scan_v2/h0.87500/up/g1p36000.npz
0.875,1.3800000000000001,up,periodic_candidate,3,183.58786440796305,0.00048501436244676696,3000,results/topic4_sef_hfo/core_heterogeneity_bifurcation_20260918/state_scan_v2/h0.87500/up/g1p38000.npz
0.875,1.4000000000000001,up,periodic_candidate,5,150.84899407611772,0.0007944997328794376,3000,results/topic4_sef_hfo/core_heterogeneity_bifurcation_20260918/state_scan_v2/h0.87500/up/g1p40000.npz
0.875,1.4200000000000002,up,periodic_candidate,5,150.2422335893594,0.0006268238068241894,3000,results/topic4_sef_hfo/core_heterogeneity_bifurcation_20260918/state_scan_v2/h0.87500/up/g1p42000.npz
0.875,1.4400000000000002,up,periodic_candidate,5,149.56710498985242,0.00038265819409114113,3000,results/topic4_sef_hfo/core_heterogeneity_bifurcation_20260918/state_scan_v2/h0.87500/up/g1p44000.npz
0.875,1.4600000000000002,up,periodic_candidate,5,148.93250180050256,0.0001408271587780096,3000,results/topic4_sef_hfo/core_heterogeneity_bifurcation_20260918/state_scan_v2/h0.87500/up/g1p46000.npz
0.875,1.4800000000000002,up,periodic_candidate,5,148.36263223385433,0.0009645910070548112,3000,results/topic4_sef_hfo/core_heterogeneity_bifurcation_20260918/state_scan_v2/h0.87500/up/g1p48000.npz
0.875,1.5000000000000002,up,periodic_candidate,5,147.85742257204518,0.0005293196923196151,3000,results/topic4_sef_hfo/core_heterogeneity_bifurcation_20260918/state_scan_v2/h0.87500/up/g1p50000.npz
0.875,1.5200000000000002,up,periodic_candidate,5,147.41003832054247,0.00046313564193842336,3000,results/topic4_sef_hfo/core_heterogeneity_bifurcation_20260918/state_scan_v2/h0.87500/up/g1p52000.npz
0.875,1.5400000000000003,up,periodic_candidate,5,147.01261120719386,7.716273269708401e-05,3000,results/topic4_sef_hfo/core_heterogeneity_bifurcation_20260918/state_scan_v2/h0.87500/up/g1p54000.npz
0.875,1.5600000000000003,up,periodic_candidate,5,146.65784005068787,0.0010113349618300546,3000,results/topic4_sef_hfo/core_heterogeneity_bifurcation_20260918/state_scan_v2/h0.87500/up/g1p56000.npz
0.875,1.5800000000000003,up,periodic_candidate,5,146.33943691936977,0.0011816661954304778,3000,results/topic4_sef_hfo/core_heterogeneity_bifurcation_20260918/state_scan_v2/h0.87500/up/g1p58000.npz
0.875,1.6000000000000003,up,periodic_candidate,5,146.0521923953449,0.0004184875063283753,3000,results/topic4_sef_hfo/core_heterogeneity_bifurcation_20260918/state_scan_v2/h0.87500/up/g1p60000.npz
0.95,0.5,down,equilibrium_candidate,0,,,0,results/topic4_sef_hfo/core_heterogeneity_bifurcation_20260918/state_scan_v2/h0.95000/down/g0p50000.npz
0.95,0.7,down,equilibrium_candidate,0,,,0,results/topic4_sef_hfo/core_heterogeneity_bifurcation_20260918/state_scan_v2/h0.95000/down/g0p70000.npz
0.95,0.9,down,equilibrium_candidate,0,,,0,results/topic4_sef_hfo/core_heterogeneity_bifurcation_20260918/state_scan_v2/h0.95000/down/g0p90000.npz
0.95,1.0,down,equilibrium_candidate,0,,,0,results/topic4_sef_hfo/core_heterogeneity_bifurcation_20260918/state_scan_v2/h0.95000/down/g1p00000.npz
0.95,1.05,down,equilibrium_candidate,0,,,0,results/topic4_sef_hfo/core_heterogeneity_bifurcation_20260918/state_scan_v2/h0.95000/down/g1p05000.npz
0.95,1.1,down,equilibrium_candidate,0,,,0,results/topic4_sef_hfo/core_heterogeneity_bifurcation_20260918/state_scan_v2/h0.95000/down/g1p10000.npz
0.95,1.12,down,equilibrium_candidate,0,,,3000,results/topic4_sef_hfo/core_heterogeneity_bifurcation_20260918/state_scan_v2/h0.95000/down/g1p12000.npz
0.95,1.14,down,equilibrium_candidate,0,,,3000,results/topic4_sef_hfo/core_heterogeneity_bifurcation_20260918/state_scan_v2/h0.95000/down/g1p14000.npz
0.95,1.16,down,equilibrium_candidate,0,,,3000,results/topic4_sef_hfo/core_heterogeneity_bifurcation_20260918/state_scan_v2/h0.95000/down/g1p16000.npz
0.95,1.17,down,equilibrium_candidate,0,,,3000,results/topic4_sef_hfo/core_heterogeneity_bifurcation_20260918/state_scan_v2/h0.95000/down/g1p17000.npz
0.95,1.18,down,periodic_candidate,2,1085.9615142676219,8.745784828990262e-05,9000,results/topic4_sef_hfo/core_heterogeneity_bifurcation_20260918/state_scan_v2/h0.95000/down/g1p18000.npz
0.95,1.2,down,periodic_candidate,2,612.4601368335883,0.00014460754451773997,9000,results/topic4_sef_hfo/core_heterogeneity_bifurcation_20260918/state_scan_v2/h0.95000/down/g1p20000.npz
0.95,1.22,down,periodic_candidate,2,509.10349047937336,0.0003683199499028577,9000,results/topic4_sef_hfo/core_heterogeneity_bifurcation_20260918/state_scan_v2/h0.95000/down/g1p22000.npz
0.95,1.24,down,periodic_candidate,2,467.0560763466501,0.00016231848199693068,3000,results/topic4_sef_hfo/core_heterogeneity_bifurcation_20260918/state_scan_v2/h0.95000/down/g1p24000.npz
0.95,1.26,down,periodic_candidate,2,437.02266940306856,0.000621944395549912,3000,results/topic4_sef_hfo/core_heterogeneity_bifurcation_20260918/state_scan_v2/h0.95000/down/g1p26000.npz
0.95,1.28,down,periodic_candidate,2,412.7331659165055,0.0005576131325273287,3000,results/topic4_sef_hfo/core_heterogeneity_bifurcation_20260918/state_scan_v2/h0.95000/down/g1p28000.npz
0.95,1.3,down,periodic_candidate,2,393.6613432367303,0.0007490756803783421,3000,results/topic4_sef_hfo/core_heterogeneity_bifurcation_20260918/state_scan_v2/h0.95000/down/g1p30000.npz
0.95,1.32,down,periodic_candidate,2,378.75448322867055,0.0004997204701281008,3000,results/topic4_sef_hfo/core_heterogeneity_bifurcation_20260918/state_scan_v2/h0.95000/down/g1p32000.npz
0.95,1.34,down,periodic_candidate,2,924.0711690229432,0.00023465454319720685,9000,results/topic4_sef_hfo/core_heterogeneity_bifurcation_20260918/state_scan_v2/h0.95000/down/g1p34000.npz
0.95,1.36,down,periodic_candidate,3,185.8126572293108,0.000684015871190458,3000,results/topic4_sef_hfo/core_heterogeneity_bifurcation_20260918/state_scan_v2/h0.95000/down/g1p36000.npz
0.95,1.3800000000000001,down,periodic_candidate,5,150.92084746448575,0.0004230472534316399,3000,results/topic4_sef_hfo/core_heterogeneity_bifurcation_20260918/state_scan_v2/h0.95000/down/g1p38000.npz
0.95,1.4000000000000001,down,periodic_candidate,5,150.84705132565557,0.0007668662141247541,3000,results/topic4_sef_hfo/core_heterogeneity_bifurcation_20260918/state_scan_v2/h0.95000/down/g1p40000.npz
0.95,1.4200000000000002,down,periodic_candidate,5,150.23933199219212,0.0014322798865321646,3000,results/topic4_sef_hfo/core_heterogeneity_bifurcation_20260918/state_scan_v2/h0.95000/down/g1p42000.npz
0.95,1.4400000000000002,down,periodic_candidate,5,149.56422832902177,0.0004450529089697274,3000,results/topic4_sef_hfo/core_heterogeneity_bifurcation_20260918/state_scan_v2/h0.95000/down/g1p44000.npz
0.95,1.4600000000000002,down,periodic_candidate,5,148.92985521236577,0.0005842711580465506,3000,results/topic4_sef_hfo/core_heterogeneity_bifurcation_20260918/state_scan_v2/h0.95000/down/g1p46000.npz
0.95,1.4800000000000002,down,periodic_candidate,5,148.36027323559722,0.0009362162715719993,3000,results/topic4_sef_hfo/core_heterogeneity_bifurcation_20260918/state_scan_v2/h0.95000/down/g1p48000.npz
0.95,1.5000000000000002,down,periodic_candidate,5,147.85533311200072,0.0005574810240366184,3000,results/topic4_sef_hfo/core_heterogeneity_bifurcation_20260918/state_scan_v2/h0.95000/down/g1p50000.npz
0.95,1.5200000000000002,down,periodic_candidate,5,147.4081833149381,0.0006520968239184779,3000,results/topic4_sef_hfo/core_heterogeneity_bifurcation_20260918/state_scan_v2/h0.95000/down/g1p52000.npz
0.95,1.5400000000000003,down,periodic_candidate,5,147.01096356491166,7.881535953430358e-05,3000,results/topic4_sef_hfo/core_heterogeneity_bifurcation_20260918/state_scan_v2/h0.95000/down/g1p54000.npz
0.95,1.5600000000000003,down,periodic_candidate,5,146.65636612443154,0.0010115900858455981,3000,results/topic4_sef_hfo/core_heterogeneity_bifurcation_20260918/state_scan_v2/h0.95000/down/g1p56000.npz
0.95,1.5800000000000003,down,periodic_candidate,5,146.33810799804604,0.0011791632728207677,3000,results/topic4_sef_hfo/core_heterogeneity_bifurcation_20260918/state_scan_v2/h0.95000/down/g1p58000.npz
0.95,1.6000000000000003,down,periodic_candidate,5,146.05099238077983,0.0003802208673247983,6000,results/topic4_sef_hfo/core_heterogeneity_bifurcation_20260918/state_scan_v2/h0.95000/down/g1p60000.npz
0.95,0.5,up,equilibrium_candidate,0,,,0,results/topic4_sef_hfo/core_heterogeneity_bifurcation_20260918/state_scan_v2/h0.95000/up/g0p50000.npz
0.95,0.7,up,equilibrium_candidate,0,,,0,results/topic4_sef_hfo/core_heterogeneity_bifurcation_20260918/state_scan_v2/h0.95000/up/g0p70000.npz
0.95,0.9,up,equilibrium_candidate,0,,,0,results/topic4_sef_hfo/core_heterogeneity_bifurcation_20260918/state_scan_v2/h0.95000/up/g0p90000.npz
0.95,1.0,up,equilibrium_candidate,0,,,0,results/topic4_sef_hfo/core_heterogeneity_bifurcation_20260918/state_scan_v2/h0.95000/up/g1p00000.npz
0.95,1.05,up,equilibrium_candidate,0,,,0,results/topic4_sef_hfo/core_heterogeneity_bifurcation_20260918/state_scan_v2/h0.95000/up/g1p05000.npz
0.95,1.1,up,equilibrium_candidate,0,,,0,results/topic4_sef_hfo/core_heterogeneity_bifurcation_20260918/state_scan_v2/h0.95000/up/g1p10000.npz
0.95,1.12,up,equilibrium_candidate,0,,,3000,results/topic4_sef_hfo/core_heterogeneity_bifurcation_20260918/state_scan_v2/h0.95000/up/g1p12000.npz
0.95,1.14,up,equilibrium_candidate,0,,,3000,results/topic4_sef_hfo/core_heterogeneity_bifurcation_20260918/state_scan_v2/h0.95000/up/g1p14000.npz
0.95,1.16,up,equilibrium_candidate,0,,,3000,results/topic4_sef_hfo/core_heterogeneity_bifurcation_20260918/state_scan_v2/h0.95000/up/g1p16000.npz
0.95,1.17,up,equilibrium_candidate,0,,,3000,results/topic4_sef_hfo/core_heterogeneity_bifurcation_20260918/state_scan_v2/h0.95000/up/g1p17000.npz
0.95,1.18,up,periodic_candidate,2,1085.9615159849168,6.005776220292592e-05,9000,results/topic4_sef_hfo/core_heterogeneity_bifurcation_20260918/state_scan_v2/h0.95000/up/g1p18000.npz
0.95,1.2,up,periodic_candidate,2,612.4601347592085,0.00012843464448151912,9000,results/topic4_sef_hfo/core_heterogeneity_bifurcation_20260918/state_scan_v2/h0.95000/up/g1p20000.npz
0.95,1.22,up,periodic_candidate,2,509.10349071175784,0.00036595410857902266,9000,results/topic4_sef_hfo/core_heterogeneity_bifurcation_20260918/state_scan_v2/h0.95000/up/g1p22000.npz
0.95,1.24,up,periodic_candidate,2,467.0560725389715,0.0002014220393267393,3000,results/topic4_sef_hfo/core_heterogeneity_bifurcation_20260918/state_scan_v2/h0.95000/up/g1p24000.npz
0.95,1.26,up,periodic_candidate,2,437.0225966590268,0.00018136957681656803,3000,results/topic4_sef_hfo/core_heterogeneity_bifurcation_20260918/state_scan_v2/h0.95000/up/g1p26000.npz
0.95,1.28,up,periodic_candidate,2,412.733144157424,0.0009422037359667731,3000,results/topic4_sef_hfo/core_heterogeneity_bifurcation_20260918/state_scan_v2/h0.95000/up/g1p28000.npz
0.95,1.3,up,periodic_candidate,2,393.66135192947684,0.00016512630626444304,3000,results/topic4_sef_hfo/core_heterogeneity_bifurcation_20260918/state_scan_v2/h0.95000/up/g1p30000.npz
0.95,1.32,up,periodic_candidate,2,378.75449235895576,0.0005257014263136374,3000,results/topic4_sef_hfo/core_heterogeneity_bifurcation_20260918/state_scan_v2/h0.95000/up/g1p32000.npz
0.95,1.34,up,periodic_candidate,2,924.0711711958569,0.0002257069031331868,9000,results/topic4_sef_hfo/core_heterogeneity_bifurcation_20260918/state_scan_v2/h0.95000/up/g1p34000.npz
0.95,1.36,up,periodic_candidate,3,185.81264629717097,0.000881510013139207,3000,results/topic4_sef_hfo/core_heterogeneity_bifurcation_20260918/state_scan_v2/h0.95000/up/g1p36000.npz
0.95,1.3800000000000001,up,periodic_candidate,3,183.5888701134646,0.0004891088601256019,3000,results/topic4_sef_hfo/core_heterogeneity_bifurcation_20260918/state_scan_v2/h0.95000/up/g1p38000.npz
0.95,1.4000000000000001,up,periodic_candidate,5,150.8470553493568,0.00043832610491710815,3000,results/topic4_sef_hfo/core_heterogeneity_bifurcation_20260918/state_scan_v2/h0.95000/up/g1p40000.npz
0.95,1.4200000000000002,up,periodic_candidate,5,150.23934644611643,0.0012156302778483224,3000,results/topic4_sef_hfo/core_heterogeneity_bifurcation_20260918/state_scan_v2/h0.95000/up/g1p42000.npz
0.95,1.4400000000000002,up,periodic_candidate,5,149.5642272377284,0.00039217406960123733,3000,results/topic4_sef_hfo/core_heterogeneity_bifurcation_20260918/state_scan_v2/h0.95000/up/g1p44000.npz
0.95,1.4600000000000002,up,periodic_candidate,5,148.9298617502341,0.000414155576729147,3000,results/topic4_sef_hfo/core_heterogeneity_bifurcation_20260918/state_scan_v2/h0.95000/up/g1p46000.npz
0.95,1.4800000000000002,up,periodic_candidate,5,148.3602844450554,0.000895056682483246,3000,results/topic4_sef_hfo/core_heterogeneity_bifurcation_20260918/state_scan_v2/h0.95000/up/g1p48000.npz
0.95,1.5000000000000002,up,periodic_candidate,5,147.85531280017048,0.0011327448813319868,3000,results/topic4_sef_hfo/core_heterogeneity_bifurcation_20260918/state_scan_v2/h0.95000/up/g1p50000.npz
0.95,1.5200000000000002,up,periodic_candidate,5,147.40818329180715,0.0006483457890152538,3000,results/topic4_sef_hfo/core_heterogeneity_bifurcation_20260918/state_scan_v2/h0.95000/up/g1p52000.npz
0.95,1.5400000000000003,up,periodic_candidate,5,147.01096245629086,4.461364926888108e-05,3000,results/topic4_sef_hfo/core_heterogeneity_bifurcation_20260918/state_scan_v2/h0.95000/up/g1p54000.npz
0.95,1.5600000000000003,up,periodic_candidate,5,146.65636590167182,0.0006850168915593088,3000,results/topic4_sef_hfo/core_heterogeneity_bifurcation_20260918/state_scan_v2/h0.95000/up/g1p56000.npz
0.95,1.5800000000000003,up,periodic_candidate,5,146.33811212641095,0.001040451505314255,3000,results/topic4_sef_hfo/core_heterogeneity_bifurcation_20260918/state_scan_v2/h0.95000/up/g1p58000.npz
0.95,1.6000000000000003,up,periodic_candidate,5,146.0509923307403,0.00037948715258506917,3000,results/topic4_sef_hfo/core_heterogeneity_bifurcation_20260918/state_scan_v2/h0.95000/up/g1p60000.npz
0.975,0.5,down,equilibrium_candidate,0,,,0,results/topic4_sef_hfo/core_heterogeneity_bifurcation_20260918/state_scan_v2/h0.97500/down/g0p50000.npz
0.975,0.7,down,equilibrium_candidate,0,,,0,results/topic4_sef_hfo/core_heterogeneity_bifurcation_20260918/state_scan_v2/h0.97500/down/g0p70000.npz
0.975,0.9,down,equilibrium_candidate,0,,,0,results/topic4_sef_hfo/core_heterogeneity_bifurcation_20260918/state_scan_v2/h0.97500/down/g0p90000.npz
0.975,1.0,down,equilibrium_candidate,0,,,0,results/topic4_sef_hfo/core_heterogeneity_bifurcation_20260918/state_scan_v2/h0.97500/down/g1p00000.npz
0.975,1.05,down,equilibrium_candidate,0,,,0,results/topic4_sef_hfo/core_heterogeneity_bifurcation_20260918/state_scan_v2/h0.97500/down/g1p05000.npz
0.975,1.1,down,equilibrium_candidate,0,,,0,results/topic4_sef_hfo/core_heterogeneity_bifurcation_20260918/state_scan_v2/h0.97500/down/g1p10000.npz
0.975,1.12,down,equilibrium_candidate,0,,,3000,results/topic4_sef_hfo/core_heterogeneity_bifurcation_20260918/state_scan_v2/h0.97500/down/g1p12000.npz
0.975,1.14,down,equilibrium_candidate,0,,,6000,results/topic4_sef_hfo/core_heterogeneity_bifurcation_20260918/state_scan_v2/h0.97500/down/g1p14000.npz
0.975,1.17,down,periodic_candidate,2,779.5695996265899,3.065214377508534e-05,9000,results/topic4_sef_hfo/core_heterogeneity_bifurcation_20260918/state_scan_v2/h0.97500/down/g1p17000.npz
0.975,1.18,down,periodic_candidate,2,656.778429278343,0.0005770060600559611,9000,results/topic4_sef_hfo/core_heterogeneity_bifurcation_20260918/state_scan_v2/h0.97500/down/g1p18000.npz
0.975,1.2,down,periodic_candidate,2,526.2572272462311,0.00040961994028025655,9000,results/topic4_sef_hfo/core_heterogeneity_bifurcation_20260918/state_scan_v2/h0.97500/down/g1p20000.npz
0.975,1.22,down,periodic_candidate,2,467.1969811144974,0.000621536539699181,3000,results/topic4_sef_hfo/core_heterogeneity_bifurcation_20260918/state_scan_v2/h0.97500/down/g1p22000.npz
0.975,1.24,down,periodic_candidate,2,431.6437885415681,0.0008498086589917264,3000,results/topic4_sef_hfo/core_heterogeneity_bifurcation_20260918/state_scan_v2/h0.97500/down/g1p24000.npz
0.975,1.26,down,periodic_candidate,2,415.76180727434553,0.0010104871556490952,3000,results/topic4_sef_hfo/core_heterogeneity_bifurcation_20260918/state_scan_v2/h0.97500/down/g1p26000.npz
0.975,1.28,down,periodic_candidate,2,395.43075684716973,0.0002493205143494155,3000,results/topic4_sef_hfo/core_heterogeneity_bifurcation_20260918/state_scan_v2/h0.97500/down/g1p28000.npz
0.975,1.3,down,periodic_candidate,2,379.8817174991541,0.0004509868059428448,3000,results/topic4_sef_hfo/core_heterogeneity_bifurcation_20260918/state_scan_v2/h0.97500/down/g1p30000.npz
0.975,1.32,down,periodic_candidate,2,367.5752080853565,0.0002793967995593807,3000,results/topic4_sef_hfo/core_heterogeneity_bifurcation_20260918/state_scan_v2/h0.97500/down/g1p32000.npz
0.975,1.34,down,periodic_candidate,2,547.6505794761873,0.0006370477728873093,9000,results/topic4_sef_hfo/core_heterogeneity_bifurcation_20260918/state_scan_v2/h0.97500/down/g1p34000.npz
0.975,1.36,down,periodic_candidate,3,185.81292458466461,0.0009162928474803099,3000,results/topic4_sef_hfo/core_heterogeneity_bifurcation_20260918/state_scan_v2/h0.97500/down/g1p36000.npz
0.975,1.3800000000000001,down,periodic_candidate,5,150.92167515296225,0.0005870344763603866,3000,results/topic4_sef_hfo/core_heterogeneity_bifurcation_20260918/state_scan_v2/h0.97500/down/g1p38000.npz
0.975,1.4000000000000001,down,periodic_candidate,5,150.8463547733374,0.0011512859989691992,3000,results/topic4_sef_hfo/core_heterogeneity_bifurcation_20260918/state_scan_v2/h0.97500/down/g1p40000.npz
0.975,1.4200000000000002,down,periodic_candidate,5,150.2383170728264,0.0015553752219589507,3000,results/topic4_sef_hfo/core_heterogeneity_bifurcation_20260918/state_scan_v2/h0.97500/down/g1p42000.npz
0.975,1.4400000000000002,down,periodic_candidate,5,149.56321622587828,0.0004090489815083021,3000,results/topic4_sef_hfo/core_heterogeneity_bifurcation_20260918/state_scan_v2/h0.97500/down/g1p44000.npz
0.975,1.4600000000000002,down,periodic_candidate,5,148.9289295507615,0.0004944798592285462,3000,results/topic4_sef_hfo/core_heterogeneity_bifurcation_20260918/state_scan_v2/h0.97500/down/g1p46000.npz
0.975,1.4800000000000002,down,periodic_candidate,5,148.3594471626583,0.0009728889338228795,3000,results/topic4_sef_hfo/core_heterogeneity_bifurcation_20260918/state_scan_v2/h0.97500/down/g1p48000.npz
0.975,1.5000000000000002,down,periodic_candidate,5,147.8545913728585,0.0007560483228166917,3000,results/topic4_sef_hfo/core_heterogeneity_bifurcation_20260918/state_scan_v2/h0.97500/down/g1p50000.npz
0.975,1.5200000000000002,down,periodic_candidate,5,147.40753106265345,0.000646443499023629,3000,results/topic4_sef_hfo/core_heterogeneity_bifurcation_20260918/state_scan_v2/h0.97500/down/g1p52000.npz
0.975,1.5400000000000003,down,periodic_candidate,5,147.01038372966386,7.522196144953989e-05,3000,results/topic4_sef_hfo/core_heterogeneity_bifurcation_20260918/state_scan_v2/h0.97500/down/g1p54000.npz
0.975,1.5600000000000003,down,periodic_candidate,5,146.65584699240733,0.0009461796055011841,3000,results/topic4_sef_hfo/core_heterogeneity_bifurcation_20260918/state_scan_v2/h0.97500/down/g1p56000.npz
0.975,1.5800000000000003,down,periodic_candidate,5,146.3376400301302,0.0011915420023934883,3000,results/topic4_sef_hfo/core_heterogeneity_bifurcation_20260918/state_scan_v2/h0.97500/down/g1p58000.npz
0.975,1.6000000000000003,down,periodic_candidate,5,146.05057016445235,0.0003687117287904957,6000,results/topic4_sef_hfo/core_heterogeneity_bifurcation_20260918/state_scan_v2/h0.97500/down/g1p60000.npz
0.975,0.5,up,equilibrium_candidate,0,,,0,results/topic4_sef_hfo/core_heterogeneity_bifurcation_20260918/state_scan_v2/h0.97500/up/g0p50000.npz
0.975,0.7,up,equilibrium_candidate,0,,,0,results/topic4_sef_hfo/core_heterogeneity_bifurcation_20260918/state_scan_v2/h0.97500/up/g0p70000.npz
0.975,0.9,up,equilibrium_candidate,0,,,0,results/topic4_sef_hfo/core_heterogeneity_bifurcation_20260918/state_scan_v2/h0.97500/up/g0p90000.npz
0.975,1.0,up,equilibrium_candidate,0,,,0,results/topic4_sef_hfo/core_heterogeneity_bifurcation_20260918/state_scan_v2/h0.97500/up/g1p00000.npz
0.975,1.05,up,equilibrium_candidate,0,,,0,results/topic4_sef_hfo/core_heterogeneity_bifurcation_20260918/state_scan_v2/h0.97500/up/g1p05000.npz
0.975,1.1,up,equilibrium_candidate,0,,,0,results/topic4_sef_hfo/core_heterogeneity_bifurcation_20260918/state_scan_v2/h0.97500/up/g1p10000.npz
0.975,1.12,up,equilibrium_candidate,0,,,3000,results/topic4_sef_hfo/core_heterogeneity_bifurcation_20260918/state_scan_v2/h0.97500/up/g1p12000.npz
0.975,1.14,up,equilibrium_candidate,0,,,3000,results/topic4_sef_hfo/core_heterogeneity_bifurcation_20260918/state_scan_v2/h0.97500/up/g1p14000.npz
0.975,1.17,up,periodic_candidate,2,779.5695985689686,3.9064398102192797e-05,6000,results/topic4_sef_hfo/core_heterogeneity_bifurcation_20260918/state_scan_v2/h0.97500/up/g1p17000.npz
0.975,1.18,up,periodic_candidate,2,656.778432864818,0.0005335740779786164,9000,results/topic4_sef_hfo/core_heterogeneity_bifurcation_20260918/state_scan_v2/h0.97500/up/g1p18000.npz
0.975,1.2,up,periodic_candidate,2,526.2572016712525,0.0007290605197608486,9000,results/topic4_sef_hfo/core_heterogeneity_bifurcation_20260918/state_scan_v2/h0.97500/up/g1p20000.npz
0.975,1.22,up,periodic_candidate,2,467.19696351915496,0.0006542091637462585,3000,results/topic4_sef_hfo/core_heterogeneity_bifurcation_20260918/state_scan_v2/h0.97500/up/g1p22000.npz
0.975,1.24,up,periodic_candidate,2,431.6437467015566,0.00048030265451461075,3000,results/topic4_sef_hfo/core_heterogeneity_bifurcation_20260918/state_scan_v2/h0.97500/up/g1p24000.npz
0.975,1.26,up,periodic_candidate,2,415.76181781364835,0.0006619918432694908,3000,results/topic4_sef_hfo/core_heterogeneity_bifurcation_20260918/state_scan_v2/h0.97500/up/g1p26000.npz
0.975,1.28,up,periodic_candidate,2,395.4307629914483,8.726426722119459e-05,3000,results/topic4_sef_hfo/core_heterogeneity_bifurcation_20260918/state_scan_v2/h0.97500/up/g1p28000.npz
0.975,1.3,up,periodic_candidate,2,379.8817292917479,0.00023717076731124458,3000,results/topic4_sef_hfo/core_heterogeneity_bifurcation_20260918/state_scan_v2/h0.97500/up/g1p30000.npz
0.975,1.32,up,periodic_candidate,2,367.57521298921904,0.0002861431178210838,3000,results/topic4_sef_hfo/core_heterogeneity_bifurcation_20260918/state_scan_v2/h0.97500/up/g1p32000.npz
0.975,1.34,up,periodic_candidate,2,547.6505878806959,0.0005628538479083297,9000,results/topic4_sef_hfo/core_heterogeneity_bifurcation_20260918/state_scan_v2/h0.97500/up/g1p34000.npz
0.975,1.36,up,periodic_candidate,3,185.81292175154016,0.0009436213517578741,3000,results/topic4_sef_hfo/core_heterogeneity_bifurcation_20260918/state_scan_v2/h0.97500/up/g1p36000.npz
0.975,1.3800000000000001,up,periodic_candidate,3,183.58920207065404,0.0004441928782475879,3000,results/topic4_sef_hfo/core_heterogeneity_bifurcation_20260918/state_scan_v2/h0.97500/up/g1p38000.npz
0.975,1.4000000000000001,up,periodic_candidate,5,150.84637350389082,0.0006683857733298619,3000,results/topic4_sef_hfo/core_heterogeneity_bifurcation_20260918/state_scan_v2/h0.97500/up/g1p40000.npz
0.975,1.4200000000000002,up,periodic_candidate,5,150.2383302246693,0.001293114858822273,3000,results/topic4_sef_hfo/core_heterogeneity_bifurcation_20260918/state_scan_v2/h0.97500/up/g1p42000.npz
0.975,1.4400000000000002,up,periodic_candidate,5,149.56321303569635,0.00043156750423439593,3000,results/topic4_sef_hfo/core_heterogeneity_bifurcation_20260918/state_scan_v2/h0.97500/up/g1p44000.npz
0.975,1.4600000000000002,up,periodic_candidate,5,148.92894026581942,0.00030819940669889537,3000,results/topic4_sef_hfo/core_heterogeneity_bifurcation_20260918/state_scan_v2/h0.97500/up/g1p46000.npz
0.975,1.4800000000000002,up,periodic_candidate,5,148.35945783703608,0.0007249614243473171,3000,results/topic4_sef_hfo/core_heterogeneity_bifurcation_20260918/state_scan_v2/h0.97500/up/g1p48000.npz
0.975,1.5000000000000002,up,periodic_candidate,5,147.85459066657063,0.0009423917339042687,3000,results/topic4_sef_hfo/core_heterogeneity_bifurcation_20260918/state_scan_v2/h0.97500/up/g1p50000.npz
0.975,1.5200000000000002,up,periodic_candidate,5,147.40753429944874,0.0005008266750643123,3000,results/topic4_sef_hfo/core_heterogeneity_bifurcation_20260918/state_scan_v2/h0.97500/up/g1p52000.npz
0.975,1.5400000000000003,up,periodic_candidate,5,147.01038445877867,0.00010041257710031079,3000,results/topic4_sef_hfo/core_heterogeneity_bifurcation_20260918/state_scan_v2/h0.97500/up/g1p54000.npz
0.975,1.5600000000000003,up,periodic_candidate,5,146.65583571348208,0.0011618244850697932,3000,results/topic4_sef_hfo/core_heterogeneity_bifurcation_20260918/state_scan_v2/h0.97500/up/g1p56000.npz
0.975,1.5800000000000003,up,periodic_candidate,5,146.3376553652066,0.000724177916972431,3000,results/topic4_sef_hfo/core_heterogeneity_bifurcation_20260918/state_scan_v2/h0.97500/up/g1p58000.npz
0.975,1.6000000000000003,up,periodic_candidate,5,146.05056649760908,0.00042794464982272485,3000,results/topic4_sef_hfo/core_heterogeneity_bifurcation_20260918/state_scan_v2/h0.97500/up/g1p60000.npz
1.0,0.5,down,equilibrium_candidate,0,,,0,results/topic4_sef_hfo/core_heterogeneity_bifurcation_20260918/state_scan_v2/h1.00000/down/g0p50000.npz
1.0,0.7,down,equilibrium_candidate,0,,,0,results/topic4_sef_hfo/core_heterogeneity_bifurcation_20260918/state_scan_v2/h1.00000/down/g0p70000.npz
1.0,0.9,down,equilibrium_candidate,0,,,0,results/topic4_sef_hfo/core_heterogeneity_bifurcation_20260918/state_scan_v2/h1.00000/down/g0p90000.npz
1.0,1.0,down,equilibrium_candidate,0,,,0,results/topic4_sef_hfo/core_heterogeneity_bifurcation_20260918/state_scan_v2/h1.00000/down/g1p00000.npz
1.0,1.05,down,equilibrium_candidate,0,,,0,results/topic4_sef_hfo/core_heterogeneity_bifurcation_20260918/state_scan_v2/h1.00000/down/g1p05000.npz
1.0,1.1,down,equilibrium_candidate,0,,,0,results/topic4_sef_hfo/core_heterogeneity_bifurcation_20260918/state_scan_v2/h1.00000/down/g1p10000.npz
1.0,1.12,down,equilibrium_candidate,0,,,3000,results/topic4_sef_hfo/core_heterogeneity_bifurcation_20260918/state_scan_v2/h1.00000/down/g1p12000.npz
1.0,1.14,down,periodic_candidate,2,697.1515681290289,0.00011276598903925626,9000,results/topic4_sef_hfo/core_heterogeneity_bifurcation_20260918/state_scan_v2/h1.00000/down/g1p14000.npz
1.0,1.16,down,periodic_candidate,2,514.1373213932376,9.511988309447044e-05,9000,results/topic4_sef_hfo/core_heterogeneity_bifurcation_20260918/state_scan_v2/h1.00000/down/g1p16000.npz
1.0,1.17,down,periodic_candidate,2,474.04189334522266,2.6596310129675535e-05,3000,results/topic4_sef_hfo/core_heterogeneity_bifurcation_20260918/state_scan_v2/h1.00000/down/g1p17000.npz
1.0,1.18,down,periodic_candidate,2,486.7702160644694,0.0005937125774769964,3000,results/topic4_sef_hfo/core_heterogeneity_bifurcation_20260918/state_scan_v2/h1.00000/down/g1p18000.npz
1.0,1.2,down,periodic_candidate,2,441.33159700315383,0.0008271393797757978,3000,results/topic4_sef_hfo/core_heterogeneity_bifurcation_20260918/state_scan_v2/h1.00000/down/g1p20000.npz
1.0,1.22,down,periodic_candidate,2,412.99367783298635,2.6547760896227836e-05,3000,results/topic4_sef_hfo/core_heterogeneity_bifurcation_20260918/state_scan_v2/h1.00000/down/g1p22000.npz
1.0,1.24,down,periodic_candidate,2,392.83671285036775,0.000710221418482542,3000,results/topic4_sef_hfo/core_heterogeneity_bifurcation_20260918/state_scan_v2/h1.00000/down/g1p24000.npz
1.0,1.26,down,periodic_candidate,2,390.32261190730395,0.0004833358171713663,3000,results/topic4_sef_hfo/core_heterogeneity_bifurcation_20260918/state_scan_v2/h1.00000/down/g1p26000.npz
1.0,1.28,down,periodic_candidate,2,377.6953461709998,0.000734560906950123,3000,results/topic4_sef_hfo/core_heterogeneity_bifurcation_20260918/state_scan_v2/h1.00000/down/g1p28000.npz
1.0,1.3,down,periodic_candidate,2,366.98472513815017,7.257144929123453e-05,3000,results/topic4_sef_hfo/core_heterogeneity_bifurcation_20260918/state_scan_v2/h1.00000/down/g1p30000.npz
1.0,1.32,down,periodic_candidate,2,357.72118091090704,0.0003673933425506753,3000,results/topic4_sef_hfo/core_heterogeneity_bifurcation_20260918/state_scan_v2/h1.00000/down/g1p32000.npz
1.0,1.34,down,periodic_candidate,2,349.49805541028746,0.00016360042041057318,3000,results/topic4_sef_hfo/core_heterogeneity_bifurcation_20260918/state_scan_v2/h1.00000/down/g1p34000.npz
1.0,1.36,down,periodic_candidate,2,342.16711032883455,0.00039140465673576574,3000,results/topic4_sef_hfo/core_heterogeneity_bifurcation_20260918/state_scan_v2/h1.00000/down/g1p36000.npz
1.0,1.3800000000000001,down,periodic_candidate,5,150.92256351433434,0.0006576805017917953,3000,results/topic4_sef_hfo/core_heterogeneity_bifurcation_20260918/state_scan_v2/h1.00000/down/g1p38000.npz
1.0,1.4000000000000001,down,periodic_candidate,5,150.84564542056037,0.0012745639288821563,3000,results/topic4_sef_hfo/core_heterogeneity_bifurcation_20260918/state_scan_v2/h1.00000/down/g1p40000.npz
1.0,1.4200000000000002,down,periodic_candidate,5,150.2372846082659,0.001374426063510506,3000,results/topic4_sef_hfo/core_heterogeneity_bifurcation_20260918/state_scan_v2/h1.00000/down/g1p42000.npz
1.0,1.4400000000000002,down,periodic_candidate,5,149.56217362655568,0.0003414813753235716,3000,results/topic4_sef_hfo/core_heterogeneity_bifurcation_20260918/state_scan_v2/h1.00000/down/g1p44000.npz
1.0,1.4600000000000002,down,periodic_candidate,5,148.92798041836036,0.0003279667046496466,3000,results/topic4_sef_hfo/core_heterogeneity_bifurcation_20260918/state_scan_v2/h1.00000/down/g1p46000.npz
1.0,1.4800000000000002,down,periodic_candidate,5,148.35860012071797,0.001021942894799294,3000,results/topic4_sef_hfo/core_heterogeneity_bifurcation_20260918/state_scan_v2/h1.00000/down/g1p48000.npz
1.0,1.5000000000000002,down,periodic_candidate,5,147.85383194537175,0.0009536320361641172,3000,results/topic4_sef_hfo/core_heterogeneity_bifurcation_20260918/state_scan_v2/h1.00000/down/g1p50000.npz
1.0,1.5200000000000002,down,periodic_candidate,5,147.4068580862489,0.0006399287509338813,3000,results/topic4_sef_hfo/core_heterogeneity_bifurcation_20260918/state_scan_v2/h1.00000/down/g1p52000.npz
1.0,1.5400000000000003,down,periodic_candidate,5,147.00978599959603,5.699684441874676e-05,3000,results/topic4_sef_hfo/core_heterogeneity_bifurcation_20260918/state_scan_v2/h1.00000/down/g1p54000.npz
1.0,1.5600000000000003,down,periodic_candidate,5,146.65531325470852,0.0008751359085713746,3000,results/topic4_sef_hfo/core_heterogeneity_bifurcation_20260918/state_scan_v2/h1.00000/down/g1p56000.npz
1.0,1.5800000000000003,down,periodic_candidate,5,146.33716195220063,0.0012010362684241516,3000,results/topic4_sef_hfo/core_heterogeneity_bifurcation_20260918/state_scan_v2/h1.00000/down/g1p58000.npz
1.0,1.6000000000000003,down,periodic_candidate,5,146.05013605033582,0.0003574147363658297,6000,results/topic4_sef_hfo/core_heterogeneity_bifurcation_20260918/state_scan_v2/h1.00000/down/g1p60000.npz
1.0,0.5,up,equilibrium_candidate,0,,,0,results/topic4_sef_hfo/core_heterogeneity_bifurcation_20260918/state_scan_v2/h1.00000/up/g0p50000.npz
1.0,0.7,up,equilibrium_candidate,0,,,0,results/topic4_sef_hfo/core_heterogeneity_bifurcation_20260918/state_scan_v2/h1.00000/up/g0p70000.npz
1.0,0.9,up,equilibrium_candidate,0,,,0,results/topic4_sef_hfo/core_heterogeneity_bifurcation_20260918/state_scan_v2/h1.00000/up/g0p90000.npz
1.0,1.0,up,equilibrium_candidate,0,,,0,results/topic4_sef_hfo/core_heterogeneity_bifurcation_20260918/state_scan_v2/h1.00000/up/g1p00000.npz
1.0,1.05,up,equilibrium_candidate,0,,,0,results/topic4_sef_hfo/core_heterogeneity_bifurcation_20260918/state_scan_v2/h1.00000/up/g1p05000.npz
1.0,1.1,up,equilibrium_candidate,0,,,0,results/topic4_sef_hfo/core_heterogeneity_bifurcation_20260918/state_scan_v2/h1.00000/up/g1p10000.npz
1.0,1.12,up,equilibrium_candidate,0,,,3000,results/topic4_sef_hfo/core_heterogeneity_bifurcation_20260918/state_scan_v2/h1.00000/up/g1p12000.npz
1.0,1.14,up,periodic_candidate,2,697.1515680322099,0.00010157541074470389,9000,results/topic4_sef_hfo/core_heterogeneity_bifurcation_20260918/state_scan_v2/h1.00000/up/g1p14000.npz
1.0,1.16,up,periodic_candidate,2,514.1373221224973,0.00010195394110941622,9000,results/topic4_sef_hfo/core_heterogeneity_bifurcation_20260918/state_scan_v2/h1.00000/up/g1p16000.npz
1.0,1.17,up,periodic_candidate,2,474.04189356471926,3.3657467838885226e-05,3000,results/topic4_sef_hfo/core_heterogeneity_bifurcation_20260918/state_scan_v2/h1.00000/up/g1p17000.npz
1.0,1.18,up,periodic_candidate,2,486.7702014666113,0.000602677350270306,3000,results/topic4_sef_hfo/core_heterogeneity_bifurcation_20260918/state_scan_v2/h1.00000/up/g1p18000.npz
1.0,1.2,up,periodic_candidate,2,441.3315787511434,0.0006197626123634736,3000,results/topic4_sef_hfo/core_heterogeneity_bifurcation_20260918/state_scan_v2/h1.00000/up/g1p20000.npz
1.0,1.22,up,periodic_candidate,2,412.99367924221457,2.7365561890409038e-05,3000,results/topic4_sef_hfo/core_heterogeneity_bifurcation_20260918/state_scan_v2/h1.00000/up/g1p22000.npz
1.0,1.24,up,periodic_candidate,2,392.83671059816675,0.0008944562207954287,3000,results/topic4_sef_hfo/core_heterogeneity_bifurcation_20260918/state_scan_v2/h1.00000/up/g1p24000.npz
1.0,1.26,up,periodic_candidate,2,390.3226050512265,0.0006297646555936614,3000,results/topic4_sef_hfo/core_heterogeneity_bifurcation_20260918/state_scan_v2/h1.00000/up/g1p26000.npz
1.0,1.28,up,periodic_candidate,2,377.6953525403502,0.0006355381053614663,3000,results/topic4_sef_hfo/core_heterogeneity_bifurcation_20260918/state_scan_v2/h1.00000/up/g1p28000.npz
1.0,1.3,up,periodic_candidate,2,366.9847258366858,7.496904946695021e-05,3000,results/topic4_sef_hfo/core_heterogeneity_bifurcation_20260918/state_scan_v2/h1.00000/up/g1p30000.npz
1.0,1.32,up,periodic_candidate,2,357.72117920862297,0.0006431934329655462,3000,results/topic4_sef_hfo/core_heterogeneity_bifurcation_20260918/state_scan_v2/h1.00000/up/g1p32000.npz
1.0,1.34,up,periodic_candidate,2,349.49804197162933,8.81883661557731e-05,3000,results/topic4_sef_hfo/core_heterogeneity_bifurcation_20260918/state_scan_v2/h1.00000/up/g1p34000.npz
1.0,1.36,up,periodic_candidate,2,342.16711137321624,0.00019075120027966302,3000,results/topic4_sef_hfo/core_heterogeneity_bifurcation_20260918/state_scan_v2/h1.00000/up/g1p36000.npz
1.0,1.3800000000000001,up,periodic_candidate,5,150.92256643671206,0.0005915925611124651,3000,results/topic4_sef_hfo/core_heterogeneity_bifurcation_20260918/state_scan_v2/h1.00000/up/g1p38000.npz
1.0,1.4000000000000001,up,periodic_candidate,5,150.84565833344956,0.0007951785320558355,3000,results/topic4_sef_hfo/core_heterogeneity_bifurcation_20260918/state_scan_v2/h1.00000/up/g1p40000.npz
1.0,1.4200000000000002,up,periodic_candidate,5,150.23728660193146,0.0012901400718518202,3000,results/topic4_sef_hfo/core_heterogeneity_bifurcation_20260918/state_scan_v2/h1.00000/up/g1p42000.npz
1.0,1.4400000000000002,up,periodic_candidate,5,149.5621736474236,0.0003477917772345994,3000,results/topic4_sef_hfo/core_heterogeneity_bifurcation_20260918/state_scan_v2/h1.00000/up/g1p44000.npz
1.0,1.4600000000000002,up,periodic_candidate,5,148.9279840696092,0.000170719727246166,3000,results/topic4_sef_hfo/core_heterogeneity_bifurcation_20260918/state_scan_v2/h1.00000/up/g1p46000.npz
1.0,1.4800000000000002,up,periodic_candidate,5,148.35860359731643,0.0008636110744666596,3000,results/topic4_sef_hfo/core_heterogeneity_bifurcation_20260918/state_scan_v2/h1.00000/up/g1p48000.npz
1.0,1.5000000000000002,up,periodic_candidate,5,147.85384030143777,0.0006289529104654685,3000,results/topic4_sef_hfo/core_heterogeneity_bifurcation_20260918/state_scan_v2/h1.00000/up/g1p50000.npz
1.0,1.5200000000000002,up,periodic_candidate,5,147.40685866123553,0.0006644720304008293,3000,results/topic4_sef_hfo/core_heterogeneity_bifurcation_20260918/state_scan_v2/h1.00000/up/g1p52000.npz
1.0,1.5400000000000003,up,periodic_candidate,5,147.00978218856332,7.162298366730452e-05,3000,results/topic4_sef_hfo/core_heterogeneity_bifurcation_20260918/state_scan_v2/h1.00000/up/g1p54000.npz
1.0,1.5600000000000003,up,periodic_candidate,5,146.65530077068112,0.0010885263477884498,3000,results/topic4_sef_hfo/core_heterogeneity_bifurcation_20260918/state_scan_v2/h1.00000/up/g1p56000.npz
1.0,1.5800000000000003,up,periodic_candidate,5,146.33717025346002,0.0009628257094058798,3000,results/topic4_sef_hfo/core_heterogeneity_bifurcation_20260918/state_scan_v2/h1.00000/up/g1p58000.npz
1.0,1.6000000000000003,up,periodic_candidate,5,146.05012825102398,0.0003602011991820474,3000,results/topic4_sef_hfo/core_heterogeneity_bifurcation_20260918/state_scan_v2/h1.00000/up/g1p60000.npz
0.975,1.16,down,periodic_candidate,2,1973.6440830482138,6.938103034382425e-05,39000,results/topic4_sef_hfo/core_heterogeneity_bifurcation_20260918/long_transients/h0p975_down_g1p16000.npz
0.975,1.16,up,periodic_candidate,2,1973.6440828973957,7.349456660216646e-05,39000,results/topic4_sef_hfo/core_heterogeneity_bifurcation_20260918/long_transients/h0p975_up_g1p16000.npz
