candidate,stage,topology,noise,comparison,description,layer,mode,n,SCL_any,SCL_upper_participation,ICL_contact_participation,both_rods,participation_mae,rank_correlation,rank_shared_contacts,lag_joint_n,SCL_minus_ICL_lag_median_ms,SCL_minus_ICL_lag_q05_ms,SCL_minus_ICL_lag_q95_ms,mean_contacts_per_event,pair_order_probability_mae,pair_order_supported_pairs,local_width_ms_n,local_width_ms_mean,local_width_ms_median,local_width_ms_variance,local_width_ms_q05,local_width_ms_q95,recruitment_span_ms_n,recruitment_span_ms_mean,recruitment_span_ms_median,recruitment_span_ms_variance,recruitment_span_ms_q05,recruitment_span_ms_q95,B_minus_A_t10_ms_n,B_minus_A_t10_ms_mean,B_minus_A_t10_ms_median,B_minus_A_t10_ms_variance,B_minus_A_t10_ms_q05,B_minus_A_t10_ms_q95,B_minus_A_t50_ms_n,B_minus_A_t50_ms_mean,B_minus_A_t50_ms_median,B_minus_A_t50_ms_variance,B_minus_A_t50_ms_q05,B_minus_A_t50_ms_q95,first_10pct_mass_core_share_n,first_10pct_mass_core_share_mean,first_10pct_mass_core_share_median,first_10pct_mass_core_share_variance,first_10pct_mass_core_share_q05,first_10pct_mass_core_share_q95,peak_active_components_n,peak_active_components_mean,peak_active_components_median,peak_active_components_variance,peak_active_components_q05,peak_active_components_q95,peak_largest_component_fraction_n,peak_largest_component_fraction_mean,peak_largest_component_fraction_median,peak_largest_component_fraction_variance,peak_largest_component_fraction_q05,peak_largest_component_fraction_q95,union_active_area_mm2_n,union_active_area_mm2_mean,union_active_area_mm2_median,union_active_area_mm2_variance,union_active_area_mm2_q05,union_active_area_mm2_q95,peak_active_area_mm2_n,peak_active_area_mm2_mean,peak_active_area_mm2_median,peak_active_area_mm2_variance,peak_active_area_mm2_q05,peak_active_area_mm2_q95,native_spatial_rms_mm_n,native_spatial_rms_mm_mean,native_spatial_rms_mm_median,native_spatial_rms_mm_variance,native_spatial_rms_mm_q05,native_spatial_rms_mm_q95,no_SCL
curve_circle_out1_EI0.75,response,2511,847402,curve_circle_out1_EI1,圆核｜向外EE×1，核内EI×0.75,primary,ALL,166,1.0,0.5662650602409638,1.0,1.0,0.1946851442187567,-0.682142857142857,15,166,1.8728513156765985,-21.998879143735397,35.76966943254274,14.132530120481928,0.3556172318789063,105,166,16.53614457831325,16.0,0.7471705001825483,16.0,18.0,166,56.036144578313255,52.0,261.8895947426068,28.0,76.0,166,-2.6460667127602835,-3.2257610252745508,2547.256387447711,-60.18983733856726,61.159227449701575,166,-2.749041988087912,-3.207805181547883,2514.093637118097,-59.803984078837175,60.595726489266326,166,0.3079325220379406,0.2913036047745732,0.0020378561783057,0.270887244040161,0.4176288776933413,166,2.048192771084337,2.0,0.2764512595837897,1.0,3.0,166,0.9027736614428497,0.9406272756721936,0.0185999674087625,0.5351192805877281,1.0,166,363.710843373494,361.0,98.497699890471,348.25,376.0,166,110.1987951807229,101.5,302.8390288426433,91.25,140.0,166,7.644918529202873,7.628180866252267,0.0159131175761375,7.462335218880984,7.803859742653269,0.0
curve_circle_out1_EI0.75,response,2511,847402,curve_circle_out1_EI1,圆核｜向外EE×1，核内EI×0.75,primary,TA,57,1.0,0.3157894736842105,1.0,1.0,0.2132688348291923,0.7582417582417583,14,57,-20.06911709849328,-23.85143372959465,-14.681562052234224,13.63157894736842,0.2350006416921568,91,57,16.105263157894736,16.0,0.1672932330827067,16.0,17.0,57,46.280701754385966,48.0,39.63408521303258,32.0,52.0,57,58.1126928225829,60.18786764705874,37.767696269727686,44.99361064548138,61.44417735515308,57,57.66230889041339,59.55890083632039,34.84253920885028,45.311729158666274,60.72368102589062,57,0.2886038704942694,0.2891952548893876,8.366309566758438e-05,0.2751950670274066,0.2990771658267064,57,1.9824561403508767,2.0,0.0175438596491228,2.0,2.0,57,0.9506855180312824,0.9476082004555808,0.0004778875702824,0.9216977742625032,0.9980322259386007,57,358.4561403508772,359.0,8.645363408521305,354.0,362.0,57,102.73684210526316,101.0,88.73308270676692,92.8,124.99999999999996,57,7.526540077733572,7.538018173324342,0.0022669799226676,7.44479153441405,7.583850758134501,0.0
curve_circle_out1_EI0.75,response,2511,847402,curve_circle_out1_EI1,圆核｜向外EE×1，核内EI×0.75,primary,TB,109,1.0,0.6972477064220184,1.0,1.0,0.2067459782807483,0.557142857142857,15,109,34.732627769224564,-12.25798819671345,35.82217284700746,14.394495412844035,0.3270571703926907,105,109,16.761467889908257,16.0,0.9055385660890244,16.0,18.0,109,61.13761467889909,72.0,303.06422018348627,26.8,76.0,109,-34.418996011059015,-53.59995920032816,904.833397749518,-60.27667270103848,17.421105299354966,109,-34.34029886950603,-54.091886337868345,889.5200392486856,-59.98142247140422,17.154453298166914,109,0.3180401655057319,0.2927891595418616,0.0027697240221232,0.2684154330541214,0.4275242371066749,109,2.0825688073394497,2.0,0.4097859327217125,1.0,3.0,109,0.8777188373553209,0.93639661426844,0.0263237284955001,0.5264614330430295,1.0,109,366.4587155963303,371.0,123.80615018688412,347.4,377.6,109,114.10091743119266,111.0,371.9063880394155,91.0,142.2,109,7.706822857035442,7.732144220031193,0.0118726160990194,7.563819213497747,7.809452151602684,0.0
curve_circle_out1_EI0.75,response,2712,847402,curve_circle_out1_EI1,圆核｜向外EE×1，核内EI×0.75,primary,ALL,171,1.0,0.4122807017543859,0.9218500797448166,1.0,0.2378838514259008,-0.4928571428571427,15,171,2.605397281837213,-22.514552162374457,35.38431594014173,12.964912280701755,0.4360632797512883,105,171,16.760233918128655,16.0,0.9362917096663228,16.0,18.0,171,60.760233918128655,66.0,339.0186446508428,26.0,75.0,171,-1.953304064066608,-5.074662769780844,2658.077397059722,-59.12787774072058,59.79996918917368,171,-1.7159407280694334,-4.9370162877530674,2598.7022675137105,-58.069246267117705,59.16931528661735,171,0.3432760463937118,0.3348322626695217,0.0007827594446194,0.320710078430368,0.4099179275731986,171,1.2280701754385963,1.0,0.2947368421052631,1.0,3.0,171,0.9648933620211158,1.0,0.0143386518057323,0.5216465448736354,1.0,171,347.9239766081872,353.0,448.3883040935672,323.5,396.0,171,99.05847953216374,88.0,368.5965600275197,83.0,140.5,171,7.686018217465425,7.636630218743915,0.0333123348391374,7.430840586505295,8.091019246587095,0.0
curve_circle_out1_EI0.75,response,2712,847402,curve_circle_out1_EI1,圆核｜向外EE×1，核内EI×0.75,primary,TA,68,1.0,0.0367647058823529,0.8168449197860962,1.0,0.3544164190552787,0.6573426573426573,12,68,-20.841320211821767,-22.905522266975822,-12.509345121432398,11.058823529411764,0.2388975600594542,66,68,16.058823529411764,16.0,0.1158911325724319,16.0,16.0,68,48.76470588235294,48.0,455.8841088674277,26.0,100.7999999999999,68,55.44280878996916,58.84054733025141,75.55229128156893,31.523340175905105,59.96876971213287,68,55.06325115709477,58.36726865964283,70.6622055096723,31.735613436887437,59.42012016176413,68,0.3377960710859194,0.337299955350124,0.000124529109893,0.3221090872508979,0.356948685961831,68,1.0588235294117647,1.0,0.0860403863037752,1.0,1.0,68,0.9996847728046712,1.0,4.33493157225455e-06,1.0,1.0,68,350.02941176470586,359.0,245.07374890254607,323.0,360.0,68,90.72058823529412,86.0,117.87598770851623,83.0,117.0,68,7.68734785872701,7.77245878795112,0.0285123202734623,7.382083004347715,7.825219701206926,0.0
curve_circle_out1_EI0.75,response,2712,847402,curve_circle_out1_EI1,圆核｜向外EE×1，核内EI×0.75,primary,TB,103,1.0,0.6601941747572816,0.9911738746690204,1.0,0.2052139572599948,0.5107142857142856,15,103,34.27693486047792,-8.134085390202472,35.59039954318104,14.223300970873789,0.3699552054898256,105,103,17.223300970873787,18.0,0.939843898724538,16.0,18.0,103,68.67961165048544,72.0,106.31791357319628,60.2,74.0,103,-39.84588342401255,-57.561021170608,734.3678216317622,-59.37522082781434,14.54421392389886,103,-39.20123245808075,-56.48051782189759,716.5809401424401,-58.33485961016631,14.874555086842152,103,0.3468938941697302,0.3341243110838947,0.0011895633108275,0.3199278250651846,0.42427563001451,103,1.3398058252427183,1.0,0.4030078050637732,1.0,3.0,103,0.941924275290225,1.0,0.0225551927571097,0.5168309976649462,1.0,103,346.5339805825243,336.0,581.4277555682468,325.1,396.0,103,104.5631067961165,93.0,459.954311821816,85.0,143.0,103,7.685140396050008,7.626871916453298,0.0367899203456489,7.460110425243906,8.105333227874203,0.0
curve_circle_out1_EI1,response,2511,847402,curve_circle_out1_EI1,圆核｜向外EE×1，核内EI×1,primary,ALL,107,0.9906542056074766,0.9813084112149532,0.961767204757859,0.9906542056074766,0.1554646030597982,-0.9392857142857142,15,106,39.229583830987394,32.90302524790627,108.764113060643,13.925233644859814,0.5368256898067952,105,107,16.14018691588785,16.0,0.2537471345441722,16.0,18.0,107,110.59813084112147,102.0,1000.1671662846056,80.0,172.39999999999986,107,-21.61218338923576,-45.19696969697179,4199.792107085148,-103.92361817550118,76.33954885543827,107,-22.96920847970137,-64.64415259537054,4012.9042001843513,-92.9419032231186,70.95340122675843,107,0.0916189338031292,0.0855128205128205,0.0013802582012632,0.0444276113558258,0.1471906306796059,107,1.4485981308411215,1.0,0.3817668841474166,1.0,2.0,107,0.9239371049233952,1.0,0.017387881693678,0.6148005997001499,1.0,107,318.3457943925234,287.0,2484.2849585611,259.5,394.0,107,78.33644859813084,78.0,83.77252689120084,63.2,92.09999999999997,107,7.474639004388121,7.194638394483562,0.4114919718652101,6.858905360744564,8.406534196125337,0.009345794392523366
curve_circle_out1_EI1,response,2511,847402,curve_circle_out1_EI1,圆核｜向外EE×1，核内EI×1,primary,TA,12,1.0,1.0,0.9166666666666669,1.0,0.2172574587500527,0.0892857142857142,15,12,89.84069402810746,87.50386059259108,109.88573681610788,13.083333333333334,0.3950119670947186,104,12,16.0,16.0,0.0,16.0,16.0,12,125.0,120.0,136.36363636363637,116.0,144.9,12,75.91600158617909,68.08125713759364,271.0087642450977,62.91571741657617,107.32929487887633,12,41.47744280588184,66.37542716173266,4070.032760442432,-94.39442982456116,77.95917693801456,12,0.0681432547093846,0.0726781335823777,0.0006971448802443,0.0291545978301188,0.1033612244269874,12,1.5833333333333333,2.0,0.2651515151515151,1.0,2.0,12,0.9308320891690296,0.9806843984276938,0.0063668821264385,0.8244263458022973,1.0,12,369.4166666666667,376.5,578.9924242424244,330.55,392.45,12,78.5,78.0,154.63636363636363,59.1,96.6,12,8.116148998569118,8.109208979787528,0.0693953487535713,7.741020450369432,8.438237528322965,0.0
curve_circle_out1_EI1,response,2511,847402,curve_circle_out1_EI1,圆核｜向外EE×1，核内EI×1,primary,TB,95,0.9894736842105264,0.9789473684210528,0.967464114832536,0.9894736842105264,0.1836227206927234,0.5428571428571428,15,94,37.10676090066249,32.61049850245295,106.91036522277244,14.031578947368422,0.3361551482208705,105,95,16.157894736842106,16.0,0.2833146696528554,16.0,18.0,95,108.77894736842106,94.0,1082.0676371780514,79.4,179.59999999999997,95,-33.93153307034079,-64.05411255411309,3336.575519100397,-106.58760730593568,75.59331485659095,95,-31.10983811577504,-66.01344923733268,3451.7170072207896,-87.748380692723,70.63241577300796,95,0.0945842827412864,0.0872348207754206,0.0013956396019509,0.0454201208931366,0.1509112001101074,95,1.431578947368421,1.0,0.3968645016797312,1.0,2.299999999999997,95,0.9230661595449992,1.0,0.0188557149424481,0.6018419933868682,1.0,95,311.89473684210526,284.0,2358.648376259798,257.7,394.6,95,78.3157894736842,78.0,76.3673012318029,66.0,90.0,95,7.393606163017889,7.044675636751777,0.3967295614751396,6.836856172218918,8.355200896478308,0.010526315789473606
bridge_circle_degree150,response,2712,847401,curve_circle_out1_EI1,圆核｜向外EE×1，核内EI×1，向外边数×1.5,primary,ALL,167,1.0,0.934131736526946,0.9760479041916168,1.0,0.1694920326267041,0.3535714285714285,15,167,-16.381373480546245,-22.789232658294168,35.9465127269541,14.604790419161676,0.1831241169204791,105,167,16.676646706586826,16.0,0.8948127840704135,16.0,18.0,167,55.24550898203593,50.0,224.75261525142488,28.6,74.0,167,9.645399960690934,41.20581831831805,2854.056466096972,-58.4208652824836,60.37552288845763,167,8.956409270474431,41.21856359751109,2675.7634493380738,-56.96295855910866,58.27905270505216,167,0.2099443566589138,0.2259045491218271,0.001923453507112,0.1286785495091529,0.258945801799323,167,1.083832335329341,1.0,0.1013635379842724,1.0,2.0,167,0.9930870569441184,1.0,0.00163694480112,0.9573825409297266,1.0,167,363.1317365269461,371.0,194.4403722675132,341.0,375.0,167,103.82035928143712,98.0,402.6663299906212,86.0,147.79999999999995,167,7.7304598139217084,7.78786050514683,0.0170101420701025,7.514614088851944,7.891813653741226,0.0
bridge_circle_degree150,response,2712,847401,curve_circle_out1_EI1,圆核｜向外EE×1，核内EI×1，向外边数×1.5,primary,TA,88,1.0,0.8920454545454546,0.9586776859504132,1.0,0.1644283511146405,0.8178571428571428,15,88,-19.859437254610384,-23.482962831449527,-16.421260096213974,14.329545454545457,0.2288901894070389,105,88,16.0,16.0,0.0,16.0,16.0,88,46.0,48.0,34.11494252873563,32.0,51.29999999999998,88,57.08646619141368,58.70350733665396,41.1768359989174,43.48438117736114,61.506844379397805,88,54.91936193317584,57.14022932831358,41.69641968433938,42.02696516236629,58.706557916447856,88,0.1891457469497998,0.195279629250799,0.0018737622515976,0.1220218096480323,0.2486842714479675,88,1.0454545454545454,1.0,0.0668756530825496,1.0,1.0,88,0.9991450162638166,1.0,5.4229301880856256e-05,1.0,1.0,88,354.89772727272725,352.5,163.61010971786834,339.0,374.0,88,94.73863636363636,93.0,108.81596133751306,84.35,116.59999999999997,88,7.680022339043777,7.646996538347691,0.0171364580457527,7.478599622238115,7.891892691415984,0.0
bridge_circle_degree150,response,2712,847401,curve_circle_out1_EI1,圆核｜向外EE×1，核内EI×1，向外边数×1.5,primary,TB,79,1.0,0.981012658227848,0.995397008055236,1.0,0.2259979493862532,0.5249999999999999,15,79,35.102784520204295,-10.780235283356888,36.16288613763463,14.91139240506329,0.3334296113543403,105,79,17.430379746835442,18.0,0.8123985718922427,16.0,18.0,79,65.54430379746836,72.0,236.4050632911392,23.8,74.19999999999999,79,-43.20034470137997,-57.12276253547861,660.4131247242085,-58.99389133389995,18.048952158534664,79,-42.24282913861069,-55.19305515296583,609.6584546145873,-57.34208713280877,16.882113173969618,79,0.2331124282336231,0.2378734728438369,0.0009718555384565,0.1708930810560469,0.2661790689292049,79,1.1265822784810129,1.0,0.1376176566049983,1.0,2.0,79,0.9863389503601508,1.0,0.0033357431872922,0.9120606346029988,1.0,79,372.3037974683545,373.0,69.62447257383964,355.7,376.1,79,113.9367088607595,101.0,538.8805582603051,96.9,162.1,79,7.786643330241429,7.812647638800377,0.0110201884607345,7.544330797236965,7.845528818157894,0.0
bridge_circle_out125,response,2712,847401,curve_circle_out1_EI1,圆核｜向外EE×1.25，核内EI×1,primary,ALL,166,1.0,0.7289156626506024,0.9260679079956188,1.0,0.2189513948561063,-0.5821428571428571,15,166,34.91842002022531,-21.92577001200857,56.654966190528285,13.33132530120482,0.387430557196148,105,166,16.716867469879517,16.0,0.8951077035414385,16.0,18.0,166,91.3734939759036,76.0,1010.7566265060238,41.5,132.0,166,4.183660617817004,12.006965811966438,3084.283033479036,-60.0431346711764,64.8570467836239,166,3.57355679151785,11.920015597033853,2918.64100178181,-58.636544888027856,62.49496255460826,166,0.1919153962865871,0.2031276103180386,0.0033104862745298,0.0742247609580255,0.2592305925975317,166,1.3493975903614457,1.0,0.3135450894487039,1.0,2.0,166,0.964979380463304,1.0,0.0072118534879949,0.8833835600487321,1.0,166,366.4156626506024,367.0,120.7170865279299,353.0,386.25,166,98.01807228915662,97.0,272.005732018985,78.0,134.0,166,7.776318736859495,7.770403706449383,0.0175615311062199,7.61421901771403,8.036260071578448,0.0
bridge_circle_out125,response,2712,847401,curve_circle_out1_EI1,圆核｜向外EE×1.25，核内EI×1,primary,TA,76,1.0,0.5263157894736842,0.8492822966507176,1.0,0.2948671050965812,0.5642857142857142,15,76,37.36663436766139,-26.82576268919638,102.80222897218756,11.828947368421051,0.2624038224959123,105,76,16.026315789473685,16.0,0.0259649122807017,16.0,16.0,76,105.78947368421052,126.0,1413.9284210526316,30.0,132.0,76,60.04011974954432,60.9954224776493,44.35554915422208,41.3936386675332,67.82954102666645,76,58.099107291198905,59.73606970029141,41.39617832368619,41.51545003676438,63.545083519444006,76,0.1569707797431641,0.1683277208040796,0.0025801663308176,0.0667853793684609,0.2288962383462601,76,1.1842105263157894,1.0,0.2322807017543859,1.0,2.0,76,0.9862260250042268,1.0,0.0013213670171962,0.8901780457281097,1.0,76,361.5394736842105,361.0,84.17175438596489,350.0,379.25,76,87.17105263157895,83.5,101.58368421052631,77.0,113.25,76,7.791196932150718,7.788898764208572,0.0183283894709381,7.633323992558988,8.00642346892542,0.0
bridge_circle_out125,response,2712,847401,curve_circle_out1_EI1,圆核｜向外EE×1.25，核内EI×1,primary,TB,90,1.0,0.9,0.990909090909091,1.0,0.2078952533153896,0.5071428571428571,15,90,34.87761967974075,-1.4602695055751609,40.10392573124016,14.6,0.3754179909305086,105,90,17.3,18.0,0.8865168539325842,16.0,18.0,90,79.2,74.0,355.038202247191,68.9,131.1,90,-42.98401598230829,-58.26416869424429,766.6653244809527,-60.9042353934481,14.380007039573131,90,-42.470241408212814,-56.99913760842719,693.455283441088,-58.78894421124171,13.11969561991009,90,0.2214241835899221,0.2301581343257501,0.0020398089868315,0.1257569329178541,0.2829015662132141,90,1.488888888888889,1.0,0.3425717852684143,1.0,2.0,90,0.947037769517636,1.0,0.0115457782045759,0.7175447825334168,1.0,90,370.53333333333336,370.0,115.42022471910111,359.9,392.0,90,107.17777777777778,99.0,233.36129837702876,95.0,141.1,90,7.7637549275024655,7.763542271496081,0.0167639727177095,7.615566429885418,8.043675724952871,0.0
curve_ellipse4_out1_EI1,response,2511,847402,curve_ellipse4_out1_EI1,椭圆4:1｜向外EE×1，核内EI×1,primary,ALL,108,1.0,0.949074074074074,0.9890572390572392,1.0,0.1548852545008337,-0.9392857142857142,15,108,36.47113558773936,7.605102881459888,103.73265857043788,14.462962962962964,0.5465848782993454,105,108,16.12962962962963,16.0,0.2447213568708897,16.0,18.0,108,97.5925925925926,88.0,758.6362062997579,76.7,143.29999999999998,108,-41.00226266700591,-69.17913109243636,3488.84344489364,-101.97273947778233,72.93394352869254,108,-53.0790486465564,-68.937777557343,2260.4162447922736,-91.28128964734378,66.2758296705473,108,0.0824883514574356,0.0807662601265188,0.0009274880448493,0.0321605386676458,0.1332248575168061,108,1.3703703703703705,1.0,0.4222914503288335,1.0,3.0,108,0.9590227183748624,1.0,0.0071573735170553,0.7693855283039986,1.0,108,305.3240740740741,281.0,1850.4453963309104,273.35,383.0,108,79.29629629629629,79.0,62.30391138802353,65.35,94.59999999999997,108,7.205127085036241,6.949252808018775,0.2479101975444284,6.85885154377305,8.231330856994493,0.0
curve_ellipse4_out1_EI1,response,2511,847402,curve_ellipse4_out1_EI1,椭圆4:1｜向外EE×1，核内EI×1,primary,TA,18,1.0,0.8333333333333334,1.0,1.0,0.1776742484984034,0.1714285714285714,15,18,92.7904644308128,-21.775878404508298,111.5073866091784,13.77777777777778,0.3228677018354889,105,18,16.0,16.0,0.0,16.0,16.0,18,106.44444444444444,114.0,2075.555555555556,39.9,159.0999999999999,18,65.23903551563556,68.25702253698319,676.1133075668739,12.749813519813417,102.59341455490656,18,-3.4862741900093903,29.33626286765229,5300.12414727687,-90.31434337535129,67.84409586754579,18,0.0463280411066737,0.040816138540899,0.00041056395136,0.0286208141659754,0.0903911125859285,18,1.9444444444444444,2.0,0.2908496732026144,1.0,3.0,18,0.9227814953019552,0.926753428009312,0.0034047731470291,0.7957603409414619,1.0,18,369.55555555555554,378.5,399.673202614379,326.85,383.15,18,81.77777777777777,80.0,135.59477124183007,60.55,99.0,18,7.913649772348634,8.139014128266659,0.1702380902247436,7.214442508698951,8.265659861403522,0.0
curve_ellipse4_out1_EI1,response,2511,847402,curve_ellipse4_out1_EI1,椭圆4:1｜向外EE×1，核内EI×1,primary,TB,90,1.0,0.9722222222222222,0.9868686868686868,1.0,0.2052384557153671,0.5071428571428571,15,90,36.32766814682691,31.68708892024724,102.75428526277574,14.6,0.3849199390877125,105,90,16.155555555555555,16.0,0.2901373283395755,16.0,18.0,90,95.82222222222222,88.0,496.5972534332085,80.0,141.1,90,-62.25052230353421,-70.97415491167703,1325.938337989563,-105.37457922494698,31.841006868131156,90,-62.99760353786581,-69.0645460169817,1108.2972233464152,-90.93909224458048,13.928153508772128,90,0.089720413527588,0.0854383829208364,0.0007193052119216,0.0534420211960703,0.1360986088819791,90,1.2555555555555555,1.0,0.3721598002496878,1.0,3.0,90,0.9662709629894438,1.0,0.0076358181553854,0.7631691654107987,1.0,90,292.47777777777776,281.0,1147.0612983770288,271.35,378.3,90,78.8,79.0,47.510112359550575,66.45,88.55,90,7.0634225475737615,6.923223148456041,0.1436971752495224,6.849187615630622,7.876975874763078,0.0
curve_circle_out1_EI0.8125,response,2511,847401,curve_circle_out1_EI1,圆核｜向外EE×1，核内EI×0.8125,primary,ALL,161,1.0,0.3509316770186336,1.0,1.0,0.2204977112570964,-0.15,15,161,-11.041262168888352,-20.27384507079114,35.9144991638459,13.658385093167702,0.3324676678402072,105,161,16.51552795031056,16.0,0.7638198757763975,16.0,18.0,161,55.85093167701864,48.0,263.9276397515528,28.0,76.0,161,7.820199492972325,27.95477111540822,2905.009984322727,-60.90370118845749,61.8399679340364,161,7.683359931613162,27.71178489702288,2883.3504351415054,-60.65441877520789,61.4996899224825,161,0.2713903856003727,0.2610881375172302,0.0018672269933764,0.2411986749865187,0.4052322958953541,161,1.9565217391304348,2.0,0.1918478260869565,1.0,3.0,161,0.9252722612037196,0.9413295481428908,0.0094092459942771,0.5936821798890765,1.0,161,353.83850931677017,354.0,218.66125776397516,314.0,374.0,161,101.96894409937887,98.0,124.7802795031056,89.0,123.0,161,7.5568589135094735,7.523595497038061,0.0215188236986067,7.370879937455129,7.76053185026326,0.0
curve_circle_out1_EI0.8125,response,2511,847401,curve_circle_out1_EI1,圆核｜向外EE×1，核内EI×0.8125,primary,TA,79,1.0,0.0189873417721519,1.0,1.0,0.2488818164773301,0.7582417582417583,14,79,-17.41808906654842,-20.775643052161104,-13.057397456765376,12.962025316455696,0.2318442463193042,91,79,16.17721518987342,16.0,0.3271665043816943,16.0,18.0,79,44.30379746835443,46.0,42.47062641999352,27.8,48.0,79,58.42399389282171,60.616129032263416,47.38564885923869,37.6499426423612,62.08335374374146,79,58.13621460125236,60.26684136967378,45.74530696581669,37.41625457733426,61.68975009762071,79,0.2584292520677801,0.2582328286716277,0.0001138983775144,0.2418080141333234,0.2738489745015706,79,1.9873417721518989,2.0,0.0126582278481012,2.0,2.0,79,0.9479084362402496,0.9471407976934166,0.0003555037378783,0.9279819482444216,0.9778897418371102,79,351.1392405063291,352.0,14.275235313210004,345.0,357.0,79,100.34177215189874,98.0,72.76630963972735,93.0,122.0,79,7.463917601439592,7.460561618592004,0.0035901966894056,7.380985674698357,7.567161695048033,0.0
curve_circle_out1_EI0.8125,response,2511,847401,curve_circle_out1_EI1,圆核｜向外EE×1，核内EI×0.8125,primary,TB,82,1.0,0.6707317073170732,1.0,1.0,0.209468436697993,0.5107142857142856,15,82,35.033798555389694,-9.57898168963693,36.00570443195848,14.329268292682928,0.367244039020619,105,82,16.841463414634145,16.0,0.9745558566696778,16.0,18.0,82,66.97560975609755,74.0,225.11050888286655,28.0,76.0,82,-40.93223657517525,-59.50003801588901,789.0017089362567,-61.147764032205394,20.464093952485207,82,-40.923658591575816,-59.33355501728329,777.0063975536543,-60.81879870998896,20.49761131101096,82,0.2838773313207972,0.261394983886636,0.0032569778417252,0.2408030419505664,0.4302460545651888,82,1.9268292682926829,2.0,0.3649503161698283,1.0,3.0,82,0.9034642389124282,0.9298833009169214,0.0172626220216573,0.5634300171217849,1.0,82,356.4390243902439,365.5,404.2246311352002,311.05,375.0,82,103.53658536585364,98.0,171.33815115928937,83.0,123.95,82,7.646399933674361,7.673172084771896,0.0225077136591754,7.36577451970635,7.807075302300073,0.0
curve_ellipse4_out1_EI0.75,response,2711,847401,curve_ellipse4_out1_EI1,椭圆4:1｜向外EE×1，核内EI×0.75,primary,ALL,171,1.0,1.0,0.9936204146730462,1.0,0.1810171356565414,-0.9535714285714284,15,171,34.84520930227154,-22.71533402578461,36.82170694283559,14.929824561403509,0.3520147484679363,105,171,16.98830409356725,17.0,0.9880976952184384,16.0,18.0,171,60.09356725146199,70.0,225.54413484692128,30.0,74.0,171,-16.784543117603366,-57.46486281930083,2651.514790844651,-59.62947678362252,60.57102563040826,171,-16.977670022136333,-57.0853996064252,2578.703171521908,-59.17029234430038,59.23889493588376,171,0.297086841847022,0.3066775465796273,0.0016284743694332,0.2394459103421153,0.3723543875267606,171,1.368421052631579,1.0,0.2928792569659443,1.0,2.0,171,0.9603189628969008,1.0,0.0127042070800773,0.5411957185104612,1.0,171,374.7426900584795,378.0,93.15693154454765,356.0,384.0,171,106.91812865497076,100.0,367.5697282421741,90.0,153.0,171,7.723810537290308,7.748505691882872,0.0097826531686886,7.558434921090809,7.869873442334213,0.0
curve_ellipse4_out1_EI0.75,response,2711,847401,curve_ellipse4_out1_EI1,椭圆4:1｜向外EE×1，核内EI×0.75,primary,TA,50,1.0,1.0,0.981818181818182,1.0,0.1493353589061906,0.8499999999999999,15,50,-20.53010594564876,-23.87671864184831,-15.436042391496995,14.8,0.2109945970461005,105,50,16.2,16.0,0.3265306122448979,16.0,18.0,50,47.36,50.0,63.90857142857142,30.9,54.0,50,56.45950782384876,59.516638912560666,63.24633936142415,36.20009762773698,60.8289182664259,50,55.34113678614989,58.21170573666177,59.98540454966628,35.40994646702893,59.60207119946917,50,0.2471000060710428,0.2473224669994188,6.966947676853478e-05,0.2321233394034705,0.2580439712916161,50,1.48,1.0,0.377142857142857,1.0,2.549999999999997,50,0.975849385141548,1.0,0.0013912227205081,0.8965033459279085,1.0,50,364.78,360.0,125.15469387755104,354.0,383.0,50,101.08,98.5,153.3404081632653,87.45,125.04999999999995,50,7.6413091132257565,7.594964019631391,0.0125759923998377,7.521727174261329,7.8626899562285315,0.0
curve_ellipse4_out1_EI0.75,response,2711,847401,curve_ellipse4_out1_EI1,椭圆4:1｜向外EE×1，核内EI×0.75,primary,TB,121,1.0,1.0,0.9984973703981967,1.0,0.2308031940073781,0.5214285714285714,15,121,35.43284990317261,-7.937281991282362,36.89396468643827,14.983471074380166,0.3481461922475469,105,121,17.31404958677686,18.0,0.9005509641873277,16.0,18.0,121,65.35537190082644,72.0,197.94765840220387,30.0,74.0,121,-47.05067987026954,-58.3273202614364,571.5264232793105,-59.70145148968732,8.91708937198564,121,-46.86147448837031,-57.78498075997777,549.0142444380889,-59.26208026207951,8.275172481764457,121,0.3177425591098232,0.3107083792723263,0.0008072246130394,0.2962521520328433,0.3811708860759493,121,1.322314049586777,1.0,0.2535812672176308,1.0,2.0,121,0.9539014330437408,1.0,0.0172875186844502,0.5299952763344355,1.0,121,378.8595041322314,379.0,22.42176308539945,372.0,384.0,121,109.3305785123967,100.0,438.0398071625344,94.0,159.0,121,7.757902034837646,7.754671712508982,0.0047156108970303,7.627704915872805,7.873803621944853,0.0
bridge_circle_degree150,response,2711,847401,curve_circle_out1_EI1,圆核｜向外EE×1，核内EI×1，向外边数×1.5,primary,ALL,164,1.0,1.0,0.9955654101995564,1.0,0.1824434657093157,0.4357142857142856,15,164,-14.548021152543695,-20.552646777756127,36.05654999397293,14.951219512195122,0.1570976685494513,105,164,16.695121951219512,16.0,0.9126140954661082,16.0,18.0,164,53.18292682926829,48.0,271.5982343259015,26.0,78.0,164,17.289255590390546,50.57663916391721,2568.7692925586134,-59.05163559061221,63.0989201282071,164,16.28341847475692,49.22863978184614,2394.5090943088385,-57.1036466973881,60.50133048381904,164,0.1533184174377822,0.1528034078846015,0.0019283053076545,0.092413269066642,0.2305042653776166,164,1.5,1.0,0.263803680981595,1.0,2.0,164,0.9674112063340388,1.0,0.002603944765794,0.9072229684653288,1.0,164,381.6951219512195,387.0,99.85739937153974,361.0,389.0,164,115.04878048780488,106.0,542.0834954361814,95.0,169.85,164,7.783535296840094,7.812314823089991,0.0108875848749063,7.588872093483728,7.935995372829511,0.0
bridge_circle_degree150,response,2711,847401,curve_circle_out1_EI1,圆核｜向外EE×1，核内EI×1，向外边数×1.5,primary,TA,90,1.0,1.0,0.996969696969697,1.0,0.1602894881208591,0.8571428571428571,15,90,-17.729863264401956,-20.89007883184677,-13.601329300196632,14.966666666666669,0.2232953127545562,105,90,16.155555555555555,16.0,0.2901373283395755,16.0,18.0,90,46.04444444444445,48.0,43.683395755305874,28.0,52.0,90,58.750823501666886,60.46690975140655,41.68928711018436,42.69175516080277,63.43340685483872,90,56.47941482903599,58.558361741418594,41.60663561904144,42.568899418822,60.88968048456918,90,0.1337052526249491,0.1272147367915418,0.0012381292927039,0.0916293226809873,0.1945811950130496,90,1.6777777777777778,2.0,0.2433208489388265,1.0,2.0,90,0.9604758543167264,0.9586323112102108,0.0012267438395992,0.9110035270538384,1.0,90,378.1,386.0,124.023595505618,360.0,388.0,90,104.03333333333332,102.5,92.18988764044944,92.45,127.65,90,7.750170356343045,7.794215001877237,0.0096708859397588,7.581050061983934,7.878305095411704,0.0
bridge_circle_degree150,response,2711,847401,curve_circle_out1_EI1,圆核｜向外EE×1，核内EI×1，向外边数×1.5,primary,TB,74,1.0,1.0,0.9938574938574938,1.0,0.2274006178775293,0.532142857142857,15,74,34.49528634012404,-10.967105257977346,36.31700841682432,14.932432432432432,0.2707709785600797,105,74,17.35135135135135,18.0,0.8885597926693818,16.0,18.0,74,61.86486486486486,72.0,413.9540910773788,24.0,80.0,74,-33.13697565305365,-55.11817169582719,987.8896972033224,-59.34591316389415,23.178281883508674,74,-32.60360411828518,-52.71938663739911,881.2565529742939,-57.820532016103584,20.03744679905492,74,0.1771722665344711,0.1688577726087259,0.0017451088274167,0.1236562263676196,0.2576835680976225,74,1.2837837837837838,1.0,0.2060348019252128,1.0,2.0,74,0.9758460939226618,1.0,0.004187246206807,0.9014516342060612,1.0,74,386.0675675675676,388.0,36.44742687893373,369.95,389.0,74,128.44594594594594,110.5,766.4696408737504,101.0,175.35,74,7.824114278525694,7.84661776550403,0.0094784297977309,7.60299139340639,7.950901068525749,0.0
bridge_circle_out125_xminus075,response,2711,847401,bridge_circle_out125,圆核｜向外EE×1.25，核内EI×1，左核x偏移-0.75mm,primary,ALL,144,1.0,0.9583333333333334,0.8996212121212122,1.0,0.1947757545102006,0.1571428571428571,15,144,-15.12389794700539,-27.06002340325067,36.81508928005103,13.76388888888889,0.2116638387128368,105,144,16.22222222222222,16.0,0.3698523698523698,16.0,18.0,144,60.94444444444444,50.0,465.89898989899,38.0,87.69999999999999,144,16.352818720759714,60.61773140276091,3283.3124390533253,-65.11309999999867,71.11790314626404,144,16.494166725804874,60.01140517081694,3087.102925010008,-64.1042939189194,67.12787489093594,144,0.1381860409384367,0.1404366617302566,0.0015085587319369,0.0749119000272274,0.1946272732317505,144,1.6458333333333333,2.0,0.6219405594405595,1.0,3.0,144,0.945863339501475,0.9943984128408084,0.0051455042163974,0.8190354056860709,1.0,144,359.0486111111111,364.0,539.5430749805749,319.15,386.0,144,97.88888888888889,97.0,140.93861693861697,81.0,119.0,144,7.53589920676938,7.485853704020556,0.0600347733517832,7.161319865278455,7.874432799628232,0.0
bridge_circle_out125_xminus075,response,2711,847401,bridge_circle_out125,圆核｜向外EE×1.25，核内EI×1，左核x偏移-0.75mm,primary,TA,78,1.0,0.9423076923076924,0.8321678321678321,1.0,0.2320378106933367,0.8178571428571428,15,78,-21.275578681561456,-27.351013597816927,-11.680614533637351,13.0,0.1876336607190007,105,78,16.08974358974359,16.0,0.1346986346986347,16.0,17.0,78,47.94871794871795,48.0,167.27006327006325,37.7,52.0,78,64.6978631145283,64.27569724652949,31.91231333115688,59.28973368111237,74.04253583545186,78,63.25202929491065,63.57816989090861,21.576196181826173,59.09348234177905,67.72064962447739,78,0.1339991139289035,0.1369961815991332,0.0013828381594519,0.0695430566515026,0.1872976208510765,78,1.2564102564102564,1.0,0.323010323010323,1.0,2.0,78,0.9883507011326398,1.0,0.0007886130257174,0.9110166137824424,1.0,78,342.87179487179486,341.0,333.43789543789546,317.0,375.15,78,90.76923076923076,90.0,51.582417582417584,80.0,103.15,78,7.359875188613987,7.367423942046315,0.0268365328021701,7.140093147717634,7.534465321881971,0.0
bridge_circle_out125_xminus075,response,2711,847401,bridge_circle_out125,圆核｜向外EE×1.25，核内EI×1，左核x偏移-0.75mm,primary,TB,66,1.0,0.9772727272727272,0.9793388429752063,1.0,0.2096829001598116,0.5249999999999999,15,66,35.51231574398298,-9.163643295616566,37.78383417069927,14.666666666666666,0.3395284054315237,105,66,16.37878787878788,16.0,0.6081585081585081,16.0,18.0,66,76.3030303030303,76.0,384.64522144522135,42.5,105.0,66,-40.78223374460317,-60.86764882535613,1066.1555902100938,-65.76286175973883,27.044046796856943,66,-38.76512540132013,-58.44705749667992,1041.942022310472,-64.56898284197541,26.3822798352885,66,0.1431342274042486,0.142985935930261,0.0016348001881272,0.0836050579025552,0.2007240722134169,66,2.106060606060606,2.0,0.5885780885780886,1.0,3.0,66,0.8956510030282807,0.9041756623831768,0.0056596274375498,0.7431848785274446,1.0,66,378.1666666666667,381.0,106.84871794871796,363.25,387.0,66,106.3030303030303,101.0,116.24522144522145,96.0,127.75,66,7.743927591862113,7.759503012345606,0.0191625951043729,7.515236715294113,7.915598523859429,0.0
curve_ellipse4_out1_EI1,response,2511,847401,curve_ellipse4_out1_EI1,椭圆4:1｜向外EE×1，核内EI×1,primary,ALL,106,1.0,0.9339622641509434,0.978559176672384,1.0,0.1496907518220543,-0.9428571428571428,15,106,36.44761244927213,-19.887380222789943,98.37942902522876,14.37735849056604,0.5605993009010235,105,106,16.10377358490566,16.0,0.2462713387241689,16.0,17.0,106,95.47169811320757,88.0,751.9468104222822,62.0,137.5,106,-43.1180977198528,-69.42367836846097,3656.9269452943145,-105.15764920259608,76.43085387202586,106,-52.979001994340265,-69.10078192507171,2167.300863974908,-84.50070136630302,67.45025140840335,106,0.0808499476373895,0.0784267383788446,0.0007277987424884,0.0335753989001601,0.1229072517966107,106,1.2830188679245282,1.0,0.2619946091644205,1.0,2.0,106,0.9686314786112812,1.0,0.005108212965906,0.8357130532309551,1.0,106,305.22641509433964,283.0,1644.08158131177,274.25,385.0,106,80.5754716981132,79.0,76.76091644204853,68.0,101.75,106,7.238636804957776,6.976608782011134,0.2202633588532724,6.868174387483258,8.232167182165625,0.0
curve_ellipse4_out1_EI1,response,2511,847401,curve_ellipse4_out1_EI1,椭圆4:1｜向外EE×1，核内EI×1,primary,TA,16,1.0,0.625,0.9772727272727272,1.0,0.1922813014305608,0.1464285714285714,15,16,68.35662986503758,-27.5108318411194,100.74983946569591,13.0,0.3566669973358491,104,16,16.0,16.0,0.0,16.0,16.0,16,96.625,110.0,2300.116666666667,38.5,155.0,16,72.34496266301227,72.36294606294723,88.8063049727034,61.58409090909299,86.53340964590825,16,14.015176745008716,56.69352981916381,4947.2052055804725,-88.19420191295376,70.39304285508933,16,0.0497623861858114,0.0478997186154865,0.000212740698328,0.0316296136258327,0.0711556421632644,16,2.0,2.0,0.1333333333333333,1.75,2.25,16,0.8955052524576653,0.8976959917284564,0.0027609571821005,0.8177513758738659,0.9619958634953464,16,361.875,376.0,602.9166666666666,324.0,385.75,16,87.9375,81.0,142.59583333333333,76.75,105.5,16,7.847189003220002,7.917073681277109,0.1789245431758526,7.149141054284204,8.290284040146753,0.0
curve_ellipse4_out1_EI1,response,2511,847401,curve_ellipse4_out1_EI1,椭圆4:1｜向外EE×1，核内EI×1,primary,TB,90,1.0,0.9888888888888888,0.9787878787878788,1.0,0.2067199371968486,0.5071428571428571,15,90,36.36086833868285,29.75201935694422,90.20629368540766,14.622222222222222,0.3825805450116142,105,90,16.122222222222224,16.0,0.2882646691635455,16.0,17.549999999999997,90,95.26666666666668,88.0,499.18651685393263,80.0,135.1,90,-63.64486401013992,-71.07782236359162,1476.5888717239552,-107.15764019219895,44.80122670807499,90,-64.88907821466897,-69.50770676192042,772.8146120521044,-84.09671159621948,-14.452128482972991,90,0.0863766252287811,0.0848687648112825,0.0006181550447904,0.054871090564093,0.1283672656325255,90,1.1555555555555554,1.0,0.1777777777777777,1.0,2.0,90,0.9816316965941464,1.0,0.0044289704986621,0.8745391090652108,1.0,90,295.1555555555556,282.0,1158.559800249688,274.0,384.1,90,79.26666666666667,79.0,55.05168539325843,68.0,91.1,90,7.130449747488938,6.949563961286152,0.1512922757018013,6.867606712984442,8.115808556952341,0.0
curve_ellipse4_out1_EI0.75,response,2511,847401,curve_ellipse4_out1_EI1,椭圆4:1｜向外EE×1，核内EI×0.75,primary,ALL,158,1.0,0.9240506329113924,0.995397008055236,1.0,0.1717714475967295,-0.9678571428571427,15,158,34.74405624764859,-25.934129880475663,36.04538244897285,14.791139240506327,0.4559274394995155,105,158,16.79746835443038,16.0,0.9523502378456826,16.0,18.0,158,65.89873417721519,74.0,147.50560348302827,39.7,76.0,158,-28.752962825075123,-59.34396776190897,2228.797833839074,-60.95897323083045,60.53211272538429,158,-29.099356235334326,-59.0323611965207,2160.214959822201,-60.70745749327134,59.16473842298929,158,0.2773601970065255,0.2825470208207152,0.001113716055895,0.2231328294713243,0.3367527056519485,158,1.9367088607594936,2.0,0.3271789083286303,1.0,3.0,158,0.9357815378186862,0.9374407913265872,0.0058152139992701,0.8913081897931231,1.0,158,370.4367088607595,373.0,129.38131903571718,346.85,395.0,158,104.81012658227849,98.0,250.3331452068048,89.85,137.15,158,7.743688648535293,7.760252662308764,0.0133967673504135,7.588124878786109,8.000714266886288,0.0
curve_ellipse4_out1_EI0.75,response,2511,847401,curve_ellipse4_out1_EI1,椭圆4:1｜向外EE×1，核内EI×0.75,primary,TA,32,1.0,0.78125,0.9829545454545454,1.0,0.1481945499430307,0.8035714285714284,15,32,-23.347482876903086,-32.5196438882529,-13.838316517914429,14.34375,0.2380751891899711,105,32,16.0,16.0,0.0,16.0,16.0,32,50.0625,52.0,62.83467741935484,34.2,58.9,32,57.863085876515896,60.01420942101322,48.1891226838648,43.34298378038439,62.22430261105419,32,56.38071683409251,58.32942592206109,45.70399147377949,42.81219814808865,60.56118484171789,32,0.2272968746095091,0.2281302144341431,0.0001045226997556,0.2113047027314207,0.2412898954729056,32,2.03125,2.0,0.03125,2.0,2.0,32,0.9258953815434549,0.9274786242316296,0.0013425692591381,0.8632355674944738,0.977591323413076,32,368.375,369.0,55.79032258064516,356.55,377.45,32,108.78125,107.0,89.14415322580645,100.0,128.9,32,7.64346239344094,7.648888944153288,0.0039986799895069,7.52269386766737,7.717497901210496,0.0
curve_ellipse4_out1_EI0.75,response,2511,847401,curve_ellipse4_out1_EI1,椭圆4:1｜向外EE×1，核内EI×0.75,primary,TB,126,1.0,0.9603174603174602,0.9985569985569984,1.0,0.2255559160328274,0.5107142857142856,15,126,35.00538095744423,1.362002784404467,36.05245260508127,14.904761904761903,0.3709130940474192,105,126,17.0,17.0,0.992,16.0,18.0,126,69.92063492063492,74.0,89.1776507936508,48.5,76.0,126,-50.750689479447445,-59.73650071670977,379.048986566957,-61.22674093675596,-4.386854967947329,126,-50.80858114185543,-59.445805926106914,356.2828497005702,-60.72139077008296,-5.785106985312268,126,0.2900746915835455,0.2851308640826134,0.0005683320174835,0.265267458270942,0.3396705418070332,126,1.9126984126984128,2.0,0.4003174603174603,1.0,3.0,126,0.938292307666364,0.9390400426468296,0.0069395767718771,0.910301380318708,1.0,126,370.9603174603175,373.0,147.3024126984127,345.25,395.0,126,103.8015873015873,96.0,287.2483174603175,88.25,139.5,126,7.769142935543382,7.771766133308953,0.0126099656959937,7.615400941242008,8.032462003517502,0.0
curve_circle_out1_EI1,response,2712,847402,curve_circle_out1_EI1,圆核｜向外EE×1，核内EI×1,primary,ALL,144,1.0,0.9548611111111112,0.922979797979798,1.0,0.194360563142809,-0.932142857142857,15,144,36.69351798192474,34.53391154232886,114.4505393592678,13.604166666666666,0.5269185833945902,105,144,16.07638888888889,16.0,0.1549630924630924,16.0,16.0,144,103.08333333333331,84.0,796.7482517482517,76.0,154.0,144,-8.839446480788139,-23.23827887537845,3125.469197911505,-65.03856374247607,71.37543195420312,144,-9.461460764317591,-25.615142753246342,3074.961194286476,-63.916830890791246,67.00361746717172,144,0.1812100579196156,0.1855210807537855,0.0046944629906406,0.0661557215815005,0.2919941846910452,144,1.8472222222222223,2.0,0.6618104118104118,1.0,3.0,144,0.9058289668365695,0.9284595772903677,0.0170020644379056,0.6964790322783457,1.0,144,349.0833333333333,354.5,684.2167832167833,295.15,383.0,144,85.69444444444444,87.0,64.22766122766122,73.15,97.85,144,7.703890717903391,7.629665717499963,0.1102690585565444,7.156675622257814,8.25703912897517,0.0
curve_circle_out1_EI1,response,2712,847402,curve_circle_out1_EI1,圆核｜向外EE×1，核内EI×1,primary,TA,40,1.0,0.95,0.7931818181818181,1.0,0.3069027725028485,0.1714285714285714,15,40,99.26388127243354,37.91808796601691,102.33466161495926,11.675,0.3901839772033789,105,40,16.025,16.0,0.1275641025641025,16.0,16.0,40,121.9,124.0,199.1692307692308,121.5,126.0,40,65.78696716987815,64.03386379800577,36.907481653219214,60.8444659022427,75.59581247171734,40,64.32892030739896,64.08067994343946,7.763164797101667,60.9764105572116,69.63251042732482,40,0.1137765862681715,0.1257986582360754,0.0016049307671037,0.0496062893718555,0.1596820213991962,40,1.275,1.0,0.2044871794871795,1.0,2.0,40,0.968045091278378,1.0,0.0029376317586936,0.867475423448717,1.0,40,352.125,346.0,420.1121794871795,338.8,383.0,40,81.225,78.0,46.94807692307692,73.0,92.1,40,7.940255313962794,7.911031730160559,0.0542086853571179,7.760373384367494,8.285809006799733,0.0
curve_circle_out1_EI1,response,2712,847402,curve_circle_out1_EI1,圆核｜向外EE×1，核内EI×1,primary,TB,104,1.0,0.9567307692307692,0.972902097902098,1.0,0.2009775034453308,0.5357142857142856,15,104,35.93971625290578,34.53391154232886,116.8517316745685,14.346153846153848,0.3809714097316474,105,104,16.096153846153847,16.0,0.1654219566840926,16.0,16.849999999999994,104,95.84615384615384,80.0,840.3644510828977,76.0,156.0,104,-37.54191326950594,-60.869138768466655,1330.681092890106,-65.30179017857245,33.30010423925649,104,-37.84237656113165,-60.66436282078576,1338.313884806456,-64.51640012286025,33.239017274444244,104,0.2071460085547864,0.2155705068474323,0.0034647275350438,0.092867438809156,0.30491504677859,104,2.0673076923076925,2.0,0.6653286034353995,1.0,3.0,104,0.8818996882051049,0.9216771369807956,0.0204110898186757,0.657063460266289,1.0,104,347.91346153846155,358.0,785.885642270351,295.0,385.4,104,87.41346153846153,89.0,60.65263256161314,74.15,98.0,104,7.612981257880543,7.569999396341622,0.1025252101164478,7.147117124858734,8.177809355395768,0.0
curve_circle_out1_EI0.75,response,2712,847401,curve_circle_out1_EI1,圆核｜向外EE×1，核内EI×0.75,primary,ALL,167,1.0,0.3592814371257485,0.9031028851388132,1.0,0.2586796866560253,-0.1464285714285714,15,167,-10.503142975205265,-22.1463985516486,35.51052029332182,12.652694610778443,0.3958355877264239,105,167,16.772455089820358,16.0,0.9479114061034558,16.0,18.0,167,57.91616766467066,50.0,304.4989538994301,28.6,74.0,167,6.569381376178228,24.3091603053399,2886.9205060952404,-59.45793939393898,59.603990718807474,167,6.699992511245674,24.322683706071984,2819.3966158491726,-58.428903261168855,59.06904723369371,167,0.3390265465427628,0.3342199255262558,0.0005238018702066,0.3199038136403064,0.3680030666099972,167,1.1497005988023952,1.0,0.1762499098189164,1.0,2.0,167,0.978878131934108,1.0,0.0083498991556477,0.9298748133450988,1.0,167,348.9820359281437,357.0,351.7526873962918,323.3,386.5999999999998,167,94.89221556886228,87.0,279.8316860255393,83.0,131.0,167,7.691529429828187,7.694168510339366,0.0266996571798492,7.412380398542903,7.985671270824636,0.0
curve_circle_out1_EI0.75,response,2712,847401,curve_circle_out1_EI1,圆核｜向外EE×1，核内EI×0.75,primary,TA,83,1.0,0.0180722891566265,0.8170865279299014,1.0,0.3570859205908327,0.5104895104895105,12,83,-20.62915104113199,-22.63058155567433,-17.172980755539903,11.024096385542167,0.2859468512127698,66,83,16.14457831325301,16.0,0.2715251248898032,16.0,18.0,83,48.19277108433735,48.0,265.1331178372025,30.200000000000003,50.0,83,57.1699894573984,58.8618882373994,32.28606392112403,44.80502549750836,59.896103604311065,83,56.72946956464956,58.27204678743146,29.761801253940675,45.18352306923261,59.37714060791259,83,0.3354428508694298,0.3358901897456601,9.446389785510532e-05,0.3216409159130335,0.3523147885068287,83,1.0120481927710845,1.0,0.0120481927710843,1.0,1.0,83,0.9999155915698192,1.0,5.913569961051297e-07,1.0,1.0,83,354.3975903614458,359.0,144.97414046429623,324.0,360.0,83,88.24096385542168,85.0,72.35586247428738,82.1,112.69999999999996,83,7.735267559482618,7.78077598375302,0.0169660675617038,7.415078903341163,7.8373734975182945,0.0
curve_circle_out1_EI0.75,response,2712,847401,curve_circle_out1_EI1,圆核｜向外EE×1，核内EI×0.75,primary,TB,84,1.0,0.6964285714285714,0.988095238095238,1.0,0.1982656236857599,0.5107142857142856,15,84,34.6829105069919,-7.183731190215258,35.664041439913035,14.261904761904765,0.3770251971234959,105,84,17.392857142857142,18.0,0.843803786574871,16.0,18.0,84,67.52380952380952,72.0,159.09581181870342,27.700000000000014,74.0,84,-43.42883851359884,-58.26969542819938,651.5820694007774,-59.63006030661322,20.119977359661217,84,-42.73389552961769,-57.22970402359465,633.2898647251508,-58.57325691438193,20.391756934664567,84,0.3425675791723656,0.3333985935977253,0.0009287451038164,0.3191739194539486,0.4297650574880743,84,1.2857142857142858,1.0,0.3029259896729776,1.0,2.0,84,0.9580911182464414,1.0,0.0158193334097571,0.5235624505652575,1.0,84,343.6309523809524,335.5,501.97059667240393,322.3,395.85,84,101.46428571428572,90.5,400.2276247848538,84.15,139.0,84,7.6483119921934515,7.625172910000822,0.0328343833742769,7.417179719271309,8.077521871146416,0.0
bridge_circle_weight150,response,2711,847402,curve_circle_out1_EI1,圆核｜向外EE×1.5，核内EI×1,primary,ALL,172,1.0,1.0,0.994186046511628,1.0,0.181431932338168,-0.175,15,172,-8.461932315515696,-21.75822436022372,35.81270752072196,14.936046511627907,0.2193042789089335,105,172,17.017441860465116,17.5,0.987998096015232,16.0,18.0,172,53.95348837209303,50.0,330.85162518699855,24.0,80.0,172,5.481517044379716,17.08932701706908,2473.018249154494,-57.98381629260162,62.062862514543305,172,5.115861037230088,16.358428278434076,2356.6388661125275,-56.62502959959184,59.70878976667627,172,0.1757035474899708,0.1719415490329426,0.0018962330627714,0.1130745545775391,0.2394905316642357,172,1.436046511627907,1.0,0.282435740514076,1.0,2.0,172,0.971559393944667,1.0,0.0044444172244098,0.918629517994842,1.0,172,380.7093023255814,386.0,113.8565211478308,358.55,389.0,172,117.56976744186046,107.5,558.1997824017408,91.55,170.0,172,7.766647485258019,7.799975229456143,0.0116987254246131,7.569256938401566,7.908308091586933,0.0
bridge_circle_weight150,response,2711,847402,curve_circle_out1_EI1,圆核｜向外EE×1.5，核内EI×1,primary,TA,78,1.0,1.0,0.993006993006993,1.0,0.1573835052148763,0.8499999999999999,15,78,-17.973145778742037,-22.88887123021632,-9.94593148499107,14.923076923076923,0.2074870690020932,105,78,16.32051282051282,16.0,0.5323010323010323,16.0,18.0,78,41.94871794871795,46.0,93.6077256077256,23.4,52.0,78,54.42629409027888,59.04189734936881,103.9505967109723,31.20427118644111,62.58970835777036,78,52.95571939414372,57.179463997210405,86.5141519279214,31.68720224340577,60.1514401914319,78,0.156779694239007,0.1574931782057948,0.0013522427161566,0.101267736815092,0.2142106229385973,78,1.6282051282051282,2.0,0.2885447885447885,1.0,2.0,78,0.9716575476899963,0.990921650906045,0.0010632731772103,0.9196184699378924,1.0,78,374.0769230769231,374.0,146.69530469530466,355.0,388.0,78,107.2051282051282,102.0,223.04828504828507,90.85,135.14999999999998,78,7.703856313374472,7.676955260755243,0.0095779580259687,7.547921614163693,7.83512472871561,0.0
bridge_circle_weight150,response,2711,847402,curve_circle_out1_EI1,圆核｜向外EE×1.5，核内EI×1,primary,TB,94,1.0,1.0,0.9951644100580272,1.0,0.2283590230912537,0.5249999999999999,15,94,34.06455606477175,-10.908892103576,36.10463753243239,14.9468085106383,0.3018781659817595,105,94,17.595744680851062,18.0,0.6305193319606496,16.0,18.0,94,63.91489361702128,71.0,309.67009837565774,27.3,82.69999999999999,94,-35.13223412136641,-52.15620623249288,784.6773481742073,-58.58816914716522,18.759342157845087,94,-34.5810427057408,-50.71202958779622,749.2413442585932,-57.20744327514312,19.868851170057447,94,0.1914063193365152,0.1839714244570497,0.0018174426793547,0.1386176446149664,0.28106742102847,94,1.2765957446808511,1.0,0.2237474262182567,1.0,2.0,94,0.9714779472198192,1.0,0.0072916337173021,0.9164987356635768,1.0,94,386.2127659574468,388.0,20.384351407000683,379.3,389.0,94,126.17021276595744,115.0,676.8309311370396,100.0,173.35,94,7.81875079809756,7.843293173090835,0.0075296693676253,7.674778142916068,7.9361325439824,0.0
curve_ellipse4_out1_EI0.75,response,2712,847402,curve_ellipse4_out1_EI1,椭圆4:1｜向外EE×1，核内EI×0.75,primary,ALL,157,1.0,0.9140127388535032,0.962362478286045,1.0,0.1707021833892309,-0.9357142857142854,15,157,34.58488213359669,-22.941009680749268,35.660476244692106,14.414012738853502,0.526369990335084,105,157,17.235668789808916,18.0,0.9376939408786544,16.0,18.0,157,67.68152866242038,72.0,218.43638739180145,41.6,74.0,157,-33.17369927078406,-58.59792471733181,1952.3819159096183,-59.99562229784279,59.07969989674275,157,-32.81190483668209,-57.5905195098112,1879.104552672023,-58.83000946834,57.765361876763926,157,0.3222631658643901,0.3279600983085152,0.0007973425402674,0.2660965553669548,0.3570832860603556,157,1.1019108280254777,1.0,0.1049322227666176,1.0,2.0,157,0.975232081725947,1.0,0.0106028026227895,0.91073203353403,1.0,157,340.0063694267516,334.0,205.5063694267516,326.0,363.6,157,94.77707006369428,88.0,261.4820349501878,83.8,133.39999999999992,157,7.631765170647393,7.625050094596173,0.0094818858143493,7.473780350108981,7.7750554825656755,0.0
curve_ellipse4_out1_EI0.75,response,2712,847402,curve_ellipse4_out1_EI1,椭圆4:1｜向外EE×1，核内EI×0.75,primary,TA,28,1.0,0.6428571428571428,0.8181818181818182,1.0,0.2833581104298917,0.8956043956043955,13,28,-19.864407513265174,-28.63590886100828,-11.62536266238558,12.285714285714286,0.1730660093329491,78,28,16.0,16.0,0.0,16.0,16.0,28,49.285714285714285,46.0,546.1375661375662,26.8,100.1999999999999,28,54.59610162083408,57.93411835319057,78.73147190847024,33.049214496288,60.759407679740434,28,53.4444504451518,56.63430517273082,74.6560009215629,32.40745805140741,59.51919891141042,28,0.2728424890041586,0.2750430464189666,0.0001757313788653,0.2510906052086675,0.2917872163104926,28,1.0714285714285714,1.0,0.0687830687830687,1.0,1.6499999999999986,28,0.9971885929053316,1.0,0.0002149905367282,0.9992853216052776,1.0,28,346.07142857142856,343.0,197.7724867724868,328.35,362.0,28,92.75,88.0,182.19444444444449,81.05,123.3,28,7.62504210459594,7.564632537320405,0.0152892460346568,7.4673303304342,7.7804141893170575,0.0
curve_ellipse4_out1_EI0.75,response,2712,847402,curve_ellipse4_out1_EI1,椭圆4:1｜向外EE×1，核内EI×0.75,primary,TB,129,1.0,0.9728682170542636,0.9936575052854124,1.0,0.2236363885319046,0.5071428571428571,15,129,34.75552490012706,0.801827889621928,35.679537699265346,14.875968992248062,0.3870484105755022,105,129,17.503875968992247,18.0,0.736312984496124,16.0,18.0,129,71.67441860465117,72.0,60.92441860465116,62.0,74.0,129,-52.22450876663916,-58.79109211775904,311.9403547276706,-60.02518890730899,-0.4809794033164647,129,-51.53421451025843,-57.82236599798489,293.6128249419707,-58.87963164508037,-1.3383714819901922,129,0.3329901344852155,0.3293142426525998,0.0002844503376414,0.3182264325977165,0.364664961709683,129,1.1085271317829457,1.0,0.1131298449612403,1.0,2.0,129,0.9704663273614296,1.0,0.0127484694409626,0.674211068838529,1.0,129,338.68992248062017,334.0,198.9499757751938,326.0,366.6,129,95.21705426356588,88.0,279.15564437984494,84.4,140.2,129,7.633224440798099,7.62532738805548,0.0083189394787029,7.476564182228656,7.733959594377818,0.0
curve_ellipse4_out1_EI0.75,response,2712,847401,curve_ellipse4_out1_EI1,椭圆4:1｜向外EE×1，核内EI×0.75,primary,ALL,150,1.0,0.8666666666666667,0.9484848484848484,1.0,0.1843270949249705,-0.9357142857142854,15,150,34.31636375070957,-22.221499952026356,35.73167604136852,14.166666666666666,0.4777968832237561,105,150,17.053333333333335,18.0,0.9770022371364656,16.0,18.0,150,65.68,72.0,292.7828187919463,30.0,75.09999999999997,150,-23.820439017266832,-58.300334409070274,2419.3370710740664,-60.03313962587781,58.99680622613105,150,-23.59927567079503,-57.25934505088662,2326.100219232817,-59.0383480888393,57.80751240871759,150,0.3186971783507195,0.32609229771643,0.0012137511310024,0.2556771188649304,0.3722032092500745,150,1.1466666666666667,1.0,0.1394183445190157,1.0,2.0,150,0.9695923851983582,1.0,0.0122404100133813,0.6930512279199107,1.0,150,343.26666666666665,336.0,285.2841163310962,326.0,373.19999999999993,150,95.44666666666669,89.0,325.77901565995523,81.0,140.54999999999998,150,7.657989474410109,7.627793369419487,0.0135076102007911,7.517155574803884,7.914853889300095,0.0
curve_ellipse4_out1_EI0.75,response,2712,847401,curve_ellipse4_out1_EI1,椭圆4:1｜向外EE×1，核内EI×0.75,primary,TA,38,1.0,0.6578947368421053,0.8181818181818182,1.0,0.2863656292268842,0.8846153846153846,13,38,-18.544548601319548,-30.97622898365057,-8.734730593872522,12.31578947368421,0.1612310791619781,78,38,16.07894736842105,16.0,0.1287339971550497,16.0,16.15,38,49.31578947368421,46.0,638.7624466571834,19.7,126.0,38,54.09735644042498,58.1615547938145,100.72137855281684,29.66477584799677,61.13672001017012,38,52.915310614711856,56.76101005056808,94.54876296138931,29.117888694409523,59.689521404470405,38,0.2699225611401643,0.269610136970722,0.0003143923827205,0.2468723792261334,0.292500574885883,38,1.0789473684210529,1.0,0.0746799431009957,1.0,2.0,38,0.9952596161197388,1.0,0.0004040292330578,0.9848897702626958,1.0,38,348.7631578947368,358.0,188.56401137980083,329.85,362.0,38,91.42105263157896,87.0,207.9800853485064,77.0,123.75,38,7.6435308770009955,7.687195014097311,0.0128928258605386,7.478287528628379,7.773462864133554,0.0
curve_ellipse4_out1_EI0.75,response,2712,847401,curve_ellipse4_out1_EI1,椭圆4:1｜向外EE×1，核内EI×0.75,primary,TB,112,1.0,0.9375,0.9926948051948052,1.0,0.2182146461915576,0.5071428571428571,15,112,34.62616319533845,-3.4593155210322037,35.8399290413261,14.794642857142858,0.3795235908424181,105,112,17.383928571428573,18.0,0.8332528957528956,16.0,18.0,112,71.23214285714286,72.0,57.31499356499357,64.0,74.0,112,-50.256833904697984,-58.59537021206597,430.4026230805157,-60.14762622489434,1.7830352522236654,112,-49.55958173194915,-57.6528281207693,406.66051098168106,-59.20484614097113,1.2757150782800073,112,0.3352457091900151,0.3308140480085046,0.0004337311873526,0.3176186087503402,0.3825410843687432,112,1.1696428571428572,1.0,0.1601512226512227,1.0,2.0,112,0.9608838604214612,1.0,0.0159940851613126,0.5273659866737701,1.0,112,341.4017857142857,334.0,306.2425193050193,326.0,378.69999999999993,112,96.8125,89.0,360.5501126126126,85.0,141.45,112,7.662895069959631,7.627616328010328,0.0137383798055187,7.608010077339093,7.938254084443928,0.0
bridge_circle_out125,response,2711,847401,curve_circle_out1_EI1,圆核｜向外EE×1.25，核内EI×1,primary,ALL,140,1.0,0.9392857142857144,0.9285714285714288,1.0,0.1692415155237613,-0.125,15,140,-10.238284678594937,-26.449071691749488,96.60194175636396,13.957142857142856,0.2274552301907251,105,140,16.05,16.0,0.2205035971223022,16.0,16.0,140,63.34285714285714,53.0,682.9031860226105,28.0,118.0,140,19.69153069482943,59.69036945764492,3009.923679897687,-62.477350021011446,71.11832827515335,140,19.17073071791985,57.79890903373598,2774.269715766754,-61.52164121076021,65.61657496111329,140,0.1254368918394144,0.1195495215216395,0.0018891726400017,0.0689085687356123,0.2071145918911977,140,1.8142857142857145,2.0,0.2818088386433711,1.0,3.0,140,0.9353193813167232,0.9504961351839812,0.0056205954267553,0.8690870821688802,1.0,140,363.25714285714287,372.0,469.42980472764646,320.95,385.0,140,97.23571428571428,96.0,199.74979445015416,77.0,124.09999999999997,140,7.6377157846667485,7.643333446317132,0.0509567347851589,7.26271713998047,8.084786538331462,0.0
bridge_circle_out125,response,2711,847401,curve_circle_out1_EI1,圆核｜向外EE×1.25，核内EI×1,primary,TA,78,1.0,0.903846153846154,0.8846153846153846,1.0,0.1913899519900279,0.6749999999999999,15,78,-18.835192076592648,-27.696706782907675,96.77099777441364,13.371794871794872,0.2113643279571041,105,78,15.935897435897436,16.0,0.0867465867465867,15.85,16.0,78,51.58974358974359,46.0,670.3749583749584,25.7,118.29999999999998,78,62.4442278515164,63.644281431996205,81.00188887982273,42.61806309703388,71.24109461433144,78,60.56020727471586,62.68432529752499,56.44285302600992,42.05161558493565,65.73497424947364,78,0.1171532104679484,0.1134226671559531,0.0011405953559359,0.0712627510960657,0.1667268934378341,78,1.7179487179487178,2.0,0.309024309024309,1.0,2.1499999999999915,78,0.9692937063569366,0.9616094654694972,0.000691870409568,0.9284697643267152,1.0,78,352.7564102564103,357.5,483.7970362970363,311.5,379.3,78,90.1025641025641,89.5,99.54778554778554,77.0,110.59999999999997,78,7.537485087071336,7.491913263962227,0.0533910909655969,7.245002323466543,8.088061156412087,0.0
bridge_circle_out125,response,2711,847401,curve_circle_out1_EI1,圆核｜向外EE×1.25，核内EI×1,primary,TB,62,1.0,0.9838709677419356,0.9838709677419356,1.0,0.2114750148551521,0.5428571428571428,15,62,35.72721858447767,-2.9523614831130525,93.56157489919656,14.693548387096774,0.3435085966897511,105,62,16.193548387096776,16.0,0.3553675304071919,16.0,18.0,62,78.12903225806451,78.0,311.06504494976207,54.0,115.69999999999996,62,-34.09412056680902,-58.35829744355033,1478.9313720503485,-63.51988934711617,44.7317848101256,62,-32.89990107933964,-47.79166096195422,1304.143010471215,-61.941983468266514,44.20132575757576,62,0.1358582974357748,0.1246787338026974,0.0026669391815859,0.0592735993482002,0.2432793877823238,62,1.935483870967742,2.0,0.2252776308831307,1.0,3.0,62,0.8925774885241967,0.8969749472596182,0.0086014912882433,0.7373905366398464,1.0,62,376.46774193548384,379.0,140.61369645690112,342.9,386.0,62,106.20967741935485,101.0,182.5946589106293,94.05,130.89999999999998,62,7.763812468738398,7.743204459983978,0.0197122282873828,7.58588558043751,8.064367024919628,0.0
curve_circle_out1_EI1,response,2712,847401,curve_circle_out1_EI1,圆核｜向外EE×1，核内EI×1,primary,ALL,156,1.0,0.9455128205128204,0.9131701631701632,1.0,0.1953221016043474,-0.907142857142857,15,156,36.414291644088735,33.64885311346188,108.8767077135908,13.487179487179487,0.5160944184061115,105,156,16.147435897435898,16.0,0.3200578990901571,16.0,18.0,156,100.28205128205128,83.0,713.0038047973533,75.5,144.0,156,-8.009039575857695,-43.68715005599006,3482.2768104398588,-64.86606643483901,73.13008236434325,156,-8.983992662961107,-50.81332834766363,3358.539138935997,-64.24165699733112,68.29356961346002,156,0.1747584593433613,0.1803541424692401,0.0049876291549483,0.0547032421207867,0.2885951982285838,156,1.794871794871795,2.0,0.6157154673283706,1.0,3.0,156,0.913658643756736,0.9433596471348592,0.0158601148408951,0.6820217870042549,1.0,156,347.62179487179486,350.0,691.0753928866833,293.75,382.0,156,85.96794871794872,87.0,68.22477253928867,73.75,97.25,156,7.682468610943022,7.609286821640341,0.1015624733223416,7.2261238974329185,8.235832861154808,0.0
curve_circle_out1_EI1,response,2712,847401,curve_circle_out1_EI1,圆核｜向外EE×1，核内EI×1,primary,TA,46,1.0,0.9239130434782608,0.7964426877470355,1.0,0.2992530700088618,0.1357142857142857,15,46,98.59954017231394,34.94278134764636,102.72011366884908,11.608695652173912,0.3770845156205648,104,46,15.956521739130435,16.0,0.0425120772946859,16.0,16.0,46,122.6086956521739,124.0,190.73236714975843,122.5,127.5,46,66.68816867411599,64.43763404644233,45.63819015590715,60.03684546244767,79.70607055321989,46,64.35194855199215,64.35405478954999,19.872939929751148,59.54067651098831,70.25847783614563,46,0.1192959273256849,0.121177956568361,0.0026887640220956,0.0469437945052807,0.1967858578368671,46,1.3695652173913044,1.0,0.3714975845410627,1.0,2.0,46,0.9552070267456918,1.0,0.0049816419061338,0.8247540455917126,1.0,46,356.17391304347825,348.0,299.4357487922706,339.0,382.75,46,81.69565217391305,78.0,91.37198067632848,73.25,93.75,46,7.9825743307886,7.944440096318953,0.0311189706787705,7.775260139777146,8.319399714648869,0.0
curve_circle_out1_EI1,response,2712,847401,curve_circle_out1_EI1,圆核｜向外EE×1，核内EI×1,primary,TB,110,1.0,0.9545454545454546,0.9619834710743802,1.0,0.188203610671438,0.5357142857142856,15,110,35.77332963384288,33.92425004597408,109.53639893135514,14.272727272727272,0.3764175441133307,105,110,16.227272727272727,16.0,0.4157631359466221,16.0,18.0,110,90.94545454545457,78.0,636.8226855713095,74.0,146.0,110,-39.2460539349376,-61.26529094713624,1593.592802366011,-66.13660227272712,43.079464285713215,110,-39.6517498983052,-60.97461927564586,1548.8776597849455,-65.08967889507717,40.97284777956465,110,0.1979518818234805,0.2066756939361704,0.0041414224941817,0.0916120779753546,0.3014803731647283,110,1.9727272727272729,2.0,0.613928273561301,1.0,3.0,110,0.8962838654159,0.92927428080454,0.019463563845556,0.6370015349313157,1.0,110,344.04545454545456,355.0,815.3281901584654,291.45,379.1,110,87.75454545454545,89.0,48.37039199332776,74.9,97.55,110,7.556969855371235,7.534323686720784,0.0776735611105082,7.172565414927687,8.10331164445528,0.0
curve_circle_out1_EI1,response,2511,847401,curve_circle_out1_EI1,圆核｜向外EE×1，核内EI×1,primary,ALL,113,1.0,0.9734513274336284,0.9517296862429606,1.0,0.1443500551325494,-0.8999999999999999,15,113,36.56070050079143,-3.7472461856319534,115.72665326350906,13.876106194690266,0.4786222188456718,105,113,16.07079646017699,16.0,0.1199431099873577,16.0,17.0,113,104.08849557522124,92.0,943.3849557522124,67.2,154.39999999999995,113,-7.324671786822892,-43.32222222222481,4913.445808311473,-77.22134148747281,109.86585341931058,113,-8.327872013582553,-61.42546718817903,4838.738865001571,-72.21749685784671,106.182963042966,113,0.0916720674233572,0.0811287477954144,0.0015402960758982,0.0376014483722171,0.169272025579775,113,1.3893805309734513,1.0,0.4006005056890012,1.0,2.0,113,0.9342039768510144,1.0,0.0148274808892514,0.7052119565217391,1.0,113,319.2212389380531,292.0,2120.977402022756,268.40000000000003,391.4,113,78.75221238938053,79.0,93.68805309734512,60.0,98.4,113,7.452256665772397,7.242827195284549,0.3608052711837737,6.848915589040061,8.376172861643049,0.0
curve_circle_out1_EI1,response,2511,847401,curve_circle_out1_EI1,圆核｜向外EE×1，核内EI×1,primary,TA,21,1.0,0.9523809523809524,0.9307359307359306,1.0,0.1910669825595765,0.4142857142857142,15,21,90.88478857249676,-24.813526087578797,110.61793573878094,13.285714285714286,0.2473005691416474,105,21,16.047619047619047,16.0,0.0476190476190476,16.0,16.0,21,108.0952380952381,118.0,1362.5904761904762,42.0,146.0,21,87.71799290955596,71.47258064516063,459.99619363487454,66.40055096418655,113.44865591397866,21,81.21553201601424,68.34672652450445,424.0651737889169,66.40292343639885,109.2552647595876,21,0.059743588943432,0.0601274342636632,0.000569414544844,0.033567525370804,0.0888370888370888,21,1.3333333333333333,1.0,0.2333333333333332,1.0,2.0,21,0.9554943454321068,1.0,0.0050644549749679,0.812608587738893,1.0,21,362.4285714285714,372.0,800.157142857143,330.0,392.0,21,79.76190476190476,78.0,265.9904761904762,59.0,103.0,21,7.83422348485149,7.8396783056371,0.2053720443587415,7.219867428187634,8.415167043595417,0.0
curve_circle_out1_EI1,response,2511,847401,curve_circle_out1_EI1,圆核｜向外EE×1，核内EI×1,primary,TB,92,1.0,0.9782608695652174,0.9565217391304348,1.0,0.1771759426872483,0.532142857142857,15,92,36.3069635378215,32.032555085895545,117.824706019106,14.01086956521739,0.3313028707073097,105,92,16.07608695652174,16.0,0.1370043000477783,16.0,17.0,92,103.17391304347828,88.0,857.0683229813665,80.0,160.70000000000002,92,-29.01919307621372,-64.22537710942015,3385.8321860226,-77.76087684028171,72.92407010828774,92,-28.767127281207905,-65.55570169010934,3589.503228051472,-72.81830136172229,70.36744510940044,92,0.0989600896850792,0.0911374761770703,0.0014816514549888,0.0474548700422188,0.1718319710474528,92,1.4021739130434785,1.0,0.4408743430482562,1.0,2.450000000000003,92,0.9293442188053304,1.0,0.0170076604129224,0.6769385672636401,1.0,92,309.35869565217394,284.0,1905.4193741041568,259.55,388.45,92,78.52173913043478,79.0,56.559961777353074,66.0,88.0,92,7.365068587504343,7.05431905922076,0.3575770967660591,6.840073062953108,8.363594147275283,0.0
curve_ellipse4_out1_EI1,response,2711,847402,curve_ellipse4_out1_EI1,椭圆4:1｜向外EE×1，核内EI×1,primary,ALL,105,0.9904761904761904,0.9142857142857144,0.916883116883117,0.9904761904761904,0.1203815304574029,-0.932142857142857,15,104,36.61168923155128,-6.917876998509924,111.72211274217112,13.504761904761905,0.575235411250925,105,105,16.01904761904762,16.0,0.0380952380952381,16.0,16.0,105,95.0095238095238,82.0,832.2402930402931,70.8,157.6,105,-32.106264893603985,-63.60705596107073,3130.4513442960097,-83.74477703456068,71.0405219858163,105,-34.41270816191995,-63.902714115565686,2610.2281761329723,-70.7006596050298,65.29511632991198,105,0.0937622497741213,0.0905330882352941,0.0017322144848836,0.041745594817567,0.1681175986076104,105,1.6095238095238096,1.0,0.5479853479853479,1.0,3.0,105,0.9191081616412166,1.0,0.011116842614091,0.7390665151975285,1.0,105,314.6666666666667,314.0,1666.5512820512822,248.4,374.8,105,80.8,79.0,93.12307692307694,67.2,98.8,105,7.219105521255561,7.24751268354171,0.3589954125546419,6.096162372870583,8.132397446822955,0.009523809523809601
curve_ellipse4_out1_EI1,response,2711,847402,curve_ellipse4_out1_EI1,椭圆4:1｜向外EE×1，核内EI×1,primary,TA,9,1.0,0.5,0.7575757575757575,1.0,0.3150030242928078,0.3,15,9,-14.455419391388205,-30.409496631129517,102.2619723543452,10.88888888888889,0.3671796117339054,104,9,16.0,16.0,0.0,16.0,16.0,9,98.88888888888889,120.0,1513.111111111111,45.2,129.2,9,67.96685152007164,68.29732824427629,154.16500896435673,51.12538615649246,84.76708333333208,9,62.87676559114819,65.26143081192276,40.96619401695564,52.386561101688855,69.777861771447,9,0.0809388816807442,0.0782279953470337,0.0007069298539037,0.050095613691811,0.1148028154286326,9,1.3333333333333333,1.0,0.25,1.0,2.0,9,0.955523860509436,1.0,0.0054311923706432,0.8339489682411558,1.0,9,333.8888888888889,330.0,1028.111111111111,292.0,382.8,9,77.88888888888889,79.0,21.611111111111114,71.0,83.2,9,7.695315777987272,7.729720632070508,0.1278854973690043,7.20341394314871,8.10860167564717,0.0
curve_ellipse4_out1_EI1,response,2711,847402,curve_ellipse4_out1_EI1,椭圆4:1｜向外EE×1，核内EI×1,primary,TB,96,0.9895833333333334,0.953125,0.9318181818181818,0.9895833333333334,0.1519774581545966,0.5249999999999999,15,95,36.683496669378655,25.292503154269617,112.72761036795418,13.75,0.3643808996992715,105,96,16.020833333333332,16.0,0.0416666666666666,16.0,16.0,96,94.64583333333331,82.0,782.1048245614035,75.5,158.0,96,-41.48811955738608,-64.19730713807894,2376.338096535377,-85.26663409867979,68.43408153377504,96,-43.53359632627009,-64.84115157593988,1873.2897657928547,-70.83183850420937,61.81402627401189,96,0.0949644405328754,0.0924575199408271,0.0018197491943346,0.0414948359896426,0.1696836115550662,96,1.6354166666666667,1.0,0.5709429824561403,1.0,3.0,96,0.9156941898723208,1.0,0.0115752448976089,0.7281507817383718,1.0,96,312.8645833333333,302.0,1699.570942982456,247.75,373.25,96,81.07291666666667,78.5,99.24725877192984,66.5,99.0,96,7.174460809686964,7.199830055432557,0.3587380065596025,6.090435493585384,8.11982308639304,0.01041666666666663
curve_circle_out1_EI0.75,response,2511,847401,curve_circle_out1_EI1,圆核｜向外EE×1，核内EI×0.75,primary,ALL,162,1.0,0.5092592592592593,0.9994388327721662,1.0,0.2018743950492391,-0.1678571428571428,15,162,-12.054639532701913,-22.489205671028135,35.67558010298544,14.012345679012345,0.28343330904151,105,162,16.38888888888889,16.0,0.6118012422360248,16.0,18.0,162,56.17283950617284,50.0,213.28671114178363,30.0,74.0,162,7.718901404591367,25.594624306362675,2921.8038263228086,-60.20502834562758,61.10567520926288,162,7.555827391725243,25.463486104232288,2882.196279095448,-59.756801600257766,60.53723523549306,162,0.2958076150759218,0.2879357759293235,0.0011329467898705,0.2697725810398863,0.3680854052204888,162,2.037037037037037,2.0,0.1849551414768805,1.0,3.0,162,0.929324394446948,0.9399861256963136,0.0076203970729817,0.9096263618547532,1.0,162,363.5,359.0,108.3136645962733,353.05,378.0,162,105.11111111111111,100.0,193.97515527950307,93.0,134.0,162,7.634750280645923,7.587987579612436,0.0192395213422781,7.477496848326939,7.81327592980854,0.0
curve_circle_out1_EI0.75,response,2511,847401,curve_circle_out1_EI1,圆核｜向外EE×1，核内EI×0.75,primary,TA,80,1.0,0.24375,0.9988636363636364,1.0,0.2220407646537536,0.7582417582417583,14,80,-19.359521445316204,-23.20362247331468,-15.138578349197724,13.475,0.238961035617574,91,80,16.025,16.0,0.0499999999999999,16.0,16.0,80,46.85,48.0,31.572151898734173,33.8,52.0,80,58.6336174517772,60.02851245676902,30.464683070648768,46.3370122762808,61.29362489323648,80,58.153744222706926,59.439808270206186,29.124738878863333,46.87321789118323,60.75461955634864,80,0.2869681878121161,0.287992609445613,5.451922410221316e-05,0.2746335590919192,0.2977395326036254,80,2.0,2.0,0.0,2.0,2.0,80,0.9434365426348604,0.9406299783409212,0.0002797657977285,0.9198372002490888,0.9712987589257766,80,357.6375,358.0,5.347943037974683,355.0,361.0,80,101.85,100.0,53.01518987341773,95.0,120.05,80,7.530321105952271,7.529703168836908,0.0020377949990733,7.46876179365987,7.595933538450735,0.0
curve_circle_out1_EI0.75,response,2511,847401,curve_circle_out1_EI1,圆核｜向外EE×1，核内EI×0.75,primary,TB,82,1.0,0.7682926829268293,1.0,1.0,0.2051675559904728,0.5142857142857142,15,82,34.791067052572544,-10.902883588776149,35.81788708139247,14.53658536585366,0.3557626109938391,105,82,16.74390243902439,16.0,0.9089129780186692,16.0,18.0,82,65.26829268292683,74.0,223.5567600120445,28.1,76.0,82,-41.95399229998017,-58.885091637814185,719.6609753743413,-60.48810408039471,14.23191827907922,82,-41.80799390679347,-58.51154812272944,704.9912295109933,-60.18797815053995,13.445393959652211,82,0.3044314465528053,0.2879133310539374,0.0020462740497641,0.2666866893361385,0.4179707412533097,82,2.073170731707317,2.0,0.3649503161698283,1.0,3.0,82,0.9155564449953262,0.938897201481094,0.01448526648369,0.5522667338246491,1.0,82,369.219512195122,372.0,143.01294790725686,347.05,394.8,82,108.29268292682929,98.0,313.0984643179765,89.05,135.95,82,7.736632402298266,7.767582871037932,0.0149751068961584,7.531523145930389,8.017248803845762,0.0
curve_ellipse4_out1_EI0.75,response,2511,847402,curve_ellipse4_out1_EI1,椭圆4:1｜向外EE×1，核内EI×0.75,primary,ALL,159,1.0,0.9716981132075472,0.997141223556318,1.0,0.1794061900535402,-0.9607142857142856,15,159,35.11135030702644,-25.134226410112756,36.2493931317209,14.90566037735849,0.518993593763504,105,159,16.67924528301887,16.0,0.9027943635060904,16.0,18.0,159,67.71069182389937,74.0,144.8524798980973,38.0,76.0,159,-38.86869483125404,-59.62193354300689,1677.6623092951245,-60.951114685217725,60.11753672135782,159,-39.06250398622454,-59.24531872358057,1625.71112543807,-60.6576670791801,58.51503498388483,159,0.2803949524399676,0.2813391961737252,0.0009565746289778,0.225111490443689,0.3454508397460658,159,2.050314465408805,2.0,0.2885916726375289,1.0,3.0,159,0.9262133259812856,0.9318236569501324,0.0069530052375114,0.8948698146977573,1.0,159,369.874213836478,372.0,86.70559668816176,346.9,378.0,159,102.71698113207547,97.0,224.22951994267973,89.0,137.1,159,7.73728960246457,7.758385708850325,0.0073259833342423,7.608578207543267,7.812748341523436,0.0
curve_ellipse4_out1_EI0.75,response,2511,847402,curve_ellipse4_out1_EI1,椭圆4:1｜向外EE×1，核内EI×0.75,primary,TA,21,1.0,0.8809523809523809,0.9783549783549784,1.0,0.1459562693288481,0.8035714285714284,15,21,-22.074058268597582,-31.28002773522894,-14.950004297916166,14.476190476190476,0.2312549552760432,105,21,16.0,16.0,0.0,16.0,16.0,21,48.66666666666666,52.0,95.33333333333334,28.0,60.0,21,56.34035706215023,59.66893646893732,81.78471241883372,34.39752978785327,62.71171874999709,21,54.89807149335833,58.19517205024022,78.10081106133423,33.43220551378181,61.14789980266505,21,0.2297441993902617,0.2308491093537822,8.200483225160046e-05,0.2173736057966294,0.244319014807213,21,2.0,2.0,0.0,2.0,2.0,21,0.9371528499699076,0.9295648272768058,0.001004660851604,0.8963876270819814,0.985235528474338,21,369.0,372.0,52.4,360.0,378.0,21,108.76190476190476,105.0,96.3904761904762,98.0,128.0,21,7.633962879119305,7.618013836697321,0.0047182666205975,7.557585104406592,7.748813713610352,0.0
curve_ellipse4_out1_EI0.75,response,2511,847402,curve_ellipse4_out1_EI1,椭圆4:1｜向外EE×1，核内EI×0.75,primary,TB,138,1.0,0.9855072463768116,1.0,1.0,0.2299727552322754,0.5071428571428571,15,138,35.195214775423665,-6.371254486528528,36.26333550025629,14.971014492753625,0.3801054417828312,105,138,16.782608695652176,16.0,0.9596953348143444,16.0,18.0,138,70.6086956521739,74.0,89.08663916217071,43.7,76.0,138,-53.35702881503296,-59.76287040906391,321.94952134796324,-61.0299150236905,0.5257244235251438,138,-53.36085242876976,-59.45372356419102,304.28361281017607,-60.684781503970726,-0.9288512367236496,138,0.2881026757301402,0.2833184184810201,0.0006381370692777,0.2658428284426224,0.3562494613302055,138,2.057971014492753,2.0,0.3323812546281604,1.0,3.0,138,0.924548615809104,0.9323723422714506,0.0078509929907558,0.8578572486698917,1.0,138,370.0072463768116,372.0,92.2116259388554,345.85,377.15,138,101.79710144927536,96.5,238.0753200042315,88.85,138.60000000000002,138,7.753013234277981,7.765105605293856,0.0058745787522187,7.626280074946909,7.812969330999475,0.0
bridge_circle_out125_xminus075,response,2511,847401,bridge_circle_out125,圆核｜向外EE×1.25，核内EI×1，左核x偏移-0.75mm,primary,ALL,139,1.0,0.7302158273381295,0.999345977763244,1.0,0.189923739309008,0.8285714285714284,15,139,-10.308991186248932,-20.70704508298986,36.07178119637574,14.086330935251798,0.1006334276148534,105,139,16.14388489208633,16.0,0.2545094359295172,16.0,18.0,139,52.79136690647482,44.0,358.3547075383172,30.0,86.0,139,27.99903090048827,65.21481481481896,3265.462811146502,-70.05897200111504,71.03495312308988,139,24.27306635636769,53.62393162393164,2881.4034550542924,-66.99475795398538,67.95819188452916,139,0.0985474685345492,0.0887673166857848,0.0008683960871676,0.0684009849421285,0.1567893337192848,139,2.115107913669065,2.0,0.62433531435721,1.0,3.0,139,0.9287617731322538,0.9378060724779628,0.0062040077731488,0.7987703402812995,1.0,139,367.0,368.0,243.9275362318841,345.9,391.0,139,101.66187050359711,99.0,82.3558544468773,90.0,121.0,139,7.47348659984923,7.461674225261698,0.0250766920069186,7.2481173016859985,7.752524678957667,0.0
bridge_circle_out125_xminus075,response,2511,847401,bridge_circle_out125,圆核｜向外EE×1.25，核内EI×1，左核x偏移-0.75mm,primary,TA,90,1.0,0.6166666666666667,1.0,1.0,0.1952390597965987,0.8892857142857141,15,90,-12.484785581929827,-21.726366161909027,-5.5666561586868974,13.744444444444444,0.1563600473876275,105,90,16.033333333333335,16.0,0.0550561797752808,16.0,16.0,90,43.17777777777778,44.0,34.86691635455681,36.0,52.0,90,66.6217428805716,67.71144778841699,42.15361096364446,56.32618502956685,72.10027510889867,90,60.70749373831443,64.41710541581415,65.21877166749273,48.880339631645526,68.13637335284484,90,0.0946773396224854,0.0880477414844106,0.0006124803440622,0.0679745331804439,0.1513895922396465,90,1.9555555555555555,2.0,0.5822721598002496,1.0,3.0,90,0.946196514967234,0.9462111592417484,0.0021978841906203,0.8595940695036666,1.0,90,366.56666666666666,368.5,237.6191011235955,344.45,389.55,90,100.37777777777778,99.0,48.95680399500624,90.0,111.65,90,7.430841467451027,7.429527177184122,0.0143176208538981,7.244910130238583,7.632784495775031,0.0
bridge_circle_out125_xminus075,response,2511,847401,bridge_circle_out125,圆核｜向外EE×1.25，核内EI×1，左核x偏移-0.75mm,primary,TB,49,1.0,0.9387755102040816,0.9981447124304268,1.0,0.2128575033344147,0.5214285714285714,15,49,34.9357175366531,-6.960706270081573,36.80418308770168,14.714285714285714,0.3126490431216735,105,49,16.346938775510203,16.0,0.564625850340136,16.0,18.0,49,70.44897959183673,80.0,474.0442176870748,24.4,91.2,49,-42.94064416497092,-65.02061224489808,1375.802289135766,-71.60163934425945,27.55384012539143,49,-42.64731046761614,-63.61648375768209,1102.471382533715,-68.02190862242423,25.88285970929209,49,0.1056558685771152,0.093039283252929,0.0012813325083096,0.0699203497029016,0.1832742017232639,49,2.4081632653061225,2.0,0.5799319727891157,1.0,3.0,49,0.8967387779251473,0.9311158292050012,0.0121444983498528,0.6437836882139675,1.0,49,367.7959183673469,367.0,259.7074829931973,352.2,392.6,49,104.0204081632653,98.0,137.22874149659864,92.4,124.0,49,7.551814394050008,7.508597400518472,0.0358752845527249,7.277439231136891,7.892030753785774,0.0
bridge_circle_out125_xminus075,response,2712,847402,bridge_circle_out125,圆核｜向外EE×1.25，核内EI×1，左核x偏移-0.75mm,primary,ALL,174,1.0,0.6810344827586207,0.9702194357366772,1.0,0.1819712905307589,-0.7107142857142856,15,174,34.09789860350202,-14.03989168086009,49.82788497657839,13.827586206896552,0.3709215412494575,105,174,16.798850574712645,16.0,0.959305029566142,16.0,18.0,174,86.10344827586206,74.0,1110.208889774766,35.3,130.0,174,-1.0424302638655707,-6.230602377712785,3073.5596750937566,-62.84904050423879,64.36912768260802,174,-1.277395719592522,-6.803509403088356,2935.165355188017,-61.21945160385803,62.56691162038005,174,0.2111042437056138,0.2184863229778555,0.0026738526436652,0.1189676091308362,0.2864872379149378,174,1.4310344827586208,1.0,0.3507075941797887,1.0,2.0,174,0.9611253901322584,1.0,0.0093418837152835,0.874376390854785,1.0,174,369.2298850574713,370.0,92.7098531659026,355.0,384.35,174,101.04022988505749,98.0,287.35675370407284,78.0,134.0,174,7.681805855544497,7.726339421505985,0.0151277680681202,7.447150542896387,7.8124772281070305,0.0
bridge_circle_out125_xminus075,response,2712,847402,bridge_circle_out125,圆核｜向外EE×1.25，核内EI×1，左核x偏移-0.75mm,primary,TA,71,1.0,0.4788732394366197,0.9372599231754162,1.0,0.2354341162814334,0.5428571428571428,15,71,-10.57475750969752,-15.215567372899386,51.17213246058054,12.873239436619718,0.2682283362379166,105,71,16.028169014084508,16.0,0.056338028169014,16.0,16.0,71,104.61971830985917,126.0,1536.524748490946,38.0,130.0,71,60.176958926380166,61.75332991803589,34.55706663032785,48.43161411070832,66.18107711024868,71,58.696400698612976,60.43320226485957,27.32864599988389,48.935774397326895,63.24073426573341,71,0.1874075024640895,0.1958218368151359,0.0017824421547359,0.1005178267927886,0.2451367969462487,71,1.3380281690140845,1.0,0.3126760563380281,1.0,2.0,71,0.9861158666096034,1.0,0.0008821775486327,0.9286705249863296,1.0,71,367.9295774647888,366.0,131.89496981891347,344.5,384.0,71,89.09859154929578,88.0,115.6329979879276,77.0,110.5,71,7.61674614529205,7.630150594012766,0.0161803712382986,7.418572937130241,7.806694912043939,0.0
bridge_circle_out125_xminus075,response,2712,847402,bridge_circle_out125,圆核｜向外EE×1.25，核内EI×1，左核x偏移-0.75mm,primary,TB,103,1.0,0.8203883495145632,0.9929390997352162,1.0,0.2074349872240555,0.5107142857142856,15,103,34.701644191845844,-1.433785764295316,36.06571811627509,14.485436893203884,0.366445727384065,105,103,17.33009708737864,18.0,0.8899676375404527,16.0,18.0,103,73.33980582524272,74.0,425.36379211878926,34.2,122.0,103,-43.242203395005845,-60.275963126034185,782.2305375241741,-63.23243088608979,16.345794303607505,103,-42.61855635738466,-58.90153764581191,729.9742746788738,-61.36132426951299,17.078247679405052,103,0.2274388905808392,0.2348635588402501,0.002651509822303,0.1387029513586028,0.3157274323624958,103,1.4951456310679612,1.0,0.3700742432895488,1.0,2.0,103,0.9438989451818558,1.0,0.0145047741629985,0.5618818797840385,1.0,103,370.126213592233,370.0,64.73881591471539,357.3,384.9,103,109.27184466019418,101.0,240.3371406815153,95.0,138.0,103,7.726652840281622,7.752684857362025,0.0095763975511301,7.581620146992709,7.820276442957969,0.0
bridge_circle_out125,response,2711,847402,curve_circle_out1_EI1,圆核｜向外EE×1.25，核内EI×1,primary,ALL,139,1.0,0.935251798561151,0.9404839764551997,1.0,0.1537430571476051,-0.1928571428571428,15,139,-3.907967261773592,-26.62023484848214,93.96365399721,14.086330935251798,0.2371037626281587,105,139,16.14388489208633,16.0,0.283494943175894,16.0,18.0,139,61.6115107913669,50.0,635.7610259618392,26.0,118.0,139,15.858974118716466,41.69243697478851,2866.632400116828,-61.52478808100277,70.38260363594672,139,15.250493111073608,42.610010214504655,2722.9848643420128,-59.827616304410185,64.74295539203449,139,0.1305859689143499,0.1259347072770381,0.0020524718402981,0.0655656609857076,0.2047052878328783,139,1.9640287769784173,2.0,0.6001459701803774,1.0,4.0,139,0.9240357824952946,0.9484396200814112,0.0086266476764252,0.7269425081668843,1.0,139,365.3237410071943,375.0,474.77124387446565,316.7,387.1,139,99.97122302158272,99.0,204.66583255135023,81.0,126.29999999999998,139,7.648704244911399,7.661862842257224,0.055367114086198,7.319630138136559,8.124786075687876,0.0
bridge_circle_out125,response,2711,847402,curve_circle_out1_EI1,圆核｜向外EE×1.25，核内EI×1,primary,TA,72,1.0,0.9166666666666669,0.9002525252525252,1.0,0.1807345514903433,0.6607142857142856,15,72,-18.25639376977824,-28.974053764268294,96.1832591932242,13.52777777777778,0.2069371874711135,105,72,16.0,16.0,0.028169014084507,16.0,16.0,72,52.30555555555556,46.0,737.651799687011,26.0,118.0,72,61.86292846192638,62.85160242127131,72.00852547698436,42.4714594435326,72.54732152483408,72,60.52030836035965,62.08729450716783,38.64717703849746,46.62494794620816,65.7942901770929,72,0.1191102385495991,0.1235658771288499,0.0016113764262893,0.0597453753788781,0.1844474434078861,72,1.6944444444444444,2.0,0.3278560250391236,1.0,2.450000000000003,72,0.9703297833004206,0.9691641405134352,0.0009301240276583,0.9152177608803164,1.0,72,353.2361111111111,355.5,505.2533255086072,310.55,381.0,72,91.70833333333331,89.5,128.2095070422535,75.55,113.9,72,7.563892138737071,7.506625998025582,0.0709850914792391,7.225102290607105,8.134012164971697,0.0
bridge_circle_out125,response,2711,847402,curve_circle_out1_EI1,圆核｜向外EE×1.25，核内EI×1,primary,TB,67,1.0,0.9552238805970148,0.9837177747625508,1.0,0.2110095999939741,0.557142857142857,15,67,35.10369286354398,-11.451637196644516,36.65478370241017,14.686567164179104,0.3282294920344456,105,67,16.29850746268657,16.0,0.515603799185889,16.0,18.0,67,71.61194029850746,76.0,339.78652193577574,29.200000000000003,92.0,67,-33.57811114562851,-55.3051282051274,1126.587415907521,-62.43116456980424,26.028906393576097,67,-33.397666559800946,-50.107142857144936,1013.7758611731272,-61.27260900276124,28.983464879738108,67,0.1429180970675149,0.1339040542723308,0.0022600315609213,0.0889413074177056,0.2399271696630848,67,2.253731343283582,2.0,0.7376752600633197,1.0,4.0,67,0.8742870055106815,0.8986455981941309,0.0121865432462964,0.588853947361017,1.0,67,378.3134328358209,381.0,118.49118046132968,363.6,388.0,67,108.85074626865672,105.0,135.49253731343285,96.3,132.1,67,7.739845612740528,7.738379978264782,0.023125232562225,7.520633797914543,7.953592046030791,0.0
bridge_circle_out125_xminus075,response,2511,847402,bridge_circle_out125,圆核｜向外EE×1.25，核内EI×1，左核x偏移-0.75mm,primary,ALL,144,1.0,0.7638888888888888,0.9987373737373736,1.0,0.1873857696847075,0.4071428571428571,15,144,-5.03123663750398,-20.372710568663752,36.47302039877941,14.180555555555555,0.1689076979431518,105,144,16.23611111111111,16.0,0.3914141414141414,16.0,18.0,144,54.59722222222222,46.0,479.8925796425797,24.0,91.7,144,17.423055442308996,44.54023809523733,3285.2034654027866,-71.07011805026596,72.25522071054279,144,16.051232764762275,47.635968325466365,2947.6396528522914,-67.17335750496527,67.99242318398122,144,0.1020111316253507,0.0906114409540336,0.0013447211486167,0.0636290493283774,0.1805654276478832,144,2.138888888888889,2.0,0.595959595959596,1.0,3.0,144,0.9185850546897468,0.9367521504390935,0.0094839975789358,0.714198016363075,1.0,144,368.80555555555554,369.0,215.7241647241647,343.15,391.85,144,105.14583333333331,102.0,122.9645979020979,91.0,125.0,144,7.493365386453088,7.468344714303185,0.0292559906162096,7.26137152871651,7.87308973176922,0.0
bridge_circle_out125_xminus075,response,2511,847402,bridge_circle_out125,圆核｜向外EE×1.25，核内EI×1，左核x偏移-0.75mm,primary,TA,79,1.0,0.6772151898734178,1.0,1.0,0.1847467953802836,0.8714285714285712,15,79,-12.961126672202226,-21.78092680983791,-3.4059414288822176,13.89873417721519,0.1414142163730836,105,79,16.025316455696203,16.0,0.0249918857513794,16.0,16.0,79,40.50632911392405,40.0,77.17624148003893,22.0,52.0,79,64.0039754828009,67.01223060344637,111.46389014299903,42.98115024630789,73.1250559604351,79,60.428988892476845,64.2959879073569,79.86081343436491,42.17737609224714,68.51873009428786,79,0.0913904818413743,0.0861948142957253,0.00049062299992,0.0638180379294633,0.132743876223572,79,1.9367088607594936,2.0,0.4959428756897111,1.0,3.0,79,0.9417988865984646,0.9405364372469636,0.0025929326915685,0.8463086666982523,1.0,79,368.73417721518985,372.0,243.2745861733204,342.0,392.0,79,104.43037974683544,102.0,105.42778318727684,90.9,123.1,79,7.425851439360105,7.415070278413913,0.0117079259240469,7.250436299231557,7.595831020561144,0.0
bridge_circle_out125_xminus075,response,2511,847402,bridge_circle_out125,圆核｜向外EE×1.25，核内EI×1，左核x偏移-0.75mm,primary,TB,65,1.0,0.8692307692307693,0.9972027972027973,1.0,0.2061414235524758,0.5214285714285714,15,65,34.747492009137204,-4.953065555554713,36.878341781506606,14.523076923076925,0.3212972791219138,105,65,16.49230769230769,16.0,0.7225961538461539,16.0,18.0,65,71.72307692307692,80.0,435.2346153846155,30.0,95.6,65,-39.19067814536577,-60.93857142857087,1271.0103326548965,-74.40150000000139,24.087921325051852,65,-37.88480929815235,-53.70393670765407,1103.290810353801,-68.23872159269013,22.958535353532348,65,0.1149193059781836,0.1011370436864153,0.002098204837196,0.0611322894254569,0.2157537905233131,65,2.3846153846153846,2.0,0.6153846153846154,1.0,3.0,65,0.8903713205237664,0.9336367992333492,0.0165570353870815,0.5700837811201996,1.0,65,368.89230769230767,368.0,185.50384615384613,348.0,391.0,65,106.01538461538462,103.0,144.8591346153846,91.0,126.6,65,7.575420799073789,7.544271562179024,0.038635078543836,7.300074355815709,7.9347178743369104,0.0
bridge_circle_weight150,response,2711,847401,curve_circle_out1_EI1,圆核｜向外EE×1.5，核内EI×1,primary,ALL,171,1.0,1.0,0.9946836788942052,1.0,0.1814069992042997,0.2857142857142856,15,171,-11.34688684046705,-20.60096123590301,36.0774284586696,14.935672514619885,0.1667784504068916,105,171,16.830409356725145,16.0,0.976952184382525,16.0,18.0,171,52.994152046783626,48.0,277.57055383556934,24.0,78.0,171,14.244408011244335,41.18896025692448,2570.189151115529,-58.46298315143213,61.77585135135087,171,13.51483961521508,36.94281641058478,2428.977349834789,-56.9058969843336,60.108342775965866,171,0.1713407864588822,0.1686656157905558,0.0019227276944367,0.1056502702173531,0.2405935408552437,171,1.5321637426900585,2.0,0.2857241142070864,1.0,2.0,171,0.96569392935657,0.9990632318501173,0.0025944633336523,0.9060638145915414,1.0,171,381.1754385964912,386.0,100.9455108359133,361.0,389.0,171,114.15789473684212,105.0,577.8866873065015,93.0,170.5,171,7.776625468517153,7.804773488580091,0.0123457312172796,7.5977674180079635,7.938231348671634,0.0
bridge_circle_weight150,response,2711,847401,curve_circle_out1_EI1,圆核｜向外EE×1.5，核内EI×1,primary,TA,89,1.0,1.0,0.9948927477017364,1.0,0.1580173283206095,0.8428571428571429,15,89,-17.230054741528875,-21.04134231768257,-12.834051175188142,14.932584269662922,0.2157701651060306,105,89,16.247191011235955,16.0,0.4382022471910111,16.0,18.0,89,45.146067415730336,46.0,42.89887640449438,28.0,52.0,89,58.01951849218251,59.396955161624646,37.50446569300436,43.92607888111961,62.64426546780887,89,56.143943431869936,57.81714487737554,45.49035631213092,42.72146230032304,60.68931445518683,89,0.1541340795026377,0.1547441099010605,0.0013142903562447,0.1016476305502277,0.2085545093044418,89,1.7191011235955056,2.0,0.2497446373850868,1.0,2.0,89,0.9549994933735824,0.9423423423423424,0.0013261402976744,0.9071285975303192,1.0,89,377.2696629213483,384.0,127.92645556690503,358.4,388.0,89,102.23595505617978,101.0,103.2505107252298,90.0,122.39999999999998,89,7.7371384564471555,7.769074023357421,0.0114177215386926,7.570061130969097,7.867027470451513,0.0
bridge_circle_weight150,response,2711,847401,curve_circle_out1_EI1,圆核｜向外EE×1.5，核内EI×1,primary,TB,82,1.0,1.0,0.9944567627494456,1.0,0.2278400817316273,0.5249999999999999,15,82,34.3293022585749,-10.232784218132656,36.31071697790208,14.939024390243905,0.2778039191537066,105,82,17.463414634146343,18.0,0.7949412827461609,16.0,18.0,82,61.51219512195122,72.0,394.8208370972598,22.1,81.9,82,-33.267602144895875,-54.70454373777375,962.697842917224,-58.80543278970108,23.338372072370117,82,-32.7533340394469,-52.79554923896467,884.5382105671971,-57.34072659529848,20.400109100456586,82,0.1900163586430989,0.1884137397822504,0.0019290882096114,0.1342740248184993,0.2848564056856764,82,1.329268292682927,1.0,0.248268593797049,1.0,2.0,82,0.9773013049966416,1.0,0.0037423635693651,0.9052976030996334,1.0,82,385.4146341463415,388.0,37.92472146943692,368.35,389.0,82,127.09756097560977,109.0,775.0027100271003,99.05,175.9,82,7.819483323080926,7.846642193516271,0.0099336619436416,7.606962554514827,7.946289945279417,0.0
curve_circle_out1_EI0.75,response,2711,847402,curve_circle_out1_EI1,圆核｜向外EE×1，核内EI×0.75,primary,ALL,178,1.0,0.8735955056179776,0.9713993871297242,1.0,0.1490240765052788,-0.3714285714285714,15,178,-9.7624372929713,-24.889027920837545,35.86527844115808,14.432584269662922,0.259123189767531,105,178,16.741573033707866,16.0,0.8819907319240783,16.0,18.0,178,52.831460674157306,50.0,265.02228147019616,24.0,72.0,178,3.7795955757768263,11.042062064094353,2486.9135453469485,-58.93087415983637,60.75079639262858,178,3.816145273841185,11.50330489136104,2456.7525120168957,-58.54054985573521,60.19020271683439,178,0.3301286666626303,0.3205703439501468,0.0012296591978927,0.3039126626209149,0.4359031518488387,178,1.3932584269662922,1.0,0.2964514695613534,1.0,2.0,178,0.9567285056695188,1.0,0.0137881612970753,0.5257769818623989,1.0,178,366.4719101123595,371.5,206.10372627436044,340.85,382.0,178,110.69101123595506,101.0,440.632800101568,87.85,150.0,178,7.615107366632388,7.616453356934264,0.0190243243960344,7.40369098240658,7.7974062650984335,0.0
curve_circle_out1_EI0.75,response,2711,847402,curve_circle_out1_EI1,圆核｜向外EE×1，核内EI×0.75,primary,TA,80,1.0,0.79375,0.9420454545454546,1.0,0.1631054563868844,0.8357142857142855,15,80,-19.605864949804527,-26.66090304768695,-14.165494500566188,13.95,0.2100373089277764,105,80,16.2875,16.0,0.4099683544303797,16.0,18.0,80,43.075,48.0,89.91835443037975,24.0,52.0,80,53.392820552039154,59.2268336765992,119.92561313382582,30.002310415374268,61.08814088330401,80,53.13563785327575,58.72113936115238,113.59696708742672,30.10082774571565,60.56390140614271,80,0.3210686207523998,0.3205664585852798,9.929238386243472e-05,0.3066830696984029,0.3377861079155238,80,1.4875,1.0,0.3542721518987341,1.0,2.049999999999997,80,0.982503203953368,1.0,0.000646579138545,0.9354296588150268,1.0,80,353.5375,351.5,114.9099683544304,335.0,369.0,80,101.775,95.0,227.0626582278481,84.95,129.0,80,7.485974723830258,7.47925840353167,0.0044332292974441,7.368754707208573,7.594511675696892,0.0
curve_circle_out1_EI0.75,response,2711,847402,curve_circle_out1_EI1,圆核｜向外EE×1，核内EI×0.75,primary,TB,98,1.0,0.9387755102040816,0.9953617810760668,1.0,0.2203404965316936,0.5392857142857141,15,98,34.46895324234265,-10.473145630058388,36.05314448558429,14.826530612244898,0.3137408453622303,105,98,17.112244897959183,18.0,0.966652640437618,16.0,18.0,98,60.795918367346935,70.0,267.7723543025458,23.700000000000003,74.0,98,-36.720996241580174,-54.34471703083364,753.0165856156282,-59.247935123043135,18.00045371577606,98,-36.44466499508499,-54.00089489898619,746.6662649445924,-58.85591492270687,18.067980333912963,98,0.3375246225077166,0.3205703439501468,0.0020399815380383,0.3030703124475328,0.4514798319266928,98,1.316326530612245,1.0,0.2391121397012412,1.0,2.0,98,0.9356879356418868,1.0,0.0236380705605444,0.5098500482094861,1.0,98,377.030612244898,377.0,31.88565116768357,369.85,384.0,98,117.96938775510203,110.5,500.02998106459086,93.0,152.14999999999998,98,7.720521768919839,7.744047613545324,0.0061243909287859,7.590209067922009,7.824958655859919,0.0
bridge_circle_degree150,response,2511,847402,curve_circle_out1_EI1,圆核｜向外EE×1，核内EI×1，向外边数×1.5,primary,ALL,166,1.0,0.9969879518072288,0.9967141292442498,1.0,0.1828842532497212,-0.3071428571428571,15,166,-10.53745404433107,-21.897730949434845,35.80424202832182,14.957831325301203,0.2123807191693453,105,166,16.602409638554217,16.0,0.8470244614822928,16.0,18.0,166,59.963855421686745,52.0,349.9865644395765,30.0,86.0,166,2.4820948249897787,10.366565614618594,3047.702506691116,-61.96095477103973,63.6029285714294,166,1.1854363482305152,11.4810995205753,2764.8368242035526,-60.48738354274792,60.895884782619305,166,0.1154972376755952,0.1093164594521487,0.0007547635036525,0.0836287000333876,0.1660635170273456,166,1.572289156626506,2.0,0.2705001825483753,1.0,2.0,166,0.964313253562825,0.9834002706521984,0.0053659291891762,0.9082872590463924,1.0,166,377.8313253012048,378.5,46.80774005111354,366.0,387.0,166,112.21686746987952,104.5,337.5163198247535,95.0,154.75,166,7.701388937528491,7.682446403406125,0.0144776693479923,7.524627477680831,7.875143629373789,0.0
bridge_circle_degree150,response,2511,847402,curve_circle_out1_EI1,圆核｜向外EE×1，核内EI×1，向外边数×1.5,primary,TA,73,1.0,0.9931506849315068,0.9950186799501868,1.0,0.1579455002974193,0.8571428571428571,15,73,-19.46334328940793,-23.062544763835284,-15.15125948751084,14.931506849315069,0.2157020616012334,105,73,16.0,16.0,0.0,16.0,16.0,73,45.6986301369863,48.0,42.63013698630137,30.0,52.0,73,59.26718103092064,61.882647385984455,62.27732481993429,38.9822876733655,63.9227099679978,73,55.3074266571056,58.41141732283722,54.45507064646782,38.28822139534677,61.32359620098232,73,0.1059956532479437,0.1025681300557606,0.0003309520730725,0.0813097060725251,0.1418994021421862,73,1.5890410958904109,2.0,0.3009893455098934,1.0,2.0,73,0.9691373792450017,0.9727414330218068,0.0010612021587963,0.9116374105735184,1.0,73,373.4109589041096,375.0,26.745433789954333,365.0,381.0,73,107.89041095890413,106.0,93.57115677321158,96.2,130.79999999999998,73,7.618904454507804,7.623481754729736,0.005403642167974,7.488848603582039,7.722560465107826,0.0
bridge_circle_degree150,response,2511,847402,curve_circle_out1_EI1,圆核｜向外EE×1，核内EI×1，向外边数×1.5,primary,TB,93,1.0,1.0,0.9980449657869012,1.0,0.2304714306257614,0.5249999999999999,15,93,34.61979261943634,-12.484966835626985,35.95488271377872,14.978494623655914,0.3057577386530722,105,93,17.0752688172043,18.0,1.0051425899953252,16.0,18.0,93,71.16129032258064,78.0,306.11500701262275,27.200000000000003,90.0,93,-42.09114488504197,-60.07750000000033,850.2731864635256,-62.27567147742811,21.667500000002462,93,-41.29741625981122,-58.20585599831338,767.399192835186,-60.695656550573766,20.552150251010584,93,0.1229554706134293,0.1175286778023747,0.0009667808029502,0.0842528031362308,0.1737728398099347,93,1.5591397849462365,2.0,0.249181860682562,1.0,2.0,93,0.9605265742639127,0.9917834702754954,0.0087602105389416,0.904214985330854,1.0,93,381.3010752688172,381.0,35.34315100514259,371.6,391.8,93,115.61290322580643,103.0,505.5876577840111,95.0,156.0,93,7.766134822050104,7.774600496300952,0.0121002727331795,7.581025010294516,7.918542263118095,0.0
bridge_circle_out125_xminus075,response,2711,847402,bridge_circle_out125,圆核｜向外EE×1.25，核内EI×1，左核x偏移-0.75mm,primary,ALL,158,1.0,0.9683544303797468,0.9234752589182968,1.0,0.1782145730756015,-0.5392857142857141,15,158,-4.443577032003304,-26.01858978996193,37.007963874577584,14.056962025316457,0.2776434554974534,105,158,16.151898734177216,16.0,0.3079900024187696,16.0,18.0,158,61.29113924050633,55.0,467.87648149641217,26.0,86.30000000000001,158,4.657136492242123,15.16853294853354,3044.953046872777,-64.5379484126981,70.47432687724503,158,5.526562382445827,16.299992741000096,2871.0588336717315,-63.77055080271639,67.03734065604567,158,0.1440613649075535,0.1346576235698121,0.002186882337594,0.0794301154928148,0.2246822073181199,158,1.759493670886076,2.0,0.6551640732080948,1.0,3.0,158,0.9323403005306844,0.9537495344112784,0.0075989148129605,0.7219457012619761,1.0,158,363.1645569620253,374.0,530.5842134967347,319.85,385.15,158,103.73417721518987,101.0,233.54672256712084,83.0,131.05000000000004,158,7.583222044916847,7.6511399280330625,0.0582100130140194,7.1480529573753016,7.885059306693344,0.0
bridge_circle_out125_xminus075,response,2711,847402,bridge_circle_out125,圆核｜向外EE×1.25，核内EI×1，左核x偏移-0.75mm,primary,TA,65,1.0,0.9692307692307692,0.848951048951049,1.0,0.2234908021463282,0.8642857142857141,15,65,-21.136112214553577,-26.95882479667416,-12.827146492328032,13.246153846153844,0.183794669459731,105,65,16.046153846153846,16.0,0.0759615384615384,16.0,16.0,65,44.36923076923077,48.0,61.48653846153847,26.0,52.0,65,61.7676888481849,63.9444862155392,101.6273814597892,35.16871039509024,72.38954207295173,65,61.02325523483975,63.40868799132659,78.74855984006936,36.43500790729813,69.80013682136806,65,0.1425155573805399,0.1476749239461104,0.0014933837358562,0.0729703875810754,0.1917129760048448,65,1.2,1.0,0.225,1.0,2.0,65,0.990889823374728,1.0,0.0004864454184641,0.9495630190321152,1.0,65,342.55384615384617,340.0,388.4697115384615,315.4,373.8,65,94.64615384615384,91.0,148.82596153846154,82.0,120.0,65,7.361157920564358,7.389132991373041,0.0238737802643344,7.093438300811396,7.575541736000104,0.0
bridge_circle_out125_xminus075,response,2711,847402,bridge_circle_out125,圆核｜向外EE×1.25，核内EI×1，左核x偏移-0.75mm,primary,TB,93,1.0,0.967741935483871,0.9755620723362658,1.0,0.2068155166472668,0.5249999999999999,15,93,35.33512809294916,-8.553601944480032,37.55999971284073,14.623655913978494,0.312648997609449,105,93,16.225806451612904,16.0,0.4593267882187937,16.0,18.0,93,73.11827956989248,78.0,411.9532491818607,30.4,94.79999999999998,93,-35.25884096083617,-60.22477297213845,1210.5756495469493,-65.10124266144922,25.9707090300988,93,-33.26144875094777,-49.14775452365211,1147.8752967512914,-64.19094314880712,26.133151302667827,93,0.1451417680178318,0.1292477490560557,0.0026902184006128,0.0921296658921917,0.255630142396026,93,2.150537634408602,2.0,0.5857877512856475,1.0,3.3999999999999915,93,0.8914185910160302,0.9015203085999546,0.0085145387110641,0.6772577362703224,1.0,93,377.5698924731183,381.0,125.31299672744274,359.0,387.0,93,110.08602150537637,103.0,195.8838242169238,96.6,140.39999999999998,93,7.738428153335254,7.749483797321082,0.0235376973237963,7.535291279558093,7.902989465971038,0.0
bridge_circle_weight150,response,2511,847401,curve_circle_out1_EI1,圆核｜向外EE×1.5，核内EI×1,primary,ALL,159,1.0,0.9842767295597484,0.9954259576901088,1.0,0.1789869028418002,0.1214285714285714,15,159,-12.42086568527884,-22.373850475564723,35.60794728198671,14.89937106918239,0.1894432892375579,105,159,16.58490566037736,16.0,0.8266061619297828,16.0,18.0,159,58.33962264150944,50.0,286.28898973011707,32.0,82.0,159,7.608075812174848,29.147428571428463,3017.5358471642467,-61.65806013671845,63.15701807989662,159,6.299188354887264,28.41996124030993,2823.925403795781,-60.23862717732554,60.36684222732074,159,0.1282429907682563,0.120008319467554,0.000948062594687,0.0874018408632771,0.1841031473979112,159,1.6163522012578615,2.0,0.2759334447894275,1.0,2.0,159,0.961590478855103,0.978393242977804,0.0049402386073692,0.895528553201272,1.0,159,375.6352201257862,377.0,74.10659979301009,364.0,387.1,159,111.54716981132076,105.0,321.1227609266778,95.9,151.1,159,7.677419782624671,7.6689818450321345,0.0169481831040651,7.489122008820567,7.865853336790513,0.0
bridge_circle_weight150,response,2511,847401,curve_circle_out1_EI1,圆核｜向外EE×1.5，核内EI×1,primary,TA,79,1.0,0.9683544303797468,0.9930955120828538,1.0,0.1506973643515202,0.8642857142857141,15,79,-19.17120969003008,-23.616681728839467,-14.672152045973196,14.822784810126585,0.2110006586469936,105,79,16.0,16.0,0.0,16.0,16.0,79,45.67088607594937,48.0,37.89029535864979,32.0,50.19999999999999,79,59.31195589505235,61.26421653407306,48.395778816224926,42.22945092578657,63.88324911297823,79,56.469748613213056,58.44550721971973,41.431410718005296,40.04797612813072,61.17671713547606,79,0.1170152060705682,0.111925015752993,0.0006231757540848,0.0839632645242086,0.1608780223133954,79,1.6962025316455696,2.0,0.291139240506329,1.0,2.0,79,0.9571648422246868,0.9546800273286268,0.0014648761494932,0.8938536015902755,1.0,79,370.8607594936709,369.0,37.506004543979216,362.9,379.0,79,106.54430379746836,105.0,90.8666017526777,95.0,127.1,79,7.605659978527639,7.603676498585834,0.0064506156819146,7.464837124317999,7.716864677308467,0.0
bridge_circle_weight150,response,2511,847401,curve_circle_out1_EI1,圆核｜向外EE×1.5，核内EI×1,primary,TB,80,1.0,1.0,0.9977272727272728,1.0,0.2302384557153672,0.5249999999999999,15,80,34.39501019442832,-10.075940402324523,35.85923215812363,14.975,0.3263335871461718,105,80,17.1625,18.0,0.9732594936708864,16.0,18.0,80,70.85,76.0,216.17974683544304,37.8,84.0,80,-43.449505769666686,-58.091389801478726,674.1222292535626,-61.94065115937192,13.028019412661513,80,-43.24423990020946,-56.90738153963321,604.2371757998233,-60.67123487740173,10.093444014984009,80,0.1393304281572234,0.1332805981784224,0.0010302872269038,0.0940457187989915,0.1951543010883658,80,1.5375,2.0,0.2517405063291139,1.0,2.0,80,0.9659607950276388,0.990832953639026,0.0083952161103907,0.9112246364006584,1.0,80,380.35,382.0,65.87594936708861,365.95,389.35,80,116.4875,105.0,502.78465189873424,96.0,164.05,80,7.748282589170489,7.781233422257067,0.0172928332897401,7.502229876192972,7.916456188653919,0.0
curve_circle_out1_EI1,response,2711,847401,curve_circle_out1_EI1,圆核｜向外EE×1，核内EI×1,primary,ALL,108,0.9629629629629628,0.925925925925926,0.9057239057239058,0.9629629629629628,0.1487060454485846,-0.9392857142857142,15,104,36.868460256308026,28.88911783625299,112.07959564406808,13.296296296296296,0.5734491304277993,105,108,16.074074074074073,16.0,0.1626860505365177,16.0,16.0,108,98.9074074074074,84.0,703.1315334025614,71.4,155.29999999999998,108,-24.09373641068456,-55.58562937062925,2837.353404295663,-78.04075574712587,66.68831501512837,108,-20.20301793106749,-59.84945018409098,3054.608472172049,-69.30303562319895,66.67340728580511,108,0.1212723455452651,0.1121838709877114,0.0033922082389596,0.0524834016224956,0.2199246384641804,108,1.5833333333333333,1.0,0.5817757009345795,1.0,3.0,108,0.9172759148594491,1.0,0.0143269138983105,0.6676371973558876,1.0,108,315.27777777777777,314.0,1576.9501557632402,254.1,381.3,108,78.05555555555556,78.0,94.595015576324,64.0,97.29999999999998,108,7.346541205184082,7.296624861870809,0.3808230676181137,6.139039904442049,8.219185353783283,0.0370370370370372
curve_circle_out1_EI1,response,2711,847401,curve_circle_out1_EI1,圆核｜向外EE×1，核内EI×1,primary,TA,9,1.0,0.9444444444444444,0.7272727272727273,1.0,0.3733271440829359,0.2363636363636363,11,9,92.76485168028375,61.05308188905256,93.95943863536522,10.88888888888889,0.3967941194525896,55,9,16.0,16.0,0.0,16.0,16.0,9,119.11111111111111,120.0,1.1111111111111112,118.0,120.0,9,64.65050391954144,65.01608120437959,1.092017754678281,62.932874458875446,65.70529416195787,9,64.8802915651594,64.96575887880226,0.846103761637449,63.47715852994952,65.80857200077989,9,0.1265607345584217,0.1275186567164179,0.0001653180366166,0.1114760182639826,0.1455455982408054,9,1.0,1.0,0.0,1.0,1.0,9,1.0,1.0,0.0,1.0,1.0,9,331.1111111111111,330.0,3.111111111111111,329.4,333.6,9,71.66666666666667,72.0,5.249999999999999,69.0,74.6,9,8.012760479279475,8.010921940907835,0.0015198138775708,7.958889355893397,8.0630038364311,0.0
curve_circle_out1_EI1,response,2711,847401,curve_circle_out1_EI1,圆核｜向外EE×1，核内EI×1,primary,TB,99,0.9595959595959596,0.9242424242424244,0.9219467401285584,0.9595959595959596,0.146605086953308,0.5249999999999999,15,95,36.66139187093359,28.63077512067066,112.83781828121757,13.515151515151516,0.3540594967170565,105,99,16.08080808080808,16.0,0.1770768913626056,16.0,16.099999999999994,99,97.07070707070709,84.0,726.7194392908676,69.8,156.0,99,-32.16139462252328,-61.81390288593684,2308.8223734511885,-78.56104846779326,66.83363823461013,99,-27.937864248906298,-62.24579831933079,2609.804640717774,-69.51765803420695,66.70529901503214,99,0.1207915829077054,0.1081341557440246,0.0036874403225704,0.0519569539963382,0.2221496031896934,99,1.6363636363636365,1.0,0.6011131725417439,1.0,3.0,99,0.9097555434830356,1.0,0.0149570538385702,0.6601897050532032,1.0,99,313.83838383838383,295.0,1696.402185116471,251.6,382.6,99,78.63636363636364,78.0,98.7643784786642,63.8,98.1,99,7.285975816629957,7.139187191438673,0.3712053894974629,6.1169152583205175,8.222784511837013,0.04040404040404044
curve_ellipse4_out1_EI1,response,2712,847401,curve_ellipse4_out1_EI1,椭圆4:1｜向外EE×1，核内EI×1,primary,ALL,138,1.0,0.9673913043478262,0.9341238471673254,1.0,0.1795658771524708,-0.9428571428571428,15,138,36.008302191236,32.124644880599405,117.34453090654934,13.92753623188406,0.573542953944369,105,138,16.159420289855074,16.0,0.2809690045488204,16.0,18.0,138,94.31884057971014,80.0,755.8684015656406,74.0,144.60000000000002,138,-29.99246560094265,-62.01343545806958,2783.8527753029457,-68.14553940615806,65.18794658535045,138,-31.057566950341734,-61.71693549732936,2490.869626074211,-66.58918964879322,61.373898378424016,138,0.1746095696830286,0.1796962352102962,0.0039006951537325,0.0661022530033431,0.2667486185955186,138,1.7826086956521738,2.0,0.609330371310695,1.0,3.0,138,0.9183236082239582,0.9399845399020028,0.0171537882835299,0.6850658900782242,1.0,138,341.7608695652174,349.0,735.5847350047603,285.85,372.15,138,85.71014492753623,88.0,67.34602771606897,72.0,96.0,138,7.555796239940673,7.531904625263927,0.0797919929543896,7.082388462880992,8.036280001307368,0.0
curve_ellipse4_out1_EI1,response,2712,847401,curve_ellipse4_out1_EI1,椭圆4:1｜向外EE×1，核内EI×1,primary,TA,27,1.0,0.9074074074074074,0.7609427609427609,1.0,0.3313518354409606,0.2857142857142856,15,27,102.52313586078526,-4.103091925697663,103.94606916286338,11.296296296296296,0.2980061666864791,105,27,16.0,16.0,0.0,16.0,16.0,27,116.88888888888889,126.0,712.4102564102566,46.6,128.0,27,64.8155566067351,63.67716186252801,22.184526417447916,60.36927498400409,72.25118660259541,27,56.61838130968575,60.44746276889782,104.91540068865828,32.745287878787714,62.73601097628416,27,0.1008104622253332,0.1129074090083859,0.0013873551529163,0.0354182966861953,0.142992957850673,27,1.2222222222222223,1.0,0.2564102564102564,1.0,2.0,27,0.9781833400674348,1.0,0.003048424229718,0.8595779568949841,1.0,27,346.22222222222223,345.0,113.64102564102564,339.0,369.5,27,78.25925925925925,74.0,109.66096866096866,70.3,97.6,27,7.821077289488149,7.8598853507072866,0.0422187472819327,7.353320655374048,8.043017192167309,0.0
curve_ellipse4_out1_EI1,response,2712,847401,curve_ellipse4_out1_EI1,椭圆4:1｜向外EE×1，核内EI×1,primary,TB,111,1.0,0.981981981981982,0.9762489762489764,1.0,0.203076293553205,0.5071428571428571,15,111,35.798386832727374,34.03568711981097,117.74353421530212,14.567567567567568,0.3985538075061296,105,111,16.1981981981982,16.0,0.3421785421785419,16.0,18.0,111,88.82882882882883,80.0,617.5613431613432,76.0,148.0,111,-53.05387640821562,-62.62211350293728,718.971830106168,-69.22623183692485,16.84859070753737,111,-52.384148959537605,-62.39562925543578,731.6821167605096,-66.78659525844887,15.093801218162298,111,0.192560703929495,0.1946902654867256,0.0028682243774733,0.1071952574527574,0.2718688128129281,111,1.9189189189189189,2.0,0.6024570024570026,1.0,3.0,111,0.9037631329106804,0.9279682066567312,0.019550282513447,0.5954596438791028,1.0,111,340.6756756756757,353.0,883.2029484029483,284.5,370.0,111,87.52252252252252,89.0,41.015397215397215,78.0,95.5,111,7.491268417077772,7.4875509738848445,0.0679230038381596,7.06669451574072,8.010440726951742,0.0
curve_ellipse4_out1_EI1,response,2711,847401,curve_ellipse4_out1_EI1,椭圆4:1｜向外EE×1，核内EI×1,primary,ALL,120,1.0,0.8708333333333333,0.9136363636363636,1.0,0.1218917551846231,-0.9285714285714284,15,120,36.41243387982741,-22.818639655231163,99.82956107954568,13.416666666666666,0.5666252161984995,105,120,16.016666666666666,16.0,0.0333333333333333,16.0,16.0,120,91.93333333333334,82.0,696.3316526610644,61.400000000000006,142.39999999999998,120,-31.0065281586293,-64.43171309873105,3660.935537109574,-86.07295868346955,75.26797692307687,120,-35.57527457418122,-64.68959442110281,2792.618070483111,-72.81359374041513,66.52619877677651,120,0.0930884310135064,0.0805426481862775,0.0022331055346721,0.0397312016998882,0.1708184833871503,120,1.5,1.0,0.4873949579831932,1.0,3.0,120,0.9293120301772884,1.0,0.0130054868355659,0.7150709305338774,1.0,120,310.7416666666667,307.0,1824.8486694677872,248.8,375.1,120,79.91666666666667,78.0,75.42156862745098,67.95,96.0,120,7.194193415396577,7.226569087846398,0.4562949432853109,6.074973500888328,8.185775106914472,0.0
curve_ellipse4_out1_EI1,response,2711,847401,curve_ellipse4_out1_EI1,椭圆4:1｜向外EE×1，核内EI×1,primary,TA,16,1.0,0.5625,0.7272727272727273,1.0,0.3349104317002151,0.0857142857142857,15,16,-16.549499251168527,-27.20516026562564,94.82035849175008,10.6875,0.38707405529986,104,16,16.0625,16.0,0.0625,16.0,16.25,16,98.375,119.0,1603.85,34.5,132.0,16,71.61894573782754,69.2889760239741,150.34418881202353,52.72569444444434,90.79487677527322,16,61.74478154452113,64.3386919337081,115.56993626900667,42.201213877324335,71.69833395390742,16,0.0677749683953939,0.0601164445664763,0.0006274005309375,0.0348819308094772,0.1087463714714073,16,1.375,1.0,0.65,1.0,2.5,16,0.9644959655950353,1.0,0.0050209070820855,0.8322728203192684,1.0,16,326.8125,327.0,447.2291666666667,301.25,365.75,16,77.4375,77.0,38.79583333333333,69.0,88.25,16,7.724746656421532,7.789252212443333,0.0833860794072663,7.245234833840122,8.010745032465605,0.0
curve_ellipse4_out1_EI1,response,2711,847401,curve_ellipse4_out1_EI1,椭圆4:1｜向外EE×1，核内EI×1,primary,TB,104,1.0,0.9182692307692308,0.9423076923076924,1.0,0.1543410198179312,0.4964285714285714,15,104,36.45903450554397,21.678222084036317,103.13206584576736,13.836538461538462,0.3710997458128783,105,104,16.009615384615383,16.0,0.0290328603435399,16.0,16.0,104,90.9423076923077,82.0,563.491784914115,70.6,148.79999999999995,104,-46.79506260423804,-65.32462042891075,2319.9948206846934,-86.74505952380969,69.02018046229387,104,-50.54759090013543,-65.39208752518516,1511.9922479145227,-73.01041958669103,62.92615086063815,104,0.0969828098778314,0.0845004214783243,0.0023737759709279,0.0402196446500831,0.1763996365931181,104,1.5192307692307692,1.0,0.465646004480956,1.0,3.0,104,0.9238991170360964,1.0,0.0140726758916046,0.6322660105943823,1.0,104,308.2692307692308,293.0,1996.8976848394325,245.6,375.0,104,80.29807692307692,78.0,80.38601568334576,67.15,96.0,104,7.112569839854277,7.051690983391778,0.4645789199425385,6.070834380562699,8.209527932859304,0.0
curve_circle_out1_EI0.75,response,2711,847401,curve_circle_out1_EI1,圆核｜向外EE×1，核内EI×0.75,primary,ALL,174,1.0,0.8448275862068966,0.9681295715778476,1.0,0.1531224018744295,0.1964285714285714,15,174,-16.508771595832513,-24.55420599966383,36.27908691607727,14.339080459770114,0.1958051397732396,105,174,16.701149425287355,16.0,0.8581489602019801,16.0,18.0,174,53.41379310344828,50.0,220.6254733904724,25.3,72.0,174,13.02219374821757,41.42474766289524,2656.2043911107507,-58.975577224828704,60.74804510406375,174,12.9807182928304,41.9143558331034,2620.5547579846248,-58.56697703532736,60.198577587363616,174,0.327590696607716,0.319059078374402,0.0010700901293739,0.3029398024600783,0.3939924683042098,174,1.4482758620689655,1.0,0.329679091090293,1.0,2.0,174,0.958831384635584,1.0,0.0102226234799271,0.906100242935686,1.0,174,365.8850574712644,368.0,191.47804132615775,341.65,383.0,174,105.94827586206895,99.0,363.1591588598764,87.0,147.35,174,7.612576913196324,7.585343121310719,0.0193723211421017,7.411913461587299,7.821253456522877,0.0
curve_circle_out1_EI0.75,response,2711,847401,curve_circle_out1_EI1,圆核｜向外EE×1，核内EI×0.75,primary,TA,93,1.0,0.7956989247311828,0.9462365591397848,1.0,0.1597721230535511,0.8035714285714284,15,93,-20.072719436488114,-25.47026162950715,-16.3529163834246,14.0,0.2219103808182239,105,93,16.344086021505376,16.0,0.4890135577372605,16.0,18.0,93,46.17204301075269,48.0,49.36138382421693,30.0,52.0,93,56.99898367611765,59.4719270914502,46.767825778891165,40.93354874732613,60.91203647348302,93,56.66498819254661,58.98839975813462,43.34325633901617,41.40683562923223,60.41966711421119,93,0.3201390317955801,0.3202779532533165,8.818161410868527e-05,0.3051145444711766,0.3339736607543395,93,1.4731182795698925,1.0,0.2519869097709209,1.0,2.0,93,0.9765355521990146,1.0,0.0008846039612499,0.9206549243088912,1.0,93,356.0752688172043,353.0,106.48340345956048,339.8,369.0,93,97.44086021505376,95.0,109.0535296867695,85.0,122.0,93,7.508093134468026,7.505954136539485,0.0049540264543528,7.38859251977161,7.629808310070449,0.0
curve_circle_out1_EI0.75,response,2711,847401,curve_circle_out1_EI1,圆核｜向外EE×1，核内EI×0.75,primary,TB,81,1.0,0.9012345679012346,0.9932659932659932,1.0,0.2137981264972601,0.5392857142857141,15,81,35.28057103637184,-9.39180099754958,36.47780663674348,14.728395061728396,0.3154571649205432,105,81,17.11111111111111,18.0,0.975,16.0,18.0,81,61.72839506172839,70.0,289.3753086419753,24.0,74.0,81,-37.46967616900105,-56.627582644629,860.735970925645,-59.42988231789059,18.39024359460018,81,-37.17529529573265,-56.06019666709835,851.6172038867301,-58.92687800004933,18.51806453418249,81,0.3361463117623905,0.3177790481634986,0.0020739970198886,0.3018991486574983,0.4617249198529987,81,1.4197530864197532,1.0,0.4216049382716049,1.0,2.0,81,0.938504377433127,1.0,0.0203064055069785,0.5176854395604396,1.0,81,377.14814814814815,378.0,51.30277777777777,366.0,383.0,81,115.71604938271604,101.0,479.1808641975308,95.0,152.0,81,7.732539770254741,7.751485396152678,0.0089336886150882,7.522798688501362,7.853042061632532,0.0
bridge_circle_out125,response,2511,847401,curve_circle_out1_EI1,圆核｜向外EE×1.25，核内EI×1,primary,ALL,139,1.0,0.6582733812949639,0.999345977763244,1.0,0.193003375751599,-0.4392857142857142,15,139,7.144601649095421,-22.478065874015737,50.31765260767916,13.906474820143885,0.291969729026902,105,139,16.287769784172664,16.0,0.4962986132832865,16.0,18.0,139,64.41726618705036,62.0,692.8970910228339,31.8,126.0,139,10.2405476883749,23.5199999999968,3570.1081611864006,-67.19726991512175,77.04615388090697,139,6.876363521066693,17.20388349514542,3292.456832375121,-65.02533073969498,67.9278579388496,139,0.0932677474378753,0.0868913196894848,0.0011916665974441,0.0459313174017849,0.1644195818745545,139,2.2302158273381294,2.0,0.5553122719215932,1.0,3.0,139,0.9224003948430568,0.9360829715388326,0.0074424603045984,0.7537802014422791,1.0,139,361.50359712230215,362.0,315.83150870607864,334.0,390.2,139,99.62589928057554,97.0,87.48222291731832,88.0,118.2,139,7.532173908333651,7.489849181187178,0.0480266293825046,7.231803073793019,7.921135848690377,0.0
bridge_circle_out125,response,2511,847401,curve_circle_out1_EI1,圆核｜向外EE×1.25，核内EI×1,primary,TA,67,1.0,0.3955223880597015,0.9986431478968792,1.0,0.2304297728977596,0.7607142857142856,15,67,-15.616664680681424,-23.25004737290219,51.269091081076745,13.119402985074627,0.1671448770753069,105,67,16.059701492537314,16.0,0.1175938489371325,16.0,16.0,67,48.56716417910448,42.0,644.8249660786973,26.6,127.4,67,67.48695861090168,67.56293018682481,47.28912334339761,53.73714381105001,78.01876146788854,67,62.22743649407507,63.78787878787989,47.8056805419824,45.80240324261349,68.90310606060811,67,0.0757719037639133,0.0697290725946509,0.0006907229156581,0.0441866601259532,0.1233628499503158,67,2.1194029850746268,2.0,0.3491632745364089,1.0,3.0,67,0.9389247220041538,0.9402400195934362,0.0019066190794718,0.8726845432001209,1.0,67,355.8955223880597,349.0,353.06467661691545,333.0,386.7,67,97.14925373134328,96.0,72.88647670737221,86.3,111.7,67,7.456163826314357,7.385371890065513,0.0490152965717133,7.220486831690287,7.894714518959342,0.0
bridge_circle_out125,response,2511,847401,curve_circle_out1_EI1,圆核｜向外EE×1.25，核内EI×1,primary,TB,72,1.0,0.9027777777777776,1.0,1.0,0.2093820618498892,0.5392857142857141,15,72,35.15070612651493,-13.060446764276277,41.72590482083572,14.63888888888889,0.3631344393143232,105,72,16.5,16.0,0.7605633802816901,16.0,18.0,72,79.16666666666667,80.0,289.6619718309859,47.1,103.60000000000002,72,-43.03041803119863,-62.415018403496106,924.8365149538804,-68.14796481092726,15.014390453297729,72,-44.63088493992721,-62.05304388009972,773.4851249539515,-65.27660713209335,12.302915869743638,72,0.1095486019678121,0.1025542301560677,0.0011164578210815,0.0669184950948636,0.1726078346130267,72,2.333333333333333,2.0,0.7323943661971831,1.0,3.450000000000003,72,0.9070235904014808,0.9356677110826608,0.0121958305002373,0.6440839283364044,1.0,72,366.72222222222223,365.0,228.37245696400623,342.0,394.45,72,101.93055555555556,98.0,91.10778560250392,91.0,120.45,72,7.602905512434936,7.54047537229985,0.0372585562254698,7.354137386043084,7.926585142972343,0.0
bridge_circle_weight150,response,2712,847401,curve_circle_out1_EI1,圆核｜向外EE×1.5，核内EI×1,primary,ALL,167,1.0,0.907185628742515,0.9711486118671748,1.0,0.1718872422075424,0.3642857142857142,15,167,-14.929823319653224,-22.70427282190285,36.012803784189146,14.47305389221557,0.1892358546367035,105,167,16.65868263473054,16.0,0.8767765673472333,16.0,18.0,167,55.19760479041916,50.0,220.195656879013,28.0,74.0,167,8.937395540540031,35.84829531813011,2795.5604019277907,-58.17988465488334,59.70338751290037,167,8.372827712318745,35.95864193134912,2649.5389090992185,-56.80325977069551,57.96677887739425,167,0.2203542697662487,0.2327586206896551,0.0017193026658375,0.1400086056261218,0.2635972848561188,167,1.095808383233533,1.0,0.1112473847485751,1.0,2.0,167,0.993189538016646,1.0,0.0016990513921069,0.9645136291633764,1.0,167,363.58682634730536,372.0,185.05115071062693,339.0,375.0,167,104.82634730538922,100.0,388.3130365774475,85.3,150.7,167,7.729638969793857,7.788719911750965,0.0169474968152867,7.485292837376162,7.860286489041505,0.0
bridge_circle_weight150,response,2712,847401,curve_circle_out1_EI1,圆核｜向外EE×1.5，核内EI×1,primary,TA,88,1.0,0.8522727272727273,0.9473140495867768,1.0,0.1676654697372509,0.8178571428571428,15,88,-19.706101260203923,-24.238092634504252,-14.87147558894176,14.079545454545457,0.2237575240271084,105,88,16.0,16.0,0.0,16.0,16.0,88,45.36363636363637,48.0,44.92371995820271,28.700000000000003,52.0,88,56.08971539960746,58.030384591900656,47.478078488564506,37.6069071594884,60.29723934519025,88,54.31038030463715,56.68976610755453,45.2582863384847,37.62474278058653,58.354088688475166,88,0.2006018891465914,0.210627866048422,0.0017055019414818,0.1296050209734577,0.2545832207918311,88,1.056818181818182,1.0,0.0771943573667711,1.0,1.0,88,0.9990422251562766,1.0,3.08884394369513e-05,1.0,1.0,88,357.09090909090907,355.0,187.43991640543365,338.35,374.0,88,95.9318181818182,94.5,114.01828631138976,84.0,119.65,88,7.692959629349957,7.662666173099094,0.0170462622250173,7.4853886233597615,7.866748887309617,0.0
bridge_circle_weight150,response,2712,847401,curve_circle_out1_EI1,圆核｜向外EE×1.5，核内EI×1,primary,TB,79,1.0,0.9683544303797468,0.997698504027618,1.0,0.2259979493862532,0.5249999999999999,15,79,34.97797620669007,-10.458097926578192,36.17706977839225,14.91139240506329,0.3384387849114056,105,79,17.39240506329114,18.0,0.8312236286919832,16.0,18.0,79,66.15189873417721,72.0,187.87406686140864,25.8,74.0,79,-43.586707593611024,-56.20162037036971,594.0342423810428,-58.49082484861246,15.161223903783668,79,-42.798116947478974,-54.87786880566455,555.4415182971019,-57.08578451687508,14.851837425594908,79,0.2423569215957404,0.2454967248908297,0.0008262382022128,0.1956601581625198,0.3015252475376179,79,1.139240506329114,1.0,0.1470301850048685,1.0,2.0,79,0.9866700890509816,1.0,0.0034997837894089,0.9340496377596595,1.0,79,370.82278481012656,373.0,84.1220382992535,346.6,376.0,79,114.73417721518987,103.0,510.5566374553717,98.0,164.0,79,7.770496969275672,7.8113553914139935,0.0138459747537834,7.507638546662392,7.83922654477091,0.0
bridge_circle_weight150,response,2511,847402,curve_circle_out1_EI1,圆核｜向外EE×1.5，核内EI×1,primary,ALL,166,1.0,0.9849397590361446,0.9934282584884996,1.0,0.1772617632898819,-0.1535714285714285,15,166,-10.558948322277502,-22.39205661146389,35.856262965633505,14.873493975903614,0.2042395385262608,105,166,16.626506024096386,16.0,0.8657174151150054,16.0,18.0,166,59.19277108433735,52.0,337.356553486674,30.0,84.0,166,3.24888287556547,13.12603828463034,3008.023215400378,-61.56623118029256,63.23275386490423,166,2.141087864894241,13.64772558396362,2780.0322090805,-59.86313667633885,60.4324487533695,166,0.1289366866978309,0.1253847684931814,0.0010636914096107,0.0861259589698012,0.1860674412614434,166,1.5602409638554218,2.0,0.3327126688572471,1.0,2.0,166,0.9658317004202114,0.9872190759083936,0.0044359273544394,0.8986653541843557,1.0,166,376.23493975903614,378.0,58.76265060240965,364.0,386.0,166,112.6566265060241,106.0,289.026834611172,96.0,148.75,166,7.684817187859172,7.676642288202951,0.0156862439910512,7.477780832304179,7.864731003302294,0.0
bridge_circle_weight150,response,2511,847402,curve_circle_out1_EI1,圆核｜向外EE×1.5，核内EI×1,primary,TA,75,1.0,0.98,0.9903030303030304,1.0,0.1508599400768029,0.8571428571428571,15,75,-19.573342696945478,-23.19701675122774,-13.122568033917924,14.813333333333333,0.2124900213837149,105,75,16.053333333333335,16.0,0.1052252252252251,16.0,16.0,75,45.36,48.0,48.1254054054054,30.0,52.0,75,58.60365766208808,61.20985507246223,57.14118977065369,39.84293076923096,63.70244653929986,75,55.41922396884233,58.28619880931001,53.737435538084135,34.958635822143336,60.66824365398461,75,0.1208031892701559,0.1164297658862876,0.0006478135396551,0.0849284981277325,0.167170557090356,75,1.5066666666666666,1.0,0.3344144144144144,1.0,2.0,75,0.9710396097169868,1.0,0.001271431854705,0.8979826103910449,1.0,75,372.5733333333333,374.0,49.54522522522522,361.7,381.3,75,109.08,108.0,96.37189189189188,96.7,130.3,75,7.600064423032597,7.613369667949752,0.0066734440180697,7.47213688596364,7.70086152975264,0.0
bridge_circle_weight150,response,2511,847402,curve_circle_out1_EI1,圆核｜向外EE×1.5，核内EI×1,primary,TB,91,1.0,0.989010989010989,0.996003996003996,1.0,0.2267769172538286,0.5249999999999999,15,91,34.557494068096275,-12.959337836140548,35.8784237585287,14.923076923076923,0.31230459341994,105,91,17.0989010989011,18.0,1.001221001221001,16.0,18.0,91,70.5934065934066,76.0,288.04395604395603,29.0,89.0,91,-42.37318425618393,-59.05624649859965,809.7678530001754,-61.86057969337162,21.04708618908444,91,-41.76946386912891,-57.34243697478814,737.5148209866395,-60.219127314630896,19.706835616549142,91,0.135640118643717,0.1323478139599748,0.0013168907903802,0.0868749747579326,0.1944051841988052,91,1.6043956043956045,2.0,0.3306471306471306,1.0,2.0,91,0.9615394674833088,0.9861276258422512,0.0070459040589431,0.909256812947252,1.0,91,379.25274725274727,380.0,46.6131868131868,368.0,387.5,91,115.6043956043956,105.0,431.1973137973138,95.0,154.5,91,7.7546683676612895,7.771174946921443,0.0123518002128675,7.558365587909987,7.885215901094881,0.0
bridge_circle_degree150,response,2511,847401,curve_circle_out1_EI1,圆核｜向外EE×1，核内EI×1，向外边数×1.5,primary,ALL,157,1.0,1.0,0.996525767226404,1.0,0.183147727529004,0.0035714285714285,15,157,-14.2018050334882,-22.31322848247473,35.5625514072075,14.961783439490446,0.1938893659288194,105,157,16.503184713375795,16.0,0.7515923566878979,16.0,18.0,157,58.955414012738856,50.0,299.72235832108447,32.0,86.0,157,7.685914636339089,27.509857142857072,3037.062294151822,-62.26524561935039,63.769755649249966,157,5.901381163940557,21.255411255409854,2792.457483207896,-60.59798608047422,60.48984975863423,157,0.1147576952698486,0.1049260748109286,0.000755356961682,0.0853425253115132,0.171162670175527,157,1.6496815286624205,2.0,0.2803364363873918,1.0,2.0,157,0.9710426337191428,0.9786542923433876,0.0010069338037518,0.9031132621491024,1.0,157,377.2165605095541,377.0,59.43998040176384,366.0,388.0,157,112.44585987261146,104.0,418.4537808263923,95.0,161.0,157,7.696040737771495,7.672092480075831,0.0152393166927319,7.535004215010334,7.868989518842883,0.0
bridge_circle_degree150,response,2511,847401,curve_circle_out1_EI1,圆核｜向外EE×1，核内EI×1，向外边数×1.5,primary,TA,77,1.0,1.0,0.9952774498229044,1.0,0.1590485068798779,0.8571428571428571,15,77,-19.55792316156294,-23.151601505973662,-16.24667048532865,14.948051948051948,0.2157055066367358,105,77,16.038961038961038,16.0,0.0642515379357484,16.0,16.0,77,45.896103896103895,48.0,31.989063568010938,31.6,50.0,77,60.12333207714523,61.95961538461415,41.87021906839644,42.376037937632645,64.22154026400058,77,56.42301014970891,58.554956152005616,36.57780902743159,39.78082450444272,61.05145748501527,77,0.1048035539704368,0.0980739428824441,0.0004688393475821,0.0825708188700687,0.1503897637135811,77,1.792207792207792,2.0,0.245727956254272,1.0,2.0,77,0.9580089725969244,0.9593826157595452,0.0011712507306048,0.8932942350364008,1.0,77,373.1818181818182,374.0,20.91387559808613,366.0,380.0,77,106.51948051948052,105.0,84.64764183185235,95.8,127.2,77,7.631871479256737,7.619141426101879,0.004697183204916,7.535004215010334,7.755512301900504,0.0
bridge_circle_degree150,response,2511,847401,curve_circle_out1_EI1,圆核｜向外EE×1，核内EI×1，向外边数×1.5,primary,TB,80,1.0,1.0,0.9977272727272728,1.0,0.2302384557153672,0.5249999999999999,15,80,34.36369471071339,-8.700346204640573,35.79162041878053,14.975,0.3218036726162571,105,80,16.95,16.0,1.010126582278481,16.0,18.0,80,71.525,76.0,234.86012658227853,39.9,88.0,80,-42.78509965043683,-59.23526553862939,697.3183164846356,-62.56859049959019,10.75603758169836,80,-42.72568673486148,-57.75796711599151,596.6914007043955,-60.95672269428094,9.322297279295247,80,0.1243385562705325,0.116235058809614,0.0008510243578651,0.0873979049126072,0.179045150845739,80,1.5125,1.5,0.2783227848101266,1.0,2.0,80,0.9835875325492782,0.9956927494615936,0.0005366605330822,0.931802201773114,1.0,80,381.1,383.0,66.11645569620252,365.75,395.1,80,118.15,102.0,677.6987341772152,94.95,168.05,80,7.7578036490919455,7.788842344611139,0.0176976263982102,7.556475244452783,7.930844955949538,0.0
bridge_circle_out125_xminus075,response,2712,847401,bridge_circle_out125,圆核｜向外EE×1.25，核内EI×1，左核x偏移-0.75mm,primary,ALL,165,1.0,0.6515151515151515,0.9691460055096418,1.0,0.1851896813353566,-0.1178571428571428,15,165,18.01591943519452,-18.71204718831723,49.59727285177578,13.703030303030303,0.2710982049679906,105,165,16.612121212121213,16.0,0.8608277900960828,16.0,18.0,165,76.61818181818182,72.0,1176.7130820399111,26.4,130.0,165,10.792766425913536,48.21924731183026,3132.9721467170566,-62.372194648378354,65.02838351042882,165,10.11696134472644,47.889773423148654,2993.762362603931,-60.99000898066733,62.60798864557946,165,0.2134706507823155,0.2195007800312012,0.0028283061167038,0.114937217343731,0.2933236405633449,165,1.3757575757575755,1.0,0.2847745750184774,1.0,2.0,165,0.9636721473434134,1.0,0.008503211285243,0.8957814443363117,1.0,165,367.2060606060606,370.0,147.359719142646,343.4,385.0,165,98.32121212121211,96.0,279.0486326681448,78.0,139.0,165,7.652721862115618,7.705695396932865,0.0258187234132008,7.371574382514481,7.81213274143486,0.0
bridge_circle_out125_xminus075,response,2712,847401,bridge_circle_out125,圆核｜向外EE×1.25，核内EI×1，左核x偏移-0.75mm,primary,TA,87,1.0,0.4770114942528736,0.9467084639498432,1.0,0.2166439808327258,0.5857142857142856,15,87,-10.934505512363105,-19.682492231087235,50.03129546681521,12.977011494252874,0.2457987518579376,105,87,16.0,16.0,0.0232558139534883,16.0,16.0,87,82.50574712643679,52.0,1926.2528735632188,23.2,130.0,87,60.33378037401264,61.69228110599124,40.05690448139588,48.59819575696129,65.89619020177925,87,58.67299075177644,60.70929931914361,35.75050310677216,47.91740257493493,63.07939868101821,87,0.1921066143973212,0.2003053189779849,0.0022031563065568,0.109750450057735,0.2517898738363773,87,1.3218390804597702,1.0,0.2440523924084469,1.0,2.0,87,0.9834490942094776,1.0,0.000904206652295,0.9247678477210926,1.0,87,365.41379310344826,365.0,188.36166800320763,340.6,385.0,87,89.20689655172414,87.0,100.700882117081,77.3,110.5,87,7.59319285392967,7.587545087860809,0.0236093161146008,7.347815822906746,7.819559861558298,0.0
bridge_circle_out125_xminus075,response,2712,847401,bridge_circle_out125,圆核｜向外EE×1.25，核内EI×1，左核x偏移-0.75mm,primary,TB,78,1.0,0.8461538461538461,0.9941724941724942,1.0,0.2008297262498625,0.5071428571428571,15,78,34.72431857102856,-3.5287750724542093,35.76705421111801,14.512820512820513,0.3638776553558627,105,78,17.294871794871796,18.0,0.9119214119214116,16.0,18.0,78,70.05128205128206,74.0,271.99733599733605,34.8,80.29999999999998,78,-44.46451836235086,-60.66824939459002,762.0093774718334,-63.07859004153106,13.590090614726575,78,-44.0416868400601,-59.4407153191296,701.26251175686,-61.67169749267887,14.327343890770647,78,0.2372997682886551,0.2377931832237477,0.0024723577761035,0.1591661795447386,0.3113310359430902,78,1.435897435897436,1.0,0.327006327006327,1.0,2.0,78,0.9416132450697264,1.0,0.0161660045698841,0.5548461587532639,1.0,78,369.2051282051282,370.0,95.80153180153182,352.7,380.19999999999993,78,108.48717948717947,100.0,283.31801531801534,94.0,143.29999999999998,78,7.719119602015327,7.754817429434695,0.0201518420724189,7.399068772832365,7.809364972142646,0.0
curve_ellipse4_out1_EI0.75,response,2711,847402,curve_ellipse4_out1_EI1,椭圆4:1｜向外EE×1，核内EI×0.75,primary,ALL,158,1.0,1.0,0.9936708860759494,1.0,0.1810541480186704,-0.9571428571428572,15,158,34.79113209575462,-21.50493983091365,36.77553015377307,14.930379746835444,0.3939907762331681,105,158,17.025316455696203,18.0,1.0057244215109244,16.0,18.0,158,60.75949367088607,70.0,230.50229783116987,28.0,74.0,158,-21.986500148181307,-57.30623910085751,2317.630838018545,-59.82484376646389,60.46603642446589,158,-22.176734649749363,-56.89186785761558,2252.5652182077592,-59.23478571061078,58.933243288560334,158,0.3007530538205712,0.3074218486974449,0.0013549847476093,0.2409579936095248,0.3633808065353987,158,1.2974683544303798,1.0,0.2230508747883577,1.0,2.0,158,0.9712837406721876,1.0,0.008954094662185,0.901022831214802,1.0,158,375.34177215189874,378.0,102.825122954124,355.85,384.0,158,108.67721518987342,100.5,355.2645730871563,91.0,151.0,158,7.721232434523869,7.74733817897136,0.0117868122522979,7.526761718005262,7.8741245132240305,0.0
curve_ellipse4_out1_EI0.75,response,2711,847402,curve_ellipse4_out1_EI1,椭圆4:1｜向外EE×1，核内EI×0.75,primary,TA,39,1.0,1.0,0.9766899766899768,1.0,0.1490821622990251,0.8428571428571429,15,39,-18.972909859730866,-23.511575396790796,-14.571025578088662,14.743589743589745,0.2095646704971085,105,39,16.256410256410255,16.0,0.4588394062078273,16.0,18.0,39,44.92307692307692,48.0,70.91497975708502,30.0,54.0,39,54.22877365784306,59.20445478723377,80.22339090009083,37.05763439064067,60.73328123784904,39,53.07299149498461,57.62331897114473,73.73852988455022,36.19129891255361,59.46153132068503,39,0.2483907218718708,0.2499426386233269,7.408829694830846e-05,0.2340454667337376,0.2606143001135639,39,1.3846153846153846,1.0,0.2429149797570849,1.0,2.0,39,0.9827780367118008,1.0,0.0010190521755011,0.9114853603231106,1.0,39,363.38461538461536,361.0,151.87449392712546,345.9,382.1,39,103.87179487179488,101.0,189.5883940620783,86.9,127.0,39,7.629312507170105,7.597738697577961,0.0155575197522208,7.499359385961638,7.854455712911067,0.0
curve_ellipse4_out1_EI0.75,response,2711,847402,curve_ellipse4_out1_EI1,椭圆4:1｜向外EE×1，核内EI×0.75,primary,TB,119,1.0,1.0,0.9992360580595876,1.0,0.231344898292398,0.5214285714285714,15,119,35.29288134575836,-8.209571762876294,36.886154683829226,14.991596638655462,0.3518034039299039,105,119,17.277310924369747,18.0,0.9309215211508334,16.0,18.0,119,65.94957983193277,72.0,173.79404643213218,28.0,74.0,119,-46.96461509301282,-58.17738269030088,508.7522144531884,-59.9718170181075,9.294054631669477,119,-46.83840960474622,-57.69960810411112,488.4471002952546,-59.28689955054215,8.431303284763615,119,0.3179138180726664,0.3126979754854703,0.0005757795243839,0.2957085555194703,0.3705778606856534,119,1.26890756302521,1.0,0.2152115083321464,1.0,2.0,119,0.9675167024743312,1.0,0.0115273522528838,0.8641689009891821,1.0,119,379.2605042016807,379.0,25.160376014812705,374.0,384.1,119,110.25210084033614,100.0,401.4952285999145,93.9,153.0,119,7.751357452732244,7.751169949217128,0.0069646409691332,7.591552188341315,7.886766151538547,0.0
curve_circle_out1_EI1,response,2711,847402,curve_circle_out1_EI1,圆核｜向外EE×1，核内EI×1,primary,ALL,102,0.9901960784313726,0.931372549019608,0.9197860962566846,0.9901960784313726,0.1250313904013806,-0.9392857142857142,15,101,36.665014906026045,21.367916902541765,113.46250956083897,13.57843137254902,0.5870792341761515,105,102,15.990196078431373,16.0,0.0098039215686274,16.0,16.0,102,96.88235294117646,84.0,774.3820617355854,74.0,158.0,102,-31.42605936597463,-60.99173025456184,2711.500251250517,-82.21136197916603,66.32151703811333,102,-31.101460734018968,-62.874703574963405,2620.682340338716,-69.9977999641228,66.54874993829453,102,0.1091135583082105,0.1028276606105677,0.0018442572264278,0.0456671494413131,0.183816043166572,102,1.5980392156862746,1.0,0.6982139390409628,1.0,3.9499999999999886,102,0.9220246042215982,1.0,0.012393958270213,0.7047326107094956,1.0,102,317.27450980392155,318.5,1743.7060764900018,251.0,377.0,102,79.56862745098039,77.5,105.43583770141724,65.1,99.0,102,7.316070218791169,7.340178005226592,0.3979668206476967,6.071775414535376,8.195809370783852,0.009803921568627416
curve_circle_out1_EI1,response,2711,847402,curve_circle_out1_EI1,圆核｜向外EE×1，核内EI×1,primary,TA,8,1.0,0.6875,0.6931818181818182,1.0,0.3640770983668818,0.3356643356643357,12,8,92.982830320213,-28.33417497366754,94.14389640730188,10.375,0.3661517439197093,64,8,15.875,16.0,0.125,15.35,16.0,8,102.25,118.0,1178.7857142857142,46.7,126.5,8,63.13982936712182,63.95887069678611,15.208616107495166,57.011458059509096,66.64678107925938,8,63.723202178902056,64.62095130845046,9.838133189014988,58.80782699724195,66.55289341433964,8,0.1352727921115005,0.1326574413480382,0.0004052462906737,0.1111467749995986,0.1635768680677779,8,1.0,1.0,0.0,1.0,1.0,8,1.0,1.0,0.0,1.0,1.0,8,327.625,332.0,72.55357142857143,316.05,335.95,8,75.375,75.5,12.553571428571429,70.4,79.3,8,7.878823074701538,7.916751994859499,0.0308262468344886,7.630728895546761,8.059769526364896,0.0
curve_circle_out1_EI1,response,2711,847402,curve_circle_out1_EI1,圆核｜向外EE×1，核内EI×1,primary,TB,94,0.9893617021276596,0.952127659574468,0.9390715667311412,0.9893617021276596,0.1553093777011827,0.5249999999999999,15,93,36.647656150379134,31.165940493656677,113.81684964034284,13.851063829787234,0.3677285686762885,105,94,16.0,16.0,0.0,16.0,16.0,94,96.4255319148936,84.0,749.5804163806911,75.3,159.39999999999998,94,-39.47422010921689,-61.79537564653219,2108.8683309859634,-82.78256498755982,66.30902382105896,94,-39.17164481171437,-63.30803302703316,2006.0676988278808,-70.44912400457261,66.54854371837664,94,0.1068872405377177,0.0982682571765969,0.0019085258235748,0.0452636971758279,0.1845429033982099,94,1.648936170212766,1.0,0.7248913292152825,1.0,4.0,94,0.915388400325564,1.0,0.0128925677582264,0.6918112807358427,1.0,94,316.3936170212766,299.5,1878.2412491420723,249.95,377.7,94,79.92553191489361,78.5,111.91912605811028,65.0,99.0,94,7.26817635871369,7.249045895562704,0.4003195665653803,6.051485287514828,8.207621330042908,0.010638297872340385
curve_ellipse4_out1_EI1,response,2712,847402,curve_ellipse4_out1_EI1,椭圆4:1｜向外EE×1，核内EI×1,primary,ALL,141,1.0,0.9858156028368794,0.9426176660219212,1.0,0.1637163551049839,-0.9428571428571428,15,141,35.993593606792274,34.47493276124533,103.97176920592028,14.156028368794326,0.5934643065673773,105,141,16.05673758865248,16.0,0.1539007092198581,16.0,16.0,141,88.56737588652483,80.0,463.73292806484295,74.0,128.0,141,-36.42134293164908,-62.021530172412895,2425.015701205441,-67.53823129252123,67.21215753424622,141,-39.77946724482796,-61.78182355820172,2072.4720052728394,-65.98064425639313,60.26209992193617,141,0.1762385395557504,0.1905887187917394,0.0036913303765324,0.0658959537572254,0.2552467936261173,141,1.75177304964539,2.0,0.4022289766970617,1.0,3.0,141,0.937760863427182,0.9378620326487626,0.0072030213518111,0.8135993135993136,1.0,141,342.21276595744683,350.0,673.6544072948329,294.0,365.0,141,87.37588652482269,89.0,78.12198581560284,72.0,101.0,141,7.522889878104713,7.532880178141091,0.0519290302075039,7.140633437076532,7.888715871209825,0.0
curve_ellipse4_out1_EI1,response,2712,847402,curve_ellipse4_out1_EI1,椭圆4:1｜向外EE×1，核内EI×1,primary,TA,22,1.0,0.931818181818182,0.7355371900826445,1.0,0.3416773124331043,0.0464285714285714,15,22,101.75078321066758,10.824587093841547,104.33222608023988,11.090909090909092,0.4193212743486045,102,22,15.909090909090908,16.0,0.0865800865800866,15.05,16.0,22,117.63636363636364,126.0,703.0995670995671,44.1,128.0,22,62.89524752501182,62.887097041731295,33.609842648510174,49.90621024176816,69.47370739962253,22,57.05374538227319,59.73772218941849,73.8908633399946,42.77143574965994,62.99545837900405,22,0.0966731558301512,0.098477274291857,0.0011549614036981,0.0367711882344953,0.1424984045280409,22,1.181818181818182,1.0,0.251082251082251,1.0,2.0,22,0.9813387282788586,1.0,0.0024545660733012,0.8554887727284946,1.0,22,343.90909090909093,343.5,88.56277056277057,335.2,347.0,22,80.13636363636364,73.0,102.79004329004331,72.0,95.95,22,7.796456240765146,7.844153114255818,0.0278678791061113,7.4129323628463535,7.91574517298292,0.0
curve_ellipse4_out1_EI1,response,2712,847402,curve_ellipse4_out1_EI1,椭圆4:1｜向外EE×1，核内EI×1,primary,TB,119,1.0,0.9957983193277312,0.9809014514896868,1.0,0.2134177274240506,0.5071428571428571,15,119,35.90419557911628,34.557776535403626,63.39291415845631,14.722689075630251,0.3978402216915183,105,119,16.084033613445378,16.0,0.1623700327588664,16.0,16.0,119,83.19327731092437,78.0,238.39453069363333,74.0,122.39999999999998,119,-54.78239326817462,-62.64065934066457,692.1598832945598,-68.02098677667126,4.790870698380315,119,-57.6814057137038,-62.15699934432632,374.32678310773366,-66.3970228022794,-24.090975801060537,119,0.1909481062949367,0.2013863881886928,0.0027755047951623,0.098568132378894,0.2580601683862553,119,1.8571428571428568,2.0,0.3607748184019372,1.0,3.0,119,0.9297044514377962,0.9330837622835751,0.0076896156600048,0.7874864829609852,1.0,119,341.89915966386553,358.0,782.8541518302237,294.0,365.1,119,88.71428571428571,90.0,62.815980629539965,76.0,101.0,119,7.472314584167491,7.506537474241363,0.0401186879679236,7.129993940951081,7.654962177634072,0.0
bridge_circle_out125,response,2712,847402,curve_circle_out1_EI1,圆核｜向外EE×1.25，核内EI×1,primary,ALL,167,1.0,0.7005988023952096,0.9281437125748504,1.0,0.2135862215881843,-0.7964285714285713,15,167,34.72015965782339,-20.99252698659984,53.80250687967236,13.317365269461078,0.4201904266462861,105,167,16.61676646706587,16.0,0.8281509270615395,16.0,18.0,167,86.22754491017965,74.0,1023.6346583940548,38.6,130.0,167,-0.2942983796590179,0.2784219001587189,2817.594941582904,-61.132925837567015,66.04262051482655,167,-0.6140871574935176,0.5360439858814061,2669.023971933428,-58.9753114381424,63.22156045778829,167,0.1984696964490686,0.2056451612903226,0.0042395915936525,0.0786185073188316,0.2833274194122983,167,1.347305389221557,1.0,0.2762426953322272,1.0,2.0,167,0.9612878928917972,1.0,0.0084463552906032,0.8763056355995201,1.0,167,367.2275449101796,369.0,117.49008008080224,353.3,386.1,167,102.5688622754491,99.0,349.6202294206767,80.0,139.7,167,7.7759470394376065,7.766959711867289,0.019273522687909,7.594072607708065,7.998179389437528,0.0
bridge_circle_out125,response,2712,847402,curve_circle_out1_EI1,圆核｜向外EE×1.25，核内EI×1,primary,TA,62,1.0,0.5080645161290323,0.8328445747800587,1.0,0.3110810269981092,0.4928571428571427,15,62,42.2021434483936,-24.61083599080157,99.37442576347924,11.564516129032258,0.291634539016222,104,62,16.032258064516128,16.0,0.064516129032258,16.0,16.0,62,103.74193548387096,126.0,1410.4241142252777,40.0,130.0,62,60.51580007805845,60.314350402017226,41.04936835416633,48.42992674418529,69.23139045530696,62,58.80009029597893,59.40292054661859,29.541365523700755,48.61894530315949,65.3457139123082,62,0.1518934759580399,0.1620785401068262,0.0025622661962069,0.0660092578987361,0.2285698473668627,62,1.1612903225806452,1.0,0.1702802749867795,1.0,2.0,62,0.9862745223250052,1.0,0.0012141270149943,0.8963676205920926,1.0,62,362.53225806451616,361.0,61.10549973558964,353.05,380.95,62,86.93548387096774,84.0,78.61872025383396,78.05,106.79999999999998,62,7.811072007712752,7.817936814468837,0.018218204835648,7.590774996521614,8.05671189505212,0.0
bridge_circle_out125,response,2712,847402,curve_circle_out1_EI1,圆核｜向外EE×1.25，核内EI×1,primary,TB,105,1.0,0.8142857142857143,0.9844155844155844,1.0,0.2030275284476647,0.5428571428571428,15,105,34.67413462661352,-9.813469974354666,52.29103123068197,14.352380952380951,0.3447939678588936,105,105,16.961904761904762,17.0,0.9600732600732604,16.0,18.0,105,75.88571428571429,74.0,515.756043956044,34.0,133.2,105,-36.2012136594541,-56.82157142856886,967.0359509851512,-61.53096664576842,23.8495684803026,105,-35.6967443204963,-55.81177254432714,895.7687557781925,-59.2251145605871,22.524835245583372,105,0.2259718456913902,0.2352941176470588,0.0032072688141738,0.1259881768103332,0.3201885015004471,105,1.457142857142857,1.0,0.3082417582417581,1.0,2.0,105,0.9465338831312358,1.0,0.0121775786882416,0.616826903243146,1.0,105,370.0,370.0,130.78846153846155,356.6,390.8,105,111.8,103.0,280.2,95.2,141.8,105,7.755206581979902,7.7560296844321615,0.0189080139443524,7.602032939126861,7.979221143023259,0.0
bridge_circle_out125,response,2511,847402,curve_circle_out1_EI1,圆核｜向外EE×1.25，核内EI×1,primary,ALL,158,1.0,0.6392405063291139,0.9982738780207132,1.0,0.1956685853560674,-0.6214285714285712,15,158,7.493306953043429,-22.93348338161968,37.49783832851292,13.873417721518988,0.3222557927751437,105,158,16.29746835443038,16.0,0.5033056518584214,16.0,18.0,158,62.848101265822784,56.0,611.5818753527373,30.0,96.60000000000002,158,5.544309723241079,16.31931697931941,3489.124026354521,-68.61286807877914,75.15883605472409,158,2.9794930630374536,7.506707475717121,3130.9031614179207,-65.31574708873168,68.32216062189381,158,0.0959937420784144,0.0848202757665068,0.0015092901137868,0.0485298345718329,0.1664548346103994,158,2.2341772151898733,2.0,0.4862130129807304,1.0,3.1500000000000057,158,0.9201921891021152,0.9382859425243192,0.0065607426586872,0.7319510457785146,1.0,158,360.93037974683546,360.5,349.1479883899057,332.7,393.0,158,100.68987341772151,98.0,86.97964202209143,88.85,116.3,158,7.538855429912856,7.491701834917148,0.0455061767015678,7.241045803613015,7.950895397609602,0.0
bridge_circle_out125,response,2511,847402,curve_circle_out1_EI1,圆核｜向外EE×1.25，核内EI×1,primary,TA,66,1.0,0.4242424242424242,0.9986225895316804,1.0,0.2291784537359927,0.7571428571428571,15,66,-15.680450782376283,-26.613446805673448,88.6156697482038,13.196969696969695,0.1679076697692319,105,66,16.03030303030303,16.0,0.0913752913752913,16.0,16.0,66,49.36363636363637,42.0,650.111888111888,26.5,126.0,66,67.12520348930015,66.96076388888878,63.43755624622369,52.83363157894837,77.19322133458263,66,61.48880196528744,63.75639965503251,61.82899918290675,44.88072854571146,68.82682873328486,66,0.0745259093103609,0.0692009872547259,0.0005595236150509,0.0471376583972641,0.1185047198676417,66,2.136363636363636,2.0,0.334965034965035,1.0,3.0,66,0.9352059731792752,0.9412983847658856,0.0018086738085228,0.8467204710666567,1.0,66,355.6818181818182,351.5,385.7895104895105,331.5,391.0,66,97.51515151515152,97.0,47.54592074592075,87.0,110.0,66,7.4582616963216894,7.408756150375888,0.0498141001192687,7.184248616680227,7.959123145781692,0.0
bridge_circle_out125,response,2511,847402,curve_circle_out1_EI1,圆核｜向外EE×1.25，核内EI×1,primary,TB,92,1.0,0.7934782608695652,0.99802371541502,1.0,0.2039229174209262,0.5392857142857141,15,92,35.09358446753049,-11.600756761394404,36.82081039402819,14.358695652173912,0.3425095218742338,105,92,16.48913043478261,16.0,0.7141662685140949,16.0,18.0,92,72.52173913043478,78.0,364.2962255136168,32.0,90.0,92,-38.63328797849695,-60.6762700334366,1250.8864916242655,-69.24937937062823,25.07999999999921,92,-38.994576366837535,-60.23979377300475,1093.459911196832,-65.69037977303906,23.18380748999755,92,0.1113945786294094,0.1000823537530479,0.0016302323591535,0.0627969307382213,0.1907771608809542,92,2.3043478260869565,2.0,0.5876731963688485,1.0,4.0,92,0.9094214309598044,0.9367185911010611,0.0097464026988873,0.6776890830547012,1.0,92,364.69565217391306,365.0,292.4997611084568,333.0,393.9,92,102.96739130434784,99.0,103.54837553750596,91.55,121.0,92,7.596672673576086,7.553980913467301,0.0348386752111649,7.343654004982722,7.91309586488374,0.0
