figure,source,candidate,topology,noise,mode,metric,x,value,support_n
circle_EE_EI_original,followup,up3__circle,2511,847101,TB,participation_mae,1.0,0.185202167669995,105
circle_EE_EI_original,followup,follow_circle_out1.125_EI1,2511,847101,TB,participation_mae,1.125,0.2058075571125938,86
circle_EE_EI_original,followup,up3__circle__EE_core_to_out_scale_1.25,2511,847101,TB,participation_mae,1.25,0.2011499705610228,75
circle_EE_EI_original,followup,up3__circle,2511,847102,TB,participation_mae,1.0,0.1890116914795188,105
circle_EE_EI_original,followup,follow_circle_out1.125_EI1,2511,847102,TB,participation_mae,1.125,0.2038265062943337,81
circle_EE_EI_original,followup,up3__circle__EE_core_to_out_scale_1.25,2511,847102,TB,participation_mae,1.25,0.2050477304678667,77
circle_EE_EI_original,followup,follow_circle_out1_EI0.875,2511,847101,TB,participation_mae,1.0,0.2015843139953662,88
circle_EE_EI_original,followup,follow_circle_out1.125_EI0.875,2511,847101,TB,participation_mae,1.125,0.2185717890487005,85
circle_EE_EI_original,followup,follow_circle_out1.25_EI0.875,2511,847101,TB,participation_mae,1.25,0.2311019095306282,83
circle_EE_EI_original,followup,follow_circle_out1_EI0.875,2511,847102,TB,participation_mae,1.0,0.2006905448431701,89
circle_EE_EI_original,followup,follow_circle_out1.125_EI0.875,2511,847102,TB,participation_mae,1.125,0.2096829001598115,96
circle_EE_EI_original,followup,follow_circle_out1.25_EI0.875,2511,847102,TB,participation_mae,1.25,0.2304714306257614,93
circle_EE_EI_original,followup,up3__circle__EI_same_core_scale_0.75,2511,847101,TB,participation_mae,1.0,0.2011679297873142,87
circle_EE_EI_original,followup,follow_circle_out1.125_EI0.75,2511,847101,TB,participation_mae,1.125,0.2310612405254937,79
circle_EE_EI_original,followup,follow_circle_out1.25_EI0.75,2511,847101,TB,participation_mae,1.25,0.2319051223820338,80
circle_EE_EI_original,followup,up3__circle__EI_same_core_scale_0.75,2511,847102,TB,participation_mae,1.0,0.2050477442660398,95
circle_EE_EI_original,followup,follow_circle_out1.125_EI0.75,2511,847102,TB,participation_mae,1.125,0.2319051223820338,96
circle_EE_EI_original,followup,follow_circle_out1.25_EI0.75,2511,847102,TB,participation_mae,1.25,0.2312033679960689,95
circle_EE_EI_original,followup,up3__circle,2511,847101,TB,rank_correlation,1.0,0.5357142857142856,105
circle_EE_EI_original,followup,follow_circle_out1.125_EI1,2511,847101,TB,rank_correlation,1.125,0.5357142857142856,86
circle_EE_EI_original,followup,up3__circle__EE_core_to_out_scale_1.25,2511,847101,TB,rank_correlation,1.25,0.5357142857142856,75
circle_EE_EI_original,followup,up3__circle,2511,847102,TB,rank_correlation,1.0,0.5428571428571428,105
circle_EE_EI_original,followup,follow_circle_out1.125_EI1,2511,847102,TB,rank_correlation,1.125,0.5357142857142856,81
circle_EE_EI_original,followup,up3__circle__EE_core_to_out_scale_1.25,2511,847102,TB,rank_correlation,1.25,0.5357142857142856,77
circle_EE_EI_original,followup,follow_circle_out1_EI0.875,2511,847101,TB,rank_correlation,1.0,0.5392857142857141,88
circle_EE_EI_original,followup,follow_circle_out1.125_EI0.875,2511,847101,TB,rank_correlation,1.125,0.5142857142857142,85
circle_EE_EI_original,followup,follow_circle_out1.25_EI0.875,2511,847101,TB,rank_correlation,1.25,0.5249999999999999,83
circle_EE_EI_original,followup,follow_circle_out1_EI0.875,2511,847102,TB,rank_correlation,1.0,0.5392857142857141,89
circle_EE_EI_original,followup,follow_circle_out1.125_EI0.875,2511,847102,TB,rank_correlation,1.125,0.5142857142857142,96
circle_EE_EI_original,followup,follow_circle_out1.25_EI0.875,2511,847102,TB,rank_correlation,1.25,0.5607142857142856,93
circle_EE_EI_original,followup,up3__circle__EI_same_core_scale_0.75,2511,847101,TB,rank_correlation,1.0,0.5142857142857142,87
circle_EE_EI_original,followup,follow_circle_out1.125_EI0.75,2511,847101,TB,rank_correlation,1.125,0.5249999999999999,79
circle_EE_EI_original,followup,follow_circle_out1.25_EI0.75,2511,847101,TB,rank_correlation,1.25,0.5249999999999999,80
circle_EE_EI_original,followup,up3__circle__EI_same_core_scale_0.75,2511,847102,TB,rank_correlation,1.0,0.5285714285714286,95
circle_EE_EI_original,followup,follow_circle_out1.125_EI0.75,2511,847102,TB,rank_correlation,1.125,0.5607142857142856,96
circle_EE_EI_original,followup,follow_circle_out1.25_EI0.75,2511,847102,TB,rank_correlation,1.25,0.5892857142857142,95
circle_EE_EI_original,followup,up3__circle,2511,847101,TB,no_SCL,1.0,0.0,105
circle_EE_EI_original,followup,follow_circle_out1.125_EI1,2511,847101,TB,no_SCL,1.125,0.0,86
circle_EE_EI_original,followup,up3__circle__EE_core_to_out_scale_1.25,2511,847101,TB,no_SCL,1.25,0.0,75
circle_EE_EI_original,followup,up3__circle,2511,847102,TB,no_SCL,1.0,0.0,105
circle_EE_EI_original,followup,follow_circle_out1.125_EI1,2511,847102,TB,no_SCL,1.125,0.0,81
circle_EE_EI_original,followup,up3__circle__EE_core_to_out_scale_1.25,2511,847102,TB,no_SCL,1.25,0.0,77
circle_EE_EI_original,followup,follow_circle_out1_EI0.875,2511,847101,TB,no_SCL,1.0,0.0,88
circle_EE_EI_original,followup,follow_circle_out1.125_EI0.875,2511,847101,TB,no_SCL,1.125,0.0,85
circle_EE_EI_original,followup,follow_circle_out1.25_EI0.875,2511,847101,TB,no_SCL,1.25,0.0,83
circle_EE_EI_original,followup,follow_circle_out1_EI0.875,2511,847102,TB,no_SCL,1.0,0.0,89
circle_EE_EI_original,followup,follow_circle_out1.125_EI0.875,2511,847102,TB,no_SCL,1.125,0.0,96
circle_EE_EI_original,followup,follow_circle_out1.25_EI0.875,2511,847102,TB,no_SCL,1.25,0.0,93
circle_EE_EI_original,followup,up3__circle__EI_same_core_scale_0.75,2511,847101,TB,no_SCL,1.0,0.0,87
circle_EE_EI_original,followup,follow_circle_out1.125_EI0.75,2511,847101,TB,no_SCL,1.125,0.0,79
circle_EE_EI_original,followup,follow_circle_out1.25_EI0.75,2511,847101,TB,no_SCL,1.25,0.0,80
circle_EE_EI_original,followup,up3__circle__EI_same_core_scale_0.75,2511,847102,TB,no_SCL,1.0,0.0,95
circle_EE_EI_original,followup,follow_circle_out1.125_EI0.75,2511,847102,TB,no_SCL,1.125,0.0,96
circle_EE_EI_original,followup,follow_circle_out1.25_EI0.75,2511,847102,TB,no_SCL,1.25,0.0,95
circle_EE_EI_original,followup,up3__circle,2511,847101,TA,participation_mae,1.0,0.1834190749116689,22
circle_EE_EI_original,followup,follow_circle_out1.125_EI1,2511,847101,TA,participation_mae,1.125,0.203212916005749,51
circle_EE_EI_original,followup,up3__circle__EE_core_to_out_scale_1.25,2511,847101,TA,participation_mae,1.25,0.238838433818508,71
circle_EE_EI_original,followup,up3__circle,2511,847102,TA,participation_mae,1.0,0.2197827112753053,22
circle_EE_EI_original,followup,follow_circle_out1.125_EI1,2511,847102,TA,participation_mae,1.125,0.2000916675063493,49
circle_EE_EI_original,followup,up3__circle__EE_core_to_out_scale_1.25,2511,847102,TA,participation_mae,1.25,0.2438344476372696,53
circle_EE_EI_original,followup,follow_circle_out1_EI0.875,2511,847101,TA,participation_mae,1.0,0.2865462493390824,68
circle_EE_EI_original,followup,follow_circle_out1.125_EI0.875,2511,847101,TA,participation_mae,1.125,0.176049203472319,79
circle_EE_EI_original,followup,follow_circle_out1.25_EI0.875,2511,847101,TA,participation_mae,1.25,0.1545085188881724,86
circle_EE_EI_original,followup,follow_circle_out1_EI0.875,2511,847102,TA,participation_mae,1.0,0.28494666213578,57
circle_EE_EI_original,followup,follow_circle_out1.125_EI0.875,2511,847102,TA,participation_mae,1.125,0.1866872293002183,66
circle_EE_EI_original,followup,follow_circle_out1.25_EI0.875,2511,847102,TA,participation_mae,1.25,0.1518836910194099,69
circle_EE_EI_original,followup,up3__circle__EI_same_core_scale_0.75,2511,847101,TA,participation_mae,1.0,0.2163497077431845,82
circle_EE_EI_original,followup,follow_circle_out1.125_EI0.75,2511,847101,TA,participation_mae,1.125,0.1610302288615999,90
circle_EE_EI_original,followup,follow_circle_out1.25_EI0.75,2511,847101,TA,participation_mae,1.25,0.159569053684793,89
circle_EE_EI_original,followup,up3__circle__EI_same_core_scale_0.75,2511,847102,TA,participation_mae,1.0,0.2147943878421594,69
circle_EE_EI_original,followup,follow_circle_out1.125_EI0.75,2511,847102,TA,participation_mae,1.125,0.1625117103430814,73
circle_EE_EI_original,followup,follow_circle_out1.25_EI0.75,2511,847102,TA,participation_mae,1.25,0.157106304937676,74
circle_EE_EI_original,followup,up3__circle,2511,847101,TA,rank_correlation,1.0,0.3178571428571428,22
circle_EE_EI_original,followup,follow_circle_out1.125_EI1,2511,847101,TA,rank_correlation,1.125,0.5428571428571428,51
circle_EE_EI_original,followup,up3__circle__EE_core_to_out_scale_1.25,2511,847101,TA,rank_correlation,1.25,0.7857142857142856,71
circle_EE_EI_original,followup,up3__circle,2511,847102,TA,rank_correlation,1.0,0.0035714285714285,22
circle_EE_EI_original,followup,follow_circle_out1.125_EI1,2511,847102,TA,rank_correlation,1.125,0.3607142857142856,49
circle_EE_EI_original,followup,up3__circle__EE_core_to_out_scale_1.25,2511,847102,TA,rank_correlation,1.25,0.7571428571428571,53
circle_EE_EI_original,followup,follow_circle_out1_EI0.875,2511,847101,TA,rank_correlation,1.0,0.3642857142857142,68
circle_EE_EI_original,followup,follow_circle_out1.125_EI0.875,2511,847101,TA,rank_correlation,1.125,0.8357142857142855,79
circle_EE_EI_original,followup,follow_circle_out1.25_EI0.875,2511,847101,TA,rank_correlation,1.25,0.8642857142857141,86
circle_EE_EI_original,followup,follow_circle_out1_EI0.875,2511,847102,TA,rank_correlation,1.0,0.3857142857142856,57
circle_EE_EI_original,followup,follow_circle_out1.125_EI0.875,2511,847102,TA,rank_correlation,1.125,0.8571428571428571,66
circle_EE_EI_original,followup,follow_circle_out1.25_EI0.875,2511,847102,TA,rank_correlation,1.25,0.8642857142857141,69
circle_EE_EI_original,followup,up3__circle__EI_same_core_scale_0.75,2511,847101,TA,rank_correlation,1.0,0.8035714285714284,82
circle_EE_EI_original,followup,follow_circle_out1.125_EI0.75,2511,847101,TA,rank_correlation,1.125,0.8571428571428571,90
circle_EE_EI_original,followup,follow_circle_out1.25_EI0.75,2511,847101,TA,rank_correlation,1.25,0.8571428571428571,89
circle_EE_EI_original,followup,up3__circle__EI_same_core_scale_0.75,2511,847102,TA,rank_correlation,1.0,0.7582417582417583,69
circle_EE_EI_original,followup,follow_circle_out1.125_EI0.75,2511,847102,TA,rank_correlation,1.125,0.8571428571428571,73
circle_EE_EI_original,followup,follow_circle_out1.25_EI0.75,2511,847102,TA,rank_correlation,1.25,0.8571428571428571,74
circle_EE_EI_original,followup,up3__circle,2511,847101,TA,no_SCL,1.0,0.0,22
circle_EE_EI_original,followup,follow_circle_out1.125_EI1,2511,847101,TA,no_SCL,1.125,0.0,51
circle_EE_EI_original,followup,up3__circle__EE_core_to_out_scale_1.25,2511,847101,TA,no_SCL,1.25,0.0,71
circle_EE_EI_original,followup,up3__circle,2511,847102,TA,no_SCL,1.0,0.0,22
circle_EE_EI_original,followup,follow_circle_out1.125_EI1,2511,847102,TA,no_SCL,1.125,0.0,49
circle_EE_EI_original,followup,up3__circle__EE_core_to_out_scale_1.25,2511,847102,TA,no_SCL,1.25,0.0,53
circle_EE_EI_original,followup,follow_circle_out1_EI0.875,2511,847101,TA,no_SCL,1.0,0.0,68
circle_EE_EI_original,followup,follow_circle_out1.125_EI0.875,2511,847101,TA,no_SCL,1.125,0.0,79
circle_EE_EI_original,followup,follow_circle_out1.25_EI0.875,2511,847101,TA,no_SCL,1.25,0.0,86
circle_EE_EI_original,followup,follow_circle_out1_EI0.875,2511,847102,TA,no_SCL,1.0,0.0,57
circle_EE_EI_original,followup,follow_circle_out1.125_EI0.875,2511,847102,TA,no_SCL,1.125,0.0,66
circle_EE_EI_original,followup,follow_circle_out1.25_EI0.875,2511,847102,TA,no_SCL,1.25,0.0,69
circle_EE_EI_original,followup,up3__circle__EI_same_core_scale_0.75,2511,847101,TA,no_SCL,1.0,0.0,82
circle_EE_EI_original,followup,follow_circle_out1.125_EI0.75,2511,847101,TA,no_SCL,1.125,0.0,90
circle_EE_EI_original,followup,follow_circle_out1.25_EI0.75,2511,847101,TA,no_SCL,1.25,0.0,89
circle_EE_EI_original,followup,up3__circle__EI_same_core_scale_0.75,2511,847102,TA,no_SCL,1.0,0.0,69
circle_EE_EI_original,followup,follow_circle_out1.125_EI0.75,2511,847102,TA,no_SCL,1.125,0.0,73
circle_EE_EI_original,followup,follow_circle_out1.25_EI0.75,2511,847102,TA,no_SCL,1.25,0.0,74
circle_EE_EI_time,followup,up3__circle,2511,847101,TB,SCL_minus_ICL_lag_median_ms,1.0,37.035501159887644,105
circle_EE_EI_time,followup,follow_circle_out1.125_EI1,2511,847101,TB,SCL_minus_ICL_lag_median_ms,1.125,36.10376782417143,86
circle_EE_EI_time,followup,up3__circle__EE_core_to_out_scale_1.25,2511,847101,TB,SCL_minus_ICL_lag_median_ms,1.25,35.67206936948969,75
circle_EE_EI_time,followup,up3__circle,2511,847102,TB,SCL_minus_ICL_lag_median_ms,1.0,36.37124400096582,105
circle_EE_EI_time,followup,follow_circle_out1.125_EI1,2511,847102,TB,SCL_minus_ICL_lag_median_ms,1.125,35.58203540649265,81
circle_EE_EI_time,followup,up3__circle__EE_core_to_out_scale_1.25,2511,847102,TB,SCL_minus_ICL_lag_median_ms,1.25,35.44060550434733,77
circle_EE_EI_time,followup,follow_circle_out1_EI0.875,2511,847101,TB,SCL_minus_ICL_lag_median_ms,1.0,35.70454934805548,88
circle_EE_EI_time,followup,follow_circle_out1.125_EI0.875,2511,847101,TB,SCL_minus_ICL_lag_median_ms,1.125,34.967002782126656,85
circle_EE_EI_time,followup,follow_circle_out1.25_EI0.875,2511,847101,TB,SCL_minus_ICL_lag_median_ms,1.25,34.42197465265053,83
circle_EE_EI_time,followup,follow_circle_out1_EI0.875,2511,847102,TB,SCL_minus_ICL_lag_median_ms,1.0,35.76201741445402,89
circle_EE_EI_time,followup,follow_circle_out1.125_EI0.875,2511,847102,TB,SCL_minus_ICL_lag_median_ms,1.125,34.835705920283544,96
circle_EE_EI_time,followup,follow_circle_out1.25_EI0.875,2511,847102,TB,SCL_minus_ICL_lag_median_ms,1.25,33.97022581577039,93
circle_EE_EI_time,followup,up3__circle__EI_same_core_scale_0.75,2511,847101,TB,SCL_minus_ICL_lag_median_ms,1.0,34.90469718451641,87
circle_EE_EI_time,followup,follow_circle_out1.125_EI0.75,2511,847101,TB,SCL_minus_ICL_lag_median_ms,1.125,34.37150248967737,79
circle_EE_EI_time,followup,follow_circle_out1.25_EI0.75,2511,847101,TB,SCL_minus_ICL_lag_median_ms,1.25,34.200835257941435,80
circle_EE_EI_time,followup,up3__circle__EI_same_core_scale_0.75,2511,847102,TB,SCL_minus_ICL_lag_median_ms,1.0,34.57084824454796,95
circle_EE_EI_time,followup,follow_circle_out1.125_EI0.75,2511,847102,TB,SCL_minus_ICL_lag_median_ms,1.125,33.826238806690526,96
circle_EE_EI_time,followup,follow_circle_out1.25_EI0.75,2511,847102,TB,SCL_minus_ICL_lag_median_ms,1.25,33.49034558152198,95
circle_EE_EI_time,followup,up3__circle,2511,847101,TB,recruitment_span_ms_median,1.0,90.0,105
circle_EE_EI_time,followup,follow_circle_out1.125_EI1,2511,847101,TB,recruitment_span_ms_median,1.125,85.0,86
circle_EE_EI_time,followup,up3__circle__EE_core_to_out_scale_1.25,2511,847101,TB,recruitment_span_ms_median,1.25,80.0,75
circle_EE_EI_time,followup,up3__circle,2511,847102,TB,recruitment_span_ms_median,1.0,88.0,105
circle_EE_EI_time,followup,follow_circle_out1.125_EI1,2511,847102,TB,recruitment_span_ms_median,1.125,84.0,81
circle_EE_EI_time,followup,up3__circle__EE_core_to_out_scale_1.25,2511,847102,TB,recruitment_span_ms_median,1.25,80.0,77
circle_EE_EI_time,followup,follow_circle_out1_EI0.875,2511,847101,TB,recruitment_span_ms_median,1.0,78.0,88
circle_EE_EI_time,followup,follow_circle_out1.125_EI0.875,2511,847101,TB,recruitment_span_ms_median,1.125,74.0,85
circle_EE_EI_time,followup,follow_circle_out1.25_EI0.875,2511,847101,TB,recruitment_span_ms_median,1.25,74.0,83
circle_EE_EI_time,followup,follow_circle_out1_EI0.875,2511,847102,TB,recruitment_span_ms_median,1.0,76.0,89
circle_EE_EI_time,followup,follow_circle_out1.125_EI0.875,2511,847102,TB,recruitment_span_ms_median,1.125,74.0,96
circle_EE_EI_time,followup,follow_circle_out1.25_EI0.875,2511,847102,TB,recruitment_span_ms_median,1.25,72.0,93
circle_EE_EI_time,followup,up3__circle__EI_same_core_scale_0.75,2511,847101,TB,recruitment_span_ms_median,1.0,74.0,87
circle_EE_EI_time,followup,follow_circle_out1.125_EI0.75,2511,847101,TB,recruitment_span_ms_median,1.125,72.0,79
circle_EE_EI_time,followup,follow_circle_out1.25_EI0.75,2511,847101,TB,recruitment_span_ms_median,1.25,72.0,80
circle_EE_EI_time,followup,up3__circle__EI_same_core_scale_0.75,2511,847102,TB,recruitment_span_ms_median,1.0,72.0,95
circle_EE_EI_time,followup,follow_circle_out1.125_EI0.75,2511,847102,TB,recruitment_span_ms_median,1.125,72.0,96
circle_EE_EI_time,followup,follow_circle_out1.25_EI0.75,2511,847102,TB,recruitment_span_ms_median,1.25,70.0,95
circle_EE_EI_time,followup,up3__circle,2511,847101,TB,local_width_ms_median,1.0,16.0,105
circle_EE_EI_time,followup,follow_circle_out1.125_EI1,2511,847101,TB,local_width_ms_median,1.125,16.0,86
circle_EE_EI_time,followup,up3__circle__EE_core_to_out_scale_1.25,2511,847101,TB,local_width_ms_median,1.25,16.0,75
circle_EE_EI_time,followup,up3__circle,2511,847102,TB,local_width_ms_median,1.0,16.0,105
circle_EE_EI_time,followup,follow_circle_out1.125_EI1,2511,847102,TB,local_width_ms_median,1.125,16.0,81
circle_EE_EI_time,followup,up3__circle__EE_core_to_out_scale_1.25,2511,847102,TB,local_width_ms_median,1.25,16.0,77
circle_EE_EI_time,followup,follow_circle_out1_EI0.875,2511,847101,TB,local_width_ms_median,1.0,16.0,88
circle_EE_EI_time,followup,follow_circle_out1.125_EI0.875,2511,847101,TB,local_width_ms_median,1.125,16.0,85
circle_EE_EI_time,followup,follow_circle_out1.25_EI0.875,2511,847101,TB,local_width_ms_median,1.25,18.0,83
circle_EE_EI_time,followup,follow_circle_out1_EI0.875,2511,847102,TB,local_width_ms_median,1.0,16.0,89
circle_EE_EI_time,followup,follow_circle_out1.125_EI0.875,2511,847102,TB,local_width_ms_median,1.125,16.0,96
circle_EE_EI_time,followup,follow_circle_out1.25_EI0.875,2511,847102,TB,local_width_ms_median,1.25,18.0,93
circle_EE_EI_time,followup,up3__circle__EI_same_core_scale_0.75,2511,847101,TB,local_width_ms_median,1.0,16.0,87
circle_EE_EI_time,followup,follow_circle_out1.125_EI0.75,2511,847101,TB,local_width_ms_median,1.125,18.0,79
circle_EE_EI_time,followup,follow_circle_out1.25_EI0.75,2511,847101,TB,local_width_ms_median,1.25,18.0,80
circle_EE_EI_time,followup,up3__circle__EI_same_core_scale_0.75,2511,847102,TB,local_width_ms_median,1.0,16.0,95
circle_EE_EI_time,followup,follow_circle_out1.125_EI0.75,2511,847102,TB,local_width_ms_median,1.125,18.0,96
circle_EE_EI_time,followup,follow_circle_out1.25_EI0.75,2511,847102,TB,local_width_ms_median,1.25,18.0,95
circle_EE_EI_time,followup,up3__circle,2511,847101,TA,SCL_minus_ICL_lag_median_ms,1.0,91.2919629314074,22
circle_EE_EI_time,followup,follow_circle_out1.125_EI1,2511,847101,TA,SCL_minus_ICL_lag_median_ms,1.125,-4.994864487860468,51
circle_EE_EI_time,followup,up3__circle__EE_core_to_out_scale_1.25,2511,847101,TA,SCL_minus_ICL_lag_median_ms,1.25,-16.460862717292912,71
circle_EE_EI_time,followup,up3__circle,2511,847102,TA,SCL_minus_ICL_lag_median_ms,1.0,92.85278464587464,22
circle_EE_EI_time,followup,follow_circle_out1.125_EI1,2511,847102,TA,SCL_minus_ICL_lag_median_ms,1.125,51.603059420180216,49
circle_EE_EI_time,followup,up3__circle__EE_core_to_out_scale_1.25,2511,847102,TA,SCL_minus_ICL_lag_median_ms,1.25,-15.681420670632631,53
circle_EE_EI_time,followup,follow_circle_out1_EI0.875,2511,847101,TA,SCL_minus_ICL_lag_median_ms,1.0,-17.20631841843351,68
circle_EE_EI_time,followup,follow_circle_out1.125_EI0.875,2511,847101,TA,SCL_minus_ICL_lag_median_ms,1.125,-20.49205674896075,79
circle_EE_EI_time,followup,follow_circle_out1.25_EI0.875,2511,847101,TA,SCL_minus_ICL_lag_median_ms,1.25,-20.018600024344774,86
circle_EE_EI_time,followup,follow_circle_out1_EI0.875,2511,847102,TA,SCL_minus_ICL_lag_median_ms,1.0,-15.76832402814398,57
circle_EE_EI_time,followup,follow_circle_out1.125_EI0.875,2511,847102,TA,SCL_minus_ICL_lag_median_ms,1.125,-19.295440415321536,66
circle_EE_EI_time,followup,follow_circle_out1.25_EI0.875,2511,847102,TA,SCL_minus_ICL_lag_median_ms,1.25,-19.641964114809525,69
circle_EE_EI_time,followup,up3__circle__EI_same_core_scale_0.75,2511,847101,TA,SCL_minus_ICL_lag_median_ms,1.0,-19.667652659969463,82
circle_EE_EI_time,followup,follow_circle_out1.125_EI0.75,2511,847101,TA,SCL_minus_ICL_lag_median_ms,1.125,-20.269135673055644,90
circle_EE_EI_time,followup,follow_circle_out1.25_EI0.75,2511,847101,TA,SCL_minus_ICL_lag_median_ms,1.25,-19.91063113772543,89
circle_EE_EI_time,followup,up3__circle__EI_same_core_scale_0.75,2511,847102,TA,SCL_minus_ICL_lag_median_ms,1.0,-19.1399336111499,69
circle_EE_EI_time,followup,follow_circle_out1.125_EI0.75,2511,847102,TA,SCL_minus_ICL_lag_median_ms,1.125,-20.128432399986195,73
circle_EE_EI_time,followup,follow_circle_out1.25_EI0.75,2511,847102,TA,SCL_minus_ICL_lag_median_ms,1.25,-19.93212108024636,74
circle_EE_EI_time,followup,up3__circle,2511,847101,TA,recruitment_span_ms_median,1.0,120.0,22
circle_EE_EI_time,followup,follow_circle_out1.125_EI1,2511,847101,TA,recruitment_span_ms_median,1.125,68.0,51
circle_EE_EI_time,followup,up3__circle__EE_core_to_out_scale_1.25,2511,847101,TA,recruitment_span_ms_median,1.25,42.0,71
circle_EE_EI_time,followup,up3__circle,2511,847102,TA,recruitment_span_ms_median,1.0,115.0,22
circle_EE_EI_time,followup,follow_circle_out1.125_EI1,2511,847102,TA,recruitment_span_ms_median,1.125,114.0,49
circle_EE_EI_time,followup,up3__circle__EE_core_to_out_scale_1.25,2511,847102,TA,recruitment_span_ms_median,1.25,42.0,53
circle_EE_EI_time,followup,follow_circle_out1_EI0.875,2511,847101,TA,recruitment_span_ms_median,1.0,40.0,68
circle_EE_EI_time,followup,follow_circle_out1.125_EI0.875,2511,847101,TA,recruitment_span_ms_median,1.125,48.0,79
circle_EE_EI_time,followup,follow_circle_out1.25_EI0.875,2511,847101,TA,recruitment_span_ms_median,1.25,49.0,86
circle_EE_EI_time,followup,follow_circle_out1_EI0.875,2511,847102,TA,recruitment_span_ms_median,1.0,42.0,57
circle_EE_EI_time,followup,follow_circle_out1.125_EI0.875,2511,847102,TA,recruitment_span_ms_median,1.125,48.0,66
circle_EE_EI_time,followup,follow_circle_out1.25_EI0.875,2511,847102,TA,recruitment_span_ms_median,1.25,48.0,69
circle_EE_EI_time,followup,up3__circle__EI_same_core_scale_0.75,2511,847101,TA,recruitment_span_ms_median,1.0,48.0,82
circle_EE_EI_time,followup,follow_circle_out1.125_EI0.75,2511,847101,TA,recruitment_span_ms_median,1.125,50.0,90
circle_EE_EI_time,followup,follow_circle_out1.25_EI0.75,2511,847101,TA,recruitment_span_ms_median,1.25,50.0,89
circle_EE_EI_time,followup,up3__circle__EI_same_core_scale_0.75,2511,847102,TA,recruitment_span_ms_median,1.0,48.0,69
circle_EE_EI_time,followup,follow_circle_out1.125_EI0.75,2511,847102,TA,recruitment_span_ms_median,1.125,50.0,73
circle_EE_EI_time,followup,follow_circle_out1.25_EI0.75,2511,847102,TA,recruitment_span_ms_median,1.25,50.0,74
circle_EE_EI_time,followup,up3__circle,2511,847101,TA,local_width_ms_median,1.0,16.0,22
circle_EE_EI_time,followup,follow_circle_out1.125_EI1,2511,847101,TA,local_width_ms_median,1.125,16.0,51
circle_EE_EI_time,followup,up3__circle__EE_core_to_out_scale_1.25,2511,847101,TA,local_width_ms_median,1.25,16.0,71
circle_EE_EI_time,followup,up3__circle,2511,847102,TA,local_width_ms_median,1.0,16.0,22
circle_EE_EI_time,followup,follow_circle_out1.125_EI1,2511,847102,TA,local_width_ms_median,1.125,16.0,49
circle_EE_EI_time,followup,up3__circle__EE_core_to_out_scale_1.25,2511,847102,TA,local_width_ms_median,1.25,16.0,53
circle_EE_EI_time,followup,follow_circle_out1_EI0.875,2511,847101,TA,local_width_ms_median,1.0,16.0,68
circle_EE_EI_time,followup,follow_circle_out1.125_EI0.875,2511,847101,TA,local_width_ms_median,1.125,16.0,79
circle_EE_EI_time,followup,follow_circle_out1.25_EI0.875,2511,847101,TA,local_width_ms_median,1.25,16.0,86
circle_EE_EI_time,followup,follow_circle_out1_EI0.875,2511,847102,TA,local_width_ms_median,1.0,16.0,57
circle_EE_EI_time,followup,follow_circle_out1.125_EI0.875,2511,847102,TA,local_width_ms_median,1.125,16.0,66
circle_EE_EI_time,followup,follow_circle_out1.25_EI0.875,2511,847102,TA,local_width_ms_median,1.25,16.0,69
circle_EE_EI_time,followup,up3__circle__EI_same_core_scale_0.75,2511,847101,TA,local_width_ms_median,1.0,16.0,82
circle_EE_EI_time,followup,follow_circle_out1.125_EI0.75,2511,847101,TA,local_width_ms_median,1.125,16.0,90
circle_EE_EI_time,followup,follow_circle_out1.25_EI0.75,2511,847101,TA,local_width_ms_median,1.25,16.0,89
circle_EE_EI_time,followup,up3__circle__EI_same_core_scale_0.75,2511,847102,TA,local_width_ms_median,1.0,16.0,69
circle_EE_EI_time,followup,follow_circle_out1.125_EI0.75,2511,847102,TA,local_width_ms_median,1.125,16.0,73
circle_EE_EI_time,followup,follow_circle_out1.25_EI0.75,2511,847102,TA,local_width_ms_median,1.25,16.0,74
circle_EE_EI_scl,followup,up3__circle,2511,847101,TB,pair_0,1.0,0.0101010101010101,99
circle_EE_EI_scl,followup,follow_circle_out1.125_EI1,2511,847101,TB,pair_0,1.125,0.0512820512820512,78
circle_EE_EI_scl,followup,up3__circle__EE_core_to_out_scale_1.25,2511,847101,TB,pair_0,1.25,0.05,60
circle_EE_EI_scl,followup,up3__circle,2511,847102,TB,pair_0,1.0,0.02,100
circle_EE_EI_scl,followup,follow_circle_out1.125_EI1,2511,847102,TB,pair_0,1.125,0.0735294117647058,68
circle_EE_EI_scl,followup,up3__circle__EE_core_to_out_scale_1.25,2511,847102,TB,pair_0,1.25,0.0655737704918032,61
circle_EE_EI_scl,followup,follow_circle_out1_EI0.875,2511,847101,TB,pair_0,1.0,0.0,68
circle_EE_EI_scl,followup,follow_circle_out1.125_EI0.875,2511,847101,TB,pair_0,1.125,0.1267605633802817,71
circle_EE_EI_scl,followup,follow_circle_out1.25_EI0.875,2511,847101,TB,pair_0,1.25,0.2771084337349397,83
circle_EE_EI_scl,followup,follow_circle_out1_EI0.875,2511,847102,TB,pair_0,1.0,0.0,70
circle_EE_EI_scl,followup,follow_circle_out1.125_EI0.875,2511,847102,TB,pair_0,1.125,0.12,75
circle_EE_EI_scl,followup,follow_circle_out1.25_EI0.875,2511,847102,TB,pair_0,1.25,0.3695652173913043,92
circle_EE_EI_scl,followup,up3__circle__EI_same_core_scale_0.75,2511,847101,TB,pair_0,1.0,0.0,58
circle_EE_EI_scl,followup,follow_circle_out1.125_EI0.75,2511,847101,TB,pair_0,1.125,0.2784810126582278,79
circle_EE_EI_scl,followup,follow_circle_out1.25_EI0.75,2511,847101,TB,pair_0,1.25,0.275,80
circle_EE_EI_scl,followup,up3__circle__EI_same_core_scale_0.75,2511,847102,TB,pair_0,1.0,0.0,56
circle_EE_EI_scl,followup,follow_circle_out1.125_EI0.75,2511,847102,TB,pair_0,1.125,0.4166666666666667,96
circle_EE_EI_scl,followup,follow_circle_out1.25_EI0.75,2511,847102,TB,pair_0,1.25,0.431578947368421,95
circle_EE_EI_scl,followup,up3__circle,2511,847101,TB,pair_1,1.0,0.0135135135135135,74
circle_EE_EI_scl,followup,follow_circle_out1.125_EI1,2511,847101,TB,pair_1,1.125,0.0461538461538461,65
circle_EE_EI_scl,followup,up3__circle__EE_core_to_out_scale_1.25,2511,847101,TB,pair_1,1.25,0.0333333333333333,60
circle_EE_EI_scl,followup,up3__circle,2511,847102,TB,pair_1,1.0,0.0263157894736842,76
circle_EE_EI_scl,followup,follow_circle_out1.125_EI1,2511,847102,TB,pair_1,1.125,0.0655737704918032,61
circle_EE_EI_scl,followup,up3__circle__EE_core_to_out_scale_1.25,2511,847102,TB,pair_1,1.25,0.0338983050847457,59
circle_EE_EI_scl,followup,follow_circle_out1_EI0.875,2511,847101,TB,pair_1,1.0,0.0,67
circle_EE_EI_scl,followup,follow_circle_out1.125_EI0.875,2511,847101,TB,pair_1,1.125,0.2439024390243902,82
circle_EE_EI_scl,followup,follow_circle_out1.25_EI0.875,2511,847101,TB,pair_1,1.25,0.2771084337349397,83
circle_EE_EI_scl,followup,follow_circle_out1_EI0.875,2511,847102,TB,pair_1,1.0,0.0,66
circle_EE_EI_scl,followup,follow_circle_out1.125_EI0.875,2511,847102,TB,pair_1,1.125,0.2409638554216867,83
circle_EE_EI_scl,followup,follow_circle_out1.25_EI0.875,2511,847102,TB,pair_1,1.25,0.391304347826087,92
circle_EE_EI_scl,followup,up3__circle__EI_same_core_scale_0.75,2511,847101,TB,pair_1,1.0,0.2027027027027027,74
circle_EE_EI_scl,followup,follow_circle_out1.125_EI0.75,2511,847101,TB,pair_1,1.125,0.2531645569620253,79
circle_EE_EI_scl,followup,follow_circle_out1.25_EI0.75,2511,847101,TB,pair_1,1.25,0.2625,80
circle_EE_EI_scl,followup,up3__circle__EI_same_core_scale_0.75,2511,847102,TB,pair_1,1.0,0.2784810126582278,79
circle_EE_EI_scl,followup,follow_circle_out1.125_EI0.75,2511,847102,TB,pair_1,1.125,0.3958333333333333,96
circle_EE_EI_scl,followup,follow_circle_out1.25_EI0.75,2511,847102,TB,pair_1,1.25,0.4,95
circle_EE_EI_scl,followup,up3__circle,2511,847101,TB,pair_2,1.0,0.0166666666666666,60
circle_EE_EI_scl,followup,follow_circle_out1.125_EI1,2511,847101,TB,pair_2,1.125,0.046875,64
circle_EE_EI_scl,followup,up3__circle__EE_core_to_out_scale_1.25,2511,847101,TB,pair_2,1.25,0.0491803278688524,61
circle_EE_EI_scl,followup,up3__circle,2511,847102,TB,pair_2,1.0,0.0149253731343283,67
circle_EE_EI_scl,followup,follow_circle_out1.125_EI1,2511,847102,TB,pair_2,1.125,0.0327868852459016,61
circle_EE_EI_scl,followup,up3__circle__EE_core_to_out_scale_1.25,2511,847102,TB,pair_2,1.25,0.1044776119402985,67
circle_EE_EI_scl,followup,follow_circle_out1_EI0.875,2511,847101,TB,pair_2,1.0,0.081081081081081,74
circle_EE_EI_scl,followup,follow_circle_out1.125_EI0.875,2511,847101,TB,pair_2,1.125,0.2470588235294117,85
circle_EE_EI_scl,followup,follow_circle_out1.25_EI0.875,2511,847101,TB,pair_2,1.25,0.2650602409638554,83
circle_EE_EI_scl,followup,follow_circle_out1_EI0.875,2511,847102,TB,pair_2,1.0,0.1081081081081081,74
circle_EE_EI_scl,followup,follow_circle_out1.125_EI0.875,2511,847102,TB,pair_2,1.125,0.2872340425531915,94
circle_EE_EI_scl,followup,follow_circle_out1.25_EI0.875,2511,847102,TB,pair_2,1.25,0.3763440860215054,93
circle_EE_EI_scl,followup,up3__circle__EI_same_core_scale_0.75,2511,847101,TB,pair_2,1.0,0.2988505747126437,87
circle_EE_EI_scl,followup,follow_circle_out1.125_EI0.75,2511,847101,TB,pair_2,1.125,0.2151898734177215,79
circle_EE_EI_scl,followup,follow_circle_out1.25_EI0.75,2511,847101,TB,pair_2,1.25,0.2,80
circle_EE_EI_scl,followup,up3__circle__EI_same_core_scale_0.75,2511,847102,TB,pair_2,1.0,0.3578947368421052,95
circle_EE_EI_scl,followup,follow_circle_out1.125_EI0.75,2511,847102,TB,pair_2,1.125,0.34375,96
circle_EE_EI_scl,followup,follow_circle_out1.25_EI0.75,2511,847102,TB,pair_2,1.25,0.3368421052631579,95
circle_EE_EI_scl,followup,up3__circle,2511,847101,TA,pair_0,1.0,0.25,20
circle_EE_EI_scl,followup,follow_circle_out1.125_EI1,2511,847101,TA,pair_0,1.125,0.28125,32
circle_EE_EI_scl,followup,up3__circle__EE_core_to_out_scale_1.25,2511,847101,TA,pair_0,1.25,0.8,15
circle_EE_EI_scl,followup,up3__circle,2511,847102,TA,pair_0,1.0,0.0952380952380952,21
circle_EE_EI_scl,followup,follow_circle_out1.125_EI1,2511,847102,TA,pair_0,1.125,0.1724137931034483,29
circle_EE_EI_scl,followup,up3__circle__EE_core_to_out_scale_1.25,2511,847102,TA,pair_0,1.25,0.6,10
circle_EE_EI_scl,followup,follow_circle_out1.125_EI0.875,2511,847101,TA,pair_0,1.125,0.7878787878787878,33
circle_EE_EI_scl,followup,follow_circle_out1.25_EI0.875,2511,847101,TA,pair_0,1.25,0.9285714285714286,84
circle_EE_EI_scl,followup,follow_circle_out1_EI0.875,2511,847102,TA,pair_0,1.0,0.0,2
circle_EE_EI_scl,followup,follow_circle_out1.125_EI0.875,2511,847102,TA,pair_0,1.125,1.0,24
circle_EE_EI_scl,followup,follow_circle_out1.25_EI0.875,2511,847102,TA,pair_0,1.25,0.90625,64
circle_EE_EI_scl,followup,up3__circle__EI_same_core_scale_0.75,2511,847101,TA,pair_0,1.0,1.0,1
circle_EE_EI_scl,followup,follow_circle_out1.125_EI0.75,2511,847101,TA,pair_0,1.125,0.9888888888888888,90
circle_EE_EI_scl,followup,follow_circle_out1.25_EI0.75,2511,847101,TA,pair_0,1.25,1.0,89
circle_EE_EI_scl,followup,follow_circle_out1.125_EI0.75,2511,847102,TA,pair_0,1.125,0.9863013698630136,73
circle_EE_EI_scl,followup,follow_circle_out1.25_EI0.75,2511,847102,TA,pair_0,1.25,1.0,74
circle_EE_EI_scl,followup,up3__circle,2511,847101,TA,pair_1,1.0,0.4545454545454545,11
circle_EE_EI_scl,followup,follow_circle_out1.125_EI1,2511,847101,TA,pair_1,1.125,1.0,9
circle_EE_EI_scl,followup,up3__circle__EE_core_to_out_scale_1.25,2511,847101,TA,pair_1,1.25,1.0,11
circle_EE_EI_scl,followup,up3__circle,2511,847102,TA,pair_1,1.0,0.2857142857142857,7
circle_EE_EI_scl,followup,follow_circle_out1.125_EI1,2511,847102,TA,pair_1,1.125,0.5555555555555556,9
circle_EE_EI_scl,followup,up3__circle__EE_core_to_out_scale_1.25,2511,847102,TA,pair_1,1.25,1.0,7
circle_EE_EI_scl,followup,follow_circle_out1_EI0.875,2511,847101,TA,pair_1,1.0,1.0,1
circle_EE_EI_scl,followup,follow_circle_out1.125_EI0.875,2511,847101,TA,pair_1,1.125,1.0,54
circle_EE_EI_scl,followup,follow_circle_out1.25_EI0.875,2511,847101,TA,pair_1,1.25,1.0,84
circle_EE_EI_scl,followup,follow_circle_out1.125_EI0.875,2511,847102,TA,pair_1,1.125,1.0,40
circle_EE_EI_scl,followup,follow_circle_out1.25_EI0.875,2511,847102,TA,pair_1,1.25,1.0,65
circle_EE_EI_scl,followup,up3__circle__EI_same_core_scale_0.75,2511,847101,TA,pair_1,1.0,1.0,45
circle_EE_EI_scl,followup,follow_circle_out1.125_EI0.75,2511,847101,TA,pair_1,1.125,1.0,90
circle_EE_EI_scl,followup,follow_circle_out1.25_EI0.75,2511,847101,TA,pair_1,1.25,1.0,89
circle_EE_EI_scl,followup,up3__circle__EI_same_core_scale_0.75,2511,847102,TA,pair_1,1.0,1.0,38
circle_EE_EI_scl,followup,follow_circle_out1.125_EI0.75,2511,847102,TA,pair_1,1.125,1.0,73
circle_EE_EI_scl,followup,follow_circle_out1.25_EI0.75,2511,847102,TA,pair_1,1.25,1.0,74
circle_EE_EI_scl,followup,up3__circle,2511,847101,TA,pair_2,1.0,1.0,4
circle_EE_EI_scl,followup,follow_circle_out1.125_EI1,2511,847101,TA,pair_2,1.125,0.7,10
circle_EE_EI_scl,followup,up3__circle__EE_core_to_out_scale_1.25,2511,847101,TA,pair_2,1.25,0.96,25
circle_EE_EI_scl,followup,up3__circle,2511,847102,TA,pair_2,1.0,0.6666666666666666,3
circle_EE_EI_scl,followup,follow_circle_out1.125_EI1,2511,847102,TA,pair_2,1.125,0.6,5
circle_EE_EI_scl,followup,up3__circle__EE_core_to_out_scale_1.25,2511,847102,TA,pair_2,1.25,1.0,18
circle_EE_EI_scl,followup,follow_circle_out1_EI0.875,2511,847101,TA,pair_2,1.0,1.0,23
circle_EE_EI_scl,followup,follow_circle_out1.125_EI0.875,2511,847101,TA,pair_2,1.125,1.0,74
circle_EE_EI_scl,followup,follow_circle_out1.25_EI0.875,2511,847101,TA,pair_2,1.25,1.0,86
circle_EE_EI_scl,followup,follow_circle_out1_EI0.875,2511,847102,TA,pair_2,1.0,1.0,15
circle_EE_EI_scl,followup,follow_circle_out1.125_EI0.875,2511,847102,TA,pair_2,1.125,1.0,62
circle_EE_EI_scl,followup,follow_circle_out1.25_EI0.875,2511,847102,TA,pair_2,1.25,1.0,68
circle_EE_EI_scl,followup,up3__circle__EI_same_core_scale_0.75,2511,847101,TA,pair_2,1.0,1.0,82
circle_EE_EI_scl,followup,follow_circle_out1.125_EI0.75,2511,847101,TA,pair_2,1.125,1.0,90
circle_EE_EI_scl,followup,follow_circle_out1.25_EI0.75,2511,847101,TA,pair_2,1.25,1.0,89
circle_EE_EI_scl,followup,up3__circle__EI_same_core_scale_0.75,2511,847102,TA,pair_2,1.0,1.0,68
circle_EE_EI_scl,followup,follow_circle_out1.125_EI0.75,2511,847102,TA,pair_2,1.125,1.0,73
circle_EE_EI_scl,followup,follow_circle_out1.25_EI0.75,2511,847102,TA,pair_2,1.25,1.0,74
circle_EE_EI_scl_lag,followup,up3__circle,2511,847101,TB,scl_lag_0,1.0,-8.713321445695328,99
circle_EE_EI_scl_lag,followup,follow_circle_out1.125_EI1,2511,847101,TB,scl_lag_0,1.125,-8.402623927631794,78
circle_EE_EI_scl_lag,followup,up3__circle__EE_core_to_out_scale_1.25,2511,847101,TB,scl_lag_0,1.25,-8.14745874770415,60
circle_EE_EI_scl_lag,followup,up3__circle,2511,847102,TB,scl_lag_0,1.0,-8.63603078005508,100
circle_EE_EI_scl_lag,followup,follow_circle_out1.125_EI1,2511,847102,TB,scl_lag_0,1.125,-8.320123227753356,68
circle_EE_EI_scl_lag,followup,up3__circle__EE_core_to_out_scale_1.25,2511,847102,TB,scl_lag_0,1.25,-8.124325785671317,61
circle_EE_EI_scl_lag,followup,follow_circle_out1_EI0.875,2511,847101,TB,scl_lag_0,1.0,-8.232398588374053,68
circle_EE_EI_scl_lag,followup,follow_circle_out1.125_EI0.875,2511,847101,TB,scl_lag_0,1.125,-8.106404184110943,71
circle_EE_EI_scl_lag,followup,follow_circle_out1.25_EI0.875,2511,847101,TB,scl_lag_0,1.25,-8.078904415662691,83
circle_EE_EI_scl_lag,followup,follow_circle_out1_EI0.875,2511,847102,TB,scl_lag_0,1.0,-8.24166997566499,70
circle_EE_EI_scl_lag,followup,follow_circle_out1.125_EI0.875,2511,847102,TB,scl_lag_0,1.125,-8.088345775986454,75
circle_EE_EI_scl_lag,followup,follow_circle_out1.25_EI0.875,2511,847102,TB,scl_lag_0,1.25,-8.037374288556293,92
circle_EE_EI_scl_lag,followup,up3__circle__EI_same_core_scale_0.75,2511,847101,TB,scl_lag_0,1.0,-8.10886818140898,58
circle_EE_EI_scl_lag,followup,follow_circle_out1.125_EI0.75,2511,847101,TB,scl_lag_0,1.125,-8.091808074379514,79
circle_EE_EI_scl_lag,followup,follow_circle_out1.25_EI0.75,2511,847101,TB,scl_lag_0,1.25,-8.152032121642833,80
circle_EE_EI_scl_lag,followup,up3__circle__EI_same_core_scale_0.75,2511,847102,TB,scl_lag_0,1.0,-8.117186211304215,56
circle_EE_EI_scl_lag,followup,follow_circle_out1.125_EI0.75,2511,847102,TB,scl_lag_0,1.125,-8.045471983217794,96
circle_EE_EI_scl_lag,followup,follow_circle_out1.25_EI0.75,2511,847102,TB,scl_lag_0,1.25,-8.09073703904869,95
circle_EE_EI_scl_lag,followup,up3__circle,2511,847101,TB,scl_lag_1,1.0,-4.855837432418412,74
circle_EE_EI_scl_lag,followup,follow_circle_out1.125_EI1,2511,847101,TB,scl_lag_1,1.125,-5.209889687837858,65
circle_EE_EI_scl_lag,followup,up3__circle__EE_core_to_out_scale_1.25,2511,847101,TB,scl_lag_1,1.25,-5.11393266124287,60
circle_EE_EI_scl_lag,followup,up3__circle,2511,847102,TB,scl_lag_1,1.0,-4.870853237049232,76
circle_EE_EI_scl_lag,followup,follow_circle_out1.125_EI1,2511,847102,TB,scl_lag_1,1.125,-5.129317230377637,61
circle_EE_EI_scl_lag,followup,up3__circle__EE_core_to_out_scale_1.25,2511,847102,TB,scl_lag_1,1.25,-5.081297186145093,59
circle_EE_EI_scl_lag,followup,follow_circle_out1_EI0.875,2511,847101,TB,scl_lag_1,1.0,-5.248243761923732,67
circle_EE_EI_scl_lag,followup,follow_circle_out1.125_EI0.875,2511,847101,TB,scl_lag_1,1.125,-5.0108631930438605,82
circle_EE_EI_scl_lag,followup,follow_circle_out1.25_EI0.875,2511,847101,TB,scl_lag_1,1.25,-5.0312240926105005,83
circle_EE_EI_scl_lag,followup,follow_circle_out1_EI0.875,2511,847102,TB,scl_lag_1,1.0,-5.11064630407418,66
circle_EE_EI_scl_lag,followup,follow_circle_out1.125_EI0.875,2511,847102,TB,scl_lag_1,1.125,-5.010229078965494,83
circle_EE_EI_scl_lag,followup,follow_circle_out1.25_EI0.875,2511,847102,TB,scl_lag_1,1.25,-5.005316322247381,92
circle_EE_EI_scl_lag,followup,up3__circle__EI_same_core_scale_0.75,2511,847101,TB,scl_lag_1,1.0,-5.027819667368476,74
circle_EE_EI_scl_lag,followup,follow_circle_out1.125_EI0.75,2511,847101,TB,scl_lag_1,1.125,-5.0458256754645845,79
circle_EE_EI_scl_lag,followup,follow_circle_out1.25_EI0.75,2511,847101,TB,scl_lag_1,1.25,-5.01279961453838,80
circle_EE_EI_scl_lag,followup,up3__circle__EI_same_core_scale_0.75,2511,847102,TB,scl_lag_1,1.0,-5.021278233954945,79
circle_EE_EI_scl_lag,followup,follow_circle_out1.125_EI0.75,2511,847102,TB,scl_lag_1,1.125,-5.02907701451295,96
circle_EE_EI_scl_lag,followup,follow_circle_out1.25_EI0.75,2511,847102,TB,scl_lag_1,1.25,-4.976130387924968,95
circle_EE_EI_scl_lag,followup,up3__circle,2511,847101,TB,scl_lag_2,1.0,-8.379466661179777,60
circle_EE_EI_scl_lag,followup,follow_circle_out1.125_EI1,2511,847101,TB,scl_lag_2,1.125,-8.352421507683175,64
circle_EE_EI_scl_lag,followup,up3__circle__EE_core_to_out_scale_1.25,2511,847101,TB,scl_lag_2,1.25,-8.469631295956788,61
circle_EE_EI_scl_lag,followup,up3__circle,2511,847102,TB,scl_lag_2,1.0,-8.371739587462798,67
circle_EE_EI_scl_lag,followup,follow_circle_out1.125_EI1,2511,847102,TB,scl_lag_2,1.125,-8.402078082755907,61
circle_EE_EI_scl_lag,followup,up3__circle__EE_core_to_out_scale_1.25,2511,847102,TB,scl_lag_2,1.25,-8.392785940057365,67
circle_EE_EI_scl_lag,followup,follow_circle_out1_EI0.875,2511,847101,TB,scl_lag_2,1.0,-8.397003760162988,74
circle_EE_EI_scl_lag,followup,follow_circle_out1.125_EI0.875,2511,847101,TB,scl_lag_2,1.125,-8.218572041594598,85
circle_EE_EI_scl_lag,followup,follow_circle_out1.25_EI0.875,2511,847101,TB,scl_lag_2,1.25,-7.625636471349935,83
circle_EE_EI_scl_lag,followup,follow_circle_out1_EI0.875,2511,847102,TB,scl_lag_2,1.0,-8.484602727226957,74
circle_EE_EI_scl_lag,followup,follow_circle_out1.125_EI0.875,2511,847102,TB,scl_lag_2,1.125,-8.032323363330761,94
circle_EE_EI_scl_lag,followup,follow_circle_out1.25_EI0.875,2511,847102,TB,scl_lag_2,1.25,-7.635160825710045,93
circle_EE_EI_scl_lag,followup,up3__circle__EI_same_core_scale_0.75,2511,847101,TB,scl_lag_2,1.0,-8.237021564644238,87
circle_EE_EI_scl_lag,followup,follow_circle_out1.125_EI0.75,2511,847101,TB,scl_lag_2,1.125,-7.645616763673388,79
circle_EE_EI_scl_lag,followup,follow_circle_out1.25_EI0.75,2511,847101,TB,scl_lag_2,1.25,-7.613546306729404,80
circle_EE_EI_scl_lag,followup,up3__circle__EI_same_core_scale_0.75,2511,847102,TB,scl_lag_2,1.0,-8.180795426480472,95
circle_EE_EI_scl_lag,followup,follow_circle_out1.125_EI0.75,2511,847102,TB,scl_lag_2,1.125,-7.628022244991371,96
circle_EE_EI_scl_lag,followup,follow_circle_out1.25_EI0.75,2511,847102,TB,scl_lag_2,1.25,-7.6101091553937295,95
circle_EE_EI_scl_lag,followup,up3__circle,2511,847101,TA,scl_lag_0,1.0,-7.567110560656147,20
circle_EE_EI_scl_lag,followup,follow_circle_out1.125_EI1,2511,847101,TA,scl_lag_0,1.125,-6.7375358391982445,32
circle_EE_EI_scl_lag,followup,up3__circle__EE_core_to_out_scale_1.25,2511,847101,TA,scl_lag_0,1.25,1.4195473071886229,15
circle_EE_EI_scl_lag,followup,up3__circle,2511,847102,TA,scl_lag_0,1.0,-8.277434140461992,21
circle_EE_EI_scl_lag,followup,follow_circle_out1.125_EI1,2511,847102,TA,scl_lag_0,1.125,-7.139377975980096,29
circle_EE_EI_scl_lag,followup,up3__circle__EE_core_to_out_scale_1.25,2511,847102,TA,scl_lag_0,1.25,1.1280767144662605,10
circle_EE_EI_scl_lag,followup,follow_circle_out1.125_EI0.875,2511,847101,TA,scl_lag_0,1.125,0.8626642434028327,33
circle_EE_EI_scl_lag,followup,follow_circle_out1.25_EI0.875,2511,847101,TA,scl_lag_0,1.25,1.3248995536923758,84
circle_EE_EI_scl_lag,followup,follow_circle_out1_EI0.875,2511,847102,TA,scl_lag_0,1.0,-6.827814837262849,2
circle_EE_EI_scl_lag,followup,follow_circle_out1.125_EI0.875,2511,847102,TA,scl_lag_0,1.125,0.9657629271287078,24
circle_EE_EI_scl_lag,followup,follow_circle_out1.25_EI0.875,2511,847102,TA,scl_lag_0,1.25,1.25370043527073,64
circle_EE_EI_scl_lag,followup,up3__circle__EI_same_core_scale_0.75,2511,847101,TA,scl_lag_0,1.0,1.885833320910024,1
circle_EE_EI_scl_lag,followup,follow_circle_out1.125_EI0.75,2511,847101,TA,scl_lag_0,1.125,1.5450946104356262,90
circle_EE_EI_scl_lag,followup,follow_circle_out1.25_EI0.75,2511,847101,TA,scl_lag_0,1.25,1.535308508471644,89
circle_EE_EI_scl_lag,followup,follow_circle_out1.125_EI0.75,2511,847102,TA,scl_lag_0,1.125,1.6922807693190407,73
circle_EE_EI_scl_lag,followup,follow_circle_out1.25_EI0.75,2511,847102,TA,scl_lag_0,1.25,1.615191322958708,74
circle_EE_EI_scl_lag,followup,up3__circle,2511,847101,TA,scl_lag_1,1.0,-4.790444349033351,11
circle_EE_EI_scl_lag,followup,follow_circle_out1.125_EI1,2511,847101,TA,scl_lag_1,1.125,6.37196484546439,9
circle_EE_EI_scl_lag,followup,up3__circle__EE_core_to_out_scale_1.25,2511,847101,TA,scl_lag_1,1.25,2.8411866100723278,11
circle_EE_EI_scl_lag,followup,up3__circle,2511,847102,TA,scl_lag_1,1.0,-4.863147227144509,7
circle_EE_EI_scl_lag,followup,follow_circle_out1.125_EI1,2511,847102,TA,scl_lag_1,1.125,5.313414162788831,9
circle_EE_EI_scl_lag,followup,up3__circle__EE_core_to_out_scale_1.25,2511,847102,TA,scl_lag_1,1.25,3.301462984760292,7
circle_EE_EI_scl_lag,followup,follow_circle_out1_EI0.875,2511,847101,TA,scl_lag_1,1.0,3.70220073145174,1
circle_EE_EI_scl_lag,followup,follow_circle_out1.125_EI0.875,2511,847101,TA,scl_lag_1,1.125,2.99446978648848,54
circle_EE_EI_scl_lag,followup,follow_circle_out1.25_EI0.875,2511,847101,TA,scl_lag_1,1.25,2.583987868594704,84
circle_EE_EI_scl_lag,followup,follow_circle_out1.125_EI0.875,2511,847102,TA,scl_lag_1,1.125,3.0048532268406234,40
circle_EE_EI_scl_lag,followup,follow_circle_out1.25_EI0.875,2511,847102,TA,scl_lag_1,1.25,2.572317356599114,65
circle_EE_EI_scl_lag,followup,up3__circle__EI_same_core_scale_0.75,2511,847101,TA,scl_lag_1,1.0,3.669572688282642,45
circle_EE_EI_scl_lag,followup,follow_circle_out1.125_EI0.75,2511,847101,TA,scl_lag_1,1.125,2.814803429798303,90
circle_EE_EI_scl_lag,followup,follow_circle_out1.25_EI0.75,2511,847101,TA,scl_lag_1,1.25,2.922938141873601,89
circle_EE_EI_scl_lag,followup,up3__circle__EI_same_core_scale_0.75,2511,847102,TA,scl_lag_1,1.0,3.583217471241369,38
circle_EE_EI_scl_lag,followup,follow_circle_out1.125_EI0.75,2511,847102,TA,scl_lag_1,1.125,2.922599405141227,73
circle_EE_EI_scl_lag,followup,follow_circle_out1.25_EI0.75,2511,847102,TA,scl_lag_1,1.25,2.930275081544096,74
circle_EE_EI_scl_lag,followup,up3__circle,2511,847101,TA,scl_lag_2,1.0,10.23647340374555,4
circle_EE_EI_scl_lag,followup,follow_circle_out1.125_EI1,2511,847101,TA,scl_lag_2,1.125,7.800593344782101,10
circle_EE_EI_scl_lag,followup,up3__circle__EE_core_to_out_scale_1.25,2511,847101,TA,scl_lag_2,1.25,7.61028508531308,25
circle_EE_EI_scl_lag,followup,up3__circle,2511,847102,TA,scl_lag_2,1.0,13.335290280687332,3
circle_EE_EI_scl_lag,followup,follow_circle_out1.125_EI1,2511,847102,TA,scl_lag_2,1.125,7.872765955980867,5
circle_EE_EI_scl_lag,followup,up3__circle__EE_core_to_out_scale_1.25,2511,847102,TA,scl_lag_2,1.25,7.726493247608232,18
circle_EE_EI_scl_lag,followup,follow_circle_out1_EI0.875,2511,847101,TA,scl_lag_2,1.0,7.847698326906539,23
circle_EE_EI_scl_lag,followup,follow_circle_out1.125_EI0.875,2511,847101,TA,scl_lag_2,1.125,7.257262018501933,74
circle_EE_EI_scl_lag,followup,follow_circle_out1.25_EI0.875,2511,847101,TA,scl_lag_2,1.25,6.530200944715034,86
circle_EE_EI_scl_lag,followup,follow_circle_out1_EI0.875,2511,847102,TA,scl_lag_2,1.0,7.828919829458755,15
circle_EE_EI_scl_lag,followup,follow_circle_out1.125_EI0.875,2511,847102,TA,scl_lag_2,1.125,7.176616836082076,62
circle_EE_EI_scl_lag,followup,follow_circle_out1.25_EI0.875,2511,847102,TA,scl_lag_2,1.25,6.4982879114068055,68
circle_EE_EI_scl_lag,followup,up3__circle__EI_same_core_scale_0.75,2511,847101,TA,scl_lag_2,1.0,7.448794038648884,82
circle_EE_EI_scl_lag,followup,follow_circle_out1.125_EI0.75,2511,847101,TA,scl_lag_2,1.125,6.738237111305352,90
circle_EE_EI_scl_lag,followup,follow_circle_out1.25_EI0.75,2511,847101,TA,scl_lag_2,1.25,6.38665083743399,89
circle_EE_EI_scl_lag,followup,up3__circle__EI_same_core_scale_0.75,2511,847102,TA,scl_lag_2,1.0,7.33485059929626,68
circle_EE_EI_scl_lag,followup,follow_circle_out1.125_EI0.75,2511,847102,TA,scl_lag_2,1.125,6.721598045362043,73
circle_EE_EI_scl_lag,followup,follow_circle_out1.25_EI0.75,2511,847102,TA,scl_lag_2,1.25,6.39759656280421,74
circle_EE_EI_support,followup,up3__circle,2511,847101,TB,SCL_upper_participation,1.0,0.9523809523809524,105
circle_EE_EI_support,followup,follow_circle_out1.125_EI1,2511,847101,TB,SCL_upper_participation,1.125,0.9069767441860463,86
circle_EE_EI_support,followup,up3__circle__EE_core_to_out_scale_1.25,2511,847101,TB,SCL_upper_participation,1.25,0.8266666666666667,75
circle_EE_EI_support,followup,up3__circle,2511,847102,TB,SCL_upper_participation,1.0,0.9571428571428572,105
circle_EE_EI_support,followup,follow_circle_out1.125_EI1,2511,847102,TB,SCL_upper_participation,1.125,0.8765432098765431,81
circle_EE_EI_support,followup,up3__circle__EE_core_to_out_scale_1.25,2511,847102,TB,SCL_upper_participation,1.25,0.8311688311688312,77
circle_EE_EI_support,followup,follow_circle_out1_EI0.875,2511,847101,TB,SCL_upper_participation,1.0,0.7897727272727273,88
circle_EE_EI_support,followup,follow_circle_out1.125_EI0.875,2511,847101,TB,SCL_upper_participation,1.125,0.9,85
circle_EE_EI_support,followup,follow_circle_out1.25_EI0.875,2511,847101,TB,SCL_upper_participation,1.25,1.0,83
circle_EE_EI_support,followup,follow_circle_out1_EI0.875,2511,847102,TB,SCL_upper_participation,1.0,0.7921348314606742,89
circle_EE_EI_support,followup,follow_circle_out1.125_EI0.875,2511,847102,TB,SCL_upper_participation,1.125,0.84375,96
circle_EE_EI_support,followup,follow_circle_out1.25_EI0.875,2511,847102,TB,SCL_upper_participation,1.25,0.9946236559139784,93
circle_EE_EI_support,followup,up3__circle__EI_same_core_scale_0.75,2511,847101,TB,SCL_upper_participation,1.0,0.7586206896551724,87
circle_EE_EI_support,followup,follow_circle_out1.125_EI0.75,2511,847101,TB,SCL_upper_participation,1.125,1.0,79
circle_EE_EI_support,followup,follow_circle_out1.25_EI0.75,2511,847101,TB,SCL_upper_participation,1.25,1.0,80
circle_EE_EI_support,followup,up3__circle__EI_same_core_scale_0.75,2511,847102,TB,SCL_upper_participation,1.0,0.7105263157894737,95
circle_EE_EI_support,followup,follow_circle_out1.125_EI0.75,2511,847102,TB,SCL_upper_participation,1.125,1.0,96
circle_EE_EI_support,followup,follow_circle_out1.25_EI0.75,2511,847102,TB,SCL_upper_participation,1.25,1.0,95
circle_EE_EI_support,followup,up3__circle,2511,847101,TB,mode_fraction,1.0,0.8267716535433071,105
circle_EE_EI_support,followup,follow_circle_out1.125_EI1,2511,847101,TB,mode_fraction,1.125,0.6277372262773723,86
circle_EE_EI_support,followup,up3__circle__EE_core_to_out_scale_1.25,2511,847101,TB,mode_fraction,1.25,0.5136986301369864,75
circle_EE_EI_support,followup,up3__circle,2511,847102,TB,mode_fraction,1.0,0.8267716535433071,105
circle_EE_EI_support,followup,follow_circle_out1.125_EI1,2511,847102,TB,mode_fraction,1.125,0.6230769230769231,81
circle_EE_EI_support,followup,up3__circle__EE_core_to_out_scale_1.25,2511,847102,TB,mode_fraction,1.25,0.5923076923076923,77
circle_EE_EI_support,followup,follow_circle_out1_EI0.875,2511,847101,TB,mode_fraction,1.0,0.5641025641025641,88
circle_EE_EI_support,followup,follow_circle_out1.125_EI0.875,2511,847101,TB,mode_fraction,1.125,0.5182926829268293,85
circle_EE_EI_support,followup,follow_circle_out1.25_EI0.875,2511,847101,TB,mode_fraction,1.25,0.4911242603550296,83
circle_EE_EI_support,followup,follow_circle_out1_EI0.875,2511,847102,TB,mode_fraction,1.0,0.6095890410958904,89
circle_EE_EI_support,followup,follow_circle_out1.125_EI0.875,2511,847102,TB,mode_fraction,1.125,0.5925925925925926,96
circle_EE_EI_support,followup,follow_circle_out1.25_EI0.875,2511,847102,TB,mode_fraction,1.25,0.5740740740740741,93
circle_EE_EI_support,followup,up3__circle__EI_same_core_scale_0.75,2511,847101,TB,mode_fraction,1.0,0.514792899408284,87
circle_EE_EI_support,followup,follow_circle_out1.125_EI0.75,2511,847101,TB,mode_fraction,1.125,0.46745562130177515,79
circle_EE_EI_support,followup,follow_circle_out1.25_EI0.75,2511,847101,TB,mode_fraction,1.25,0.47337278106508873,80
circle_EE_EI_support,followup,up3__circle__EI_same_core_scale_0.75,2511,847102,TB,mode_fraction,1.0,0.5792682926829268,95
circle_EE_EI_support,followup,follow_circle_out1.125_EI0.75,2511,847102,TB,mode_fraction,1.125,0.5680473372781065,96
circle_EE_EI_support,followup,follow_circle_out1.25_EI0.75,2511,847102,TB,mode_fraction,1.25,0.5621301775147929,95
circle_EE_EI_support,followup,up3__circle,2511,847101,TB,n,1.0,105.0,105
circle_EE_EI_support,followup,follow_circle_out1.125_EI1,2511,847101,TB,n,1.125,86.0,86
circle_EE_EI_support,followup,up3__circle__EE_core_to_out_scale_1.25,2511,847101,TB,n,1.25,75.0,75
circle_EE_EI_support,followup,up3__circle,2511,847102,TB,n,1.0,105.0,105
circle_EE_EI_support,followup,follow_circle_out1.125_EI1,2511,847102,TB,n,1.125,81.0,81
circle_EE_EI_support,followup,up3__circle__EE_core_to_out_scale_1.25,2511,847102,TB,n,1.25,77.0,77
circle_EE_EI_support,followup,follow_circle_out1_EI0.875,2511,847101,TB,n,1.0,88.0,88
circle_EE_EI_support,followup,follow_circle_out1.125_EI0.875,2511,847101,TB,n,1.125,85.0,85
circle_EE_EI_support,followup,follow_circle_out1.25_EI0.875,2511,847101,TB,n,1.25,83.0,83
circle_EE_EI_support,followup,follow_circle_out1_EI0.875,2511,847102,TB,n,1.0,89.0,89
circle_EE_EI_support,followup,follow_circle_out1.125_EI0.875,2511,847102,TB,n,1.125,96.0,96
circle_EE_EI_support,followup,follow_circle_out1.25_EI0.875,2511,847102,TB,n,1.25,93.0,93
circle_EE_EI_support,followup,up3__circle__EI_same_core_scale_0.75,2511,847101,TB,n,1.0,87.0,87
circle_EE_EI_support,followup,follow_circle_out1.125_EI0.75,2511,847101,TB,n,1.125,79.0,79
circle_EE_EI_support,followup,follow_circle_out1.25_EI0.75,2511,847101,TB,n,1.25,80.0,80
circle_EE_EI_support,followup,up3__circle__EI_same_core_scale_0.75,2511,847102,TB,n,1.0,95.0,95
circle_EE_EI_support,followup,follow_circle_out1.125_EI0.75,2511,847102,TB,n,1.125,96.0,96
circle_EE_EI_support,followup,follow_circle_out1.25_EI0.75,2511,847102,TB,n,1.25,95.0,95
circle_EE_EI_support,followup,up3__circle,2511,847101,TA,SCL_upper_participation,1.0,0.931818181818182,22
circle_EE_EI_support,followup,follow_circle_out1.125_EI1,2511,847101,TA,SCL_upper_participation,1.125,0.6470588235294117,51
circle_EE_EI_support,followup,up3__circle__EE_core_to_out_scale_1.25,2511,847101,TA,SCL_upper_participation,1.25,0.3380281690140845,71
circle_EE_EI_support,followup,up3__circle,2511,847102,TA,SCL_upper_participation,1.0,0.9772727272727272,22
circle_EE_EI_support,followup,follow_circle_out1.125_EI1,2511,847102,TA,SCL_upper_participation,1.125,0.653061224489796,49
circle_EE_EI_support,followup,up3__circle__EE_core_to_out_scale_1.25,2511,847102,TA,SCL_upper_participation,1.25,0.330188679245283,53
circle_EE_EI_support,followup,follow_circle_out1_EI0.875,2511,847101,TA,SCL_upper_participation,1.0,0.0147058823529411,68
circle_EE_EI_support,followup,follow_circle_out1.125_EI0.875,2511,847101,TA,SCL_upper_participation,1.125,0.5506329113924051,79
circle_EE_EI_support,followup,follow_circle_out1.25_EI0.875,2511,847101,TA,SCL_upper_participation,1.25,0.9883720930232558,86
circle_EE_EI_support,followup,follow_circle_out1_EI0.875,2511,847102,TA,SCL_upper_participation,1.0,0.0614035087719298,57
circle_EE_EI_support,followup,follow_circle_out1.125_EI0.875,2511,847102,TA,SCL_upper_participation,1.125,0.4848484848484848,66
circle_EE_EI_support,followup,follow_circle_out1.25_EI0.875,2511,847102,TA,SCL_upper_participation,1.25,0.963768115942029,69
circle_EE_EI_support,followup,up3__circle__EI_same_core_scale_0.75,2511,847101,TA,SCL_upper_participation,1.0,0.2804878048780488,82
circle_EE_EI_support,followup,follow_circle_out1.125_EI0.75,2511,847101,TA,SCL_upper_participation,1.125,1.0,90
circle_EE_EI_support,followup,follow_circle_out1.25_EI0.75,2511,847101,TA,SCL_upper_participation,1.25,1.0,89
circle_EE_EI_support,followup,up3__circle__EI_same_core_scale_0.75,2511,847102,TA,SCL_upper_participation,1.0,0.2753623188405797,69
circle_EE_EI_support,followup,follow_circle_out1.125_EI0.75,2511,847102,TA,SCL_upper_participation,1.125,1.0,73
circle_EE_EI_support,followup,follow_circle_out1.25_EI0.75,2511,847102,TA,SCL_upper_participation,1.25,1.0,74
circle_EE_EI_support,followup,up3__circle,2511,847101,TA,mode_fraction,1.0,0.1732283464566929,22
circle_EE_EI_support,followup,follow_circle_out1.125_EI1,2511,847101,TA,mode_fraction,1.125,0.3722627737226277,51
circle_EE_EI_support,followup,up3__circle__EE_core_to_out_scale_1.25,2511,847101,TA,mode_fraction,1.25,0.4863013698630137,71
circle_EE_EI_support,followup,up3__circle,2511,847102,TA,mode_fraction,1.0,0.1732283464566929,22
circle_EE_EI_support,followup,follow_circle_out1.125_EI1,2511,847102,TA,mode_fraction,1.125,0.3769230769230769,49
circle_EE_EI_support,followup,up3__circle__EE_core_to_out_scale_1.25,2511,847102,TA,mode_fraction,1.25,0.4076923076923077,53
circle_EE_EI_support,followup,follow_circle_out1_EI0.875,2511,847101,TA,mode_fraction,1.0,0.4358974358974359,68
circle_EE_EI_support,followup,follow_circle_out1.125_EI0.875,2511,847101,TA,mode_fraction,1.125,0.4817073170731707,79
circle_EE_EI_support,followup,follow_circle_out1.25_EI0.875,2511,847101,TA,mode_fraction,1.25,0.5088757396449705,86
circle_EE_EI_support,followup,follow_circle_out1_EI0.875,2511,847102,TA,mode_fraction,1.0,0.3904109589041096,57
circle_EE_EI_support,followup,follow_circle_out1.125_EI0.875,2511,847102,TA,mode_fraction,1.125,0.4074074074074074,66
circle_EE_EI_support,followup,follow_circle_out1.25_EI0.875,2511,847102,TA,mode_fraction,1.25,0.42592592592592593,69
circle_EE_EI_support,followup,up3__circle__EI_same_core_scale_0.75,2511,847101,TA,mode_fraction,1.0,0.48520710059171596,82
circle_EE_EI_support,followup,follow_circle_out1.125_EI0.75,2511,847101,TA,mode_fraction,1.125,0.5325443786982249,90
circle_EE_EI_support,followup,follow_circle_out1.25_EI0.75,2511,847101,TA,mode_fraction,1.25,0.5266272189349113,89
circle_EE_EI_support,followup,up3__circle__EI_same_core_scale_0.75,2511,847102,TA,mode_fraction,1.0,0.42073170731707316,69
circle_EE_EI_support,followup,follow_circle_out1.125_EI0.75,2511,847102,TA,mode_fraction,1.125,0.4319526627218935,73
circle_EE_EI_support,followup,follow_circle_out1.25_EI0.75,2511,847102,TA,mode_fraction,1.25,0.4378698224852071,74
circle_EE_EI_support,followup,up3__circle,2511,847101,TA,n,1.0,22.0,22
circle_EE_EI_support,followup,follow_circle_out1.125_EI1,2511,847101,TA,n,1.125,51.0,51
circle_EE_EI_support,followup,up3__circle__EE_core_to_out_scale_1.25,2511,847101,TA,n,1.25,71.0,71
circle_EE_EI_support,followup,up3__circle,2511,847102,TA,n,1.0,22.0,22
circle_EE_EI_support,followup,follow_circle_out1.125_EI1,2511,847102,TA,n,1.125,49.0,49
circle_EE_EI_support,followup,up3__circle__EE_core_to_out_scale_1.25,2511,847102,TA,n,1.25,53.0,53
circle_EE_EI_support,followup,follow_circle_out1_EI0.875,2511,847101,TA,n,1.0,68.0,68
circle_EE_EI_support,followup,follow_circle_out1.125_EI0.875,2511,847101,TA,n,1.125,79.0,79
circle_EE_EI_support,followup,follow_circle_out1.25_EI0.875,2511,847101,TA,n,1.25,86.0,86
circle_EE_EI_support,followup,follow_circle_out1_EI0.875,2511,847102,TA,n,1.0,57.0,57
circle_EE_EI_support,followup,follow_circle_out1.125_EI0.875,2511,847102,TA,n,1.125,66.0,66
circle_EE_EI_support,followup,follow_circle_out1.25_EI0.875,2511,847102,TA,n,1.25,69.0,69
circle_EE_EI_support,followup,up3__circle__EI_same_core_scale_0.75,2511,847101,TA,n,1.0,82.0,82
circle_EE_EI_support,followup,follow_circle_out1.125_EI0.75,2511,847101,TA,n,1.125,90.0,90
circle_EE_EI_support,followup,follow_circle_out1.25_EI0.75,2511,847101,TA,n,1.25,89.0,89
circle_EE_EI_support,followup,up3__circle__EI_same_core_scale_0.75,2511,847102,TA,n,1.0,69.0,69
circle_EE_EI_support,followup,follow_circle_out1.125_EI0.75,2511,847102,TA,n,1.125,73.0,73
circle_EE_EI_support,followup,follow_circle_out1.25_EI0.75,2511,847102,TA,n,1.25,74.0,74
circle_geometry_original,followup,up3__circle__EE_core_to_out_scale_1.25,2511,847101,TB,participation_mae,0.0,0.2011499705610228,75
circle_geometry_original,followup,up3__circle__EE_core_to_out_scale_1.25__x_minus075,2511,847101,TB,participation_mae,1.0,0.2087569742338857,72
circle_geometry_original,followup,up3__circle__EE_core_to_out_scale_1.25__x_plus075,2511,847101,TB,participation_mae,2.0,0.201135891612803,91
circle_geometry_original,followup,up3__circle__EE_core_to_out_scale_1.25__y_minus10,2511,847101,TB,participation_mae,3.0,0.2049209953979068,84
circle_geometry_original,followup,up3__circle__EE_core_to_out_scale_1.25__y_plus10,2511,847101,TB,participation_mae,4.0,0.2059310964080078,77
circle_geometry_original,followup,up3__circle__EE_core_to_out_scale_1.25__radius205,2511,847101,TB,participation_mae,5.0,0.2112561548304114,113
circle_geometry_original,followup,up3__circle__EE_core_to_out_scale_1.25__radius235,2511,847101,TB,participation_mae,6.0,0.2235717890487004,120
circle_geometry_original,followup,up3__circle__EE_core_to_out_scale_1.25,2511,847102,TB,participation_mae,0.0,0.2050477304678667,77
circle_geometry_original,followup,up3__circle__EE_core_to_out_scale_1.25__x_minus075,2511,847102,TB,participation_mae,1.0,0.204163206631034,66
circle_geometry_original,followup,up3__circle__EE_core_to_out_scale_1.25__x_plus075,2511,847102,TB,participation_mae,2.0,0.1986413211091485,90
circle_geometry_original,followup,up3__circle__EE_core_to_out_scale_1.25__y_minus10,2511,847102,TB,participation_mae,3.0,0.1953923295433252,101
circle_geometry_original,followup,up3__circle__EE_core_to_out_scale_1.25__y_plus10,2511,847102,TB,participation_mae,4.0,0.2082492084035392,93
circle_geometry_original,followup,up3__circle__EE_core_to_out_scale_1.25__radius205,2511,847102,TB,participation_mae,5.0,0.2244284868680151,107
circle_geometry_original,followup,up3__circle__EE_core_to_out_scale_1.25__radius235,2511,847102,TB,participation_mae,6.0,0.2236406595721164,121
circle_geometry_original,followup,up3__circle__EE_core_to_out_scale_1.25,2511,847101,TB,rank_correlation,0.0,0.5357142857142856,75
circle_geometry_original,followup,up3__circle__EE_core_to_out_scale_1.25__x_minus075,2511,847101,TB,rank_correlation,1.0,0.5142857142857142,72
circle_geometry_original,followup,up3__circle__EE_core_to_out_scale_1.25__x_plus075,2511,847101,TB,rank_correlation,2.0,0.5392857142857141,91
circle_geometry_original,followup,up3__circle__EE_core_to_out_scale_1.25__y_minus10,2511,847101,TB,rank_correlation,3.0,0.4964285714285714,84
circle_geometry_original,followup,up3__circle__EE_core_to_out_scale_1.25__y_plus10,2511,847101,TB,rank_correlation,4.0,0.6535714285714285,77
circle_geometry_original,followup,up3__circle__EE_core_to_out_scale_1.25__radius205,2511,847101,TB,rank_correlation,5.0,0.5357142857142856,113
circle_geometry_original,followup,up3__circle__EE_core_to_out_scale_1.25__radius235,2511,847101,TB,rank_correlation,6.0,0.5071428571428571,120
circle_geometry_original,followup,up3__circle__EE_core_to_out_scale_1.25,2511,847102,TB,rank_correlation,0.0,0.5357142857142856,77
circle_geometry_original,followup,up3__circle__EE_core_to_out_scale_1.25__x_minus075,2511,847102,TB,rank_correlation,1.0,0.5214285714285714,66
circle_geometry_original,followup,up3__circle__EE_core_to_out_scale_1.25__x_plus075,2511,847102,TB,rank_correlation,2.0,0.5428571428571428,90
circle_geometry_original,followup,up3__circle__EE_core_to_out_scale_1.25__y_minus10,2511,847102,TB,rank_correlation,3.0,0.5142857142857142,101
circle_geometry_original,followup,up3__circle__EE_core_to_out_scale_1.25__y_plus10,2511,847102,TB,rank_correlation,4.0,0.5428571428571428,93
circle_geometry_original,followup,up3__circle__EE_core_to_out_scale_1.25__radius205,2511,847102,TB,rank_correlation,5.0,0.5071428571428571,107
circle_geometry_original,followup,up3__circle__EE_core_to_out_scale_1.25__radius235,2511,847102,TB,rank_correlation,6.0,0.5071428571428571,121
circle_geometry_original,followup,up3__circle__EE_core_to_out_scale_1.25,2511,847101,TB,no_SCL,0.0,0.0,75
circle_geometry_original,followup,up3__circle__EE_core_to_out_scale_1.25__x_minus075,2511,847101,TB,no_SCL,1.0,0.0,72
circle_geometry_original,followup,up3__circle__EE_core_to_out_scale_1.25__x_plus075,2511,847101,TB,no_SCL,2.0,0.0,91
circle_geometry_original,followup,up3__circle__EE_core_to_out_scale_1.25__y_minus10,2511,847101,TB,no_SCL,3.0,0.0,84
circle_geometry_original,followup,up3__circle__EE_core_to_out_scale_1.25__y_plus10,2511,847101,TB,no_SCL,4.0,0.0,77
circle_geometry_original,followup,up3__circle__EE_core_to_out_scale_1.25__radius205,2511,847101,TB,no_SCL,5.0,0.0,113
circle_geometry_original,followup,up3__circle__EE_core_to_out_scale_1.25__radius235,2511,847101,TB,no_SCL,6.0,0.0,120
circle_geometry_original,followup,up3__circle__EE_core_to_out_scale_1.25,2511,847102,TB,no_SCL,0.0,0.0,77
circle_geometry_original,followup,up3__circle__EE_core_to_out_scale_1.25__x_minus075,2511,847102,TB,no_SCL,1.0,0.0,66
circle_geometry_original,followup,up3__circle__EE_core_to_out_scale_1.25__x_plus075,2511,847102,TB,no_SCL,2.0,0.0,90
circle_geometry_original,followup,up3__circle__EE_core_to_out_scale_1.25__y_minus10,2511,847102,TB,no_SCL,3.0,0.01980198019801982,101
circle_geometry_original,followup,up3__circle__EE_core_to_out_scale_1.25__y_plus10,2511,847102,TB,no_SCL,4.0,0.0,93
circle_geometry_original,followup,up3__circle__EE_core_to_out_scale_1.25__radius205,2511,847102,TB,no_SCL,5.0,0.0,107
circle_geometry_original,followup,up3__circle__EE_core_to_out_scale_1.25__radius235,2511,847102,TB,no_SCL,6.0,0.0,121
circle_geometry_original,followup,up3__circle__EE_core_to_out_scale_1.25,2511,847101,TA,participation_mae,0.0,0.238838433818508,71
circle_geometry_original,followup,up3__circle__EE_core_to_out_scale_1.25__x_minus075,2511,847101,TA,participation_mae,1.0,0.1957400415540314,68
circle_geometry_original,followup,up3__circle__EE_core_to_out_scale_1.25__x_plus075,2511,847101,TA,participation_mae,2.0,0.173529658087197,65
circle_geometry_original,followup,up3__circle__EE_core_to_out_scale_1.25__y_minus10,2511,847101,TA,participation_mae,3.0,0.2032905259408507,59
circle_geometry_original,followup,up3__circle__EE_core_to_out_scale_1.25__y_plus10,2511,847101,TA,participation_mae,4.0,0.1442629868759758,69
circle_geometry_original,followup,up3__circle__EE_core_to_out_scale_1.25__radius205,2511,847101,TA,participation_mae,5.0,0.2026720099881696,29
circle_geometry_original,followup,up3__circle__EE_core_to_out_scale_1.25__radius235,2511,847101,TA,participation_mae,6.0,0.1794826349326919,15
circle_geometry_original,followup,up3__circle__EE_core_to_out_scale_1.25,2511,847102,TA,participation_mae,0.0,0.2438344476372696,53
circle_geometry_original,followup,up3__circle__EE_core_to_out_scale_1.25__x_minus075,2511,847102,TA,participation_mae,1.0,0.2086308726620958,76
circle_geometry_original,followup,up3__circle__EE_core_to_out_scale_1.25__x_plus075,2511,847102,TA,participation_mae,2.0,0.1730435524000712,49
circle_geometry_original,followup,up3__circle__EE_core_to_out_scale_1.25__y_minus10,2511,847102,TA,participation_mae,3.0,0.205614372012698,53
circle_geometry_original,followup,up3__circle__EE_core_to_out_scale_1.25__y_plus10,2511,847102,TA,participation_mae,4.0,0.1549783200405114,64
circle_geometry_original,followup,up3__circle__EE_core_to_out_scale_1.25__radius205,2511,847102,TA,participation_mae,5.0,0.1958451204026593,33
circle_geometry_original,followup,up3__circle__EE_core_to_out_scale_1.25__radius235,2511,847102,TA,participation_mae,6.0,0.1661493015993585,15
circle_geometry_original,followup,up3__circle__EE_core_to_out_scale_1.25,2511,847101,TA,rank_correlation,0.0,0.7857142857142856,71
circle_geometry_original,followup,up3__circle__EE_core_to_out_scale_1.25__x_minus075,2511,847101,TA,rank_correlation,1.0,0.8928571428571428,68
circle_geometry_original,followup,up3__circle__EE_core_to_out_scale_1.25__x_plus075,2511,847101,TA,rank_correlation,2.0,0.6928571428571427,65
circle_geometry_original,followup,up3__circle__EE_core_to_out_scale_1.25__y_minus10,2511,847101,TA,rank_correlation,3.0,0.35,59
circle_geometry_original,followup,up3__circle__EE_core_to_out_scale_1.25__y_plus10,2511,847101,TA,rank_correlation,4.0,0.6535714285714285,69
circle_geometry_original,followup,up3__circle__EE_core_to_out_scale_1.25__radius205,2511,847101,TA,rank_correlation,5.0,0.7499999999999999,29
circle_geometry_original,followup,up3__circle__EE_core_to_out_scale_1.25__radius235,2511,847101,TA,rank_correlation,6.0,0.7321428571428571,15
circle_geometry_original,followup,up3__circle__EE_core_to_out_scale_1.25,2511,847102,TA,rank_correlation,0.0,0.7571428571428571,53
circle_geometry_original,followup,up3__circle__EE_core_to_out_scale_1.25__x_minus075,2511,847102,TA,rank_correlation,1.0,0.8892857142857141,76
circle_geometry_original,followup,up3__circle__EE_core_to_out_scale_1.25__x_plus075,2511,847102,TA,rank_correlation,2.0,0.6178571428571428,49
circle_geometry_original,followup,up3__circle__EE_core_to_out_scale_1.25__y_minus10,2511,847102,TA,rank_correlation,3.0,0.3535714285714285,53
circle_geometry_original,followup,up3__circle__EE_core_to_out_scale_1.25__y_plus10,2511,847102,TA,rank_correlation,4.0,0.6642857142857141,64
circle_geometry_original,followup,up3__circle__EE_core_to_out_scale_1.25__radius205,2511,847102,TA,rank_correlation,5.0,0.8321428571428571,33
circle_geometry_original,followup,up3__circle__EE_core_to_out_scale_1.25__radius235,2511,847102,TA,rank_correlation,6.0,0.8107142857142855,15
circle_geometry_original,followup,up3__circle__EE_core_to_out_scale_1.25,2511,847101,TA,no_SCL,0.0,0.0,71
circle_geometry_original,followup,up3__circle__EE_core_to_out_scale_1.25__x_minus075,2511,847101,TA,no_SCL,1.0,0.0,68
circle_geometry_original,followup,up3__circle__EE_core_to_out_scale_1.25__x_plus075,2511,847101,TA,no_SCL,2.0,0.0,65
circle_geometry_original,followup,up3__circle__EE_core_to_out_scale_1.25__y_minus10,2511,847101,TA,no_SCL,3.0,0.0,59
circle_geometry_original,followup,up3__circle__EE_core_to_out_scale_1.25__y_plus10,2511,847101,TA,no_SCL,4.0,0.0,69
circle_geometry_original,followup,up3__circle__EE_core_to_out_scale_1.25__radius205,2511,847101,TA,no_SCL,5.0,0.0,29
circle_geometry_original,followup,up3__circle__EE_core_to_out_scale_1.25__radius235,2511,847101,TA,no_SCL,6.0,0.0,15
circle_geometry_original,followup,up3__circle__EE_core_to_out_scale_1.25,2511,847102,TA,no_SCL,0.0,0.0,53
circle_geometry_original,followup,up3__circle__EE_core_to_out_scale_1.25__x_minus075,2511,847102,TA,no_SCL,1.0,0.0,76
circle_geometry_original,followup,up3__circle__EE_core_to_out_scale_1.25__x_plus075,2511,847102,TA,no_SCL,2.0,0.0,49
circle_geometry_original,followup,up3__circle__EE_core_to_out_scale_1.25__y_minus10,2511,847102,TA,no_SCL,3.0,0.0,53
circle_geometry_original,followup,up3__circle__EE_core_to_out_scale_1.25__y_plus10,2511,847102,TA,no_SCL,4.0,0.0,64
circle_geometry_original,followup,up3__circle__EE_core_to_out_scale_1.25__radius205,2511,847102,TA,no_SCL,5.0,0.0,33
circle_geometry_original,followup,up3__circle__EE_core_to_out_scale_1.25__radius235,2511,847102,TA,no_SCL,6.0,0.0,15
circle_geometry_time,followup,up3__circle__EE_core_to_out_scale_1.25,2511,847101,TB,SCL_minus_ICL_lag_median_ms,0.0,35.67206936948969,75
circle_geometry_time,followup,up3__circle__EE_core_to_out_scale_1.25__x_minus075,2511,847101,TB,SCL_minus_ICL_lag_median_ms,1.0,35.35735759633462,72
circle_geometry_time,followup,up3__circle__EE_core_to_out_scale_1.25__x_plus075,2511,847101,TB,SCL_minus_ICL_lag_median_ms,2.0,35.39180846577074,91
circle_geometry_time,followup,up3__circle__EE_core_to_out_scale_1.25__y_minus10,2511,847101,TB,SCL_minus_ICL_lag_median_ms,3.0,36.005717338239265,84
circle_geometry_time,followup,up3__circle__EE_core_to_out_scale_1.25__y_plus10,2511,847101,TB,SCL_minus_ICL_lag_median_ms,4.0,30.95908206097556,77
circle_geometry_time,followup,up3__circle__EE_core_to_out_scale_1.25__radius205,2511,847101,TB,SCL_minus_ICL_lag_median_ms,5.0,35.35548572283005,113
circle_geometry_time,followup,up3__circle__EE_core_to_out_scale_1.25__radius235,2511,847101,TB,SCL_minus_ICL_lag_median_ms,6.0,35.673864454900695,120
circle_geometry_time,followup,up3__circle__EE_core_to_out_scale_1.25,2511,847102,TB,SCL_minus_ICL_lag_median_ms,0.0,35.44060550434733,77
circle_geometry_time,followup,up3__circle__EE_core_to_out_scale_1.25__x_minus075,2511,847102,TB,SCL_minus_ICL_lag_median_ms,1.0,34.853553123430174,66
circle_geometry_time,followup,up3__circle__EE_core_to_out_scale_1.25__x_plus075,2511,847102,TB,SCL_minus_ICL_lag_median_ms,2.0,35.34925644387113,90
circle_geometry_time,followup,up3__circle__EE_core_to_out_scale_1.25__y_minus10,2511,847102,TB,SCL_minus_ICL_lag_median_ms,3.0,35.961041644543,99
circle_geometry_time,followup,up3__circle__EE_core_to_out_scale_1.25__y_plus10,2511,847102,TB,SCL_minus_ICL_lag_median_ms,4.0,34.84414469511603,93
circle_geometry_time,followup,up3__circle__EE_core_to_out_scale_1.25__radius205,2511,847102,TB,SCL_minus_ICL_lag_median_ms,5.0,35.71328058815561,107
circle_geometry_time,followup,up3__circle__EE_core_to_out_scale_1.25__radius235,2511,847102,TB,SCL_minus_ICL_lag_median_ms,6.0,35.513523392684874,121
circle_geometry_time,followup,up3__circle__EE_core_to_out_scale_1.25,2511,847101,TB,recruitment_span_ms_median,0.0,80.0,75
circle_geometry_time,followup,up3__circle__EE_core_to_out_scale_1.25__x_minus075,2511,847101,TB,recruitment_span_ms_median,1.0,78.0,72
circle_geometry_time,followup,up3__circle__EE_core_to_out_scale_1.25__x_plus075,2511,847101,TB,recruitment_span_ms_median,2.0,80.0,91
circle_geometry_time,followup,up3__circle__EE_core_to_out_scale_1.25__y_minus10,2511,847101,TB,recruitment_span_ms_median,3.0,84.0,84
circle_geometry_time,followup,up3__circle__EE_core_to_out_scale_1.25__y_plus10,2511,847101,TB,recruitment_span_ms_median,4.0,76.0,77
circle_geometry_time,followup,up3__circle__EE_core_to_out_scale_1.25__radius205,2511,847101,TB,recruitment_span_ms_median,5.0,82.0,113
circle_geometry_time,followup,up3__circle__EE_core_to_out_scale_1.25__radius235,2511,847101,TB,recruitment_span_ms_median,6.0,82.0,120
circle_geometry_time,followup,up3__circle__EE_core_to_out_scale_1.25,2511,847102,TB,recruitment_span_ms_median,0.0,80.0,77
circle_geometry_time,followup,up3__circle__EE_core_to_out_scale_1.25__x_minus075,2511,847102,TB,recruitment_span_ms_median,1.0,78.0,66
circle_geometry_time,followup,up3__circle__EE_core_to_out_scale_1.25__x_plus075,2511,847102,TB,recruitment_span_ms_median,2.0,80.0,90
circle_geometry_time,followup,up3__circle__EE_core_to_out_scale_1.25__y_minus10,2511,847102,TB,recruitment_span_ms_median,3.0,82.0,101
circle_geometry_time,followup,up3__circle__EE_core_to_out_scale_1.25__y_plus10,2511,847102,TB,recruitment_span_ms_median,4.0,78.0,93
circle_geometry_time,followup,up3__circle__EE_core_to_out_scale_1.25__radius205,2511,847102,TB,recruitment_span_ms_median,5.0,80.0,107
circle_geometry_time,followup,up3__circle__EE_core_to_out_scale_1.25__radius235,2511,847102,TB,recruitment_span_ms_median,6.0,80.0,121
circle_geometry_time,followup,up3__circle__EE_core_to_out_scale_1.25,2511,847101,TB,local_width_ms_median,0.0,16.0,75
circle_geometry_time,followup,up3__circle__EE_core_to_out_scale_1.25__x_minus075,2511,847101,TB,local_width_ms_median,1.0,16.0,72
circle_geometry_time,followup,up3__circle__EE_core_to_out_scale_1.25__x_plus075,2511,847101,TB,local_width_ms_median,2.0,16.0,91
circle_geometry_time,followup,up3__circle__EE_core_to_out_scale_1.25__y_minus10,2511,847101,TB,local_width_ms_median,3.0,16.0,84
circle_geometry_time,followup,up3__circle__EE_core_to_out_scale_1.25__y_plus10,2511,847101,TB,local_width_ms_median,4.0,16.0,77
circle_geometry_time,followup,up3__circle__EE_core_to_out_scale_1.25__radius205,2511,847101,TB,local_width_ms_median,5.0,16.0,113
circle_geometry_time,followup,up3__circle__EE_core_to_out_scale_1.25__radius235,2511,847101,TB,local_width_ms_median,6.0,16.0,120
circle_geometry_time,followup,up3__circle__EE_core_to_out_scale_1.25,2511,847102,TB,local_width_ms_median,0.0,16.0,77
circle_geometry_time,followup,up3__circle__EE_core_to_out_scale_1.25__x_minus075,2511,847102,TB,local_width_ms_median,1.0,16.0,66
circle_geometry_time,followup,up3__circle__EE_core_to_out_scale_1.25__x_plus075,2511,847102,TB,local_width_ms_median,2.0,16.0,90
circle_geometry_time,followup,up3__circle__EE_core_to_out_scale_1.25__y_minus10,2511,847102,TB,local_width_ms_median,3.0,16.0,101
circle_geometry_time,followup,up3__circle__EE_core_to_out_scale_1.25__y_plus10,2511,847102,TB,local_width_ms_median,4.0,16.0,93
circle_geometry_time,followup,up3__circle__EE_core_to_out_scale_1.25__radius205,2511,847102,TB,local_width_ms_median,5.0,16.0,107
circle_geometry_time,followup,up3__circle__EE_core_to_out_scale_1.25__radius235,2511,847102,TB,local_width_ms_median,6.0,16.0,121
circle_geometry_time,followup,up3__circle__EE_core_to_out_scale_1.25,2511,847101,TA,SCL_minus_ICL_lag_median_ms,0.0,-16.460862717292912,71
circle_geometry_time,followup,up3__circle__EE_core_to_out_scale_1.25__x_minus075,2511,847101,TA,SCL_minus_ICL_lag_median_ms,1.0,-12.386752884578527,68
circle_geometry_time,followup,up3__circle__EE_core_to_out_scale_1.25__x_plus075,2511,847101,TA,SCL_minus_ICL_lag_median_ms,2.0,-23.227844389657548,65
circle_geometry_time,followup,up3__circle__EE_core_to_out_scale_1.25__y_minus10,2511,847101,TA,SCL_minus_ICL_lag_median_ms,3.0,97.40013434612048,59
circle_geometry_time,followup,up3__circle__EE_core_to_out_scale_1.25__y_plus10,2511,847101,TA,SCL_minus_ICL_lag_median_ms,4.0,-31.017348411602143,69
circle_geometry_time,followup,up3__circle__EE_core_to_out_scale_1.25__radius205,2511,847101,TA,SCL_minus_ICL_lag_median_ms,5.0,-18.80140190533712,29
circle_geometry_time,followup,up3__circle__EE_core_to_out_scale_1.25__radius235,2511,847101,TA,SCL_minus_ICL_lag_median_ms,6.0,-17.527148401217346,15
circle_geometry_time,followup,up3__circle__EE_core_to_out_scale_1.25,2511,847102,TA,SCL_minus_ICL_lag_median_ms,0.0,-15.681420670632631,53
circle_geometry_time,followup,up3__circle__EE_core_to_out_scale_1.25__x_minus075,2511,847102,TA,SCL_minus_ICL_lag_median_ms,1.0,-12.706284966514431,76
circle_geometry_time,followup,up3__circle__EE_core_to_out_scale_1.25__x_plus075,2511,847102,TA,SCL_minus_ICL_lag_median_ms,2.0,-23.536110173910856,49
circle_geometry_time,followup,up3__circle__EE_core_to_out_scale_1.25__y_minus10,2511,847102,TA,SCL_minus_ICL_lag_median_ms,3.0,97.41793772839446,53
circle_geometry_time,followup,up3__circle__EE_core_to_out_scale_1.25__y_plus10,2511,847102,TA,SCL_minus_ICL_lag_median_ms,4.0,-30.971228562350007,64
circle_geometry_time,followup,up3__circle__EE_core_to_out_scale_1.25__radius205,2511,847102,TA,SCL_minus_ICL_lag_median_ms,5.0,-12.930287224856327,33
circle_geometry_time,followup,up3__circle__EE_core_to_out_scale_1.25__radius235,2511,847102,TA,SCL_minus_ICL_lag_median_ms,6.0,-18.923407189111455,15
circle_geometry_time,followup,up3__circle__EE_core_to_out_scale_1.25,2511,847101,TA,recruitment_span_ms_median,0.0,42.0,71
circle_geometry_time,followup,up3__circle__EE_core_to_out_scale_1.25__x_minus075,2511,847101,TA,recruitment_span_ms_median,1.0,42.0,68
circle_geometry_time,followup,up3__circle__EE_core_to_out_scale_1.25__x_plus075,2511,847101,TA,recruitment_span_ms_median,2.0,46.0,65
circle_geometry_time,followup,up3__circle__EE_core_to_out_scale_1.25__y_minus10,2511,847101,TA,recruitment_span_ms_median,3.0,118.0,59
circle_geometry_time,followup,up3__circle__EE_core_to_out_scale_1.25__y_plus10,2511,847101,TA,recruitment_span_ms_median,4.0,54.0,69
circle_geometry_time,followup,up3__circle__EE_core_to_out_scale_1.25__radius205,2511,847101,TA,recruitment_span_ms_median,5.0,48.0,29
circle_geometry_time,followup,up3__circle__EE_core_to_out_scale_1.25__radius235,2511,847101,TA,recruitment_span_ms_median,6.0,48.0,15
circle_geometry_time,followup,up3__circle__EE_core_to_out_scale_1.25,2511,847102,TA,recruitment_span_ms_median,0.0,42.0,53
circle_geometry_time,followup,up3__circle__EE_core_to_out_scale_1.25__x_minus075,2511,847102,TA,recruitment_span_ms_median,1.0,42.0,76
circle_geometry_time,followup,up3__circle__EE_core_to_out_scale_1.25__x_plus075,2511,847102,TA,recruitment_span_ms_median,2.0,46.0,49
circle_geometry_time,followup,up3__circle__EE_core_to_out_scale_1.25__y_minus10,2511,847102,TA,recruitment_span_ms_median,3.0,118.0,53
circle_geometry_time,followup,up3__circle__EE_core_to_out_scale_1.25__y_plus10,2511,847102,TA,recruitment_span_ms_median,4.0,55.0,64
circle_geometry_time,followup,up3__circle__EE_core_to_out_scale_1.25__radius205,2511,847102,TA,recruitment_span_ms_median,5.0,40.0,33
circle_geometry_time,followup,up3__circle__EE_core_to_out_scale_1.25__radius235,2511,847102,TA,recruitment_span_ms_median,6.0,48.0,15
circle_geometry_time,followup,up3__circle__EE_core_to_out_scale_1.25,2511,847101,TA,local_width_ms_median,0.0,16.0,71
circle_geometry_time,followup,up3__circle__EE_core_to_out_scale_1.25__x_minus075,2511,847101,TA,local_width_ms_median,1.0,16.0,68
circle_geometry_time,followup,up3__circle__EE_core_to_out_scale_1.25__x_plus075,2511,847101,TA,local_width_ms_median,2.0,16.0,65
circle_geometry_time,followup,up3__circle__EE_core_to_out_scale_1.25__y_minus10,2511,847101,TA,local_width_ms_median,3.0,16.0,59
circle_geometry_time,followup,up3__circle__EE_core_to_out_scale_1.25__y_plus10,2511,847101,TA,local_width_ms_median,4.0,16.0,69
circle_geometry_time,followup,up3__circle__EE_core_to_out_scale_1.25__radius205,2511,847101,TA,local_width_ms_median,5.0,16.0,29
circle_geometry_time,followup,up3__circle__EE_core_to_out_scale_1.25__radius235,2511,847101,TA,local_width_ms_median,6.0,16.0,15
circle_geometry_time,followup,up3__circle__EE_core_to_out_scale_1.25,2511,847102,TA,local_width_ms_median,0.0,16.0,53
circle_geometry_time,followup,up3__circle__EE_core_to_out_scale_1.25__x_minus075,2511,847102,TA,local_width_ms_median,1.0,16.0,76
circle_geometry_time,followup,up3__circle__EE_core_to_out_scale_1.25__x_plus075,2511,847102,TA,local_width_ms_median,2.0,16.0,49
circle_geometry_time,followup,up3__circle__EE_core_to_out_scale_1.25__y_minus10,2511,847102,TA,local_width_ms_median,3.0,16.0,53
circle_geometry_time,followup,up3__circle__EE_core_to_out_scale_1.25__y_plus10,2511,847102,TA,local_width_ms_median,4.0,16.0,64
circle_geometry_time,followup,up3__circle__EE_core_to_out_scale_1.25__radius205,2511,847102,TA,local_width_ms_median,5.0,16.0,33
circle_geometry_time,followup,up3__circle__EE_core_to_out_scale_1.25__radius235,2511,847102,TA,local_width_ms_median,6.0,16.0,15
circle_geometry_scl,followup,up3__circle__EE_core_to_out_scale_1.25,2511,847101,TB,pair_0,0.0,0.05,60
circle_geometry_scl,followup,up3__circle__EE_core_to_out_scale_1.25__x_minus075,2511,847101,TB,pair_0,1.0,0.2166666666666666,60
circle_geometry_scl,followup,up3__circle__EE_core_to_out_scale_1.25__x_plus075,2511,847101,TB,pair_0,2.0,0.0253164556962025,79
circle_geometry_scl,followup,up3__circle__EE_core_to_out_scale_1.25__y_minus10,2511,847101,TB,pair_0,3.0,0.073170731707317,82
circle_geometry_scl,followup,up3__circle__EE_core_to_out_scale_1.25__y_plus10,2511,847101,TB,pair_0,4.0,0.2459016393442623,61
circle_geometry_scl,followup,up3__circle__EE_core_to_out_scale_1.25__radius205,2511,847101,TB,pair_0,5.0,0.07,100
circle_geometry_scl,followup,up3__circle__EE_core_to_out_scale_1.25__radius235,2511,847101,TB,pair_0,6.0,0.0256410256410256,117
circle_geometry_scl,followup,up3__circle__EE_core_to_out_scale_1.25,2511,847102,TB,pair_0,0.0,0.0655737704918032,61
circle_geometry_scl,followup,up3__circle__EE_core_to_out_scale_1.25__x_minus075,2511,847102,TB,pair_0,1.0,0.2909090909090909,55
circle_geometry_scl,followup,up3__circle__EE_core_to_out_scale_1.25__x_plus075,2511,847102,TB,pair_0,2.0,0.0416666666666666,72
circle_geometry_scl,followup,up3__circle__EE_core_to_out_scale_1.25__y_minus10,2511,847102,TB,pair_0,3.0,0.0108695652173913,92
circle_geometry_scl,followup,up3__circle__EE_core_to_out_scale_1.25__y_plus10,2511,847102,TB,pair_0,4.0,0.1621621621621621,74
circle_geometry_scl,followup,up3__circle__EE_core_to_out_scale_1.25__radius205,2511,847102,TB,pair_0,5.0,0.058252427184466,103
circle_geometry_scl,followup,up3__circle__EE_core_to_out_scale_1.25__radius235,2511,847102,TB,pair_0,6.0,0.0344827586206896,116
circle_geometry_scl,followup,up3__circle__EE_core_to_out_scale_1.25,2511,847101,TB,pair_1,0.0,0.0333333333333333,60
circle_geometry_scl,followup,up3__circle__EE_core_to_out_scale_1.25__x_minus075,2511,847101,TB,pair_1,1.0,0.1186440677966101,59
circle_geometry_scl,followup,up3__circle__EE_core_to_out_scale_1.25__x_plus075,2511,847101,TB,pair_1,2.0,0.1111111111111111,72
circle_geometry_scl,followup,up3__circle__EE_core_to_out_scale_1.25__y_minus10,2511,847101,TB,pair_1,3.0,0.027027027027027,74
circle_geometry_scl,followup,up3__circle__EE_core_to_out_scale_1.25__y_plus10,2511,847101,TB,pair_1,4.0,0.3846153846153846,65
circle_geometry_scl,followup,up3__circle__EE_core_to_out_scale_1.25__radius205,2511,847101,TB,pair_1,5.0,0.0612244897959183,98
circle_geometry_scl,followup,up3__circle__EE_core_to_out_scale_1.25__radius235,2511,847101,TB,pair_1,6.0,0.0260869565217391,115
circle_geometry_scl,followup,up3__circle__EE_core_to_out_scale_1.25,2511,847102,TB,pair_1,0.0,0.0338983050847457,59
circle_geometry_scl,followup,up3__circle__EE_core_to_out_scale_1.25__x_minus075,2511,847102,TB,pair_1,1.0,0.1764705882352941,51
circle_geometry_scl,followup,up3__circle__EE_core_to_out_scale_1.25__x_plus075,2511,847102,TB,pair_1,2.0,0.1549295774647887,71
circle_geometry_scl,followup,up3__circle__EE_core_to_out_scale_1.25__y_minus10,2511,847102,TB,pair_1,3.0,0.0238095238095238,84
circle_geometry_scl,followup,up3__circle__EE_core_to_out_scale_1.25__y_plus10,2511,847102,TB,pair_1,4.0,0.2345679012345679,81
circle_geometry_scl,followup,up3__circle__EE_core_to_out_scale_1.25__radius205,2511,847102,TB,pair_1,5.0,0.0198019801980198,101
circle_geometry_scl,followup,up3__circle__EE_core_to_out_scale_1.25__radius235,2511,847102,TB,pair_1,6.0,0.0344827586206896,116
circle_geometry_scl,followup,up3__circle__EE_core_to_out_scale_1.25,2511,847101,TB,pair_2,0.0,0.0491803278688524,61
circle_geometry_scl,followup,up3__circle__EE_core_to_out_scale_1.25__x_minus075,2511,847101,TB,pair_2,1.0,0.123076923076923,65
circle_geometry_scl,followup,up3__circle__EE_core_to_out_scale_1.25__x_plus075,2511,847101,TB,pair_2,2.0,0.1794871794871795,78
circle_geometry_scl,followup,up3__circle__EE_core_to_out_scale_1.25__y_minus10,2511,847101,TB,pair_2,3.0,0.0158730158730158,63
circle_geometry_scl,followup,up3__circle__EE_core_to_out_scale_1.25__y_plus10,2511,847101,TB,pair_2,4.0,0.4324324324324324,74
circle_geometry_scl,followup,up3__circle__EE_core_to_out_scale_1.25__radius205,2511,847101,TB,pair_2,5.0,0.0588235294117647,102
circle_geometry_scl,followup,up3__circle__EE_core_to_out_scale_1.25__radius235,2511,847101,TB,pair_2,6.0,0.017391304347826,115
circle_geometry_scl,followup,up3__circle__EE_core_to_out_scale_1.25,2511,847102,TB,pair_2,0.0,0.1044776119402985,67
circle_geometry_scl,followup,up3__circle__EE_core_to_out_scale_1.25__x_minus075,2511,847102,TB,pair_2,1.0,0.0576923076923076,52
circle_geometry_scl,followup,up3__circle__EE_core_to_out_scale_1.25__x_plus075,2511,847102,TB,pair_2,2.0,0.1866666666666666,75
circle_geometry_scl,followup,up3__circle__EE_core_to_out_scale_1.25__y_minus10,2511,847102,TB,pair_2,3.0,0.0129870129870129,77
circle_geometry_scl,followup,up3__circle__EE_core_to_out_scale_1.25__y_plus10,2511,847102,TB,pair_2,4.0,0.2637362637362637,91
circle_geometry_scl,followup,up3__circle__EE_core_to_out_scale_1.25__radius205,2511,847102,TB,pair_2,5.0,0.0196078431372549,102
circle_geometry_scl,followup,up3__circle__EE_core_to_out_scale_1.25__radius235,2511,847102,TB,pair_2,6.0,0.0172413793103448,116
circle_geometry_scl,followup,up3__circle__EE_core_to_out_scale_1.25,2511,847101,TA,pair_0,0.0,0.8,15
circle_geometry_scl,followup,up3__circle__EE_core_to_out_scale_1.25__x_minus075,2511,847101,TA,pair_0,1.0,1.0,33
circle_geometry_scl,followup,up3__circle__EE_core_to_out_scale_1.25__x_plus075,2511,847101,TA,pair_0,2.0,0.3461538461538461,26
circle_geometry_scl,followup,up3__circle__EE_core_to_out_scale_1.25__y_minus10,2511,847101,TA,pair_0,3.0,0.1346153846153846,52
circle_geometry_scl,followup,up3__circle__EE_core_to_out_scale_1.25__y_plus10,2511,847101,TA,pair_0,4.0,0.6818181818181818,44
circle_geometry_scl,followup,up3__circle__EE_core_to_out_scale_1.25__radius205,2511,847101,TA,pair_0,5.0,0.6363636363636364,11
circle_geometry_scl,followup,up3__circle__EE_core_to_out_scale_1.25__radius235,2511,847101,TA,pair_0,6.0,0.875,8
circle_geometry_scl,followup,up3__circle__EE_core_to_out_scale_1.25,2511,847102,TA,pair_0,0.0,0.6,10
circle_geometry_scl,followup,up3__circle__EE_core_to_out_scale_1.25__x_minus075,2511,847102,TA,pair_0,1.0,0.9642857142857144,28
circle_geometry_scl,followup,up3__circle__EE_core_to_out_scale_1.25__x_plus075,2511,847102,TA,pair_0,2.0,0.3043478260869565,23
circle_geometry_scl,followup,up3__circle__EE_core_to_out_scale_1.25__y_minus10,2511,847102,TA,pair_0,3.0,0.0434782608695652,46
circle_geometry_scl,followup,up3__circle__EE_core_to_out_scale_1.25__y_plus10,2511,847102,TA,pair_0,4.0,0.5135135135135135,37
circle_geometry_scl,followup,up3__circle__EE_core_to_out_scale_1.25__radius205,2511,847102,TA,pair_0,5.0,0.9411764705882352,17
circle_geometry_scl,followup,up3__circle__EE_core_to_out_scale_1.25__radius235,2511,847102,TA,pair_0,6.0,0.8888888888888888,9
circle_geometry_scl,followup,up3__circle__EE_core_to_out_scale_1.25,2511,847101,TA,pair_1,0.0,1.0,11
circle_geometry_scl,followup,up3__circle__EE_core_to_out_scale_1.25__x_minus075,2511,847101,TA,pair_1,1.0,1.0,25
circle_geometry_scl,followup,up3__circle__EE_core_to_out_scale_1.25__x_plus075,2511,847101,TA,pair_1,2.0,1.0,20
circle_geometry_scl,followup,up3__circle__EE_core_to_out_scale_1.25__y_minus10,2511,847101,TA,pair_1,3.0,0.2857142857142857,28
circle_geometry_scl,followup,up3__circle__EE_core_to_out_scale_1.25__y_plus10,2511,847101,TA,pair_1,4.0,1.0,61
circle_geometry_scl,followup,up3__circle__EE_core_to_out_scale_1.25__radius205,2511,847101,TA,pair_1,5.0,1.0,9
circle_geometry_scl,followup,up3__circle__EE_core_to_out_scale_1.25__radius235,2511,847101,TA,pair_1,6.0,1.0,7
circle_geometry_scl,followup,up3__circle__EE_core_to_out_scale_1.25,2511,847102,TA,pair_1,0.0,1.0,7
circle_geometry_scl,followup,up3__circle__EE_core_to_out_scale_1.25__x_minus075,2511,847102,TA,pair_1,1.0,1.0,21
circle_geometry_scl,followup,up3__circle__EE_core_to_out_scale_1.25__x_plus075,2511,847102,TA,pair_1,2.0,1.0,16
circle_geometry_scl,followup,up3__circle__EE_core_to_out_scale_1.25__y_minus10,2511,847102,TA,pair_1,3.0,0.0434782608695652,23
circle_geometry_scl,followup,up3__circle__EE_core_to_out_scale_1.25__y_plus10,2511,847102,TA,pair_1,4.0,0.979591836734694,49
circle_geometry_scl,followup,up3__circle__EE_core_to_out_scale_1.25__radius205,2511,847102,TA,pair_1,5.0,1.0,15
circle_geometry_scl,followup,up3__circle__EE_core_to_out_scale_1.25__radius235,2511,847102,TA,pair_1,6.0,1.0,7
circle_geometry_scl,followup,up3__circle__EE_core_to_out_scale_1.25,2511,847101,TA,pair_2,0.0,0.96,25
circle_geometry_scl,followup,up3__circle__EE_core_to_out_scale_1.25__x_minus075,2511,847101,TA,pair_2,1.0,0.5714285714285714,35
circle_geometry_scl,followup,up3__circle__EE_core_to_out_scale_1.25__x_plus075,2511,847101,TA,pair_2,2.0,0.9210526315789472,38
circle_geometry_scl,followup,up3__circle__EE_core_to_out_scale_1.25__y_minus10,2511,847101,TA,pair_2,3.0,1.0,4
circle_geometry_scl,followup,up3__circle__EE_core_to_out_scale_1.25__y_plus10,2511,847101,TA,pair_2,4.0,1.0,69
circle_geometry_scl,followup,up3__circle__EE_core_to_out_scale_1.25__radius205,2511,847101,TA,pair_2,5.0,0.8666666666666667,15
circle_geometry_scl,followup,up3__circle__EE_core_to_out_scale_1.25__radius235,2511,847101,TA,pair_2,6.0,0.75,8
circle_geometry_scl,followup,up3__circle__EE_core_to_out_scale_1.25,2511,847102,TA,pair_2,0.0,1.0,18
circle_geometry_scl,followup,up3__circle__EE_core_to_out_scale_1.25__x_minus075,2511,847102,TA,pair_2,1.0,0.8,30
circle_geometry_scl,followup,up3__circle__EE_core_to_out_scale_1.25__x_plus075,2511,847102,TA,pair_2,2.0,0.84,25
circle_geometry_scl,followup,up3__circle__EE_core_to_out_scale_1.25__y_minus10,2511,847102,TA,pair_2,3.0,1.0,4
circle_geometry_scl,followup,up3__circle__EE_core_to_out_scale_1.25__y_plus10,2511,847102,TA,pair_2,4.0,1.0,63
circle_geometry_scl,followup,up3__circle__EE_core_to_out_scale_1.25__radius205,2511,847102,TA,pair_2,5.0,0.5789473684210527,19
circle_geometry_scl,followup,up3__circle__EE_core_to_out_scale_1.25__radius235,2511,847102,TA,pair_2,6.0,1.0,6
circle_geometry_scl_lag,followup,up3__circle__EE_core_to_out_scale_1.25,2511,847101,TB,scl_lag_0,0.0,-8.14745874770415,60
circle_geometry_scl_lag,followup,up3__circle__EE_core_to_out_scale_1.25__x_minus075,2511,847101,TB,scl_lag_0,1.0,-8.160464015480102,60
circle_geometry_scl_lag,followup,up3__circle__EE_core_to_out_scale_1.25__x_plus075,2511,847101,TB,scl_lag_0,2.0,-8.018265653816343,79
circle_geometry_scl_lag,followup,up3__circle__EE_core_to_out_scale_1.25__y_minus10,2511,847101,TB,scl_lag_0,3.0,-8.181745395786493,82
circle_geometry_scl_lag,followup,up3__circle__EE_core_to_out_scale_1.25__y_plus10,2511,847101,TB,scl_lag_0,4.0,-8.041594817037549,61
circle_geometry_scl_lag,followup,up3__circle__EE_core_to_out_scale_1.25__radius205,2511,847101,TB,scl_lag_0,5.0,-8.13978291879539,100
circle_geometry_scl_lag,followup,up3__circle__EE_core_to_out_scale_1.25__radius235,2511,847101,TB,scl_lag_0,6.0,-8.11313879264253,117
circle_geometry_scl_lag,followup,up3__circle__EE_core_to_out_scale_1.25,2511,847102,TB,scl_lag_0,0.0,-8.124325785671317,61
circle_geometry_scl_lag,followup,up3__circle__EE_core_to_out_scale_1.25__x_minus075,2511,847102,TB,scl_lag_0,1.0,-8.055071397560823,55
circle_geometry_scl_lag,followup,up3__circle__EE_core_to_out_scale_1.25__x_plus075,2511,847102,TB,scl_lag_0,2.0,-7.980913538862296,72
circle_geometry_scl_lag,followup,up3__circle__EE_core_to_out_scale_1.25__y_minus10,2511,847102,TB,scl_lag_0,3.0,-8.195874642637136,92
circle_geometry_scl_lag,followup,up3__circle__EE_core_to_out_scale_1.25__y_plus10,2511,847102,TB,scl_lag_0,4.0,-8.086977548711275,74
circle_geometry_scl_lag,followup,up3__circle__EE_core_to_out_scale_1.25__radius205,2511,847102,TB,scl_lag_0,5.0,-8.118600157140463,103
circle_geometry_scl_lag,followup,up3__circle__EE_core_to_out_scale_1.25__radius235,2511,847102,TB,scl_lag_0,6.0,-8.124160038388254,116
circle_geometry_scl_lag,followup,up3__circle__EE_core_to_out_scale_1.25,2511,847101,TB,scl_lag_1,0.0,-5.11393266124287,60
circle_geometry_scl_lag,followup,up3__circle__EE_core_to_out_scale_1.25__x_minus075,2511,847101,TB,scl_lag_1,1.0,-5.026060468749165,59
circle_geometry_scl_lag,followup,up3__circle__EE_core_to_out_scale_1.25__x_plus075,2511,847101,TB,scl_lag_1,2.0,-5.058174920541205,72
circle_geometry_scl_lag,followup,up3__circle__EE_core_to_out_scale_1.25__y_minus10,2511,847101,TB,scl_lag_1,3.0,-5.123088395041123,74
circle_geometry_scl_lag,followup,up3__circle__EE_core_to_out_scale_1.25__y_plus10,2511,847101,TB,scl_lag_1,4.0,-4.992039245340493,65
circle_geometry_scl_lag,followup,up3__circle__EE_core_to_out_scale_1.25__radius205,2511,847101,TB,scl_lag_1,5.0,-5.084248628064415,98
circle_geometry_scl_lag,followup,up3__circle__EE_core_to_out_scale_1.25__radius235,2511,847101,TB,scl_lag_1,6.0,-5.13411026769063,115
circle_geometry_scl_lag,followup,up3__circle__EE_core_to_out_scale_1.25,2511,847102,TB,scl_lag_1,0.0,-5.081297186145093,59
circle_geometry_scl_lag,followup,up3__circle__EE_core_to_out_scale_1.25__x_minus075,2511,847102,TB,scl_lag_1,1.0,-5.03845758739044,51
circle_geometry_scl_lag,followup,up3__circle__EE_core_to_out_scale_1.25__x_plus075,2511,847102,TB,scl_lag_1,2.0,-5.041148361658998,71
circle_geometry_scl_lag,followup,up3__circle__EE_core_to_out_scale_1.25__y_minus10,2511,847102,TB,scl_lag_1,3.0,-5.120927640504306,84
circle_geometry_scl_lag,followup,up3__circle__EE_core_to_out_scale_1.25__y_plus10,2511,847102,TB,scl_lag_1,4.0,-4.994394269648183,81
circle_geometry_scl_lag,followup,up3__circle__EE_core_to_out_scale_1.25__radius205,2511,847102,TB,scl_lag_1,5.0,-5.118436404176464,101
circle_geometry_scl_lag,followup,up3__circle__EE_core_to_out_scale_1.25__radius235,2511,847102,TB,scl_lag_1,6.0,-5.109392210441911,116
circle_geometry_scl_lag,followup,up3__circle__EE_core_to_out_scale_1.25,2511,847101,TB,scl_lag_2,0.0,-8.469631295956788,61
circle_geometry_scl_lag,followup,up3__circle__EE_core_to_out_scale_1.25__x_minus075,2511,847101,TB,scl_lag_2,1.0,-8.400403065050341,65
circle_geometry_scl_lag,followup,up3__circle__EE_core_to_out_scale_1.25__x_plus075,2511,847101,TB,scl_lag_2,2.0,-8.416659097477577,78
circle_geometry_scl_lag,followup,up3__circle__EE_core_to_out_scale_1.25__y_minus10,2511,847101,TB,scl_lag_2,3.0,-8.452553620132676,63
circle_geometry_scl_lag,followup,up3__circle__EE_core_to_out_scale_1.25__y_plus10,2511,847101,TB,scl_lag_2,4.0,-7.557209552678614,74
circle_geometry_scl_lag,followup,up3__circle__EE_core_to_out_scale_1.25__radius205,2511,847101,TB,scl_lag_2,5.0,-8.558904052672005,102
circle_geometry_scl_lag,followup,up3__circle__EE_core_to_out_scale_1.25__radius235,2511,847101,TB,scl_lag_2,6.0,-8.436150731693488,115
circle_geometry_scl_lag,followup,up3__circle__EE_core_to_out_scale_1.25,2511,847102,TB,scl_lag_2,0.0,-8.392785940057365,67
circle_geometry_scl_lag,followup,up3__circle__EE_core_to_out_scale_1.25__x_minus075,2511,847102,TB,scl_lag_2,1.0,-8.50459656822568,52
circle_geometry_scl_lag,followup,up3__circle__EE_core_to_out_scale_1.25__x_plus075,2511,847102,TB,scl_lag_2,2.0,-8.436925173115014,75
circle_geometry_scl_lag,followup,up3__circle__EE_core_to_out_scale_1.25__y_minus10,2511,847102,TB,scl_lag_2,3.0,-8.413581325286941,77
circle_geometry_scl_lag,followup,up3__circle__EE_core_to_out_scale_1.25__y_plus10,2511,847102,TB,scl_lag_2,4.0,-8.271891582957323,91
circle_geometry_scl_lag,followup,up3__circle__EE_core_to_out_scale_1.25__radius205,2511,847102,TB,scl_lag_2,5.0,-8.454317025354612,102
circle_geometry_scl_lag,followup,up3__circle__EE_core_to_out_scale_1.25__radius235,2511,847102,TB,scl_lag_2,6.0,-8.457114232191088,116
circle_geometry_scl_lag,followup,up3__circle__EE_core_to_out_scale_1.25,2511,847101,TA,scl_lag_0,0.0,1.4195473071886229,15
circle_geometry_scl_lag,followup,up3__circle__EE_core_to_out_scale_1.25__x_minus075,2511,847101,TA,scl_lag_0,1.0,7.501813808325096,33
circle_geometry_scl_lag,followup,up3__circle__EE_core_to_out_scale_1.25__x_plus075,2511,847101,TA,scl_lag_0,2.0,-0.4019965309580584,26
circle_geometry_scl_lag,followup,up3__circle__EE_core_to_out_scale_1.25__y_minus10,2511,847101,TA,scl_lag_0,3.0,-8.352742496796054,52
circle_geometry_scl_lag,followup,up3__circle__EE_core_to_out_scale_1.25__y_plus10,2511,847101,TA,scl_lag_0,4.0,2.435603301226365,44
circle_geometry_scl_lag,followup,up3__circle__EE_core_to_out_scale_1.25__radius205,2511,847101,TA,scl_lag_0,5.0,5.662925004126919,11
circle_geometry_scl_lag,followup,up3__circle__EE_core_to_out_scale_1.25__radius235,2511,847101,TA,scl_lag_0,6.0,4.680854328968053,8
circle_geometry_scl_lag,followup,up3__circle__EE_core_to_out_scale_1.25,2511,847102,TA,scl_lag_0,0.0,1.1280767144662605,10
circle_geometry_scl_lag,followup,up3__circle__EE_core_to_out_scale_1.25__x_minus075,2511,847102,TA,scl_lag_0,1.0,7.148877764798272,28
circle_geometry_scl_lag,followup,up3__circle__EE_core_to_out_scale_1.25__x_plus075,2511,847102,TA,scl_lag_0,2.0,-0.5814517386243097,23
circle_geometry_scl_lag,followup,up3__circle__EE_core_to_out_scale_1.25__y_minus10,2511,847102,TA,scl_lag_0,3.0,-8.379181102143775,46
circle_geometry_scl_lag,followup,up3__circle__EE_core_to_out_scale_1.25__y_plus10,2511,847102,TA,scl_lag_0,4.0,1.034365800798696,37
circle_geometry_scl_lag,followup,up3__circle__EE_core_to_out_scale_1.25__radius205,2511,847102,TA,scl_lag_0,5.0,5.013679984294868,17
circle_geometry_scl_lag,followup,up3__circle__EE_core_to_out_scale_1.25__radius235,2511,847102,TA,scl_lag_0,6.0,4.630331120115443,9
circle_geometry_scl_lag,followup,up3__circle__EE_core_to_out_scale_1.25,2511,847101,TA,scl_lag_1,0.0,2.8411866100723278,11
circle_geometry_scl_lag,followup,up3__circle__EE_core_to_out_scale_1.25__x_minus075,2511,847101,TA,scl_lag_1,1.0,6.998383295911481,25
circle_geometry_scl_lag,followup,up3__circle__EE_core_to_out_scale_1.25__x_plus075,2511,847101,TA,scl_lag_1,2.0,2.164979177448913,20
circle_geometry_scl_lag,followup,up3__circle__EE_core_to_out_scale_1.25__y_minus10,2511,847101,TA,scl_lag_1,3.0,-4.308484256271186,28
circle_geometry_scl_lag,followup,up3__circle__EE_core_to_out_scale_1.25__y_plus10,2511,847101,TA,scl_lag_1,4.0,3.143222335311293,61
circle_geometry_scl_lag,followup,up3__circle__EE_core_to_out_scale_1.25__radius205,2511,847101,TA,scl_lag_1,5.0,5.747752125816078,9
circle_geometry_scl_lag,followup,up3__circle__EE_core_to_out_scale_1.25__radius235,2511,847101,TA,scl_lag_1,6.0,8.252914375540968,7
circle_geometry_scl_lag,followup,up3__circle__EE_core_to_out_scale_1.25,2511,847102,TA,scl_lag_1,0.0,3.301462984760292,7
circle_geometry_scl_lag,followup,up3__circle__EE_core_to_out_scale_1.25__x_minus075,2511,847102,TA,scl_lag_1,1.0,3.249851832019885,21
circle_geometry_scl_lag,followup,up3__circle__EE_core_to_out_scale_1.25__x_plus075,2511,847102,TA,scl_lag_1,2.0,2.3445643383131483,16
circle_geometry_scl_lag,followup,up3__circle__EE_core_to_out_scale_1.25__y_minus10,2511,847102,TA,scl_lag_1,3.0,-4.412052464738508,23
circle_geometry_scl_lag,followup,up3__circle__EE_core_to_out_scale_1.25__y_plus10,2511,847102,TA,scl_lag_1,4.0,3.0990589750290383,49
circle_geometry_scl_lag,followup,up3__circle__EE_core_to_out_scale_1.25__radius205,2511,847102,TA,scl_lag_1,5.0,7.666768853217945,15
circle_geometry_scl_lag,followup,up3__circle__EE_core_to_out_scale_1.25__radius235,2511,847102,TA,scl_lag_1,6.0,5.477706027626482,7
circle_geometry_scl_lag,followup,up3__circle__EE_core_to_out_scale_1.25,2511,847101,TA,scl_lag_2,0.0,7.61028508531308,25
circle_geometry_scl_lag,followup,up3__circle__EE_core_to_out_scale_1.25__x_minus075,2511,847101,TA,scl_lag_2,1.0,6.9896957333767205,35
circle_geometry_scl_lag,followup,up3__circle__EE_core_to_out_scale_1.25__x_plus075,2511,847101,TA,scl_lag_2,2.0,7.048728639549154,38
circle_geometry_scl_lag,followup,up3__circle__EE_core_to_out_scale_1.25__y_minus10,2511,847101,TA,scl_lag_2,3.0,7.114592787627771,4
circle_geometry_scl_lag,followup,up3__circle__EE_core_to_out_scale_1.25__y_plus10,2511,847101,TA,scl_lag_2,4.0,8.101904628758348,69
circle_geometry_scl_lag,followup,up3__circle__EE_core_to_out_scale_1.25__radius205,2511,847101,TA,scl_lag_2,5.0,7.89745269191917,15
circle_geometry_scl_lag,followup,up3__circle__EE_core_to_out_scale_1.25__radius235,2511,847101,TA,scl_lag_2,6.0,7.51431739296595,8
circle_geometry_scl_lag,followup,up3__circle__EE_core_to_out_scale_1.25,2511,847102,TA,scl_lag_2,0.0,7.726493247608232,18
circle_geometry_scl_lag,followup,up3__circle__EE_core_to_out_scale_1.25__x_minus075,2511,847102,TA,scl_lag_2,1.0,7.090469265671345,30
circle_geometry_scl_lag,followup,up3__circle__EE_core_to_out_scale_1.25__x_plus075,2511,847102,TA,scl_lag_2,2.0,6.7693454850777925,25
circle_geometry_scl_lag,followup,up3__circle__EE_core_to_out_scale_1.25__y_minus10,2511,847102,TA,scl_lag_2,3.0,6.655007789358933,4
circle_geometry_scl_lag,followup,up3__circle__EE_core_to_out_scale_1.25__y_plus10,2511,847102,TA,scl_lag_2,4.0,8.24126541489386,63
circle_geometry_scl_lag,followup,up3__circle__EE_core_to_out_scale_1.25__radius205,2511,847102,TA,scl_lag_2,5.0,7.207464450541011,19
circle_geometry_scl_lag,followup,up3__circle__EE_core_to_out_scale_1.25__radius235,2511,847102,TA,scl_lag_2,6.0,8.110077242824445,6
circle_geometry_support,followup,up3__circle__EE_core_to_out_scale_1.25,2511,847101,TB,SCL_upper_participation,0.0,0.8266666666666667,75
circle_geometry_support,followup,up3__circle__EE_core_to_out_scale_1.25__x_minus075,2511,847101,TB,SCL_upper_participation,1.0,0.875,72
circle_geometry_support,followup,up3__circle__EE_core_to_out_scale_1.25__x_plus075,2511,847101,TB,SCL_upper_participation,2.0,0.8846153846153846,91
circle_geometry_support,followup,up3__circle__EE_core_to_out_scale_1.25__y_minus10,2511,847101,TB,SCL_upper_participation,3.0,0.9821428571428572,84
circle_geometry_support,followup,up3__circle__EE_core_to_out_scale_1.25__y_plus10,2511,847101,TB,SCL_upper_participation,4.0,0.8376623376623377,77
circle_geometry_support,followup,up3__circle__EE_core_to_out_scale_1.25__radius205,2511,847101,TB,SCL_upper_participation,5.0,0.8982300884955752,113
circle_geometry_support,followup,up3__circle__EE_core_to_out_scale_1.25__radius235,2511,847101,TB,SCL_upper_participation,6.0,0.975,120
circle_geometry_support,followup,up3__circle__EE_core_to_out_scale_1.25,2511,847102,TB,SCL_upper_participation,0.0,0.8311688311688312,77
circle_geometry_support,followup,up3__circle__EE_core_to_out_scale_1.25__x_minus075,2511,847102,TB,SCL_upper_participation,1.0,0.8787878787878788,66
circle_geometry_support,followup,up3__circle__EE_core_to_out_scale_1.25__x_plus075,2511,847102,TB,SCL_upper_participation,2.0,0.8444444444444444,90
circle_geometry_support,followup,up3__circle__EE_core_to_out_scale_1.25__y_minus10,2511,847102,TB,SCL_upper_participation,3.0,0.9257425742574258,101
circle_geometry_support,followup,up3__circle__EE_core_to_out_scale_1.25__y_plus10,2511,847102,TB,SCL_upper_participation,4.0,0.8494623655913979,93
circle_geometry_support,followup,up3__circle__EE_core_to_out_scale_1.25__radius205,2511,847102,TB,SCL_upper_participation,5.0,0.97196261682243,107
circle_geometry_support,followup,up3__circle__EE_core_to_out_scale_1.25__radius235,2511,847102,TB,SCL_upper_participation,6.0,0.962809917355372,121
circle_geometry_support,followup,up3__circle__EE_core_to_out_scale_1.25,2511,847101,TB,mode_fraction,0.0,0.5136986301369864,75
circle_geometry_support,followup,up3__circle__EE_core_to_out_scale_1.25__x_minus075,2511,847101,TB,mode_fraction,1.0,0.5142857142857142,72
circle_geometry_support,followup,up3__circle__EE_core_to_out_scale_1.25__x_plus075,2511,847101,TB,mode_fraction,2.0,0.5833333333333334,91
circle_geometry_support,followup,up3__circle__EE_core_to_out_scale_1.25__y_minus10,2511,847101,TB,mode_fraction,3.0,0.5874125874125874,84
circle_geometry_support,followup,up3__circle__EE_core_to_out_scale_1.25__y_plus10,2511,847101,TB,mode_fraction,4.0,0.5273972602739726,77
circle_geometry_support,followup,up3__circle__EE_core_to_out_scale_1.25__radius205,2511,847101,TB,mode_fraction,5.0,0.795774647887324,113
circle_geometry_support,followup,up3__circle__EE_core_to_out_scale_1.25__radius235,2511,847101,TB,mode_fraction,6.0,0.8888888888888888,120
circle_geometry_support,followup,up3__circle__EE_core_to_out_scale_1.25,2511,847102,TB,mode_fraction,0.0,0.5923076923076923,77
circle_geometry_support,followup,up3__circle__EE_core_to_out_scale_1.25__x_minus075,2511,847102,TB,mode_fraction,1.0,0.4647887323943662,66
circle_geometry_support,followup,up3__circle__EE_core_to_out_scale_1.25__x_plus075,2511,847102,TB,mode_fraction,2.0,0.6474820143884892,90
circle_geometry_support,followup,up3__circle__EE_core_to_out_scale_1.25__y_minus10,2511,847102,TB,mode_fraction,3.0,0.6558441558441559,101
circle_geometry_support,followup,up3__circle__EE_core_to_out_scale_1.25__y_plus10,2511,847102,TB,mode_fraction,4.0,0.5923566878980892,93
circle_geometry_support,followup,up3__circle__EE_core_to_out_scale_1.25__radius205,2511,847102,TB,mode_fraction,5.0,0.7642857142857142,107
circle_geometry_support,followup,up3__circle__EE_core_to_out_scale_1.25__radius235,2511,847102,TB,mode_fraction,6.0,0.8897058823529411,121
circle_geometry_support,followup,up3__circle__EE_core_to_out_scale_1.25,2511,847101,TB,n,0.0,75.0,75
circle_geometry_support,followup,up3__circle__EE_core_to_out_scale_1.25__x_minus075,2511,847101,TB,n,1.0,72.0,72
circle_geometry_support,followup,up3__circle__EE_core_to_out_scale_1.25__x_plus075,2511,847101,TB,n,2.0,91.0,91
circle_geometry_support,followup,up3__circle__EE_core_to_out_scale_1.25__y_minus10,2511,847101,TB,n,3.0,84.0,84
circle_geometry_support,followup,up3__circle__EE_core_to_out_scale_1.25__y_plus10,2511,847101,TB,n,4.0,77.0,77
circle_geometry_support,followup,up3__circle__EE_core_to_out_scale_1.25__radius205,2511,847101,TB,n,5.0,113.0,113
circle_geometry_support,followup,up3__circle__EE_core_to_out_scale_1.25__radius235,2511,847101,TB,n,6.0,120.0,120
circle_geometry_support,followup,up3__circle__EE_core_to_out_scale_1.25,2511,847102,TB,n,0.0,77.0,77
circle_geometry_support,followup,up3__circle__EE_core_to_out_scale_1.25__x_minus075,2511,847102,TB,n,1.0,66.0,66
circle_geometry_support,followup,up3__circle__EE_core_to_out_scale_1.25__x_plus075,2511,847102,TB,n,2.0,90.0,90
circle_geometry_support,followup,up3__circle__EE_core_to_out_scale_1.25__y_minus10,2511,847102,TB,n,3.0,101.0,101
circle_geometry_support,followup,up3__circle__EE_core_to_out_scale_1.25__y_plus10,2511,847102,TB,n,4.0,93.0,93
circle_geometry_support,followup,up3__circle__EE_core_to_out_scale_1.25__radius205,2511,847102,TB,n,5.0,107.0,107
circle_geometry_support,followup,up3__circle__EE_core_to_out_scale_1.25__radius235,2511,847102,TB,n,6.0,121.0,121
circle_geometry_support,followup,up3__circle__EE_core_to_out_scale_1.25,2511,847101,TA,SCL_upper_participation,0.0,0.3380281690140845,71
circle_geometry_support,followup,up3__circle__EE_core_to_out_scale_1.25__x_minus075,2511,847101,TA,SCL_upper_participation,1.0,0.6544117647058824,68
circle_geometry_support,followup,up3__circle__EE_core_to_out_scale_1.25__x_plus075,2511,847101,TA,SCL_upper_participation,2.0,0.5307692307692308,65
circle_geometry_support,followup,up3__circle__EE_core_to_out_scale_1.25__y_minus10,2511,847101,TA,SCL_upper_participation,3.0,0.8983050847457628,59
circle_geometry_support,followup,up3__circle__EE_core_to_out_scale_1.25__y_plus10,2511,847101,TA,SCL_upper_participation,4.0,0.782608695652174,69
circle_geometry_support,followup,up3__circle__EE_core_to_out_scale_1.25__radius205,2511,847101,TA,SCL_upper_participation,5.0,0.4827586206896552,29
circle_geometry_support,followup,up3__circle__EE_core_to_out_scale_1.25__radius235,2511,847101,TA,SCL_upper_participation,6.0,0.6,15
circle_geometry_support,followup,up3__circle__EE_core_to_out_scale_1.25,2511,847102,TA,SCL_upper_participation,0.0,0.330188679245283,53
circle_geometry_support,followup,up3__circle__EE_core_to_out_scale_1.25__x_minus075,2511,847102,TA,SCL_upper_participation,1.0,0.5855263157894737,76
circle_geometry_support,followup,up3__circle__EE_core_to_out_scale_1.25__x_plus075,2511,847102,TA,SCL_upper_participation,2.0,0.6224489795918366,49
circle_geometry_support,followup,up3__circle__EE_core_to_out_scale_1.25__y_minus10,2511,847102,TA,SCL_upper_participation,3.0,0.8867924528301887,53
circle_geometry_support,followup,up3__circle__EE_core_to_out_scale_1.25__y_plus10,2511,847102,TA,SCL_upper_participation,4.0,0.6953125,64
circle_geometry_support,followup,up3__circle__EE_core_to_out_scale_1.25__radius205,2511,847102,TA,SCL_upper_participation,5.0,0.5909090909090909,33
circle_geometry_support,followup,up3__circle__EE_core_to_out_scale_1.25__radius235,2511,847102,TA,SCL_upper_participation,6.0,0.7,15
circle_geometry_support,followup,up3__circle__EE_core_to_out_scale_1.25,2511,847101,TA,mode_fraction,0.0,0.4863013698630137,71
circle_geometry_support,followup,up3__circle__EE_core_to_out_scale_1.25__x_minus075,2511,847101,TA,mode_fraction,1.0,0.4857142857142857,68
circle_geometry_support,followup,up3__circle__EE_core_to_out_scale_1.25__x_plus075,2511,847101,TA,mode_fraction,2.0,0.4166666666666667,65
circle_geometry_support,followup,up3__circle__EE_core_to_out_scale_1.25__y_minus10,2511,847101,TA,mode_fraction,3.0,0.4125874125874126,59
circle_geometry_support,followup,up3__circle__EE_core_to_out_scale_1.25__y_plus10,2511,847101,TA,mode_fraction,4.0,0.4726027397260274,69
circle_geometry_support,followup,up3__circle__EE_core_to_out_scale_1.25__radius205,2511,847101,TA,mode_fraction,5.0,0.20422535211267606,29
circle_geometry_support,followup,up3__circle__EE_core_to_out_scale_1.25__radius235,2511,847101,TA,mode_fraction,6.0,0.1111111111111111,15
circle_geometry_support,followup,up3__circle__EE_core_to_out_scale_1.25,2511,847102,TA,mode_fraction,0.0,0.4076923076923077,53
circle_geometry_support,followup,up3__circle__EE_core_to_out_scale_1.25__x_minus075,2511,847102,TA,mode_fraction,1.0,0.5352112676056338,76
circle_geometry_support,followup,up3__circle__EE_core_to_out_scale_1.25__x_plus075,2511,847102,TA,mode_fraction,2.0,0.35251798561151076,49
circle_geometry_support,followup,up3__circle__EE_core_to_out_scale_1.25__y_minus10,2511,847102,TA,mode_fraction,3.0,0.34415584415584416,53
circle_geometry_support,followup,up3__circle__EE_core_to_out_scale_1.25__y_plus10,2511,847102,TA,mode_fraction,4.0,0.40764331210191085,64
circle_geometry_support,followup,up3__circle__EE_core_to_out_scale_1.25__radius205,2511,847102,TA,mode_fraction,5.0,0.2357142857142857,33
circle_geometry_support,followup,up3__circle__EE_core_to_out_scale_1.25__radius235,2511,847102,TA,mode_fraction,6.0,0.11029411764705882,15
circle_geometry_support,followup,up3__circle__EE_core_to_out_scale_1.25,2511,847101,TA,n,0.0,71.0,71
circle_geometry_support,followup,up3__circle__EE_core_to_out_scale_1.25__x_minus075,2511,847101,TA,n,1.0,68.0,68
circle_geometry_support,followup,up3__circle__EE_core_to_out_scale_1.25__x_plus075,2511,847101,TA,n,2.0,65.0,65
circle_geometry_support,followup,up3__circle__EE_core_to_out_scale_1.25__y_minus10,2511,847101,TA,n,3.0,59.0,59
circle_geometry_support,followup,up3__circle__EE_core_to_out_scale_1.25__y_plus10,2511,847101,TA,n,4.0,69.0,69
circle_geometry_support,followup,up3__circle__EE_core_to_out_scale_1.25__radius205,2511,847101,TA,n,5.0,29.0,29
circle_geometry_support,followup,up3__circle__EE_core_to_out_scale_1.25__radius235,2511,847101,TA,n,6.0,15.0,15
circle_geometry_support,followup,up3__circle__EE_core_to_out_scale_1.25,2511,847102,TA,n,0.0,53.0,53
circle_geometry_support,followup,up3__circle__EE_core_to_out_scale_1.25__x_minus075,2511,847102,TA,n,1.0,76.0,76
circle_geometry_support,followup,up3__circle__EE_core_to_out_scale_1.25__x_plus075,2511,847102,TA,n,2.0,49.0,49
circle_geometry_support,followup,up3__circle__EE_core_to_out_scale_1.25__y_minus10,2511,847102,TA,n,3.0,53.0,53
circle_geometry_support,followup,up3__circle__EE_core_to_out_scale_1.25__y_plus10,2511,847102,TA,n,4.0,64.0,64
circle_geometry_support,followup,up3__circle__EE_core_to_out_scale_1.25__radius205,2511,847102,TA,n,5.0,33.0,33
circle_geometry_support,followup,up3__circle__EE_core_to_out_scale_1.25__radius235,2511,847102,TA,n,6.0,15.0,15
ellipse4_EE_EI_original,followup,up3__ellipse4,2511,847101,TB,participation_mae,1.0,0.1862910872943145,95
ellipse4_EE_EI_original,followup,follow_ellipse4_out1.125_EI1,2511,847101,TB,participation_mae,1.125,0.2042455479139487,94
ellipse4_EE_EI_original,followup,up3__ellipse4__EE_core_to_out_scale_1.25,2511,847101,TB,participation_mae,1.25,0.2217010407493807,98
ellipse4_EE_EI_original,followup,up3__ellipse4,2511,847102,TB,participation_mae,1.0,0.2072674412226135,92
ellipse4_EE_EI_original,followup,follow_ellipse4_out1.125_EI1,2511,847102,TB,participation_mae,1.125,0.216614602504358,109
ellipse4_EE_EI_original,followup,up3__ellipse4__EE_core_to_out_scale_1.25,2511,847102,TB,participation_mae,1.25,0.2244338580142177,116
ellipse4_EE_EI_original,followup,follow_ellipse4_out1_EI0.875,2511,847101,TB,participation_mae,1.0,0.211967427677984,107
ellipse4_EE_EI_original,followup,follow_ellipse4_out1.125_EI0.875,2511,847101,TB,participation_mae,1.125,0.2290065716573961,115
ellipse4_EE_EI_original,followup,follow_ellipse4_out1.25_EI0.875,2511,847101,TB,participation_mae,1.25,0.2319051223820338,118
ellipse4_EE_EI_original,followup,follow_ellipse4_out1_EI0.875,2511,847102,TB,participation_mae,1.0,0.2183358008481105,113
ellipse4_EE_EI_original,followup,follow_ellipse4_out1.125_EI0.875,2511,847102,TB,participation_mae,1.125,0.2298053848492254,127
ellipse4_EE_EI_original,followup,follow_ellipse4_out1.25_EI0.875,2511,847102,TB,participation_mae,1.25,0.2319051223820338,130
ellipse4_EE_EI_original,followup,up3__ellipse4__EI_same_core_scale_0.75,2511,847101,TB,participation_mae,1.0,0.2284863189632303,117
ellipse4_EE_EI_original,followup,follow_ellipse4_out1.125_EI0.75,2511,847101,TB,participation_mae,1.125,0.2313495668264782,120
ellipse4_EE_EI_original,followup,follow_ellipse4_out1.25_EI0.75,2511,847101,TB,participation_mae,1.25,0.2319051223820338,119
ellipse4_EE_EI_original,followup,up3__ellipse4__EI_same_core_scale_0.75,2511,847102,TB,participation_mae,1.0,0.2292596197365311,126
ellipse4_EE_EI_original,followup,follow_ellipse4_out1.125_EI0.75,2511,847102,TB,participation_mae,1.125,0.2314000718769833,132
ellipse4_EE_EI_original,followup,follow_ellipse4_out1.25_EI0.75,2511,847102,TB,participation_mae,1.25,0.2319051223820338,130
ellipse4_EE_EI_original,followup,up3__ellipse4,2511,847101,TB,rank_correlation,1.0,0.5357142857142856,95
ellipse4_EE_EI_original,followup,follow_ellipse4_out1.125_EI1,2511,847101,TB,rank_correlation,1.125,0.5357142857142856,94
ellipse4_EE_EI_original,followup,up3__ellipse4__EE_core_to_out_scale_1.25,2511,847101,TB,rank_correlation,1.25,0.5071428571428571,98
ellipse4_EE_EI_original,followup,up3__ellipse4,2511,847102,TB,rank_correlation,1.0,0.5071428571428571,92
ellipse4_EE_EI_original,followup,follow_ellipse4_out1.125_EI1,2511,847102,TB,rank_correlation,1.125,0.5071428571428571,109
ellipse4_EE_EI_original,followup,up3__ellipse4__EE_core_to_out_scale_1.25,2511,847102,TB,rank_correlation,1.25,0.5071428571428571,116
ellipse4_EE_EI_original,followup,follow_ellipse4_out1_EI0.875,2511,847101,TB,rank_correlation,1.0,0.5107142857142856,107
ellipse4_EE_EI_original,followup,follow_ellipse4_out1.125_EI0.875,2511,847101,TB,rank_correlation,1.125,0.5071428571428571,115
ellipse4_EE_EI_original,followup,follow_ellipse4_out1.25_EI0.875,2511,847101,TB,rank_correlation,1.25,0.5107142857142856,118
ellipse4_EE_EI_original,followup,follow_ellipse4_out1_EI0.875,2511,847102,TB,rank_correlation,1.0,0.5071428571428571,113
ellipse4_EE_EI_original,followup,follow_ellipse4_out1.125_EI0.875,2511,847102,TB,rank_correlation,1.125,0.5071428571428571,127
ellipse4_EE_EI_original,followup,follow_ellipse4_out1.25_EI0.875,2511,847102,TB,rank_correlation,1.25,0.5071428571428571,130
ellipse4_EE_EI_original,followup,up3__ellipse4__EI_same_core_scale_0.75,2511,847101,TB,rank_correlation,1.0,0.5071428571428571,117
ellipse4_EE_EI_original,followup,follow_ellipse4_out1.125_EI0.75,2511,847101,TB,rank_correlation,1.125,0.5107142857142856,120
ellipse4_EE_EI_original,followup,follow_ellipse4_out1.25_EI0.75,2511,847101,TB,rank_correlation,1.25,0.5107142857142856,119
ellipse4_EE_EI_original,followup,up3__ellipse4__EI_same_core_scale_0.75,2511,847102,TB,rank_correlation,1.0,0.5071428571428571,126
ellipse4_EE_EI_original,followup,follow_ellipse4_out1.125_EI0.75,2511,847102,TB,rank_correlation,1.125,0.5071428571428571,132
ellipse4_EE_EI_original,followup,follow_ellipse4_out1.25_EI0.75,2511,847102,TB,rank_correlation,1.25,0.5107142857142856,130
ellipse4_EE_EI_original,followup,up3__ellipse4,2511,847101,TB,no_SCL,1.0,0.0,95
ellipse4_EE_EI_original,followup,follow_ellipse4_out1.125_EI1,2511,847101,TB,no_SCL,1.125,0.0,94
ellipse4_EE_EI_original,followup,up3__ellipse4__EE_core_to_out_scale_1.25,2511,847101,TB,no_SCL,1.25,0.0,98
ellipse4_EE_EI_original,followup,up3__ellipse4,2511,847102,TB,no_SCL,1.0,0.0,92
ellipse4_EE_EI_original,followup,follow_ellipse4_out1.125_EI1,2511,847102,TB,no_SCL,1.125,0.0,109
ellipse4_EE_EI_original,followup,up3__ellipse4__EE_core_to_out_scale_1.25,2511,847102,TB,no_SCL,1.25,0.0,116
ellipse4_EE_EI_original,followup,follow_ellipse4_out1_EI0.875,2511,847101,TB,no_SCL,1.0,0.0,107
ellipse4_EE_EI_original,followup,follow_ellipse4_out1.125_EI0.875,2511,847101,TB,no_SCL,1.125,0.0,115
ellipse4_EE_EI_original,followup,follow_ellipse4_out1.25_EI0.875,2511,847101,TB,no_SCL,1.25,0.0,118
ellipse4_EE_EI_original,followup,follow_ellipse4_out1_EI0.875,2511,847102,TB,no_SCL,1.0,0.0,113
ellipse4_EE_EI_original,followup,follow_ellipse4_out1.125_EI0.875,2511,847102,TB,no_SCL,1.125,0.0,127
ellipse4_EE_EI_original,followup,follow_ellipse4_out1.25_EI0.875,2511,847102,TB,no_SCL,1.25,0.0,130
ellipse4_EE_EI_original,followup,up3__ellipse4__EI_same_core_scale_0.75,2511,847101,TB,no_SCL,1.0,0.0,117
ellipse4_EE_EI_original,followup,follow_ellipse4_out1.125_EI0.75,2511,847101,TB,no_SCL,1.125,0.0,120
ellipse4_EE_EI_original,followup,follow_ellipse4_out1.25_EI0.75,2511,847101,TB,no_SCL,1.25,0.0,119
ellipse4_EE_EI_original,followup,up3__ellipse4__EI_same_core_scale_0.75,2511,847102,TB,no_SCL,1.0,0.0,126
ellipse4_EE_EI_original,followup,follow_ellipse4_out1.125_EI0.75,2511,847102,TB,no_SCL,1.125,0.0,132
ellipse4_EE_EI_original,followup,follow_ellipse4_out1.25_EI0.75,2511,847102,TB,no_SCL,1.25,0.0,130
ellipse4_EE_EI_original,followup,up3__ellipse4,2511,847101,TA,participation_mae,1.0,0.2172813014305608,16
ellipse4_EE_EI_original,followup,follow_ellipse4_out1.125_EI1,2511,847101,TA,participation_mae,1.125,0.2258373503948893,39
ellipse4_EE_EI_original,followup,up3__ellipse4__EE_core_to_out_scale_1.25,2511,847101,TA,participation_mae,1.25,0.1601360027489917,35
ellipse4_EE_EI_original,followup,up3__ellipse4,2511,847102,TA,participation_mae,1.0,0.170102544625902,20
ellipse4_EE_EI_original,followup,follow_ellipse4_out1.125_EI1,2511,847102,TA,participation_mae,1.125,0.2344454090029479,28
ellipse4_EE_EI_original,followup,up3__ellipse4__EE_core_to_out_scale_1.25,2511,847102,TA,participation_mae,1.25,0.1554410799986189,33
ellipse4_EE_EI_original,followup,follow_ellipse4_out1_EI0.875,2511,847101,TA,participation_mae,1.0,0.227546752104291,39
ellipse4_EE_EI_original,followup,follow_ellipse4_out1.125_EI0.875,2511,847101,TA,participation_mae,1.125,0.1432700666426454,39
ellipse4_EE_EI_original,followup,follow_ellipse4_out1.25_EI0.875,2511,847101,TA,participation_mae,1.25,0.1625117103430814,39
ellipse4_EE_EI_original,followup,follow_ellipse4_out1_EI0.875,2511,847102,TA,participation_mae,1.0,0.253367714767359,38
ellipse4_EE_EI_original,followup,follow_ellipse4_out1.125_EI0.875,2511,847102,TA,participation_mae,1.125,0.156527883276364,32
ellipse4_EE_EI_original,followup,follow_ellipse4_out1.25_EI0.875,2511,847102,TA,participation_mae,1.25,0.1625117103430814,30
ellipse4_EE_EI_original,followup,up3__ellipse4__EI_same_core_scale_0.75,2511,847101,TA,participation_mae,1.0,0.1415606649332437,39
ellipse4_EE_EI_original,followup,follow_ellipse4_out1.125_EI0.75,2511,847101,TA,participation_mae,1.125,0.1620451252619881,36
ellipse4_EE_EI_original,followup,follow_ellipse4_out1.25_EI0.75,2511,847101,TA,participation_mae,1.25,0.1625117103430814,37
ellipse4_EE_EI_original,followup,up3__ellipse4__EI_same_core_scale_0.75,2511,847102,TA,participation_mae,1.0,0.1471851479770816,31
ellipse4_EE_EI_original,followup,follow_ellipse4_out1.125_EI0.75,2511,847102,TA,participation_mae,1.125,0.1576843128366596,31
ellipse4_EE_EI_original,followup,follow_ellipse4_out1.25_EI0.75,2511,847102,TA,participation_mae,1.25,0.1625117103430814,30
ellipse4_EE_EI_original,followup,up3__ellipse4,2511,847101,TA,rank_correlation,1.0,0.1857142857142857,16
ellipse4_EE_EI_original,followup,follow_ellipse4_out1.125_EI1,2511,847101,TA,rank_correlation,1.125,0.7142857142857142,39
ellipse4_EE_EI_original,followup,up3__ellipse4__EE_core_to_out_scale_1.25,2511,847101,TA,rank_correlation,1.25,0.8535714285714284,35
ellipse4_EE_EI_original,followup,up3__ellipse4,2511,847102,TA,rank_correlation,1.0,0.1928571428571428,20
ellipse4_EE_EI_original,followup,follow_ellipse4_out1.125_EI1,2511,847102,TA,rank_correlation,1.125,0.5892857142857142,28
ellipse4_EE_EI_original,followup,up3__ellipse4__EE_core_to_out_scale_1.25,2511,847102,TA,rank_correlation,1.25,0.8392857142857142,33
ellipse4_EE_EI_original,followup,follow_ellipse4_out1_EI0.875,2511,847101,TA,rank_correlation,1.0,0.7964285714285713,39
ellipse4_EE_EI_original,followup,follow_ellipse4_out1.125_EI0.875,2511,847101,TA,rank_correlation,1.125,0.8642857142857141,39
ellipse4_EE_EI_original,followup,follow_ellipse4_out1.25_EI0.875,2511,847101,TA,rank_correlation,1.25,0.8535714285714284,39
ellipse4_EE_EI_original,followup,follow_ellipse4_out1_EI0.875,2511,847102,TA,rank_correlation,1.0,0.5678571428571427,38
ellipse4_EE_EI_original,followup,follow_ellipse4_out1.125_EI0.875,2511,847102,TA,rank_correlation,1.125,0.8678571428571429,32
ellipse4_EE_EI_original,followup,follow_ellipse4_out1.25_EI0.875,2511,847102,TA,rank_correlation,1.25,0.8607142857142854,30
ellipse4_EE_EI_original,followup,up3__ellipse4__EI_same_core_scale_0.75,2511,847101,TA,rank_correlation,1.0,0.8035714285714284,39
ellipse4_EE_EI_original,followup,follow_ellipse4_out1.125_EI0.75,2511,847101,TA,rank_correlation,1.125,0.8642857142857141,36
ellipse4_EE_EI_original,followup,follow_ellipse4_out1.25_EI0.75,2511,847101,TA,rank_correlation,1.25,0.8607142857142854,37
ellipse4_EE_EI_original,followup,up3__ellipse4__EI_same_core_scale_0.75,2511,847102,TA,rank_correlation,1.0,0.8035714285714284,31
ellipse4_EE_EI_original,followup,follow_ellipse4_out1.125_EI0.75,2511,847102,TA,rank_correlation,1.125,0.8607142857142854,31
ellipse4_EE_EI_original,followup,follow_ellipse4_out1.25_EI0.75,2511,847102,TA,rank_correlation,1.25,0.8607142857142854,30
ellipse4_EE_EI_original,followup,up3__ellipse4,2511,847101,TA,no_SCL,1.0,0.0,16
ellipse4_EE_EI_original,followup,follow_ellipse4_out1.125_EI1,2511,847101,TA,no_SCL,1.125,0.0,39
ellipse4_EE_EI_original,followup,up3__ellipse4__EE_core_to_out_scale_1.25,2511,847101,TA,no_SCL,1.25,0.0,35
ellipse4_EE_EI_original,followup,up3__ellipse4,2511,847102,TA,no_SCL,1.0,0.0,20
ellipse4_EE_EI_original,followup,follow_ellipse4_out1.125_EI1,2511,847102,TA,no_SCL,1.125,0.0,28
ellipse4_EE_EI_original,followup,up3__ellipse4__EE_core_to_out_scale_1.25,2511,847102,TA,no_SCL,1.25,0.0,33
ellipse4_EE_EI_original,followup,follow_ellipse4_out1_EI0.875,2511,847101,TA,no_SCL,1.0,0.0,39
ellipse4_EE_EI_original,followup,follow_ellipse4_out1.125_EI0.875,2511,847101,TA,no_SCL,1.125,0.0,39
ellipse4_EE_EI_original,followup,follow_ellipse4_out1.25_EI0.875,2511,847101,TA,no_SCL,1.25,0.0,39
ellipse4_EE_EI_original,followup,follow_ellipse4_out1_EI0.875,2511,847102,TA,no_SCL,1.0,0.0,38
ellipse4_EE_EI_original,followup,follow_ellipse4_out1.125_EI0.875,2511,847102,TA,no_SCL,1.125,0.0,32
ellipse4_EE_EI_original,followup,follow_ellipse4_out1.25_EI0.875,2511,847102,TA,no_SCL,1.25,0.0,30
ellipse4_EE_EI_original,followup,up3__ellipse4__EI_same_core_scale_0.75,2511,847101,TA,no_SCL,1.0,0.0,39
ellipse4_EE_EI_original,followup,follow_ellipse4_out1.125_EI0.75,2511,847101,TA,no_SCL,1.125,0.0,36
ellipse4_EE_EI_original,followup,follow_ellipse4_out1.25_EI0.75,2511,847101,TA,no_SCL,1.25,0.0,37
ellipse4_EE_EI_original,followup,up3__ellipse4__EI_same_core_scale_0.75,2511,847102,TA,no_SCL,1.0,0.0,31
ellipse4_EE_EI_original,followup,follow_ellipse4_out1.125_EI0.75,2511,847102,TA,no_SCL,1.125,0.0,31
ellipse4_EE_EI_original,followup,follow_ellipse4_out1.25_EI0.75,2511,847102,TA,no_SCL,1.25,0.0,30
ellipse4_EE_EI_time,followup,up3__ellipse4,2511,847101,TB,SCL_minus_ICL_lag_median_ms,1.0,36.42293787683593,95
ellipse4_EE_EI_time,followup,follow_ellipse4_out1.125_EI1,2511,847101,TB,SCL_minus_ICL_lag_median_ms,1.125,35.818102060129604,94
ellipse4_EE_EI_time,followup,up3__ellipse4__EE_core_to_out_scale_1.25,2511,847101,TB,SCL_minus_ICL_lag_median_ms,1.25,35.62020399954508,98
ellipse4_EE_EI_time,followup,up3__ellipse4,2511,847102,TB,SCL_minus_ICL_lag_median_ms,1.0,36.12573274202441,92
ellipse4_EE_EI_time,followup,follow_ellipse4_out1.125_EI1,2511,847102,TB,SCL_minus_ICL_lag_median_ms,1.125,35.80348437881912,109
ellipse4_EE_EI_time,followup,up3__ellipse4__EE_core_to_out_scale_1.25,2511,847102,TB,SCL_minus_ICL_lag_median_ms,1.25,35.5831785600094,116
ellipse4_EE_EI_time,followup,follow_ellipse4_out1_EI0.875,2511,847101,TB,SCL_minus_ICL_lag_median_ms,1.0,35.87645067786798,107
ellipse4_EE_EI_time,followup,follow_ellipse4_out1.125_EI0.875,2511,847101,TB,SCL_minus_ICL_lag_median_ms,1.125,35.191971753316466,115
ellipse4_EE_EI_time,followup,follow_ellipse4_out1.25_EI0.875,2511,847101,TB,SCL_minus_ICL_lag_median_ms,1.25,34.58382628893287,118
ellipse4_EE_EI_time,followup,follow_ellipse4_out1_EI0.875,2511,847102,TB,SCL_minus_ICL_lag_median_ms,1.0,35.696066005461034,113
ellipse4_EE_EI_time,followup,follow_ellipse4_out1.125_EI0.875,2511,847102,TB,SCL_minus_ICL_lag_median_ms,1.125,35.12142919162579,127
ellipse4_EE_EI_time,followup,follow_ellipse4_out1.25_EI0.875,2511,847102,TB,SCL_minus_ICL_lag_median_ms,1.25,34.40543836451434,130
ellipse4_EE_EI_time,followup,up3__ellipse4__EI_same_core_scale_0.75,2511,847101,TB,SCL_minus_ICL_lag_median_ms,1.0,35.20983894557139,117
ellipse4_EE_EI_time,followup,follow_ellipse4_out1.125_EI0.75,2511,847101,TB,SCL_minus_ICL_lag_median_ms,1.125,34.51869834343779,120
ellipse4_EE_EI_time,followup,follow_ellipse4_out1.25_EI0.75,2511,847101,TB,SCL_minus_ICL_lag_median_ms,1.25,34.366928063296655,119
ellipse4_EE_EI_time,followup,up3__ellipse4__EI_same_core_scale_0.75,2511,847102,TB,SCL_minus_ICL_lag_median_ms,1.0,35.10473747914966,126
ellipse4_EE_EI_time,followup,follow_ellipse4_out1.125_EI0.75,2511,847102,TB,SCL_minus_ICL_lag_median_ms,1.125,34.35354443605502,132
ellipse4_EE_EI_time,followup,follow_ellipse4_out1.25_EI0.75,2511,847102,TB,SCL_minus_ICL_lag_median_ms,1.25,34.17927696671177,130
ellipse4_EE_EI_time,followup,up3__ellipse4,2511,847101,TB,recruitment_span_ms_median,1.0,88.0,95
ellipse4_EE_EI_time,followup,follow_ellipse4_out1.125_EI1,2511,847101,TB,recruitment_span_ms_median,1.125,84.0,94
ellipse4_EE_EI_time,followup,up3__ellipse4__EE_core_to_out_scale_1.25,2511,847101,TB,recruitment_span_ms_median,1.25,82.0,98
ellipse4_EE_EI_time,followup,up3__ellipse4,2511,847102,TB,recruitment_span_ms_median,1.0,86.0,92
ellipse4_EE_EI_time,followup,follow_ellipse4_out1.125_EI1,2511,847102,TB,recruitment_span_ms_median,1.125,84.0,109
ellipse4_EE_EI_time,followup,up3__ellipse4__EE_core_to_out_scale_1.25,2511,847102,TB,recruitment_span_ms_median,1.25,82.0,116
ellipse4_EE_EI_time,followup,follow_ellipse4_out1_EI0.875,2511,847101,TB,recruitment_span_ms_median,1.0,76.0,107
ellipse4_EE_EI_time,followup,follow_ellipse4_out1.125_EI0.875,2511,847101,TB,recruitment_span_ms_median,1.125,76.0,115
ellipse4_EE_EI_time,followup,follow_ellipse4_out1.25_EI0.875,2511,847101,TB,recruitment_span_ms_median,1.25,74.0,118
ellipse4_EE_EI_time,followup,follow_ellipse4_out1_EI0.875,2511,847102,TB,recruitment_span_ms_median,1.0,76.0,113
ellipse4_EE_EI_time,followup,follow_ellipse4_out1.125_EI0.875,2511,847102,TB,recruitment_span_ms_median,1.125,76.0,127
ellipse4_EE_EI_time,followup,follow_ellipse4_out1.25_EI0.875,2511,847102,TB,recruitment_span_ms_median,1.25,74.0,130
ellipse4_EE_EI_time,followup,up3__ellipse4__EI_same_core_scale_0.75,2511,847101,TB,recruitment_span_ms_median,1.0,74.0,117
ellipse4_EE_EI_time,followup,follow_ellipse4_out1.125_EI0.75,2511,847101,TB,recruitment_span_ms_median,1.125,72.0,120
ellipse4_EE_EI_time,followup,follow_ellipse4_out1.25_EI0.75,2511,847101,TB,recruitment_span_ms_median,1.25,72.0,119
ellipse4_EE_EI_time,followup,up3__ellipse4__EI_same_core_scale_0.75,2511,847102,TB,recruitment_span_ms_median,1.0,74.0,126
ellipse4_EE_EI_time,followup,follow_ellipse4_out1.125_EI0.75,2511,847102,TB,recruitment_span_ms_median,1.125,72.0,132
ellipse4_EE_EI_time,followup,follow_ellipse4_out1.25_EI0.75,2511,847102,TB,recruitment_span_ms_median,1.25,72.0,130
ellipse4_EE_EI_time,followup,up3__ellipse4,2511,847101,TB,local_width_ms_median,1.0,16.0,95
ellipse4_EE_EI_time,followup,follow_ellipse4_out1.125_EI1,2511,847101,TB,local_width_ms_median,1.125,16.0,94
ellipse4_EE_EI_time,followup,up3__ellipse4__EE_core_to_out_scale_1.25,2511,847101,TB,local_width_ms_median,1.25,16.0,98
ellipse4_EE_EI_time,followup,up3__ellipse4,2511,847102,TB,local_width_ms_median,1.0,16.0,92
ellipse4_EE_EI_time,followup,follow_ellipse4_out1.125_EI1,2511,847102,TB,local_width_ms_median,1.125,16.0,109
ellipse4_EE_EI_time,followup,up3__ellipse4__EE_core_to_out_scale_1.25,2511,847102,TB,local_width_ms_median,1.25,16.0,116
ellipse4_EE_EI_time,followup,follow_ellipse4_out1_EI0.875,2511,847101,TB,local_width_ms_median,1.0,16.0,107
ellipse4_EE_EI_time,followup,follow_ellipse4_out1.125_EI0.875,2511,847101,TB,local_width_ms_median,1.125,16.0,115
ellipse4_EE_EI_time,followup,follow_ellipse4_out1.25_EI0.875,2511,847101,TB,local_width_ms_median,1.25,18.0,118
ellipse4_EE_EI_time,followup,follow_ellipse4_out1_EI0.875,2511,847102,TB,local_width_ms_median,1.0,16.0,113
ellipse4_EE_EI_time,followup,follow_ellipse4_out1.125_EI0.875,2511,847102,TB,local_width_ms_median,1.125,16.0,127
ellipse4_EE_EI_time,followup,follow_ellipse4_out1.25_EI0.875,2511,847102,TB,local_width_ms_median,1.25,18.0,130
ellipse4_EE_EI_time,followup,up3__ellipse4__EI_same_core_scale_0.75,2511,847101,TB,local_width_ms_median,1.0,16.0,117
ellipse4_EE_EI_time,followup,follow_ellipse4_out1.125_EI0.75,2511,847101,TB,local_width_ms_median,1.125,18.0,120
ellipse4_EE_EI_time,followup,follow_ellipse4_out1.25_EI0.75,2511,847101,TB,local_width_ms_median,1.25,18.0,119
ellipse4_EE_EI_time,followup,up3__ellipse4__EI_same_core_scale_0.75,2511,847102,TB,local_width_ms_median,1.0,16.0,126
ellipse4_EE_EI_time,followup,follow_ellipse4_out1.125_EI0.75,2511,847102,TB,local_width_ms_median,1.125,18.0,132
ellipse4_EE_EI_time,followup,follow_ellipse4_out1.25_EI0.75,2511,847102,TB,local_width_ms_median,1.25,18.0,130
ellipse4_EE_EI_time,followup,up3__ellipse4,2511,847101,TA,SCL_minus_ICL_lag_median_ms,1.0,66.64623257743187,16
ellipse4_EE_EI_time,followup,follow_ellipse4_out1.125_EI1,2511,847101,TA,SCL_minus_ICL_lag_median_ms,1.125,-18.415048417467915,39
ellipse4_EE_EI_time,followup,up3__ellipse4__EE_core_to_out_scale_1.25,2511,847101,TA,SCL_minus_ICL_lag_median_ms,1.25,-20.091292039294785,35
ellipse4_EE_EI_time,followup,up3__ellipse4,2511,847102,TA,SCL_minus_ICL_lag_median_ms,1.0,93.27148928380302,20
ellipse4_EE_EI_time,followup,follow_ellipse4_out1.125_EI1,2511,847102,TA,SCL_minus_ICL_lag_median_ms,1.125,-15.414213094149318,28
ellipse4_EE_EI_time,followup,up3__ellipse4__EE_core_to_out_scale_1.25,2511,847102,TA,SCL_minus_ICL_lag_median_ms,1.25,-21.6777247259306,33
ellipse4_EE_EI_time,followup,follow_ellipse4_out1_EI0.875,2511,847101,TA,SCL_minus_ICL_lag_median_ms,1.0,-17.568420630152104,39
ellipse4_EE_EI_time,followup,follow_ellipse4_out1.125_EI0.875,2511,847101,TA,SCL_minus_ICL_lag_median_ms,1.125,-20.25034890519601,39
ellipse4_EE_EI_time,followup,follow_ellipse4_out1.25_EI0.875,2511,847101,TA,SCL_minus_ICL_lag_median_ms,1.25,-18.91282879688515,39
ellipse4_EE_EI_time,followup,follow_ellipse4_out1_EI0.875,2511,847102,TA,SCL_minus_ICL_lag_median_ms,1.0,-18.166828480146023,38
ellipse4_EE_EI_time,followup,follow_ellipse4_out1.125_EI0.875,2511,847102,TA,SCL_minus_ICL_lag_median_ms,1.125,-19.575666366936275,32
ellipse4_EE_EI_time,followup,follow_ellipse4_out1.25_EI0.875,2511,847102,TA,SCL_minus_ICL_lag_median_ms,1.25,-18.63986792106516,30
ellipse4_EE_EI_time,followup,up3__ellipse4__EI_same_core_scale_0.75,2511,847101,TA,SCL_minus_ICL_lag_median_ms,1.0,-21.80201314893929,39
ellipse4_EE_EI_time,followup,follow_ellipse4_out1.125_EI0.75,2511,847101,TA,SCL_minus_ICL_lag_median_ms,1.125,-18.87747938092798,36
ellipse4_EE_EI_time,followup,follow_ellipse4_out1.25_EI0.75,2511,847101,TA,SCL_minus_ICL_lag_median_ms,1.25,-18.50635238201085,37
ellipse4_EE_EI_time,followup,up3__ellipse4__EI_same_core_scale_0.75,2511,847102,TA,SCL_minus_ICL_lag_median_ms,1.0,-21.37426771057289,31
ellipse4_EE_EI_time,followup,follow_ellipse4_out1.125_EI0.75,2511,847102,TA,SCL_minus_ICL_lag_median_ms,1.125,-18.98579125830201,31
ellipse4_EE_EI_time,followup,follow_ellipse4_out1.25_EI0.75,2511,847102,TA,SCL_minus_ICL_lag_median_ms,1.25,-18.73663776330204,30
ellipse4_EE_EI_time,followup,up3__ellipse4,2511,847101,TA,recruitment_span_ms_median,1.0,112.0,16
ellipse4_EE_EI_time,followup,follow_ellipse4_out1.125_EI1,2511,847101,TA,recruitment_span_ms_median,1.125,48.0,39
ellipse4_EE_EI_time,followup,up3__ellipse4__EE_core_to_out_scale_1.25,2511,847101,TA,recruitment_span_ms_median,1.25,48.0,35
ellipse4_EE_EI_time,followup,up3__ellipse4,2511,847102,TA,recruitment_span_ms_median,1.0,115.0,20
ellipse4_EE_EI_time,followup,follow_ellipse4_out1.125_EI1,2511,847102,TA,recruitment_span_ms_median,1.125,50.0,28
ellipse4_EE_EI_time,followup,up3__ellipse4__EE_core_to_out_scale_1.25,2511,847102,TA,recruitment_span_ms_median,1.25,50.0,33
ellipse4_EE_EI_time,followup,follow_ellipse4_out1_EI0.875,2511,847101,TA,recruitment_span_ms_median,1.0,48.0,39
ellipse4_EE_EI_time,followup,follow_ellipse4_out1.125_EI0.875,2511,847101,TA,recruitment_span_ms_median,1.125,50.0,39
ellipse4_EE_EI_time,followup,follow_ellipse4_out1.25_EI0.875,2511,847101,TA,recruitment_span_ms_median,1.25,50.0,39
ellipse4_EE_EI_time,followup,follow_ellipse4_out1_EI0.875,2511,847102,TA,recruitment_span_ms_median,1.0,48.0,38
ellipse4_EE_EI_time,followup,follow_ellipse4_out1.125_EI0.875,2511,847102,TA,recruitment_span_ms_median,1.125,50.0,32
ellipse4_EE_EI_time,followup,follow_ellipse4_out1.25_EI0.875,2511,847102,TA,recruitment_span_ms_median,1.25,50.0,30
ellipse4_EE_EI_time,followup,up3__ellipse4__EI_same_core_scale_0.75,2511,847101,TA,recruitment_span_ms_median,1.0,52.0,39
ellipse4_EE_EI_time,followup,follow_ellipse4_out1.125_EI0.75,2511,847101,TA,recruitment_span_ms_median,1.125,50.0,36
ellipse4_EE_EI_time,followup,follow_ellipse4_out1.25_EI0.75,2511,847101,TA,recruitment_span_ms_median,1.25,50.0,37
ellipse4_EE_EI_time,followup,up3__ellipse4__EI_same_core_scale_0.75,2511,847102,TA,recruitment_span_ms_median,1.0,50.0,31
ellipse4_EE_EI_time,followup,follow_ellipse4_out1.125_EI0.75,2511,847102,TA,recruitment_span_ms_median,1.125,50.0,31
ellipse4_EE_EI_time,followup,follow_ellipse4_out1.25_EI0.75,2511,847102,TA,recruitment_span_ms_median,1.25,50.0,30
ellipse4_EE_EI_time,followup,up3__ellipse4,2511,847101,TA,local_width_ms_median,1.0,16.0,16
ellipse4_EE_EI_time,followup,follow_ellipse4_out1.125_EI1,2511,847101,TA,local_width_ms_median,1.125,16.0,39
ellipse4_EE_EI_time,followup,up3__ellipse4__EE_core_to_out_scale_1.25,2511,847101,TA,local_width_ms_median,1.25,16.0,35
ellipse4_EE_EI_time,followup,up3__ellipse4,2511,847102,TA,local_width_ms_median,1.0,16.0,20
ellipse4_EE_EI_time,followup,follow_ellipse4_out1.125_EI1,2511,847102,TA,local_width_ms_median,1.125,16.0,28
ellipse4_EE_EI_time,followup,up3__ellipse4__EE_core_to_out_scale_1.25,2511,847102,TA,local_width_ms_median,1.25,16.0,33
ellipse4_EE_EI_time,followup,follow_ellipse4_out1_EI0.875,2511,847101,TA,local_width_ms_median,1.0,16.0,39
ellipse4_EE_EI_time,followup,follow_ellipse4_out1.125_EI0.875,2511,847101,TA,local_width_ms_median,1.125,16.0,39
ellipse4_EE_EI_time,followup,follow_ellipse4_out1.25_EI0.875,2511,847101,TA,local_width_ms_median,1.25,16.0,39
ellipse4_EE_EI_time,followup,follow_ellipse4_out1_EI0.875,2511,847102,TA,local_width_ms_median,1.0,16.0,38
ellipse4_EE_EI_time,followup,follow_ellipse4_out1.125_EI0.875,2511,847102,TA,local_width_ms_median,1.125,16.0,32
ellipse4_EE_EI_time,followup,follow_ellipse4_out1.25_EI0.875,2511,847102,TA,local_width_ms_median,1.25,16.0,30
ellipse4_EE_EI_time,followup,up3__ellipse4__EI_same_core_scale_0.75,2511,847101,TA,local_width_ms_median,1.0,16.0,39
ellipse4_EE_EI_time,followup,follow_ellipse4_out1.125_EI0.75,2511,847101,TA,local_width_ms_median,1.125,16.0,36
ellipse4_EE_EI_time,followup,follow_ellipse4_out1.25_EI0.75,2511,847101,TA,local_width_ms_median,1.25,16.0,37
ellipse4_EE_EI_time,followup,up3__ellipse4__EI_same_core_scale_0.75,2511,847102,TA,local_width_ms_median,1.0,16.0,31
ellipse4_EE_EI_time,followup,follow_ellipse4_out1.125_EI0.75,2511,847102,TA,local_width_ms_median,1.125,16.0,31
ellipse4_EE_EI_time,followup,follow_ellipse4_out1.25_EI0.75,2511,847102,TA,local_width_ms_median,1.25,16.0,30
ellipse4_EE_EI_scl,followup,up3__ellipse4,2511,847101,TB,pair_0,1.0,0.0112359550561797,89
ellipse4_EE_EI_scl,followup,follow_ellipse4_out1.125_EI1,2511,847101,TB,pair_0,1.125,0.0126582278481012,79
ellipse4_EE_EI_scl,followup,up3__ellipse4__EE_core_to_out_scale_1.25,2511,847101,TB,pair_0,1.25,0.1098901098901098,91
ellipse4_EE_EI_scl,followup,up3__ellipse4,2511,847102,TB,pair_0,1.0,0.0,86
ellipse4_EE_EI_scl,followup,follow_ellipse4_out1.125_EI1,2511,847102,TB,pair_0,1.125,0.0204081632653061,98
ellipse4_EE_EI_scl,followup,up3__ellipse4__EE_core_to_out_scale_1.25,2511,847102,TB,pair_0,1.25,0.045045045045045,111
ellipse4_EE_EI_scl,followup,follow_ellipse4_out1_EI0.875,2511,847101,TB,pair_0,1.0,0.0111111111111111,90
ellipse4_EE_EI_scl,followup,follow_ellipse4_out1.125_EI0.875,2511,847101,TB,pair_0,1.125,0.0973451327433628,113
ellipse4_EE_EI_scl,followup,follow_ellipse4_out1.25_EI0.875,2511,847101,TB,pair_0,1.25,0.1271186440677966,118
ellipse4_EE_EI_scl,followup,follow_ellipse4_out1_EI0.875,2511,847102,TB,pair_0,1.0,0.0388349514563106,103
ellipse4_EE_EI_scl,followup,follow_ellipse4_out1.125_EI0.875,2511,847102,TB,pair_0,1.125,0.0714285714285714,126
ellipse4_EE_EI_scl,followup,follow_ellipse4_out1.25_EI0.875,2511,847102,TB,pair_0,1.25,0.1,130
ellipse4_EE_EI_scl,followup,up3__ellipse4__EI_same_core_scale_0.75,2511,847101,TB,pair_0,1.0,0.1140350877192982,114
ellipse4_EE_EI_scl,followup,follow_ellipse4_out1.125_EI0.75,2511,847101,TB,pair_0,1.125,0.1666666666666666,120
ellipse4_EE_EI_scl,followup,follow_ellipse4_out1.25_EI0.75,2511,847101,TB,pair_0,1.25,0.1680672268907563,119
ellipse4_EE_EI_scl,followup,up3__ellipse4__EI_same_core_scale_0.75,2511,847102,TB,pair_0,1.0,0.064516129032258,124
ellipse4_EE_EI_scl,followup,follow_ellipse4_out1.125_EI0.75,2511,847102,TB,pair_0,1.125,0.1212121212121212,132
ellipse4_EE_EI_scl,followup,follow_ellipse4_out1.25_EI0.75,2511,847102,TB,pair_0,1.25,0.1076923076923077,130
ellipse4_EE_EI_scl,followup,up3__ellipse4,2511,847101,TB,pair_1,1.0,0.0125,80
ellipse4_EE_EI_scl,followup,follow_ellipse4_out1.125_EI1,2511,847101,TB,pair_1,1.125,0.0129870129870129,77
ellipse4_EE_EI_scl,followup,up3__ellipse4__EE_core_to_out_scale_1.25,2511,847101,TB,pair_1,1.25,0.1208791208791208,91
ellipse4_EE_EI_scl,followup,up3__ellipse4,2511,847102,TB,pair_1,1.0,0.0119047619047619,84
ellipse4_EE_EI_scl,followup,follow_ellipse4_out1.125_EI1,2511,847102,TB,pair_1,1.125,0.0408163265306122,98
ellipse4_EE_EI_scl,followup,up3__ellipse4__EE_core_to_out_scale_1.25,2511,847102,TB,pair_1,1.25,0.0535714285714285,112
ellipse4_EE_EI_scl,followup,follow_ellipse4_out1_EI0.875,2511,847101,TB,pair_1,1.0,0.0526315789473684,95
ellipse4_EE_EI_scl,followup,follow_ellipse4_out1.125_EI0.875,2511,847101,TB,pair_1,1.125,0.1061946902654867,113
ellipse4_EE_EI_scl,followup,follow_ellipse4_out1.25_EI0.875,2511,847101,TB,pair_1,1.25,0.1186440677966101,118
ellipse4_EE_EI_scl,followup,follow_ellipse4_out1_EI0.875,2511,847102,TB,pair_1,1.0,0.048076923076923,104
ellipse4_EE_EI_scl,followup,follow_ellipse4_out1.125_EI0.875,2511,847102,TB,pair_1,1.125,0.0714285714285714,126
ellipse4_EE_EI_scl,followup,follow_ellipse4_out1.25_EI0.875,2511,847102,TB,pair_1,1.25,0.1076923076923077,130
ellipse4_EE_EI_scl,followup,up3__ellipse4__EI_same_core_scale_0.75,2511,847101,TB,pair_1,1.0,0.1130434782608695,115
ellipse4_EE_EI_scl,followup,follow_ellipse4_out1.125_EI0.75,2511,847101,TB,pair_1,1.125,0.15,120
ellipse4_EE_EI_scl,followup,follow_ellipse4_out1.25_EI0.75,2511,847101,TB,pair_1,1.25,0.1512605042016806,119
ellipse4_EE_EI_scl,followup,up3__ellipse4__EI_same_core_scale_0.75,2511,847102,TB,pair_1,1.0,0.072,125
ellipse4_EE_EI_scl,followup,follow_ellipse4_out1.125_EI0.75,2511,847102,TB,pair_1,1.125,0.1136363636363636,132
ellipse4_EE_EI_scl,followup,follow_ellipse4_out1.25_EI0.75,2511,847102,TB,pair_1,1.25,0.1,130
ellipse4_EE_EI_scl,followup,up3__ellipse4,2511,847101,TB,pair_2,1.0,0.0266666666666666,75
ellipse4_EE_EI_scl,followup,follow_ellipse4_out1.125_EI1,2511,847101,TB,pair_2,1.125,0.1046511627906976,86
ellipse4_EE_EI_scl,followup,up3__ellipse4__EE_core_to_out_scale_1.25,2511,847101,TB,pair_2,1.25,0.1458333333333333,96
ellipse4_EE_EI_scl,followup,up3__ellipse4,2511,847102,TB,pair_2,1.0,0.0119047619047619,84
ellipse4_EE_EI_scl,followup,follow_ellipse4_out1.125_EI1,2511,847102,TB,pair_2,1.125,0.0679611650485436,103
ellipse4_EE_EI_scl,followup,up3__ellipse4__EE_core_to_out_scale_1.25,2511,847102,TB,pair_2,1.25,0.0695652173913043,115
ellipse4_EE_EI_scl,followup,follow_ellipse4_out1_EI0.875,2511,847101,TB,pair_2,1.0,0.1153846153846153,104
ellipse4_EE_EI_scl,followup,follow_ellipse4_out1.125_EI0.875,2511,847101,TB,pair_2,1.125,0.1130434782608695,115
ellipse4_EE_EI_scl,followup,follow_ellipse4_out1.25_EI0.875,2511,847101,TB,pair_2,1.25,0.0932203389830508,118
ellipse4_EE_EI_scl,followup,follow_ellipse4_out1_EI0.875,2511,847102,TB,pair_2,1.0,0.0560747663551401,107
ellipse4_EE_EI_scl,followup,follow_ellipse4_out1.125_EI0.875,2511,847102,TB,pair_2,1.125,0.0708661417322834,127
ellipse4_EE_EI_scl,followup,follow_ellipse4_out1.25_EI0.875,2511,847102,TB,pair_2,1.25,0.0923076923076923,130
ellipse4_EE_EI_scl,followup,up3__ellipse4__EI_same_core_scale_0.75,2511,847101,TB,pair_2,1.0,0.1111111111111111,117
ellipse4_EE_EI_scl,followup,follow_ellipse4_out1.125_EI0.75,2511,847101,TB,pair_2,1.125,0.1166666666666666,120
ellipse4_EE_EI_scl,followup,follow_ellipse4_out1.25_EI0.75,2511,847101,TB,pair_2,1.25,0.1176470588235294,119
ellipse4_EE_EI_scl,followup,up3__ellipse4__EI_same_core_scale_0.75,2511,847102,TB,pair_2,1.0,0.0714285714285714,126
ellipse4_EE_EI_scl,followup,follow_ellipse4_out1.125_EI0.75,2511,847102,TB,pair_2,1.125,0.106060606060606,132
ellipse4_EE_EI_scl,followup,follow_ellipse4_out1.25_EI0.75,2511,847102,TB,pair_2,1.25,0.0923076923076923,130
ellipse4_EE_EI_scl,followup,up3__ellipse4,2511,847101,TA,pair_0,1.0,0.0,8
ellipse4_EE_EI_scl,followup,follow_ellipse4_out1.125_EI1,2511,847101,TA,pair_0,1.125,0.75,8
ellipse4_EE_EI_scl,followup,up3__ellipse4__EE_core_to_out_scale_1.25,2511,847101,TA,pair_0,1.25,0.6521739130434783,23
ellipse4_EE_EI_scl,followup,up3__ellipse4,2511,847102,TA,pair_0,1.0,0.0,16
ellipse4_EE_EI_scl,followup,follow_ellipse4_out1.125_EI1,2511,847102,TA,pair_0,1.125,0.3,10
ellipse4_EE_EI_scl,followup,up3__ellipse4__EE_core_to_out_scale_1.25,2511,847102,TA,pair_0,1.25,0.7727272727272727,22
ellipse4_EE_EI_scl,followup,follow_ellipse4_out1_EI0.875,2511,847101,TA,pair_0,1.0,1.0,5
ellipse4_EE_EI_scl,followup,follow_ellipse4_out1.125_EI0.875,2511,847101,TA,pair_0,1.125,0.9393939393939394,33
ellipse4_EE_EI_scl,followup,follow_ellipse4_out1.25_EI0.875,2511,847101,TA,pair_0,1.25,0.9487179487179488,39
ellipse4_EE_EI_scl,followup,follow_ellipse4_out1_EI0.875,2511,847102,TA,pair_0,1.0,1.0,1
ellipse4_EE_EI_scl,followup,follow_ellipse4_out1.125_EI0.875,2511,847102,TA,pair_0,1.125,0.9565217391304348,23
ellipse4_EE_EI_scl,followup,follow_ellipse4_out1.25_EI0.875,2511,847102,TA,pair_0,1.25,0.9,30
ellipse4_EE_EI_scl,followup,up3__ellipse4__EI_same_core_scale_0.75,2511,847101,TA,pair_0,1.0,1.0,32
ellipse4_EE_EI_scl,followup,follow_ellipse4_out1.125_EI0.75,2511,847101,TA,pair_0,1.125,0.9722222222222222,36
ellipse4_EE_EI_scl,followup,follow_ellipse4_out1.25_EI0.75,2511,847101,TA,pair_0,1.25,1.0,37
ellipse4_EE_EI_scl,followup,up3__ellipse4__EI_same_core_scale_0.75,2511,847102,TA,pair_0,1.0,1.0,23
ellipse4_EE_EI_scl,followup,follow_ellipse4_out1.125_EI0.75,2511,847102,TA,pair_0,1.125,1.0,31
ellipse4_EE_EI_scl,followup,follow_ellipse4_out1.25_EI0.75,2511,847102,TA,pair_0,1.25,1.0,30
ellipse4_EE_EI_scl,followup,up3__ellipse4,2511,847101,TA,pair_1,1.0,0.0,3
ellipse4_EE_EI_scl,followup,follow_ellipse4_out1.125_EI1,2511,847101,TA,pair_1,1.125,1.0,8
ellipse4_EE_EI_scl,followup,up3__ellipse4__EE_core_to_out_scale_1.25,2511,847101,TA,pair_1,1.25,1.0,26
ellipse4_EE_EI_scl,followup,up3__ellipse4,2511,847102,TA,pair_1,1.0,0.0,10
ellipse4_EE_EI_scl,followup,follow_ellipse4_out1.125_EI1,2511,847102,TA,pair_1,1.125,1.0,3
ellipse4_EE_EI_scl,followup,up3__ellipse4__EE_core_to_out_scale_1.25,2511,847102,TA,pair_1,1.25,1.0,25
ellipse4_EE_EI_scl,followup,follow_ellipse4_out1_EI0.875,2511,847101,TA,pair_1,1.0,1.0,10
ellipse4_EE_EI_scl,followup,follow_ellipse4_out1.125_EI0.875,2511,847101,TA,pair_1,1.125,1.0,33
ellipse4_EE_EI_scl,followup,follow_ellipse4_out1.25_EI0.875,2511,847101,TA,pair_1,1.25,1.0,39
ellipse4_EE_EI_scl,followup,follow_ellipse4_out1_EI0.875,2511,847102,TA,pair_1,1.0,1.0,6
ellipse4_EE_EI_scl,followup,follow_ellipse4_out1.125_EI0.875,2511,847102,TA,pair_1,1.125,1.0,23
ellipse4_EE_EI_scl,followup,follow_ellipse4_out1.25_EI0.875,2511,847102,TA,pair_1,1.25,1.0,30
ellipse4_EE_EI_scl,followup,up3__ellipse4__EI_same_core_scale_0.75,2511,847101,TA,pair_1,1.0,1.0,34
ellipse4_EE_EI_scl,followup,follow_ellipse4_out1.125_EI0.75,2511,847101,TA,pair_1,1.125,1.0,36
ellipse4_EE_EI_scl,followup,follow_ellipse4_out1.25_EI0.75,2511,847101,TA,pair_1,1.25,1.0,37
ellipse4_EE_EI_scl,followup,up3__ellipse4__EI_same_core_scale_0.75,2511,847102,TA,pair_1,1.0,1.0,25
ellipse4_EE_EI_scl,followup,follow_ellipse4_out1.125_EI0.75,2511,847102,TA,pair_1,1.125,1.0,31
ellipse4_EE_EI_scl,followup,follow_ellipse4_out1.25_EI0.75,2511,847102,TA,pair_1,1.25,1.0,30
ellipse4_EE_EI_scl,followup,up3__ellipse4,2511,847101,TA,pair_2,1.0,1.0,1
ellipse4_EE_EI_scl,followup,follow_ellipse4_out1.125_EI1,2511,847101,TA,pair_2,1.125,1.0,24
ellipse4_EE_EI_scl,followup,up3__ellipse4__EE_core_to_out_scale_1.25,2511,847101,TA,pair_2,1.25,1.0,35
ellipse4_EE_EI_scl,followup,up3__ellipse4,2511,847102,TA,pair_2,1.0,0.5,2
ellipse4_EE_EI_scl,followup,follow_ellipse4_out1.125_EI1,2511,847102,TA,pair_2,1.125,1.0,11
ellipse4_EE_EI_scl,followup,up3__ellipse4__EE_core_to_out_scale_1.25,2511,847102,TA,pair_2,1.25,1.0,30
ellipse4_EE_EI_scl,followup,follow_ellipse4_out1_EI0.875,2511,847101,TA,pair_2,1.0,1.0,32
ellipse4_EE_EI_scl,followup,follow_ellipse4_out1.125_EI0.875,2511,847101,TA,pair_2,1.125,1.0,39
ellipse4_EE_EI_scl,followup,follow_ellipse4_out1.25_EI0.875,2511,847101,TA,pair_2,1.25,1.0,39
ellipse4_EE_EI_scl,followup,follow_ellipse4_out1_EI0.875,2511,847102,TA,pair_2,1.0,1.0,25
ellipse4_EE_EI_scl,followup,follow_ellipse4_out1.125_EI0.875,2511,847102,TA,pair_2,1.125,1.0,32
ellipse4_EE_EI_scl,followup,follow_ellipse4_out1.25_EI0.875,2511,847102,TA,pair_2,1.25,1.0,30
ellipse4_EE_EI_scl,followup,up3__ellipse4__EI_same_core_scale_0.75,2511,847101,TA,pair_2,1.0,1.0,39
ellipse4_EE_EI_scl,followup,follow_ellipse4_out1.125_EI0.75,2511,847101,TA,pair_2,1.125,1.0,36
ellipse4_EE_EI_scl,followup,follow_ellipse4_out1.25_EI0.75,2511,847101,TA,pair_2,1.25,1.0,37
ellipse4_EE_EI_scl,followup,up3__ellipse4__EI_same_core_scale_0.75,2511,847102,TA,pair_2,1.0,1.0,31
ellipse4_EE_EI_scl,followup,follow_ellipse4_out1.125_EI0.75,2511,847102,TA,pair_2,1.125,1.0,31
ellipse4_EE_EI_scl,followup,follow_ellipse4_out1.25_EI0.75,2511,847102,TA,pair_2,1.25,1.0,30
ellipse4_EE_EI_scl_lag,followup,up3__ellipse4,2511,847101,TB,scl_lag_0,1.0,-8.718000205066346,89
ellipse4_EE_EI_scl_lag,followup,follow_ellipse4_out1.125_EI1,2511,847101,TB,scl_lag_0,1.125,-8.268167416717915,79
ellipse4_EE_EI_scl_lag,followup,up3__ellipse4__EE_core_to_out_scale_1.25,2511,847101,TB,scl_lag_0,1.25,-8.218528605590109,91
ellipse4_EE_EI_scl_lag,followup,up3__ellipse4,2511,847102,TB,scl_lag_0,1.0,-8.69757736200063,86
ellipse4_EE_EI_scl_lag,followup,follow_ellipse4_out1.125_EI1,2511,847102,TB,scl_lag_0,1.125,-8.26474122657055,98
ellipse4_EE_EI_scl_lag,followup,up3__ellipse4__EE_core_to_out_scale_1.25,2511,847102,TB,scl_lag_0,1.25,-8.234746155409084,111
ellipse4_EE_EI_scl_lag,followup,follow_ellipse4_out1_EI0.875,2511,847101,TB,scl_lag_0,1.0,-8.178573115677864,90
ellipse4_EE_EI_scl_lag,followup,follow_ellipse4_out1.125_EI0.875,2511,847101,TB,scl_lag_0,1.125,-8.077015186398057,113
ellipse4_EE_EI_scl_lag,followup,follow_ellipse4_out1.25_EI0.875,2511,847101,TB,scl_lag_0,1.25,-8.328034236589701,118
ellipse4_EE_EI_scl_lag,followup,follow_ellipse4_out1_EI0.875,2511,847102,TB,scl_lag_0,1.0,-8.171897470758267,103
ellipse4_EE_EI_scl_lag,followup,follow_ellipse4_out1.125_EI0.875,2511,847102,TB,scl_lag_0,1.125,-8.088482585651946,126
ellipse4_EE_EI_scl_lag,followup,follow_ellipse4_out1.25_EI0.875,2511,847102,TB,scl_lag_0,1.25,-8.312598158514447,130
ellipse4_EE_EI_scl_lag,followup,up3__ellipse4__EI_same_core_scale_0.75,2511,847101,TB,scl_lag_0,1.0,-8.080356606698388,114
ellipse4_EE_EI_scl_lag,followup,follow_ellipse4_out1.125_EI0.75,2511,847101,TB,scl_lag_0,1.125,-8.1398861616035,120
ellipse4_EE_EI_scl_lag,followup,follow_ellipse4_out1.25_EI0.75,2511,847101,TB,scl_lag_0,1.25,-8.395890312749543,119
ellipse4_EE_EI_scl_lag,followup,up3__ellipse4__EI_same_core_scale_0.75,2511,847102,TB,scl_lag_0,1.0,-8.088303015072597,124
ellipse4_EE_EI_scl_lag,followup,follow_ellipse4_out1.125_EI0.75,2511,847102,TB,scl_lag_0,1.125,-8.1673276022957,132
ellipse4_EE_EI_scl_lag,followup,follow_ellipse4_out1.25_EI0.75,2511,847102,TB,scl_lag_0,1.25,-8.430793618223106,130
ellipse4_EE_EI_scl_lag,followup,up3__ellipse4,2511,847101,TB,scl_lag_1,1.0,-4.921870835150912,80
ellipse4_EE_EI_scl_lag,followup,follow_ellipse4_out1.125_EI1,2511,847101,TB,scl_lag_1,1.125,-5.2095742283599975,77
ellipse4_EE_EI_scl_lag,followup,up3__ellipse4__EE_core_to_out_scale_1.25,2511,847101,TB,scl_lag_1,1.25,-5.108964628103422,91
ellipse4_EE_EI_scl_lag,followup,up3__ellipse4,2511,847102,TB,scl_lag_1,1.0,-4.922233198827598,84
ellipse4_EE_EI_scl_lag,followup,follow_ellipse4_out1.125_EI1,2511,847102,TB,scl_lag_1,1.125,-5.204392418028874,98
ellipse4_EE_EI_scl_lag,followup,up3__ellipse4__EE_core_to_out_scale_1.25,2511,847102,TB,scl_lag_1,1.25,-5.126935831012816,112
ellipse4_EE_EI_scl_lag,followup,follow_ellipse4_out1_EI0.875,2511,847101,TB,scl_lag_1,1.0,-5.162220409498332,95
ellipse4_EE_EI_scl_lag,followup,follow_ellipse4_out1.125_EI0.875,2511,847101,TB,scl_lag_1,1.125,-5.070631734881317,113
ellipse4_EE_EI_scl_lag,followup,follow_ellipse4_out1.25_EI0.875,2511,847101,TB,scl_lag_1,1.25,-5.036270774826107,118
ellipse4_EE_EI_scl_lag,followup,follow_ellipse4_out1_EI0.875,2511,847102,TB,scl_lag_1,1.0,-5.2026457167935405,104
ellipse4_EE_EI_scl_lag,followup,follow_ellipse4_out1.125_EI0.875,2511,847102,TB,scl_lag_1,1.125,-5.064095573397935,126
ellipse4_EE_EI_scl_lag,followup,follow_ellipse4_out1.25_EI0.875,2511,847102,TB,scl_lag_1,1.25,-5.048572448074992,130
ellipse4_EE_EI_scl_lag,followup,up3__ellipse4__EI_same_core_scale_0.75,2511,847101,TB,scl_lag_1,1.0,-5.039636920895191,115
ellipse4_EE_EI_scl_lag,followup,follow_ellipse4_out1.125_EI0.75,2511,847101,TB,scl_lag_1,1.125,-5.04821431232449,120
ellipse4_EE_EI_scl_lag,followup,follow_ellipse4_out1.25_EI0.75,2511,847101,TB,scl_lag_1,1.25,-5.026008600192199,119
ellipse4_EE_EI_scl_lag,followup,up3__ellipse4__EI_same_core_scale_0.75,2511,847102,TB,scl_lag_1,1.0,-5.057514346264725,125
ellipse4_EE_EI_scl_lag,followup,follow_ellipse4_out1.125_EI0.75,2511,847102,TB,scl_lag_1,1.125,-5.0492912680638256,132
ellipse4_EE_EI_scl_lag,followup,follow_ellipse4_out1.25_EI0.75,2511,847102,TB,scl_lag_1,1.25,-5.032996020147039,130
ellipse4_EE_EI_scl_lag,followup,up3__ellipse4,2511,847101,TB,scl_lag_2,1.0,-8.381703527178615,75
ellipse4_EE_EI_scl_lag,followup,follow_ellipse4_out1.125_EI1,2511,847101,TB,scl_lag_2,1.125,-8.35924188305762,86
ellipse4_EE_EI_scl_lag,followup,up3__ellipse4__EE_core_to_out_scale_1.25,2511,847101,TB,scl_lag_2,1.25,-8.381491588017525,96
ellipse4_EE_EI_scl_lag,followup,up3__ellipse4,2511,847102,TB,scl_lag_2,1.0,-8.407913742690653,84
ellipse4_EE_EI_scl_lag,followup,follow_ellipse4_out1.125_EI1,2511,847102,TB,scl_lag_2,1.125,-8.366652829485247,103
ellipse4_EE_EI_scl_lag,followup,up3__ellipse4__EE_core_to_out_scale_1.25,2511,847102,TB,scl_lag_2,1.25,-8.430435182155634,115
ellipse4_EE_EI_scl_lag,followup,follow_ellipse4_out1_EI0.875,2511,847101,TB,scl_lag_2,1.0,-8.458048019228954,104
ellipse4_EE_EI_scl_lag,followup,follow_ellipse4_out1.125_EI0.875,2511,847101,TB,scl_lag_2,1.125,-8.280154316182234,115
ellipse4_EE_EI_scl_lag,followup,follow_ellipse4_out1.25_EI0.875,2511,847101,TB,scl_lag_2,1.25,-7.685019911006748,118
ellipse4_EE_EI_scl_lag,followup,follow_ellipse4_out1_EI0.875,2511,847102,TB,scl_lag_2,1.0,-8.484258644988586,107
ellipse4_EE_EI_scl_lag,followup,follow_ellipse4_out1.125_EI0.875,2511,847102,TB,scl_lag_2,1.125,-8.335859006248938,127
ellipse4_EE_EI_scl_lag,followup,follow_ellipse4_out1.25_EI0.875,2511,847102,TB,scl_lag_2,1.25,-7.668771676495453,130
ellipse4_EE_EI_scl_lag,followup,up3__ellipse4__EI_same_core_scale_0.75,2511,847101,TB,scl_lag_2,1.0,-8.351676394879178,117
ellipse4_EE_EI_scl_lag,followup,follow_ellipse4_out1.125_EI0.75,2511,847101,TB,scl_lag_2,1.125,-7.662469957938811,120
ellipse4_EE_EI_scl_lag,followup,follow_ellipse4_out1.25_EI0.75,2511,847101,TB,scl_lag_2,1.25,-7.609669660095278,119
ellipse4_EE_EI_scl_lag,followup,up3__ellipse4__EI_same_core_scale_0.75,2511,847102,TB,scl_lag_2,1.0,-8.376999630312639,126
ellipse4_EE_EI_scl_lag,followup,follow_ellipse4_out1.125_EI0.75,2511,847102,TB,scl_lag_2,1.125,-7.673133714926735,132
ellipse4_EE_EI_scl_lag,followup,follow_ellipse4_out1.25_EI0.75,2511,847102,TB,scl_lag_2,1.25,-7.647302532293906,130
ellipse4_EE_EI_scl_lag,followup,up3__ellipse4,2511,847101,TA,scl_lag_0,1.0,-7.823448781349725,8
ellipse4_EE_EI_scl_lag,followup,follow_ellipse4_out1.125_EI1,2511,847101,TA,scl_lag_0,1.125,1.9316283881325944,8
ellipse4_EE_EI_scl_lag,followup,up3__ellipse4__EE_core_to_out_scale_1.25,2511,847101,TA,scl_lag_0,1.25,1.2156776876836377,23
ellipse4_EE_EI_scl_lag,followup,up3__ellipse4,2511,847102,TA,scl_lag_0,1.0,-8.020324536426415,16
ellipse4_EE_EI_scl_lag,followup,follow_ellipse4_out1.125_EI1,2511,847102,TA,scl_lag_0,1.125,-6.19017196670211,10
ellipse4_EE_EI_scl_lag,followup,up3__ellipse4__EE_core_to_out_scale_1.25,2511,847102,TA,scl_lag_0,1.25,1.0118756116762595,22
ellipse4_EE_EI_scl_lag,followup,follow_ellipse4_out1_EI0.875,2511,847101,TA,scl_lag_0,1.0,4.524011216028839,5
ellipse4_EE_EI_scl_lag,followup,follow_ellipse4_out1.125_EI0.875,2511,847101,TA,scl_lag_0,1.125,1.6455900621585895,33
ellipse4_EE_EI_scl_lag,followup,follow_ellipse4_out1.25_EI0.875,2511,847101,TA,scl_lag_0,1.25,1.6122272712746053,39
ellipse4_EE_EI_scl_lag,followup,follow_ellipse4_out1_EI0.875,2511,847102,TA,scl_lag_0,1.0,5.049023071442207,1
ellipse4_EE_EI_scl_lag,followup,follow_ellipse4_out1.125_EI0.875,2511,847102,TA,scl_lag_0,1.125,1.507778719838825,23
ellipse4_EE_EI_scl_lag,followup,follow_ellipse4_out1.25_EI0.875,2511,847102,TA,scl_lag_0,1.25,1.65533006713531,30
ellipse4_EE_EI_scl_lag,followup,up3__ellipse4__EI_same_core_scale_0.75,2511,847101,TA,scl_lag_0,1.0,2.6403232341538114,32
ellipse4_EE_EI_scl_lag,followup,follow_ellipse4_out1.125_EI0.75,2511,847101,TA,scl_lag_0,1.125,1.9462781688635005,36
ellipse4_EE_EI_scl_lag,followup,follow_ellipse4_out1.25_EI0.75,2511,847101,TA,scl_lag_0,1.25,1.673381763146608,37
ellipse4_EE_EI_scl_lag,followup,up3__ellipse4__EI_same_core_scale_0.75,2511,847102,TA,scl_lag_0,1.0,2.5088377404863422,23
ellipse4_EE_EI_scl_lag,followup,follow_ellipse4_out1.125_EI0.75,2511,847102,TA,scl_lag_0,1.125,1.872368379146792,31
ellipse4_EE_EI_scl_lag,followup,follow_ellipse4_out1.25_EI0.75,2511,847102,TA,scl_lag_0,1.25,1.6130920321174926,30
ellipse4_EE_EI_scl_lag,followup,up3__ellipse4,2511,847101,TA,scl_lag_1,1.0,-4.810712442911608,3
ellipse4_EE_EI_scl_lag,followup,follow_ellipse4_out1.125_EI1,2511,847101,TA,scl_lag_1,1.125,3.415915083514846,8
ellipse4_EE_EI_scl_lag,followup,up3__ellipse4__EE_core_to_out_scale_1.25,2511,847101,TA,scl_lag_1,1.25,2.7011063546615333,26
ellipse4_EE_EI_scl_lag,followup,up3__ellipse4,2511,847102,TA,scl_lag_1,1.0,-4.794191144882461,10
ellipse4_EE_EI_scl_lag,followup,follow_ellipse4_out1.125_EI1,2511,847102,TA,scl_lag_1,1.125,3.0989694697746017,3
ellipse4_EE_EI_scl_lag,followup,up3__ellipse4__EE_core_to_out_scale_1.25,2511,847102,TA,scl_lag_1,1.25,2.858847147457709,25
ellipse4_EE_EI_scl_lag,followup,follow_ellipse4_out1_EI0.875,2511,847101,TA,scl_lag_1,1.0,4.161949995486793,10
ellipse4_EE_EI_scl_lag,followup,follow_ellipse4_out1.125_EI0.875,2511,847101,TA,scl_lag_1,1.125,3.063336740512568,33
ellipse4_EE_EI_scl_lag,followup,follow_ellipse4_out1.25_EI0.875,2511,847101,TA,scl_lag_1,1.25,2.6147178973114933,39
ellipse4_EE_EI_scl_lag,followup,follow_ellipse4_out1_EI0.875,2511,847102,TA,scl_lag_1,1.0,4.021885515749091,6
ellipse4_EE_EI_scl_lag,followup,follow_ellipse4_out1.125_EI0.875,2511,847102,TA,scl_lag_1,1.125,2.876957881846465,23
ellipse4_EE_EI_scl_lag,followup,follow_ellipse4_out1.25_EI0.875,2511,847102,TA,scl_lag_1,1.25,2.634130641585216,30
ellipse4_EE_EI_scl_lag,followup,up3__ellipse4__EI_same_core_scale_0.75,2511,847101,TA,scl_lag_1,1.0,3.4030641272747744,34
ellipse4_EE_EI_scl_lag,followup,follow_ellipse4_out1.125_EI0.75,2511,847101,TA,scl_lag_1,1.125,2.9825968086806824,36
ellipse4_EE_EI_scl_lag,followup,follow_ellipse4_out1.25_EI0.75,2511,847101,TA,scl_lag_1,1.25,2.983897527396038,37
ellipse4_EE_EI_scl_lag,followup,up3__ellipse4__EI_same_core_scale_0.75,2511,847102,TA,scl_lag_1,1.0,3.5079444130933557,25
ellipse4_EE_EI_scl_lag,followup,follow_ellipse4_out1.125_EI0.75,2511,847102,TA,scl_lag_1,1.125,2.943681509241287,31
ellipse4_EE_EI_scl_lag,followup,follow_ellipse4_out1.25_EI0.75,2511,847102,TA,scl_lag_1,1.25,2.792379427984997,30
ellipse4_EE_EI_scl_lag,followup,up3__ellipse4,2511,847101,TA,scl_lag_2,1.0,9.20272454393853,1
ellipse4_EE_EI_scl_lag,followup,follow_ellipse4_out1.125_EI1,2511,847101,TA,scl_lag_2,1.125,8.205909935046293,24
ellipse4_EE_EI_scl_lag,followup,up3__ellipse4__EE_core_to_out_scale_1.25,2511,847101,TA,scl_lag_2,1.25,7.082916537387064,35
ellipse4_EE_EI_scl_lag,followup,up3__ellipse4,2511,847102,TA,scl_lag_2,1.0,1.0896583663634374,2
ellipse4_EE_EI_scl_lag,followup,follow_ellipse4_out1.125_EI1,2511,847102,TA,scl_lag_2,1.125,8.098592254729738,11
ellipse4_EE_EI_scl_lag,followup,up3__ellipse4__EE_core_to_out_scale_1.25,2511,847102,TA,scl_lag_2,1.25,7.079114806059806,30
ellipse4_EE_EI_scl_lag,followup,follow_ellipse4_out1_EI0.875,2511,847101,TA,scl_lag_2,1.0,8.023343000050659,32
ellipse4_EE_EI_scl_lag,followup,follow_ellipse4_out1.125_EI0.875,2511,847101,TA,scl_lag_2,1.125,7.121001832936599,39
ellipse4_EE_EI_scl_lag,followup,follow_ellipse4_out1.25_EI0.875,2511,847101,TA,scl_lag_2,1.25,6.381522282586957,39
ellipse4_EE_EI_scl_lag,followup,follow_ellipse4_out1_EI0.875,2511,847102,TA,scl_lag_2,1.0,8.087155649809574,25
ellipse4_EE_EI_scl_lag,followup,follow_ellipse4_out1.125_EI0.875,2511,847102,TA,scl_lag_2,1.125,7.27805293963479,32
ellipse4_EE_EI_scl_lag,followup,follow_ellipse4_out1.25_EI0.875,2511,847102,TA,scl_lag_2,1.25,6.506423095172977,30
ellipse4_EE_EI_scl_lag,followup,up3__ellipse4__EI_same_core_scale_0.75,2511,847101,TA,scl_lag_2,1.0,7.3185024706763215,39
ellipse4_EE_EI_scl_lag,followup,follow_ellipse4_out1.125_EI0.75,2511,847101,TA,scl_lag_2,1.125,6.546434856112683,36
ellipse4_EE_EI_scl_lag,followup,follow_ellipse4_out1.25_EI0.75,2511,847101,TA,scl_lag_2,1.25,6.359407586387533,37
ellipse4_EE_EI_scl_lag,followup,up3__ellipse4__EI_same_core_scale_0.75,2511,847102,TA,scl_lag_2,1.0,7.189886296107034,31
ellipse4_EE_EI_scl_lag,followup,follow_ellipse4_out1.125_EI0.75,2511,847102,TA,scl_lag_2,1.125,6.564519054314587,31
ellipse4_EE_EI_scl_lag,followup,follow_ellipse4_out1.25_EI0.75,2511,847102,TA,scl_lag_2,1.25,6.296044665571571,30
ellipse4_EE_EI_support,followup,up3__ellipse4,2511,847101,TB,SCL_upper_participation,1.0,0.936842105263158,95
ellipse4_EE_EI_support,followup,follow_ellipse4_out1.125_EI1,2511,847101,TB,SCL_upper_participation,1.125,0.851063829787234,94
ellipse4_EE_EI_support,followup,up3__ellipse4__EE_core_to_out_scale_1.25,2511,847101,TB,SCL_upper_participation,1.25,0.9387755102040816,98
ellipse4_EE_EI_support,followup,up3__ellipse4,2511,847102,TB,SCL_upper_participation,1.0,0.9456521739130436,92
ellipse4_EE_EI_support,followup,follow_ellipse4_out1.125_EI1,2511,847102,TB,SCL_upper_participation,1.125,0.9128440366972476,109
ellipse4_EE_EI_support,followup,up3__ellipse4__EE_core_to_out_scale_1.25,2511,847102,TB,SCL_upper_participation,1.25,0.9612068965517242,116
ellipse4_EE_EI_support,followup,follow_ellipse4_out1_EI0.875,2511,847101,TB,SCL_upper_participation,1.0,0.8644859813084111,107
ellipse4_EE_EI_support,followup,follow_ellipse4_out1.125_EI0.875,2511,847101,TB,SCL_upper_participation,1.125,0.982608695652174,115
ellipse4_EE_EI_support,followup,follow_ellipse4_out1.25_EI0.875,2511,847101,TB,SCL_upper_participation,1.25,1.0,118
ellipse4_EE_EI_support,followup,follow_ellipse4_out1_EI0.875,2511,847102,TB,SCL_upper_participation,1.0,0.9247787610619468,113
ellipse4_EE_EI_support,followup,follow_ellipse4_out1.125_EI0.875,2511,847102,TB,SCL_upper_participation,1.125,0.9921259842519684,127
ellipse4_EE_EI_support,followup,follow_ellipse4_out1.25_EI0.875,2511,847102,TB,SCL_upper_participation,1.25,1.0,130
ellipse4_EE_EI_support,followup,up3__ellipse4__EI_same_core_scale_0.75,2511,847101,TB,SCL_upper_participation,1.0,0.9786324786324786,117
ellipse4_EE_EI_support,followup,follow_ellipse4_out1.125_EI0.75,2511,847101,TB,SCL_upper_participation,1.125,1.0,120
ellipse4_EE_EI_support,followup,follow_ellipse4_out1.25_EI0.75,2511,847101,TB,SCL_upper_participation,1.25,1.0,119
ellipse4_EE_EI_support,followup,up3__ellipse4__EI_same_core_scale_0.75,2511,847102,TB,SCL_upper_participation,1.0,0.988095238095238,126
ellipse4_EE_EI_support,followup,follow_ellipse4_out1.125_EI0.75,2511,847102,TB,SCL_upper_participation,1.125,1.0,132
ellipse4_EE_EI_support,followup,follow_ellipse4_out1.25_EI0.75,2511,847102,TB,SCL_upper_participation,1.25,1.0,130
ellipse4_EE_EI_support,followup,up3__ellipse4,2511,847101,TB,mode_fraction,1.0,0.8558558558558559,95
ellipse4_EE_EI_support,followup,follow_ellipse4_out1.125_EI1,2511,847101,TB,mode_fraction,1.125,0.706766917293233,94
ellipse4_EE_EI_support,followup,up3__ellipse4__EE_core_to_out_scale_1.25,2511,847101,TB,mode_fraction,1.25,0.7368421052631579,98
ellipse4_EE_EI_support,followup,up3__ellipse4,2511,847102,TB,mode_fraction,1.0,0.8214285714285714,92
ellipse4_EE_EI_support,followup,follow_ellipse4_out1.125_EI1,2511,847102,TB,mode_fraction,1.125,0.7956204379562044,109
ellipse4_EE_EI_support,followup,up3__ellipse4__EE_core_to_out_scale_1.25,2511,847102,TB,mode_fraction,1.25,0.7785234899328859,116
ellipse4_EE_EI_support,followup,follow_ellipse4_out1_EI0.875,2511,847101,TB,mode_fraction,1.0,0.7328767123287672,107
ellipse4_EE_EI_support,followup,follow_ellipse4_out1.125_EI0.875,2511,847101,TB,mode_fraction,1.125,0.7467532467532467,115
ellipse4_EE_EI_support,followup,follow_ellipse4_out1.25_EI0.875,2511,847101,TB,mode_fraction,1.25,0.7515923566878981,118
ellipse4_EE_EI_support,followup,follow_ellipse4_out1_EI0.875,2511,847102,TB,mode_fraction,1.0,0.7483443708609272,113
ellipse4_EE_EI_support,followup,follow_ellipse4_out1.125_EI0.875,2511,847102,TB,mode_fraction,1.125,0.7987421383647799,127
ellipse4_EE_EI_support,followup,follow_ellipse4_out1.25_EI0.875,2511,847102,TB,mode_fraction,1.25,0.8125,130
ellipse4_EE_EI_support,followup,up3__ellipse4__EI_same_core_scale_0.75,2511,847101,TB,mode_fraction,1.0,0.75,117
ellipse4_EE_EI_support,followup,follow_ellipse4_out1.125_EI0.75,2511,847101,TB,mode_fraction,1.125,0.7692307692307693,120
ellipse4_EE_EI_support,followup,follow_ellipse4_out1.25_EI0.75,2511,847101,TB,mode_fraction,1.25,0.7628205128205128,119
ellipse4_EE_EI_support,followup,up3__ellipse4__EI_same_core_scale_0.75,2511,847102,TB,mode_fraction,1.0,0.802547770700637,126
ellipse4_EE_EI_support,followup,follow_ellipse4_out1.125_EI0.75,2511,847102,TB,mode_fraction,1.125,0.8098159509202454,132
ellipse4_EE_EI_support,followup,follow_ellipse4_out1.25_EI0.75,2511,847102,TB,mode_fraction,1.25,0.8125,130
ellipse4_EE_EI_support,followup,up3__ellipse4,2511,847101,TB,n,1.0,95.0,95
ellipse4_EE_EI_support,followup,follow_ellipse4_out1.125_EI1,2511,847101,TB,n,1.125,94.0,94
ellipse4_EE_EI_support,followup,up3__ellipse4__EE_core_to_out_scale_1.25,2511,847101,TB,n,1.25,98.0,98
ellipse4_EE_EI_support,followup,up3__ellipse4,2511,847102,TB,n,1.0,92.0,92
ellipse4_EE_EI_support,followup,follow_ellipse4_out1.125_EI1,2511,847102,TB,n,1.125,109.0,109
ellipse4_EE_EI_support,followup,up3__ellipse4__EE_core_to_out_scale_1.25,2511,847102,TB,n,1.25,116.0,116
ellipse4_EE_EI_support,followup,follow_ellipse4_out1_EI0.875,2511,847101,TB,n,1.0,107.0,107
ellipse4_EE_EI_support,followup,follow_ellipse4_out1.125_EI0.875,2511,847101,TB,n,1.125,115.0,115
ellipse4_EE_EI_support,followup,follow_ellipse4_out1.25_EI0.875,2511,847101,TB,n,1.25,118.0,118
ellipse4_EE_EI_support,followup,follow_ellipse4_out1_EI0.875,2511,847102,TB,n,1.0,113.0,113
ellipse4_EE_EI_support,followup,follow_ellipse4_out1.125_EI0.875,2511,847102,TB,n,1.125,127.0,127
ellipse4_EE_EI_support,followup,follow_ellipse4_out1.25_EI0.875,2511,847102,TB,n,1.25,130.0,130
ellipse4_EE_EI_support,followup,up3__ellipse4__EI_same_core_scale_0.75,2511,847101,TB,n,1.0,117.0,117
ellipse4_EE_EI_support,followup,follow_ellipse4_out1.125_EI0.75,2511,847101,TB,n,1.125,120.0,120
ellipse4_EE_EI_support,followup,follow_ellipse4_out1.25_EI0.75,2511,847101,TB,n,1.25,119.0,119
ellipse4_EE_EI_support,followup,up3__ellipse4__EI_same_core_scale_0.75,2511,847102,TB,n,1.0,126.0,126
ellipse4_EE_EI_support,followup,follow_ellipse4_out1.125_EI0.75,2511,847102,TB,n,1.125,132.0,132
ellipse4_EE_EI_support,followup,follow_ellipse4_out1.25_EI0.75,2511,847102,TB,n,1.25,130.0,130
ellipse4_EE_EI_support,followup,up3__ellipse4,2511,847101,TA,SCL_upper_participation,1.0,0.53125,16
ellipse4_EE_EI_support,followup,follow_ellipse4_out1.125_EI1,2511,847101,TA,SCL_upper_participation,1.125,0.2435897435897435,39
ellipse4_EE_EI_support,followup,up3__ellipse4__EE_core_to_out_scale_1.25,2511,847101,TA,SCL_upper_participation,1.25,0.7,35
ellipse4_EE_EI_support,followup,up3__ellipse4,2511,847102,TA,SCL_upper_participation,1.0,0.8,20
ellipse4_EE_EI_support,followup,follow_ellipse4_out1.125_EI1,2511,847102,TA,SCL_upper_participation,1.125,0.375,28
ellipse4_EE_EI_support,followup,up3__ellipse4__EE_core_to_out_scale_1.25,2511,847102,TA,SCL_upper_participation,1.25,0.7121212121212122,33
ellipse4_EE_EI_support,followup,follow_ellipse4_out1_EI0.875,2511,847101,TA,SCL_upper_participation,1.0,0.1923076923076923,39
ellipse4_EE_EI_support,followup,follow_ellipse4_out1.125_EI0.875,2511,847101,TA,SCL_upper_participation,1.125,0.8461538461538461,39
ellipse4_EE_EI_support,followup,follow_ellipse4_out1.25_EI0.875,2511,847101,TA,SCL_upper_participation,1.25,1.0,39
ellipse4_EE_EI_support,followup,follow_ellipse4_out1_EI0.875,2511,847102,TA,SCL_upper_participation,1.0,0.1184210526315789,38
ellipse4_EE_EI_support,followup,follow_ellipse4_out1.125_EI0.875,2511,847102,TA,SCL_upper_participation,1.125,0.734375,32
ellipse4_EE_EI_support,followup,follow_ellipse4_out1.25_EI0.875,2511,847102,TA,SCL_upper_participation,1.25,1.0,30
ellipse4_EE_EI_support,followup,up3__ellipse4__EI_same_core_scale_0.75,2511,847101,TA,SCL_upper_participation,1.0,0.8461538461538461,39
ellipse4_EE_EI_support,followup,follow_ellipse4_out1.125_EI0.75,2511,847101,TA,SCL_upper_participation,1.125,1.0,36
ellipse4_EE_EI_support,followup,follow_ellipse4_out1.25_EI0.75,2511,847101,TA,SCL_upper_participation,1.25,1.0,37
ellipse4_EE_EI_support,followup,up3__ellipse4__EI_same_core_scale_0.75,2511,847102,TA,SCL_upper_participation,1.0,0.8064516129032258,31
ellipse4_EE_EI_support,followup,follow_ellipse4_out1.125_EI0.75,2511,847102,TA,SCL_upper_participation,1.125,1.0,31
ellipse4_EE_EI_support,followup,follow_ellipse4_out1.25_EI0.75,2511,847102,TA,SCL_upper_participation,1.25,1.0,30
ellipse4_EE_EI_support,followup,up3__ellipse4,2511,847101,TA,mode_fraction,1.0,0.14414414414414414,16
ellipse4_EE_EI_support,followup,follow_ellipse4_out1.125_EI1,2511,847101,TA,mode_fraction,1.125,0.2932330827067669,39
ellipse4_EE_EI_support,followup,up3__ellipse4__EE_core_to_out_scale_1.25,2511,847101,TA,mode_fraction,1.25,0.2631578947368421,35
ellipse4_EE_EI_support,followup,up3__ellipse4,2511,847102,TA,mode_fraction,1.0,0.17857142857142858,20
ellipse4_EE_EI_support,followup,follow_ellipse4_out1.125_EI1,2511,847102,TA,mode_fraction,1.125,0.20437956204379562,28
ellipse4_EE_EI_support,followup,up3__ellipse4__EE_core_to_out_scale_1.25,2511,847102,TA,mode_fraction,1.25,0.2214765100671141,33
ellipse4_EE_EI_support,followup,follow_ellipse4_out1_EI0.875,2511,847101,TA,mode_fraction,1.0,0.2671232876712329,39
ellipse4_EE_EI_support,followup,follow_ellipse4_out1.125_EI0.875,2511,847101,TA,mode_fraction,1.125,0.2532467532467532,39
ellipse4_EE_EI_support,followup,follow_ellipse4_out1.25_EI0.875,2511,847101,TA,mode_fraction,1.25,0.2484076433121019,39
ellipse4_EE_EI_support,followup,follow_ellipse4_out1_EI0.875,2511,847102,TA,mode_fraction,1.0,0.25165562913907286,38
ellipse4_EE_EI_support,followup,follow_ellipse4_out1.125_EI0.875,2511,847102,TA,mode_fraction,1.125,0.20125786163522014,32
ellipse4_EE_EI_support,followup,follow_ellipse4_out1.25_EI0.875,2511,847102,TA,mode_fraction,1.25,0.1875,30
ellipse4_EE_EI_support,followup,up3__ellipse4__EI_same_core_scale_0.75,2511,847101,TA,mode_fraction,1.0,0.25,39
ellipse4_EE_EI_support,followup,follow_ellipse4_out1.125_EI0.75,2511,847101,TA,mode_fraction,1.125,0.23076923076923078,36
ellipse4_EE_EI_support,followup,follow_ellipse4_out1.25_EI0.75,2511,847101,TA,mode_fraction,1.25,0.23717948717948717,37
ellipse4_EE_EI_support,followup,up3__ellipse4__EI_same_core_scale_0.75,2511,847102,TA,mode_fraction,1.0,0.19745222929936307,31
ellipse4_EE_EI_support,followup,follow_ellipse4_out1.125_EI0.75,2511,847102,TA,mode_fraction,1.125,0.1901840490797546,31
ellipse4_EE_EI_support,followup,follow_ellipse4_out1.25_EI0.75,2511,847102,TA,mode_fraction,1.25,0.1875,30
ellipse4_EE_EI_support,followup,up3__ellipse4,2511,847101,TA,n,1.0,16.0,16
ellipse4_EE_EI_support,followup,follow_ellipse4_out1.125_EI1,2511,847101,TA,n,1.125,39.0,39
ellipse4_EE_EI_support,followup,up3__ellipse4__EE_core_to_out_scale_1.25,2511,847101,TA,n,1.25,35.0,35
ellipse4_EE_EI_support,followup,up3__ellipse4,2511,847102,TA,n,1.0,20.0,20
ellipse4_EE_EI_support,followup,follow_ellipse4_out1.125_EI1,2511,847102,TA,n,1.125,28.0,28
ellipse4_EE_EI_support,followup,up3__ellipse4__EE_core_to_out_scale_1.25,2511,847102,TA,n,1.25,33.0,33
ellipse4_EE_EI_support,followup,follow_ellipse4_out1_EI0.875,2511,847101,TA,n,1.0,39.0,39
ellipse4_EE_EI_support,followup,follow_ellipse4_out1.125_EI0.875,2511,847101,TA,n,1.125,39.0,39
ellipse4_EE_EI_support,followup,follow_ellipse4_out1.25_EI0.875,2511,847101,TA,n,1.25,39.0,39
ellipse4_EE_EI_support,followup,follow_ellipse4_out1_EI0.875,2511,847102,TA,n,1.0,38.0,38
ellipse4_EE_EI_support,followup,follow_ellipse4_out1.125_EI0.875,2511,847102,TA,n,1.125,32.0,32
ellipse4_EE_EI_support,followup,follow_ellipse4_out1.25_EI0.875,2511,847102,TA,n,1.25,30.0,30
ellipse4_EE_EI_support,followup,up3__ellipse4__EI_same_core_scale_0.75,2511,847101,TA,n,1.0,39.0,39
ellipse4_EE_EI_support,followup,follow_ellipse4_out1.125_EI0.75,2511,847101,TA,n,1.125,36.0,36
ellipse4_EE_EI_support,followup,follow_ellipse4_out1.25_EI0.75,2511,847101,TA,n,1.25,37.0,37
ellipse4_EE_EI_support,followup,up3__ellipse4__EI_same_core_scale_0.75,2511,847102,TA,n,1.0,31.0,31
ellipse4_EE_EI_support,followup,follow_ellipse4_out1.125_EI0.75,2511,847102,TA,n,1.125,31.0,31
ellipse4_EE_EI_support,followup,follow_ellipse4_out1.25_EI0.75,2511,847102,TA,n,1.25,30.0,30
ellipse4_geometry_original,followup,up3__ellipse4__EI_same_core_scale_0.75,2511,847101,TB,participation_mae,0.0,0.2284863189632303,117
ellipse4_geometry_original,followup,up3__ellipse4__EI_same_core_scale_0.75__x_minus075,2511,847101,TB,participation_mae,1.0,0.2250085706578959,116
ellipse4_geometry_original,followup,up3__ellipse4__EI_same_core_scale_0.75__x_plus075,2511,847101,TB,participation_mae,2.0,0.2298217890487005,128
ellipse4_geometry_original,followup,up3__ellipse4__EI_same_core_scale_0.75__y_minus10,2511,847101,TB,participation_mae,3.0,0.1999962904732019,117
ellipse4_geometry_original,followup,up3__ellipse4__EI_same_core_scale_0.75__y_plus10,2511,847101,TB,participation_mae,4.0,0.2319051223820338,108
ellipse4_geometry_original,followup,up3__ellipse4__EI_same_core_scale_0.75__radius205,2511,847101,TB,participation_mae,5.0,0.2308794813563928,130
ellipse4_geometry_original,followup,up3__ellipse4__EI_same_core_scale_0.75__radius235,2511,847101,TB,participation_mae,6.0,0.2314149263036024,136
ellipse4_geometry_original,followup,up3__ellipse4__EI_same_core_scale_0.75,2511,847102,TB,participation_mae,0.0,0.2292596197365311,126
ellipse4_geometry_original,followup,up3__ellipse4__EI_same_core_scale_0.75__x_minus075,2511,847102,TB,participation_mae,1.0,0.2248590519213292,123
ellipse4_geometry_original,followup,up3__ellipse4__EI_same_core_scale_0.75__x_plus075,2511,847102,TB,participation_mae,2.0,0.2319051223820338,134
ellipse4_geometry_original,followup,up3__ellipse4__EI_same_core_scale_0.75__y_minus10,2511,847102,TB,participation_mae,3.0,0.2129349326801368,123
ellipse4_geometry_original,followup,up3__ellipse4__EI_same_core_scale_0.75__y_plus10,2511,847102,TB,participation_mae,4.0,0.2319051223820338,125
ellipse4_geometry_original,followup,up3__ellipse4__EI_same_core_scale_0.75__radius205,2511,847102,TB,participation_mae,5.0,0.229986657154216,139
ellipse4_geometry_original,followup,up3__ellipse4__EI_same_core_scale_0.75__radius235,2511,847102,TB,participation_mae,6.0,0.2319051223820338,141
ellipse4_geometry_original,followup,up3__ellipse4__EI_same_core_scale_0.75,2511,847101,TB,rank_correlation,0.0,0.5071428571428571,117
ellipse4_geometry_original,followup,up3__ellipse4__EI_same_core_scale_0.75__x_minus075,2511,847101,TB,rank_correlation,1.0,0.5071428571428571,116
ellipse4_geometry_original,followup,up3__ellipse4__EI_same_core_scale_0.75__x_plus075,2511,847101,TB,rank_correlation,2.0,0.5249999999999999,128
ellipse4_geometry_original,followup,up3__ellipse4__EI_same_core_scale_0.75__y_minus10,2511,847101,TB,rank_correlation,3.0,0.5071428571428571,117
ellipse4_geometry_original,followup,up3__ellipse4__EI_same_core_scale_0.75__y_plus10,2511,847101,TB,rank_correlation,4.0,0.5249999999999999,108
ellipse4_geometry_original,followup,up3__ellipse4__EI_same_core_scale_0.75__radius205,2511,847101,TB,rank_correlation,5.0,0.5071428571428571,130
ellipse4_geometry_original,followup,up3__ellipse4__EI_same_core_scale_0.75__radius235,2511,847101,TB,rank_correlation,6.0,0.5071428571428571,136
ellipse4_geometry_original,followup,up3__ellipse4__EI_same_core_scale_0.75,2511,847102,TB,rank_correlation,0.0,0.5071428571428571,126
ellipse4_geometry_original,followup,up3__ellipse4__EI_same_core_scale_0.75__x_minus075,2511,847102,TB,rank_correlation,1.0,0.5071428571428571,123
ellipse4_geometry_original,followup,up3__ellipse4__EI_same_core_scale_0.75__x_plus075,2511,847102,TB,rank_correlation,2.0,0.5107142857142856,134
ellipse4_geometry_original,followup,up3__ellipse4__EI_same_core_scale_0.75__y_minus10,2511,847102,TB,rank_correlation,3.0,0.5071428571428571,123
ellipse4_geometry_original,followup,up3__ellipse4__EI_same_core_scale_0.75__y_plus10,2511,847102,TB,rank_correlation,4.0,0.5249999999999999,125
ellipse4_geometry_original,followup,up3__ellipse4__EI_same_core_scale_0.75__radius205,2511,847102,TB,rank_correlation,5.0,0.5071428571428571,139
ellipse4_geometry_original,followup,up3__ellipse4__EI_same_core_scale_0.75__radius235,2511,847102,TB,rank_correlation,6.0,0.5071428571428571,141
ellipse4_geometry_original,followup,up3__ellipse4__EI_same_core_scale_0.75,2511,847101,TB,no_SCL,0.0,0.0,117
ellipse4_geometry_original,followup,up3__ellipse4__EI_same_core_scale_0.75__x_minus075,2511,847101,TB,no_SCL,1.0,0.0,116
ellipse4_geometry_original,followup,up3__ellipse4__EI_same_core_scale_0.75__x_plus075,2511,847101,TB,no_SCL,2.0,0.0,128
ellipse4_geometry_original,followup,up3__ellipse4__EI_same_core_scale_0.75__y_minus10,2511,847101,TB,no_SCL,3.0,0.0,117
ellipse4_geometry_original,followup,up3__ellipse4__EI_same_core_scale_0.75__y_plus10,2511,847101,TB,no_SCL,4.0,0.0,108
ellipse4_geometry_original,followup,up3__ellipse4__EI_same_core_scale_0.75__radius205,2511,847101,TB,no_SCL,5.0,0.0,130
ellipse4_geometry_original,followup,up3__ellipse4__EI_same_core_scale_0.75__radius235,2511,847101,TB,no_SCL,6.0,0.0,136
ellipse4_geometry_original,followup,up3__ellipse4__EI_same_core_scale_0.75,2511,847102,TB,no_SCL,0.0,0.0,126
ellipse4_geometry_original,followup,up3__ellipse4__EI_same_core_scale_0.75__x_minus075,2511,847102,TB,no_SCL,1.0,0.0,123
ellipse4_geometry_original,followup,up3__ellipse4__EI_same_core_scale_0.75__x_plus075,2511,847102,TB,no_SCL,2.0,0.0,134
ellipse4_geometry_original,followup,up3__ellipse4__EI_same_core_scale_0.75__y_minus10,2511,847102,TB,no_SCL,3.0,0.0,123
ellipse4_geometry_original,followup,up3__ellipse4__EI_same_core_scale_0.75__y_plus10,2511,847102,TB,no_SCL,4.0,0.0,125
ellipse4_geometry_original,followup,up3__ellipse4__EI_same_core_scale_0.75__radius205,2511,847102,TB,no_SCL,5.0,0.0,139
ellipse4_geometry_original,followup,up3__ellipse4__EI_same_core_scale_0.75__radius235,2511,847102,TB,no_SCL,6.0,0.0,141
ellipse4_geometry_original,followup,up3__ellipse4__EI_same_core_scale_0.75,2511,847101,TA,participation_mae,0.0,0.1415606649332437,39
ellipse4_geometry_original,followup,up3__ellipse4__EI_same_core_scale_0.75__x_minus075,2511,847101,TA,participation_mae,1.0,0.1438407939451258,51
ellipse4_geometry_original,followup,up3__ellipse4__EI_same_core_scale_0.75__x_plus075,2511,847101,TA,participation_mae,2.0,0.1569300347927061,29
ellipse4_geometry_original,followup,up3__ellipse4__EI_same_core_scale_0.75__y_minus10,2511,847101,TA,participation_mae,3.0,0.28312669676893,45
ellipse4_geometry_original,followup,up3__ellipse4__EI_same_core_scale_0.75__y_plus10,2511,847101,TA,participation_mae,4.0,0.1578333477699819,57
ellipse4_geometry_original,followup,up3__ellipse4__EI_same_core_scale_0.75__radius205,2511,847101,TA,participation_mae,5.0,0.1911874254569198,19
ellipse4_geometry_original,followup,up3__ellipse4__EI_same_core_scale_0.75__radius235,2511,847101,TA,participation_mae,6.0,0.1462242631403284,11
ellipse4_geometry_original,followup,up3__ellipse4__EI_same_core_scale_0.75,2511,847102,TA,participation_mae,0.0,0.1471851479770816,31
ellipse4_geometry_original,followup,up3__ellipse4__EI_same_core_scale_0.75__x_minus075,2511,847102,TA,participation_mae,1.0,0.1509867634440365,45
ellipse4_geometry_original,followup,up3__ellipse4__EI_same_core_scale_0.75__x_plus075,2511,847102,TA,participation_mae,2.0,0.1507146239795942,27
ellipse4_geometry_original,followup,up3__ellipse4__EI_same_core_scale_0.75__y_minus10,2511,847102,TA,participation_mae,3.0,0.284202674145705,39
ellipse4_geometry_original,followup,up3__ellipse4__EI_same_core_scale_0.75__y_plus10,2511,847102,TA,participation_mae,4.0,0.1594814073127783,44
ellipse4_geometry_original,followup,up3__ellipse4__EI_same_core_scale_0.75__radius205,2511,847102,TA,participation_mae,5.0,0.1967012099180728,14
ellipse4_geometry_original,followup,up3__ellipse4__EI_same_core_scale_0.75__radius235,2511,847102,TA,participation_mae,6.0,0.1574154956323585,8
ellipse4_geometry_original,followup,up3__ellipse4__EI_same_core_scale_0.75,2511,847101,TA,rank_correlation,0.0,0.8035714285714284,39
ellipse4_geometry_original,followup,up3__ellipse4__EI_same_core_scale_0.75__x_minus075,2511,847101,TA,rank_correlation,1.0,0.8892857142857141,51
ellipse4_geometry_original,followup,up3__ellipse4__EI_same_core_scale_0.75__x_plus075,2511,847101,TA,rank_correlation,2.0,0.7321428571428571,29
ellipse4_geometry_original,followup,up3__ellipse4__EI_same_core_scale_0.75__y_minus10,2511,847101,TA,rank_correlation,3.0,0.767032967032967,45
ellipse4_geometry_original,followup,up3__ellipse4__EI_same_core_scale_0.75__y_plus10,2511,847101,TA,rank_correlation,4.0,0.782142857142857,57
ellipse4_geometry_original,followup,up3__ellipse4__EI_same_core_scale_0.75__radius205,2511,847101,TA,rank_correlation,5.0,0.8178571428571428,19
ellipse4_geometry_original,followup,up3__ellipse4__EI_same_core_scale_0.75__radius235,2511,847101,TA,rank_correlation,6.0,0.8571428571428571,11
ellipse4_geometry_original,followup,up3__ellipse4__EI_same_core_scale_0.75,2511,847102,TA,rank_correlation,0.0,0.8035714285714284,31
ellipse4_geometry_original,followup,up3__ellipse4__EI_same_core_scale_0.75__x_minus075,2511,847102,TA,rank_correlation,1.0,0.8749999999999999,45
ellipse4_geometry_original,followup,up3__ellipse4__EI_same_core_scale_0.75__x_plus075,2511,847102,TA,rank_correlation,2.0,0.7285714285714285,27
ellipse4_geometry_original,followup,up3__ellipse4__EI_same_core_scale_0.75__y_minus10,2511,847102,TA,rank_correlation,3.0,0.7582417582417583,39
ellipse4_geometry_original,followup,up3__ellipse4__EI_same_core_scale_0.75__y_plus10,2511,847102,TA,rank_correlation,4.0,0.7571428571428571,44
ellipse4_geometry_original,followup,up3__ellipse4__EI_same_core_scale_0.75__radius205,2511,847102,TA,rank_correlation,5.0,0.8392857142857142,14
ellipse4_geometry_original,followup,up3__ellipse4__EI_same_core_scale_0.75__radius235,2511,847102,TA,rank_correlation,6.0,0.8392857142857142,8
ellipse4_geometry_original,followup,up3__ellipse4__EI_same_core_scale_0.75,2511,847101,TA,no_SCL,0.0,0.0,39
ellipse4_geometry_original,followup,up3__ellipse4__EI_same_core_scale_0.75__x_minus075,2511,847101,TA,no_SCL,1.0,0.0,51
ellipse4_geometry_original,followup,up3__ellipse4__EI_same_core_scale_0.75__x_plus075,2511,847101,TA,no_SCL,2.0,0.0,29
ellipse4_geometry_original,followup,up3__ellipse4__EI_same_core_scale_0.75__y_minus10,2511,847101,TA,no_SCL,3.0,0.0,45
ellipse4_geometry_original,followup,up3__ellipse4__EI_same_core_scale_0.75__y_plus10,2511,847101,TA,no_SCL,4.0,0.0,57
ellipse4_geometry_original,followup,up3__ellipse4__EI_same_core_scale_0.75__radius205,2511,847101,TA,no_SCL,5.0,0.0,19
ellipse4_geometry_original,followup,up3__ellipse4__EI_same_core_scale_0.75__radius235,2511,847101,TA,no_SCL,6.0,0.0,11
ellipse4_geometry_original,followup,up3__ellipse4__EI_same_core_scale_0.75,2511,847102,TA,no_SCL,0.0,0.0,31
ellipse4_geometry_original,followup,up3__ellipse4__EI_same_core_scale_0.75__x_minus075,2511,847102,TA,no_SCL,1.0,0.0,45
ellipse4_geometry_original,followup,up3__ellipse4__EI_same_core_scale_0.75__x_plus075,2511,847102,TA,no_SCL,2.0,0.0,27
ellipse4_geometry_original,followup,up3__ellipse4__EI_same_core_scale_0.75__y_minus10,2511,847102,TA,no_SCL,3.0,0.0,39
ellipse4_geometry_original,followup,up3__ellipse4__EI_same_core_scale_0.75__y_plus10,2511,847102,TA,no_SCL,4.0,0.0,44
ellipse4_geometry_original,followup,up3__ellipse4__EI_same_core_scale_0.75__radius205,2511,847102,TA,no_SCL,5.0,0.0,14
ellipse4_geometry_original,followup,up3__ellipse4__EI_same_core_scale_0.75__radius235,2511,847102,TA,no_SCL,6.0,0.0,8
ellipse4_geometry_time,followup,up3__ellipse4__EI_same_core_scale_0.75,2511,847101,TB,SCL_minus_ICL_lag_median_ms,0.0,35.20983894557139,117
ellipse4_geometry_time,followup,up3__ellipse4__EI_same_core_scale_0.75__x_minus075,2511,847101,TB,SCL_minus_ICL_lag_median_ms,1.0,35.04729407302693,116
ellipse4_geometry_time,followup,up3__ellipse4__EI_same_core_scale_0.75__x_plus075,2511,847101,TB,SCL_minus_ICL_lag_median_ms,2.0,34.88185424503172,128
ellipse4_geometry_time,followup,up3__ellipse4__EI_same_core_scale_0.75__y_minus10,2511,847101,TB,SCL_minus_ICL_lag_median_ms,3.0,34.901458593361895,117
ellipse4_geometry_time,followup,up3__ellipse4__EI_same_core_scale_0.75__y_plus10,2511,847101,TB,SCL_minus_ICL_lag_median_ms,4.0,34.86839836437366,108
ellipse4_geometry_time,followup,up3__ellipse4__EI_same_core_scale_0.75__radius205,2511,847101,TB,SCL_minus_ICL_lag_median_ms,5.0,35.16873364869389,130
ellipse4_geometry_time,followup,up3__ellipse4__EI_same_core_scale_0.75__radius235,2511,847101,TB,SCL_minus_ICL_lag_median_ms,6.0,35.180542573765706,136
ellipse4_geometry_time,followup,up3__ellipse4__EI_same_core_scale_0.75,2511,847102,TB,SCL_minus_ICL_lag_median_ms,0.0,35.10473747914966,126
ellipse4_geometry_time,followup,up3__ellipse4__EI_same_core_scale_0.75__x_minus075,2511,847102,TB,SCL_minus_ICL_lag_median_ms,1.0,35.05671072375844,123
ellipse4_geometry_time,followup,up3__ellipse4__EI_same_core_scale_0.75__x_plus075,2511,847102,TB,SCL_minus_ICL_lag_median_ms,2.0,35.23761605320169,134
ellipse4_geometry_time,followup,up3__ellipse4__EI_same_core_scale_0.75__y_minus10,2511,847102,TB,SCL_minus_ICL_lag_median_ms,3.0,35.170125102198654,123
ellipse4_geometry_time,followup,up3__ellipse4__EI_same_core_scale_0.75__y_plus10,2511,847102,TB,SCL_minus_ICL_lag_median_ms,4.0,35.00426632853305,125
ellipse4_geometry_time,followup,up3__ellipse4__EI_same_core_scale_0.75__radius205,2511,847102,TB,SCL_minus_ICL_lag_median_ms,5.0,35.26055507422279,139
ellipse4_geometry_time,followup,up3__ellipse4__EI_same_core_scale_0.75__radius235,2511,847102,TB,SCL_minus_ICL_lag_median_ms,6.0,35.12374337627989,141
ellipse4_geometry_time,followup,up3__ellipse4__EI_same_core_scale_0.75,2511,847101,TB,recruitment_span_ms_median,0.0,74.0,117
ellipse4_geometry_time,followup,up3__ellipse4__EI_same_core_scale_0.75__x_minus075,2511,847101,TB,recruitment_span_ms_median,1.0,74.0,116
ellipse4_geometry_time,followup,up3__ellipse4__EI_same_core_scale_0.75__x_plus075,2511,847101,TB,recruitment_span_ms_median,2.0,74.0,128
ellipse4_geometry_time,followup,up3__ellipse4__EI_same_core_scale_0.75__y_minus10,2511,847101,TB,recruitment_span_ms_median,3.0,74.0,117
ellipse4_geometry_time,followup,up3__ellipse4__EI_same_core_scale_0.75__y_plus10,2511,847101,TB,recruitment_span_ms_median,4.0,74.0,108
ellipse4_geometry_time,followup,up3__ellipse4__EI_same_core_scale_0.75__radius205,2511,847101,TB,recruitment_span_ms_median,5.0,74.0,130
ellipse4_geometry_time,followup,up3__ellipse4__EI_same_core_scale_0.75__radius235,2511,847101,TB,recruitment_span_ms_median,6.0,74.0,136
ellipse4_geometry_time,followup,up3__ellipse4__EI_same_core_scale_0.75,2511,847102,TB,recruitment_span_ms_median,0.0,74.0,126
ellipse4_geometry_time,followup,up3__ellipse4__EI_same_core_scale_0.75__x_minus075,2511,847102,TB,recruitment_span_ms_median,1.0,74.0,123
ellipse4_geometry_time,followup,up3__ellipse4__EI_same_core_scale_0.75__x_plus075,2511,847102,TB,recruitment_span_ms_median,2.0,74.0,134
ellipse4_geometry_time,followup,up3__ellipse4__EI_same_core_scale_0.75__y_minus10,2511,847102,TB,recruitment_span_ms_median,3.0,74.0,123
ellipse4_geometry_time,followup,up3__ellipse4__EI_same_core_scale_0.75__y_plus10,2511,847102,TB,recruitment_span_ms_median,4.0,74.0,125
ellipse4_geometry_time,followup,up3__ellipse4__EI_same_core_scale_0.75__radius205,2511,847102,TB,recruitment_span_ms_median,5.0,74.0,139
ellipse4_geometry_time,followup,up3__ellipse4__EI_same_core_scale_0.75__radius235,2511,847102,TB,recruitment_span_ms_median,6.0,74.0,141
ellipse4_geometry_time,followup,up3__ellipse4__EI_same_core_scale_0.75,2511,847101,TB,local_width_ms_median,0.0,16.0,117
ellipse4_geometry_time,followup,up3__ellipse4__EI_same_core_scale_0.75__x_minus075,2511,847101,TB,local_width_ms_median,1.0,16.0,116
ellipse4_geometry_time,followup,up3__ellipse4__EI_same_core_scale_0.75__x_plus075,2511,847101,TB,local_width_ms_median,2.0,16.0,128
ellipse4_geometry_time,followup,up3__ellipse4__EI_same_core_scale_0.75__y_minus10,2511,847101,TB,local_width_ms_median,3.0,16.0,117
ellipse4_geometry_time,followup,up3__ellipse4__EI_same_core_scale_0.75__y_plus10,2511,847101,TB,local_width_ms_median,4.0,16.0,108
ellipse4_geometry_time,followup,up3__ellipse4__EI_same_core_scale_0.75__radius205,2511,847101,TB,local_width_ms_median,5.0,16.0,130
ellipse4_geometry_time,followup,up3__ellipse4__EI_same_core_scale_0.75__radius235,2511,847101,TB,local_width_ms_median,6.0,18.0,136
ellipse4_geometry_time,followup,up3__ellipse4__EI_same_core_scale_0.75,2511,847102,TB,local_width_ms_median,0.0,16.0,126
ellipse4_geometry_time,followup,up3__ellipse4__EI_same_core_scale_0.75__x_minus075,2511,847102,TB,local_width_ms_median,1.0,16.0,123
ellipse4_geometry_time,followup,up3__ellipse4__EI_same_core_scale_0.75__x_plus075,2511,847102,TB,local_width_ms_median,2.0,17.0,134
ellipse4_geometry_time,followup,up3__ellipse4__EI_same_core_scale_0.75__y_minus10,2511,847102,TB,local_width_ms_median,3.0,16.0,123
ellipse4_geometry_time,followup,up3__ellipse4__EI_same_core_scale_0.75__y_plus10,2511,847102,TB,local_width_ms_median,4.0,16.0,125
ellipse4_geometry_time,followup,up3__ellipse4__EI_same_core_scale_0.75__radius205,2511,847102,TB,local_width_ms_median,5.0,16.0,139
ellipse4_geometry_time,followup,up3__ellipse4__EI_same_core_scale_0.75__radius235,2511,847102,TB,local_width_ms_median,6.0,16.0,141
ellipse4_geometry_time,followup,up3__ellipse4__EI_same_core_scale_0.75,2511,847101,TA,SCL_minus_ICL_lag_median_ms,0.0,-21.80201314893929,39
ellipse4_geometry_time,followup,up3__ellipse4__EI_same_core_scale_0.75__x_minus075,2511,847101,TA,SCL_minus_ICL_lag_median_ms,1.0,-18.11740677563648,51
ellipse4_geometry_time,followup,up3__ellipse4__EI_same_core_scale_0.75__x_plus075,2511,847101,TA,SCL_minus_ICL_lag_median_ms,2.0,-24.56408142206237,29
ellipse4_geometry_time,followup,up3__ellipse4__EI_same_core_scale_0.75__y_minus10,2511,847101,TA,SCL_minus_ICL_lag_median_ms,3.0,-13.611620427549497,45
ellipse4_geometry_time,followup,up3__ellipse4__EI_same_core_scale_0.75__y_plus10,2511,847101,TA,SCL_minus_ICL_lag_median_ms,4.0,-29.74105552228866,57
ellipse4_geometry_time,followup,up3__ellipse4__EI_same_core_scale_0.75__radius205,2511,847101,TA,SCL_minus_ICL_lag_median_ms,5.0,-23.16172567430476,19
ellipse4_geometry_time,followup,up3__ellipse4__EI_same_core_scale_0.75__radius235,2511,847101,TA,SCL_minus_ICL_lag_median_ms,6.0,-28.59823171919561,11
ellipse4_geometry_time,followup,up3__ellipse4__EI_same_core_scale_0.75,2511,847102,TA,SCL_minus_ICL_lag_median_ms,0.0,-21.37426771057289,31
ellipse4_geometry_time,followup,up3__ellipse4__EI_same_core_scale_0.75__x_minus075,2511,847102,TA,SCL_minus_ICL_lag_median_ms,1.0,-19.031048026685312,45
ellipse4_geometry_time,followup,up3__ellipse4__EI_same_core_scale_0.75__x_plus075,2511,847102,TA,SCL_minus_ICL_lag_median_ms,2.0,-23.87716400334739,27
ellipse4_geometry_time,followup,up3__ellipse4__EI_same_core_scale_0.75__y_minus10,2511,847102,TA,SCL_minus_ICL_lag_median_ms,3.0,-12.50826518406393,39
ellipse4_geometry_time,followup,up3__ellipse4__EI_same_core_scale_0.75__y_plus10,2511,847102,TA,SCL_minus_ICL_lag_median_ms,4.0,-30.51784439290213,44
ellipse4_geometry_time,followup,up3__ellipse4__EI_same_core_scale_0.75__radius205,2511,847102,TA,SCL_minus_ICL_lag_median_ms,5.0,-25.65109527501022,14
ellipse4_geometry_time,followup,up3__ellipse4__EI_same_core_scale_0.75__radius235,2511,847102,TA,SCL_minus_ICL_lag_median_ms,6.0,-29.12767111382664,8
ellipse4_geometry_time,followup,up3__ellipse4__EI_same_core_scale_0.75,2511,847101,TA,recruitment_span_ms_median,0.0,52.0,39
ellipse4_geometry_time,followup,up3__ellipse4__EI_same_core_scale_0.75__x_minus075,2511,847101,TA,recruitment_span_ms_median,1.0,50.0,51
ellipse4_geometry_time,followup,up3__ellipse4__EI_same_core_scale_0.75__x_plus075,2511,847101,TA,recruitment_span_ms_median,2.0,50.0,29
ellipse4_geometry_time,followup,up3__ellipse4__EI_same_core_scale_0.75__y_minus10,2511,847101,TA,recruitment_span_ms_median,3.0,44.0,45
ellipse4_geometry_time,followup,up3__ellipse4__EI_same_core_scale_0.75__y_plus10,2511,847101,TA,recruitment_span_ms_median,4.0,60.0,57
ellipse4_geometry_time,followup,up3__ellipse4__EI_same_core_scale_0.75__radius205,2511,847101,TA,recruitment_span_ms_median,5.0,52.0,19
ellipse4_geometry_time,followup,up3__ellipse4__EI_same_core_scale_0.75__radius235,2511,847101,TA,recruitment_span_ms_median,6.0,56.0,11
ellipse4_geometry_time,followup,up3__ellipse4__EI_same_core_scale_0.75,2511,847102,TA,recruitment_span_ms_median,0.0,50.0,31
ellipse4_geometry_time,followup,up3__ellipse4__EI_same_core_scale_0.75__x_minus075,2511,847102,TA,recruitment_span_ms_median,1.0,52.0,45
ellipse4_geometry_time,followup,up3__ellipse4__EI_same_core_scale_0.75__x_plus075,2511,847102,TA,recruitment_span_ms_median,2.0,48.0,27
ellipse4_geometry_time,followup,up3__ellipse4__EI_same_core_scale_0.75__y_minus10,2511,847102,TA,recruitment_span_ms_median,3.0,46.0,39
ellipse4_geometry_time,followup,up3__ellipse4__EI_same_core_scale_0.75__y_plus10,2511,847102,TA,recruitment_span_ms_median,4.0,60.0,44
ellipse4_geometry_time,followup,up3__ellipse4__EI_same_core_scale_0.75__radius205,2511,847102,TA,recruitment_span_ms_median,5.0,55.0,14
ellipse4_geometry_time,followup,up3__ellipse4__EI_same_core_scale_0.75__radius235,2511,847102,TA,recruitment_span_ms_median,6.0,61.0,8
ellipse4_geometry_time,followup,up3__ellipse4__EI_same_core_scale_0.75,2511,847101,TA,local_width_ms_median,0.0,16.0,39
ellipse4_geometry_time,followup,up3__ellipse4__EI_same_core_scale_0.75__x_minus075,2511,847101,TA,local_width_ms_median,1.0,16.0,51
ellipse4_geometry_time,followup,up3__ellipse4__EI_same_core_scale_0.75__x_plus075,2511,847101,TA,local_width_ms_median,2.0,16.0,29
ellipse4_geometry_time,followup,up3__ellipse4__EI_same_core_scale_0.75__y_minus10,2511,847101,TA,local_width_ms_median,3.0,16.0,45
ellipse4_geometry_time,followup,up3__ellipse4__EI_same_core_scale_0.75__y_plus10,2511,847101,TA,local_width_ms_median,4.0,16.0,57
ellipse4_geometry_time,followup,up3__ellipse4__EI_same_core_scale_0.75__radius205,2511,847101,TA,local_width_ms_median,5.0,16.0,19
ellipse4_geometry_time,followup,up3__ellipse4__EI_same_core_scale_0.75__radius235,2511,847101,TA,local_width_ms_median,6.0,16.0,11
ellipse4_geometry_time,followup,up3__ellipse4__EI_same_core_scale_0.75,2511,847102,TA,local_width_ms_median,0.0,16.0,31
ellipse4_geometry_time,followup,up3__ellipse4__EI_same_core_scale_0.75__x_minus075,2511,847102,TA,local_width_ms_median,1.0,16.0,45
ellipse4_geometry_time,followup,up3__ellipse4__EI_same_core_scale_0.75__x_plus075,2511,847102,TA,local_width_ms_median,2.0,16.0,27
ellipse4_geometry_time,followup,up3__ellipse4__EI_same_core_scale_0.75__y_minus10,2511,847102,TA,local_width_ms_median,3.0,16.0,39
ellipse4_geometry_time,followup,up3__ellipse4__EI_same_core_scale_0.75__y_plus10,2511,847102,TA,local_width_ms_median,4.0,16.0,44
ellipse4_geometry_time,followup,up3__ellipse4__EI_same_core_scale_0.75__radius205,2511,847102,TA,local_width_ms_median,5.0,16.0,14
ellipse4_geometry_time,followup,up3__ellipse4__EI_same_core_scale_0.75__radius235,2511,847102,TA,local_width_ms_median,6.0,16.0,8
ellipse4_geometry_scl,followup,up3__ellipse4__EI_same_core_scale_0.75,2511,847101,TB,pair_0,0.0,0.1140350877192982,114
ellipse4_geometry_scl,followup,up3__ellipse4__EI_same_core_scale_0.75__x_minus075,2511,847101,TB,pair_0,1.0,0.0747663551401869,107
ellipse4_geometry_scl,followup,up3__ellipse4__EI_same_core_scale_0.75__x_plus075,2511,847101,TB,pair_0,2.0,0.096,125
ellipse4_geometry_scl,followup,up3__ellipse4__EI_same_core_scale_0.75__y_minus10,2511,847101,TB,pair_0,3.0,0.03125,96
ellipse4_geometry_scl,followup,up3__ellipse4__EI_same_core_scale_0.75__y_plus10,2511,847101,TB,pair_0,4.0,0.2314814814814814,108
ellipse4_geometry_scl,followup,up3__ellipse4__EI_same_core_scale_0.75__radius205,2511,847101,TB,pair_0,5.0,0.0615384615384615,130
ellipse4_geometry_scl,followup,up3__ellipse4__EI_same_core_scale_0.75__radius235,2511,847101,TB,pair_0,6.0,0.0220588235294117,136
ellipse4_geometry_scl,followup,up3__ellipse4__EI_same_core_scale_0.75,2511,847102,TB,pair_0,0.0,0.064516129032258,124
ellipse4_geometry_scl,followup,up3__ellipse4__EI_same_core_scale_0.75__x_minus075,2511,847102,TB,pair_0,1.0,0.1517857142857142,112
ellipse4_geometry_scl,followup,up3__ellipse4__EI_same_core_scale_0.75__x_plus075,2511,847102,TB,pair_0,2.0,0.0820895522388059,134
ellipse4_geometry_scl,followup,up3__ellipse4__EI_same_core_scale_0.75__y_minus10,2511,847102,TB,pair_0,3.0,0.0277777777777777,108
ellipse4_geometry_scl,followup,up3__ellipse4__EI_same_core_scale_0.75__y_plus10,2511,847102,TB,pair_0,4.0,0.232,125
ellipse4_geometry_scl,followup,up3__ellipse4__EI_same_core_scale_0.75__radius205,2511,847102,TB,pair_0,5.0,0.0575539568345323,139
ellipse4_geometry_scl,followup,up3__ellipse4__EI_same_core_scale_0.75__radius235,2511,847102,TB,pair_0,6.0,0.0425531914893617,141
ellipse4_geometry_scl,followup,up3__ellipse4__EI_same_core_scale_0.75,2511,847101,TB,pair_1,0.0,0.1130434782608695,115
ellipse4_geometry_scl,followup,up3__ellipse4__EI_same_core_scale_0.75__x_minus075,2511,847101,TB,pair_1,1.0,0.0982142857142857,112
ellipse4_geometry_scl,followup,up3__ellipse4__EI_same_core_scale_0.75__x_plus075,2511,847101,TB,pair_1,2.0,0.16,125
ellipse4_geometry_scl,followup,up3__ellipse4__EI_same_core_scale_0.75__y_minus10,2511,847101,TB,pair_1,3.0,0.0686274509803921,102
ellipse4_geometry_scl,followup,up3__ellipse4__EI_same_core_scale_0.75__y_plus10,2511,847101,TB,pair_1,4.0,0.1944444444444444,108
ellipse4_geometry_scl,followup,up3__ellipse4__EI_same_core_scale_0.75__radius205,2511,847101,TB,pair_1,5.0,0.0538461538461538,130
ellipse4_geometry_scl,followup,up3__ellipse4__EI_same_core_scale_0.75__radius235,2511,847101,TB,pair_1,6.0,0.0147058823529411,136
ellipse4_geometry_scl,followup,up3__ellipse4__EI_same_core_scale_0.75,2511,847102,TB,pair_1,0.0,0.072,125
ellipse4_geometry_scl,followup,up3__ellipse4__EI_same_core_scale_0.75__x_minus075,2511,847102,TB,pair_1,1.0,0.1818181818181818,121
ellipse4_geometry_scl,followup,up3__ellipse4__EI_same_core_scale_0.75__x_plus075,2511,847102,TB,pair_1,2.0,0.1417910447761194,134
ellipse4_geometry_scl,followup,up3__ellipse4__EI_same_core_scale_0.75__y_minus10,2511,847102,TB,pair_1,3.0,0.0353982300884955,113
ellipse4_geometry_scl,followup,up3__ellipse4__EI_same_core_scale_0.75__y_plus10,2511,847102,TB,pair_1,4.0,0.224,125
ellipse4_geometry_scl,followup,up3__ellipse4__EI_same_core_scale_0.75__radius205,2511,847102,TB,pair_1,5.0,0.0575539568345323,139
ellipse4_geometry_scl,followup,up3__ellipse4__EI_same_core_scale_0.75__radius235,2511,847102,TB,pair_1,6.0,0.0283687943262411,141
ellipse4_geometry_scl,followup,up3__ellipse4__EI_same_core_scale_0.75,2511,847101,TB,pair_2,0.0,0.1111111111111111,117
ellipse4_geometry_scl,followup,up3__ellipse4__EI_same_core_scale_0.75__x_minus075,2511,847101,TB,pair_2,1.0,0.1120689655172413,116
ellipse4_geometry_scl,followup,up3__ellipse4__EI_same_core_scale_0.75__x_plus075,2511,847101,TB,pair_2,2.0,0.1653543307086614,127
ellipse4_geometry_scl,followup,up3__ellipse4__EI_same_core_scale_0.75__y_minus10,2511,847101,TB,pair_2,3.0,0.1261261261261261,111
ellipse4_geometry_scl,followup,up3__ellipse4__EI_same_core_scale_0.75__y_plus10,2511,847101,TB,pair_2,4.0,0.1388888888888889,108
ellipse4_geometry_scl,followup,up3__ellipse4__EI_same_core_scale_0.75__radius205,2511,847101,TB,pair_2,5.0,0.0538461538461538,130
ellipse4_geometry_scl,followup,up3__ellipse4__EI_same_core_scale_0.75__radius235,2511,847101,TB,pair_2,6.0,0.0147058823529411,136
ellipse4_geometry_scl,followup,up3__ellipse4__EI_same_core_scale_0.75,2511,847102,TB,pair_2,0.0,0.0714285714285714,126
ellipse4_geometry_scl,followup,up3__ellipse4__EI_same_core_scale_0.75__x_minus075,2511,847102,TB,pair_2,1.0,0.1707317073170731,123
ellipse4_geometry_scl,followup,up3__ellipse4__EI_same_core_scale_0.75__x_plus075,2511,847102,TB,pair_2,2.0,0.1119402985074626,134
ellipse4_geometry_scl,followup,up3__ellipse4__EI_same_core_scale_0.75__y_minus10,2511,847102,TB,pair_2,3.0,0.0672268907563025,119
ellipse4_geometry_scl,followup,up3__ellipse4__EI_same_core_scale_0.75__y_plus10,2511,847102,TB,pair_2,4.0,0.208,125
ellipse4_geometry_scl,followup,up3__ellipse4__EI_same_core_scale_0.75__radius205,2511,847102,TB,pair_2,5.0,0.0575539568345323,139
ellipse4_geometry_scl,followup,up3__ellipse4__EI_same_core_scale_0.75__radius235,2511,847102,TB,pair_2,6.0,0.0212765957446808,141
ellipse4_geometry_scl,followup,up3__ellipse4__EI_same_core_scale_0.75,2511,847101,TA,pair_0,0.0,1.0,32
ellipse4_geometry_scl,followup,up3__ellipse4__EI_same_core_scale_0.75__x_minus075,2511,847101,TA,pair_0,1.0,1.0,40
ellipse4_geometry_scl,followup,up3__ellipse4__EI_same_core_scale_0.75__x_plus075,2511,847101,TA,pair_0,2.0,0.4166666666666667,24
ellipse4_geometry_scl,followup,up3__ellipse4__EI_same_core_scale_0.75__y_minus10,2511,847101,TA,pair_0,3.0,0.75,4
ellipse4_geometry_scl,followup,up3__ellipse4__EI_same_core_scale_0.75__y_plus10,2511,847101,TA,pair_0,4.0,1.0,56
ellipse4_geometry_scl,followup,up3__ellipse4__EI_same_core_scale_0.75__radius205,2511,847101,TA,pair_0,5.0,0.9444444444444444,18
ellipse4_geometry_scl,followup,up3__ellipse4__EI_same_core_scale_0.75__radius235,2511,847101,TA,pair_0,6.0,1.0,9
ellipse4_geometry_scl,followup,up3__ellipse4__EI_same_core_scale_0.75,2511,847102,TA,pair_0,0.0,1.0,23
ellipse4_geometry_scl,followup,up3__ellipse4__EI_same_core_scale_0.75__x_minus075,2511,847102,TA,pair_0,1.0,1.0,32
ellipse4_geometry_scl,followup,up3__ellipse4__EI_same_core_scale_0.75__x_plus075,2511,847102,TA,pair_0,2.0,0.4166666666666667,24
ellipse4_geometry_scl,followup,up3__ellipse4__EI_same_core_scale_0.75__y_minus10,2511,847102,TA,pair_0,3.0,0.4285714285714285,7
ellipse4_geometry_scl,followup,up3__ellipse4__EI_same_core_scale_0.75__y_plus10,2511,847102,TA,pair_0,4.0,1.0,44
ellipse4_geometry_scl,followup,up3__ellipse4__EI_same_core_scale_0.75__radius205,2511,847102,TA,pair_0,5.0,1.0,13
ellipse4_geometry_scl,followup,up3__ellipse4__EI_same_core_scale_0.75__radius235,2511,847102,TA,pair_0,6.0,1.0,8
ellipse4_geometry_scl,followup,up3__ellipse4__EI_same_core_scale_0.75,2511,847101,TA,pair_1,0.0,1.0,34
ellipse4_geometry_scl,followup,up3__ellipse4__EI_same_core_scale_0.75__x_minus075,2511,847101,TA,pair_1,1.0,1.0,47
ellipse4_geometry_scl,followup,up3__ellipse4__EI_same_core_scale_0.75__x_plus075,2511,847101,TA,pair_1,2.0,1.0,24
ellipse4_geometry_scl,followup,up3__ellipse4__EI_same_core_scale_0.75__y_minus10,2511,847101,TA,pair_1,3.0,1.0,8
ellipse4_geometry_scl,followup,up3__ellipse4__EI_same_core_scale_0.75__y_plus10,2511,847101,TA,pair_1,4.0,1.0,56
ellipse4_geometry_scl,followup,up3__ellipse4__EI_same_core_scale_0.75__radius205,2511,847101,TA,pair_1,5.0,1.0,19
ellipse4_geometry_scl,followup,up3__ellipse4__EI_same_core_scale_0.75__radius235,2511,847101,TA,pair_1,6.0,1.0,10
ellipse4_geometry_scl,followup,up3__ellipse4__EI_same_core_scale_0.75,2511,847102,TA,pair_1,0.0,1.0,25
ellipse4_geometry_scl,followup,up3__ellipse4__EI_same_core_scale_0.75__x_minus075,2511,847102,TA,pair_1,1.0,1.0,43
ellipse4_geometry_scl,followup,up3__ellipse4__EI_same_core_scale_0.75__x_plus075,2511,847102,TA,pair_1,2.0,1.0,24
ellipse4_geometry_scl,followup,up3__ellipse4__EI_same_core_scale_0.75__y_minus10,2511,847102,TA,pair_1,3.0,1.0,7
ellipse4_geometry_scl,followup,up3__ellipse4__EI_same_core_scale_0.75__y_plus10,2511,847102,TA,pair_1,4.0,1.0,44
ellipse4_geometry_scl,followup,up3__ellipse4__EI_same_core_scale_0.75__radius205,2511,847102,TA,pair_1,5.0,1.0,13
ellipse4_geometry_scl,followup,up3__ellipse4__EI_same_core_scale_0.75__radius235,2511,847102,TA,pair_1,6.0,1.0,8
ellipse4_geometry_scl,followup,up3__ellipse4__EI_same_core_scale_0.75,2511,847101,TA,pair_2,0.0,1.0,39
ellipse4_geometry_scl,followup,up3__ellipse4__EI_same_core_scale_0.75__x_minus075,2511,847101,TA,pair_2,1.0,1.0,51
ellipse4_geometry_scl,followup,up3__ellipse4__EI_same_core_scale_0.75__x_plus075,2511,847101,TA,pair_2,2.0,1.0,27
ellipse4_geometry_scl,followup,up3__ellipse4__EI_same_core_scale_0.75__y_minus10,2511,847101,TA,pair_2,3.0,1.0,36
ellipse4_geometry_scl,followup,up3__ellipse4__EI_same_core_scale_0.75__y_plus10,2511,847101,TA,pair_2,4.0,1.0,57
ellipse4_geometry_scl,followup,up3__ellipse4__EI_same_core_scale_0.75__radius205,2511,847101,TA,pair_2,5.0,1.0,19
ellipse4_geometry_scl,followup,up3__ellipse4__EI_same_core_scale_0.75__radius235,2511,847101,TA,pair_2,6.0,1.0,11
ellipse4_geometry_scl,followup,up3__ellipse4__EI_same_core_scale_0.75,2511,847102,TA,pair_2,0.0,1.0,31
ellipse4_geometry_scl,followup,up3__ellipse4__EI_same_core_scale_0.75__x_minus075,2511,847102,TA,pair_2,1.0,1.0,45
ellipse4_geometry_scl,followup,up3__ellipse4__EI_same_core_scale_0.75__x_plus075,2511,847102,TA,pair_2,2.0,1.0,25
ellipse4_geometry_scl,followup,up3__ellipse4__EI_same_core_scale_0.75__y_minus10,2511,847102,TA,pair_2,3.0,1.0,27
ellipse4_geometry_scl,followup,up3__ellipse4__EI_same_core_scale_0.75__y_plus10,2511,847102,TA,pair_2,4.0,1.0,44
ellipse4_geometry_scl,followup,up3__ellipse4__EI_same_core_scale_0.75__radius205,2511,847102,TA,pair_2,5.0,1.0,14
ellipse4_geometry_scl,followup,up3__ellipse4__EI_same_core_scale_0.75__radius235,2511,847102,TA,pair_2,6.0,1.0,8
ellipse4_geometry_scl_lag,followup,up3__ellipse4__EI_same_core_scale_0.75,2511,847101,TB,scl_lag_0,0.0,-8.080356606698388,114
ellipse4_geometry_scl_lag,followup,up3__ellipse4__EI_same_core_scale_0.75__x_minus075,2511,847101,TB,scl_lag_0,1.0,-8.127838717657141,107
ellipse4_geometry_scl_lag,followup,up3__ellipse4__EI_same_core_scale_0.75__x_plus075,2511,847101,TB,scl_lag_0,2.0,-7.999815253424458,125
ellipse4_geometry_scl_lag,followup,up3__ellipse4__EI_same_core_scale_0.75__y_minus10,2511,847101,TB,scl_lag_0,3.0,-8.130154474431038,96
ellipse4_geometry_scl_lag,followup,up3__ellipse4__EI_same_core_scale_0.75__y_plus10,2511,847101,TB,scl_lag_0,4.0,-7.930705372715238,108
ellipse4_geometry_scl_lag,followup,up3__ellipse4__EI_same_core_scale_0.75__radius205,2511,847101,TB,scl_lag_0,5.0,-8.115376219829159,130
ellipse4_geometry_scl_lag,followup,up3__ellipse4__EI_same_core_scale_0.75__radius235,2511,847101,TB,scl_lag_0,6.0,-8.131984765978814,136
ellipse4_geometry_scl_lag,followup,up3__ellipse4__EI_same_core_scale_0.75,2511,847102,TB,scl_lag_0,0.0,-8.088303015072597,124
ellipse4_geometry_scl_lag,followup,up3__ellipse4__EI_same_core_scale_0.75__x_minus075,2511,847102,TB,scl_lag_0,1.0,-8.107129712590904,112
ellipse4_geometry_scl_lag,followup,up3__ellipse4__EI_same_core_scale_0.75__x_plus075,2511,847102,TB,scl_lag_0,2.0,-8.005347798089133,134
ellipse4_geometry_scl_lag,followup,up3__ellipse4__EI_same_core_scale_0.75__y_minus10,2511,847102,TB,scl_lag_0,3.0,-8.114703069069947,108
ellipse4_geometry_scl_lag,followup,up3__ellipse4__EI_same_core_scale_0.75__y_plus10,2511,847102,TB,scl_lag_0,4.0,-7.96153314129333,125
ellipse4_geometry_scl_lag,followup,up3__ellipse4__EI_same_core_scale_0.75__radius205,2511,847102,TB,scl_lag_0,5.0,-8.105578867711301,139
ellipse4_geometry_scl_lag,followup,up3__ellipse4__EI_same_core_scale_0.75__radius235,2511,847102,TB,scl_lag_0,6.0,-8.113219818156722,141
ellipse4_geometry_scl_lag,followup,up3__ellipse4__EI_same_core_scale_0.75,2511,847101,TB,scl_lag_1,0.0,-5.039636920895191,115
ellipse4_geometry_scl_lag,followup,up3__ellipse4__EI_same_core_scale_0.75__x_minus075,2511,847101,TB,scl_lag_1,1.0,-5.073281976397993,112
ellipse4_geometry_scl_lag,followup,up3__ellipse4__EI_same_core_scale_0.75__x_plus075,2511,847101,TB,scl_lag_1,2.0,-5.000439628267486,125
ellipse4_geometry_scl_lag,followup,up3__ellipse4__EI_same_core_scale_0.75__y_minus10,2511,847101,TB,scl_lag_1,3.0,-5.072342805933658,102
ellipse4_geometry_scl_lag,followup,up3__ellipse4__EI_same_core_scale_0.75__y_plus10,2511,847101,TB,scl_lag_1,4.0,-5.045705331212957,108
ellipse4_geometry_scl_lag,followup,up3__ellipse4__EI_same_core_scale_0.75__radius205,2511,847101,TB,scl_lag_1,5.0,-5.061907022980449,130
ellipse4_geometry_scl_lag,followup,up3__ellipse4__EI_same_core_scale_0.75__radius235,2511,847101,TB,scl_lag_1,6.0,-5.080385188367131,136
ellipse4_geometry_scl_lag,followup,up3__ellipse4__EI_same_core_scale_0.75,2511,847102,TB,scl_lag_1,0.0,-5.057514346264725,125
ellipse4_geometry_scl_lag,followup,up3__ellipse4__EI_same_core_scale_0.75__x_minus075,2511,847102,TB,scl_lag_1,1.0,-5.049374801033991,121
ellipse4_geometry_scl_lag,followup,up3__ellipse4__EI_same_core_scale_0.75__x_plus075,2511,847102,TB,scl_lag_1,2.0,-5.012615108511454,134
ellipse4_geometry_scl_lag,followup,up3__ellipse4__EI_same_core_scale_0.75__y_minus10,2511,847102,TB,scl_lag_1,3.0,-5.078908138981205,113
ellipse4_geometry_scl_lag,followup,up3__ellipse4__EI_same_core_scale_0.75__y_plus10,2511,847102,TB,scl_lag_1,4.0,-5.013613601209727,125
ellipse4_geometry_scl_lag,followup,up3__ellipse4__EI_same_core_scale_0.75__radius205,2511,847102,TB,scl_lag_1,5.0,-5.074655530581367,139
ellipse4_geometry_scl_lag,followup,up3__ellipse4__EI_same_core_scale_0.75__radius235,2511,847102,TB,scl_lag_1,6.0,-5.060392813925319,141
ellipse4_geometry_scl_lag,followup,up3__ellipse4__EI_same_core_scale_0.75,2511,847101,TB,scl_lag_2,0.0,-8.351676394879178,117
ellipse4_geometry_scl_lag,followup,up3__ellipse4__EI_same_core_scale_0.75__x_minus075,2511,847101,TB,scl_lag_2,1.0,-8.363723396852947,116
ellipse4_geometry_scl_lag,followup,up3__ellipse4__EI_same_core_scale_0.75__x_plus075,2511,847101,TB,scl_lag_2,2.0,-8.283851988471724,127
ellipse4_geometry_scl_lag,followup,up3__ellipse4__EI_same_core_scale_0.75__y_minus10,2511,847101,TB,scl_lag_2,3.0,-8.274129514457854,111
ellipse4_geometry_scl_lag,followup,up3__ellipse4__EI_same_core_scale_0.75__y_plus10,2511,847101,TB,scl_lag_2,4.0,-8.287604768011988,108
ellipse4_geometry_scl_lag,followup,up3__ellipse4__EI_same_core_scale_0.75__radius205,2511,847101,TB,scl_lag_2,5.0,-8.404966845922331,130
ellipse4_geometry_scl_lag,followup,up3__ellipse4__EI_same_core_scale_0.75__radius235,2511,847101,TB,scl_lag_2,6.0,-8.41865538485763,136
ellipse4_geometry_scl_lag,followup,up3__ellipse4__EI_same_core_scale_0.75,2511,847102,TB,scl_lag_2,0.0,-8.376999630312639,126
ellipse4_geometry_scl_lag,followup,up3__ellipse4__EI_same_core_scale_0.75__x_minus075,2511,847102,TB,scl_lag_2,1.0,-8.320313519510819,123
ellipse4_geometry_scl_lag,followup,up3__ellipse4__EI_same_core_scale_0.75__x_plus075,2511,847102,TB,scl_lag_2,2.0,-8.341456021542399,134
ellipse4_geometry_scl_lag,followup,up3__ellipse4__EI_same_core_scale_0.75__y_minus10,2511,847102,TB,scl_lag_2,3.0,-8.401294553888874,119
ellipse4_geometry_scl_lag,followup,up3__ellipse4__EI_same_core_scale_0.75__y_plus10,2511,847102,TB,scl_lag_2,4.0,-8.300917052652949,125
ellipse4_geometry_scl_lag,followup,up3__ellipse4__EI_same_core_scale_0.75__radius205,2511,847102,TB,scl_lag_2,5.0,-8.370818473329564,139
ellipse4_geometry_scl_lag,followup,up3__ellipse4__EI_same_core_scale_0.75__radius235,2511,847102,TB,scl_lag_2,6.0,-8.472181170469412,141
ellipse4_geometry_scl_lag,followup,up3__ellipse4__EI_same_core_scale_0.75,2511,847101,TA,scl_lag_0,0.0,2.6403232341538114,32
ellipse4_geometry_scl_lag,followup,up3__ellipse4__EI_same_core_scale_0.75__x_minus075,2511,847101,TA,scl_lag_0,1.0,4.491393014670393,40
ellipse4_geometry_scl_lag,followup,up3__ellipse4__EI_same_core_scale_0.75__x_plus075,2511,847101,TA,scl_lag_0,2.0,-0.1929556916966248,24
ellipse4_geometry_scl_lag,followup,up3__ellipse4__EI_same_core_scale_0.75__y_minus10,2511,847101,TA,scl_lag_0,3.0,1.677313535263238,4
ellipse4_geometry_scl_lag,followup,up3__ellipse4__EI_same_core_scale_0.75__y_plus10,2511,847101,TA,scl_lag_0,4.0,5.042426125706697,56
ellipse4_geometry_scl_lag,followup,up3__ellipse4__EI_same_core_scale_0.75__radius205,2511,847101,TA,scl_lag_0,5.0,2.820297363694408,18
ellipse4_geometry_scl_lag,followup,up3__ellipse4__EI_same_core_scale_0.75__radius235,2511,847101,TA,scl_lag_0,6.0,4.396663866857125,9
ellipse4_geometry_scl_lag,followup,up3__ellipse4__EI_same_core_scale_0.75,2511,847102,TA,scl_lag_0,0.0,2.5088377404863422,23
ellipse4_geometry_scl_lag,followup,up3__ellipse4__EI_same_core_scale_0.75__x_minus075,2511,847102,TA,scl_lag_0,1.0,4.57266841728233,32
ellipse4_geometry_scl_lag,followup,up3__ellipse4__EI_same_core_scale_0.75__x_plus075,2511,847102,TA,scl_lag_0,2.0,-0.1748099005881158,24
ellipse4_geometry_scl_lag,followup,up3__ellipse4__EI_same_core_scale_0.75__y_minus10,2511,847102,TA,scl_lag_0,3.0,-5.947636529135707,7
ellipse4_geometry_scl_lag,followup,up3__ellipse4__EI_same_core_scale_0.75__y_plus10,2511,847102,TA,scl_lag_0,4.0,4.888660730584888,44
ellipse4_geometry_scl_lag,followup,up3__ellipse4__EI_same_core_scale_0.75__radius205,2511,847102,TA,scl_lag_0,5.0,3.144046387555136,13
ellipse4_geometry_scl_lag,followup,up3__ellipse4__EI_same_core_scale_0.75__radius235,2511,847102,TA,scl_lag_0,6.0,4.1828446430081385,8
ellipse4_geometry_scl_lag,followup,up3__ellipse4__EI_same_core_scale_0.75,2511,847101,TA,scl_lag_1,0.0,3.4030641272747744,34
ellipse4_geometry_scl_lag,followup,up3__ellipse4__EI_same_core_scale_0.75__x_minus075,2511,847101,TA,scl_lag_1,1.0,3.529550332632425,47
ellipse4_geometry_scl_lag,followup,up3__ellipse4__EI_same_core_scale_0.75__x_plus075,2511,847101,TA,scl_lag_1,2.0,3.145847159667028,24
ellipse4_geometry_scl_lag,followup,up3__ellipse4__EI_same_core_scale_0.75__y_minus10,2511,847101,TA,scl_lag_1,3.0,3.595405266049056,8
ellipse4_geometry_scl_lag,followup,up3__ellipse4__EI_same_core_scale_0.75__y_plus10,2511,847101,TA,scl_lag_1,4.0,4.800963143381978,56
ellipse4_geometry_scl_lag,followup,up3__ellipse4__EI_same_core_scale_0.75__radius205,2511,847101,TA,scl_lag_1,5.0,3.4947467627644078,19
ellipse4_geometry_scl_lag,followup,up3__ellipse4__EI_same_core_scale_0.75__radius235,2511,847101,TA,scl_lag_1,6.0,4.112373972595378,10
ellipse4_geometry_scl_lag,followup,up3__ellipse4__EI_same_core_scale_0.75,2511,847102,TA,scl_lag_1,0.0,3.5079444130933557,25
ellipse4_geometry_scl_lag,followup,up3__ellipse4__EI_same_core_scale_0.75__x_minus075,2511,847102,TA,scl_lag_1,1.0,3.625360501202522,43
ellipse4_geometry_scl_lag,followup,up3__ellipse4__EI_same_core_scale_0.75__x_plus075,2511,847102,TA,scl_lag_1,2.0,3.387419041105204,24
ellipse4_geometry_scl_lag,followup,up3__ellipse4__EI_same_core_scale_0.75__y_minus10,2511,847102,TA,scl_lag_1,3.0,3.66083261806125,7
ellipse4_geometry_scl_lag,followup,up3__ellipse4__EI_same_core_scale_0.75__y_plus10,2511,847102,TA,scl_lag_1,4.0,4.43470120236816,44
ellipse4_geometry_scl_lag,followup,up3__ellipse4__EI_same_core_scale_0.75__radius205,2511,847102,TA,scl_lag_1,5.0,3.785818952956106,13
ellipse4_geometry_scl_lag,followup,up3__ellipse4__EI_same_core_scale_0.75__radius235,2511,847102,TA,scl_lag_1,6.0,4.276000743911936,8
ellipse4_geometry_scl_lag,followup,up3__ellipse4__EI_same_core_scale_0.75,2511,847101,TA,scl_lag_2,0.0,7.3185024706763215,39
ellipse4_geometry_scl_lag,followup,up3__ellipse4__EI_same_core_scale_0.75__x_minus075,2511,847101,TA,scl_lag_2,1.0,7.232859153817117,51
ellipse4_geometry_scl_lag,followup,up3__ellipse4__EI_same_core_scale_0.75__x_plus075,2511,847101,TA,scl_lag_2,2.0,7.219189636438386,27
ellipse4_geometry_scl_lag,followup,up3__ellipse4__EI_same_core_scale_0.75__y_minus10,2511,847101,TA,scl_lag_2,3.0,7.227982476699253,36
ellipse4_geometry_scl_lag,followup,up3__ellipse4__EI_same_core_scale_0.75__y_plus10,2511,847101,TA,scl_lag_2,4.0,8.23916599380027,57
ellipse4_geometry_scl_lag,followup,up3__ellipse4__EI_same_core_scale_0.75__radius205,2511,847101,TA,scl_lag_2,5.0,7.334336250241904,19
ellipse4_geometry_scl_lag,followup,up3__ellipse4__EI_same_core_scale_0.75__radius235,2511,847101,TA,scl_lag_2,6.0,7.52279377839659,11
ellipse4_geometry_scl_lag,followup,up3__ellipse4__EI_same_core_scale_0.75,2511,847102,TA,scl_lag_2,0.0,7.189886296107034,31
ellipse4_geometry_scl_lag,followup,up3__ellipse4__EI_same_core_scale_0.75__x_minus075,2511,847102,TA,scl_lag_2,1.0,7.341678631259128,45
ellipse4_geometry_scl_lag,followup,up3__ellipse4__EI_same_core_scale_0.75__x_plus075,2511,847102,TA,scl_lag_2,2.0,7.276163858579821,25
ellipse4_geometry_scl_lag,followup,up3__ellipse4__EI_same_core_scale_0.75__y_minus10,2511,847102,TA,scl_lag_2,3.0,7.290018427403993,27
ellipse4_geometry_scl_lag,followup,up3__ellipse4__EI_same_core_scale_0.75__y_plus10,2511,847102,TA,scl_lag_2,4.0,8.264684788209706,44
ellipse4_geometry_scl_lag,followup,up3__ellipse4__EI_same_core_scale_0.75__radius205,2511,847102,TA,scl_lag_2,5.0,7.543513500610061,14
ellipse4_geometry_scl_lag,followup,up3__ellipse4__EI_same_core_scale_0.75__radius235,2511,847102,TA,scl_lag_2,6.0,7.934703886081024,8
ellipse4_geometry_support,followup,up3__ellipse4__EI_same_core_scale_0.75,2511,847101,TB,SCL_upper_participation,0.0,0.9786324786324786,117
ellipse4_geometry_support,followup,up3__ellipse4__EI_same_core_scale_0.75__x_minus075,2511,847101,TB,SCL_upper_participation,1.0,0.9482758620689656,116
ellipse4_geometry_support,followup,up3__ellipse4__EI_same_core_scale_0.75__x_plus075,2511,847101,TB,SCL_upper_participation,2.0,0.98828125,128
ellipse4_geometry_support,followup,up3__ellipse4__EI_same_core_scale_0.75__y_minus10,2511,847101,TB,SCL_upper_participation,3.0,0.8504273504273504,117
ellipse4_geometry_support,followup,up3__ellipse4__EI_same_core_scale_0.75__y_plus10,2511,847101,TB,SCL_upper_participation,4.0,1.0,108
ellipse4_geometry_support,followup,up3__ellipse4__EI_same_core_scale_0.75__radius205,2511,847101,TB,SCL_upper_participation,5.0,1.0,130
ellipse4_geometry_support,followup,up3__ellipse4__EI_same_core_scale_0.75__radius235,2511,847101,TB,SCL_upper_participation,6.0,1.0,136
ellipse4_geometry_support,followup,up3__ellipse4__EI_same_core_scale_0.75,2511,847102,TB,SCL_upper_participation,0.0,0.988095238095238,126
ellipse4_geometry_support,followup,up3__ellipse4__EI_same_core_scale_0.75__x_minus075,2511,847102,TB,SCL_upper_participation,1.0,0.9471544715447154,123
ellipse4_geometry_support,followup,up3__ellipse4__EI_same_core_scale_0.75__x_plus075,2511,847102,TB,SCL_upper_participation,2.0,1.0,134
ellipse4_geometry_support,followup,up3__ellipse4__EI_same_core_scale_0.75__y_minus10,2511,847102,TB,SCL_upper_participation,3.0,0.902439024390244,123
ellipse4_geometry_support,followup,up3__ellipse4__EI_same_core_scale_0.75__y_plus10,2511,847102,TB,SCL_upper_participation,4.0,1.0,125
ellipse4_geometry_support,followup,up3__ellipse4__EI_same_core_scale_0.75__radius205,2511,847102,TB,SCL_upper_participation,5.0,1.0,139
ellipse4_geometry_support,followup,up3__ellipse4__EI_same_core_scale_0.75__radius235,2511,847102,TB,SCL_upper_participation,6.0,1.0,141
ellipse4_geometry_support,followup,up3__ellipse4__EI_same_core_scale_0.75,2511,847101,TB,mode_fraction,0.0,0.75,117
ellipse4_geometry_support,followup,up3__ellipse4__EI_same_core_scale_0.75__x_minus075,2511,847101,TB,mode_fraction,1.0,0.6946107784431138,116
ellipse4_geometry_support,followup,up3__ellipse4__EI_same_core_scale_0.75__x_plus075,2511,847101,TB,mode_fraction,2.0,0.8152866242038217,128
ellipse4_geometry_support,followup,up3__ellipse4__EI_same_core_scale_0.75__y_minus10,2511,847101,TB,mode_fraction,3.0,0.7222222222222222,117
ellipse4_geometry_support,followup,up3__ellipse4__EI_same_core_scale_0.75__y_plus10,2511,847101,TB,mode_fraction,4.0,0.6545454545454545,108
ellipse4_geometry_support,followup,up3__ellipse4__EI_same_core_scale_0.75__radius205,2511,847101,TB,mode_fraction,5.0,0.87248322147651,130
ellipse4_geometry_support,followup,up3__ellipse4__EI_same_core_scale_0.75__radius235,2511,847101,TB,mode_fraction,6.0,0.9251700680272109,136
ellipse4_geometry_support,followup,up3__ellipse4__EI_same_core_scale_0.75,2511,847102,TB,mode_fraction,0.0,0.802547770700637,126
ellipse4_geometry_support,followup,up3__ellipse4__EI_same_core_scale_0.75__x_minus075,2511,847102,TB,mode_fraction,1.0,0.7321428571428571,123
ellipse4_geometry_support,followup,up3__ellipse4__EI_same_core_scale_0.75__x_plus075,2511,847102,TB,mode_fraction,2.0,0.8322981366459627,134
ellipse4_geometry_support,followup,up3__ellipse4__EI_same_core_scale_0.75__y_minus10,2511,847102,TB,mode_fraction,3.0,0.7592592592592593,123
ellipse4_geometry_support,followup,up3__ellipse4__EI_same_core_scale_0.75__y_plus10,2511,847102,TB,mode_fraction,4.0,0.7396449704142012,125
ellipse4_geometry_support,followup,up3__ellipse4__EI_same_core_scale_0.75__radius205,2511,847102,TB,mode_fraction,5.0,0.9084967320261438,139
ellipse4_geometry_support,followup,up3__ellipse4__EI_same_core_scale_0.75__radius235,2511,847102,TB,mode_fraction,6.0,0.9463087248322147,141
ellipse4_geometry_support,followup,up3__ellipse4__EI_same_core_scale_0.75,2511,847101,TB,n,0.0,117.0,117
ellipse4_geometry_support,followup,up3__ellipse4__EI_same_core_scale_0.75__x_minus075,2511,847101,TB,n,1.0,116.0,116
ellipse4_geometry_support,followup,up3__ellipse4__EI_same_core_scale_0.75__x_plus075,2511,847101,TB,n,2.0,128.0,128
ellipse4_geometry_support,followup,up3__ellipse4__EI_same_core_scale_0.75__y_minus10,2511,847101,TB,n,3.0,117.0,117
ellipse4_geometry_support,followup,up3__ellipse4__EI_same_core_scale_0.75__y_plus10,2511,847101,TB,n,4.0,108.0,108
ellipse4_geometry_support,followup,up3__ellipse4__EI_same_core_scale_0.75__radius205,2511,847101,TB,n,5.0,130.0,130
ellipse4_geometry_support,followup,up3__ellipse4__EI_same_core_scale_0.75__radius235,2511,847101,TB,n,6.0,136.0,136
ellipse4_geometry_support,followup,up3__ellipse4__EI_same_core_scale_0.75,2511,847102,TB,n,0.0,126.0,126
ellipse4_geometry_support,followup,up3__ellipse4__EI_same_core_scale_0.75__x_minus075,2511,847102,TB,n,1.0,123.0,123
ellipse4_geometry_support,followup,up3__ellipse4__EI_same_core_scale_0.75__x_plus075,2511,847102,TB,n,2.0,134.0,134
ellipse4_geometry_support,followup,up3__ellipse4__EI_same_core_scale_0.75__y_minus10,2511,847102,TB,n,3.0,123.0,123
ellipse4_geometry_support,followup,up3__ellipse4__EI_same_core_scale_0.75__y_plus10,2511,847102,TB,n,4.0,125.0,125
ellipse4_geometry_support,followup,up3__ellipse4__EI_same_core_scale_0.75__radius205,2511,847102,TB,n,5.0,139.0,139
ellipse4_geometry_support,followup,up3__ellipse4__EI_same_core_scale_0.75__radius235,2511,847102,TB,n,6.0,141.0,141
ellipse4_geometry_support,followup,up3__ellipse4__EI_same_core_scale_0.75,2511,847101,TA,SCL_upper_participation,0.0,0.8461538461538461,39
ellipse4_geometry_support,followup,up3__ellipse4__EI_same_core_scale_0.75__x_minus075,2511,847101,TA,SCL_upper_participation,1.0,0.8529411764705882,51
ellipse4_geometry_support,followup,up3__ellipse4__EI_same_core_scale_0.75__x_plus075,2511,847101,TA,SCL_upper_participation,2.0,0.9137931034482758,29
ellipse4_geometry_support,followup,up3__ellipse4__EI_same_core_scale_0.75__y_minus10,2511,847101,TA,SCL_upper_participation,3.0,0.1777777777777777,45
ellipse4_geometry_support,followup,up3__ellipse4__EI_same_core_scale_0.75__y_plus10,2511,847101,TA,SCL_upper_participation,4.0,0.9824561403508772,57
ellipse4_geometry_support,followup,up3__ellipse4__EI_same_core_scale_0.75__radius205,2511,847101,TA,SCL_upper_participation,5.0,0.9736842105263156,19
ellipse4_geometry_support,followup,up3__ellipse4__EI_same_core_scale_0.75__radius235,2511,847101,TA,SCL_upper_participation,6.0,0.8636363636363636,11
ellipse4_geometry_support,followup,up3__ellipse4__EI_same_core_scale_0.75,2511,847102,TA,SCL_upper_participation,0.0,0.8064516129032258,31
ellipse4_geometry_support,followup,up3__ellipse4__EI_same_core_scale_0.75__x_minus075,2511,847102,TA,SCL_upper_participation,1.0,0.8333333333333334,45
ellipse4_geometry_support,followup,up3__ellipse4__EI_same_core_scale_0.75__x_plus075,2511,847102,TA,SCL_upper_participation,2.0,0.9259259259259258,27
ellipse4_geometry_support,followup,up3__ellipse4__EI_same_core_scale_0.75__y_minus10,2511,847102,TA,SCL_upper_participation,3.0,0.2564102564102564,39
ellipse4_geometry_support,followup,up3__ellipse4__EI_same_core_scale_0.75__y_plus10,2511,847102,TA,SCL_upper_participation,4.0,1.0,44
ellipse4_geometry_support,followup,up3__ellipse4__EI_same_core_scale_0.75__radius205,2511,847102,TA,SCL_upper_participation,5.0,0.9285714285714286,14
ellipse4_geometry_support,followup,up3__ellipse4__EI_same_core_scale_0.75__radius235,2511,847102,TA,SCL_upper_participation,6.0,1.0,8
ellipse4_geometry_support,followup,up3__ellipse4__EI_same_core_scale_0.75,2511,847101,TA,mode_fraction,0.0,0.25,39
ellipse4_geometry_support,followup,up3__ellipse4__EI_same_core_scale_0.75__x_minus075,2511,847101,TA,mode_fraction,1.0,0.30538922155688625,51
ellipse4_geometry_support,followup,up3__ellipse4__EI_same_core_scale_0.75__x_plus075,2511,847101,TA,mode_fraction,2.0,0.18471337579617833,29
ellipse4_geometry_support,followup,up3__ellipse4__EI_same_core_scale_0.75__y_minus10,2511,847101,TA,mode_fraction,3.0,0.2777777777777778,45
ellipse4_geometry_support,followup,up3__ellipse4__EI_same_core_scale_0.75__y_plus10,2511,847101,TA,mode_fraction,4.0,0.34545454545454546,57
ellipse4_geometry_support,followup,up3__ellipse4__EI_same_core_scale_0.75__radius205,2511,847101,TA,mode_fraction,5.0,0.12751677852348994,19
ellipse4_geometry_support,followup,up3__ellipse4__EI_same_core_scale_0.75__radius235,2511,847101,TA,mode_fraction,6.0,0.07482993197278912,11
ellipse4_geometry_support,followup,up3__ellipse4__EI_same_core_scale_0.75,2511,847102,TA,mode_fraction,0.0,0.19745222929936307,31
ellipse4_geometry_support,followup,up3__ellipse4__EI_same_core_scale_0.75__x_minus075,2511,847102,TA,mode_fraction,1.0,0.26785714285714285,45
ellipse4_geometry_support,followup,up3__ellipse4__EI_same_core_scale_0.75__x_plus075,2511,847102,TA,mode_fraction,2.0,0.16770186335403728,27
ellipse4_geometry_support,followup,up3__ellipse4__EI_same_core_scale_0.75__y_minus10,2511,847102,TA,mode_fraction,3.0,0.24074074074074073,39
ellipse4_geometry_support,followup,up3__ellipse4__EI_same_core_scale_0.75__y_plus10,2511,847102,TA,mode_fraction,4.0,0.2603550295857988,44
ellipse4_geometry_support,followup,up3__ellipse4__EI_same_core_scale_0.75__radius205,2511,847102,TA,mode_fraction,5.0,0.0915032679738562,14
ellipse4_geometry_support,followup,up3__ellipse4__EI_same_core_scale_0.75__radius235,2511,847102,TA,mode_fraction,6.0,0.053691275167785234,8
ellipse4_geometry_support,followup,up3__ellipse4__EI_same_core_scale_0.75,2511,847101,TA,n,0.0,39.0,39
ellipse4_geometry_support,followup,up3__ellipse4__EI_same_core_scale_0.75__x_minus075,2511,847101,TA,n,1.0,51.0,51
ellipse4_geometry_support,followup,up3__ellipse4__EI_same_core_scale_0.75__x_plus075,2511,847101,TA,n,2.0,29.0,29
ellipse4_geometry_support,followup,up3__ellipse4__EI_same_core_scale_0.75__y_minus10,2511,847101,TA,n,3.0,45.0,45
ellipse4_geometry_support,followup,up3__ellipse4__EI_same_core_scale_0.75__y_plus10,2511,847101,TA,n,4.0,57.0,57
ellipse4_geometry_support,followup,up3__ellipse4__EI_same_core_scale_0.75__radius205,2511,847101,TA,n,5.0,19.0,19
ellipse4_geometry_support,followup,up3__ellipse4__EI_same_core_scale_0.75__radius235,2511,847101,TA,n,6.0,11.0,11
ellipse4_geometry_support,followup,up3__ellipse4__EI_same_core_scale_0.75,2511,847102,TA,n,0.0,31.0,31
ellipse4_geometry_support,followup,up3__ellipse4__EI_same_core_scale_0.75__x_minus075,2511,847102,TA,n,1.0,45.0,45
ellipse4_geometry_support,followup,up3__ellipse4__EI_same_core_scale_0.75__x_plus075,2511,847102,TA,n,2.0,27.0,27
ellipse4_geometry_support,followup,up3__ellipse4__EI_same_core_scale_0.75__y_minus10,2511,847102,TA,n,3.0,39.0,39
ellipse4_geometry_support,followup,up3__ellipse4__EI_same_core_scale_0.75__y_plus10,2511,847102,TA,n,4.0,44.0,44
ellipse4_geometry_support,followup,up3__ellipse4__EI_same_core_scale_0.75__radius205,2511,847102,TA,n,5.0,14.0,14
ellipse4_geometry_support,followup,up3__ellipse4__EI_same_core_scale_0.75__radius235,2511,847102,TA,n,6.0,8.0,8
multiseed_circle_EI_original,multiseed,curve_circle_out1_EI0.75,2511,847401,TB,participation_mae,0.75,0.2051675559904728,82
multiseed_circle_EI_original,multiseed,curve_circle_out1_EI0.8125,2511,847401,TB,participation_mae,0.8125,0.209468436697993,82
multiseed_circle_EI_original,multiseed,curve_circle_out1_EI1,2511,847401,TB,participation_mae,1.0,0.1771759426872483,92
multiseed_circle_EI_original,multiseed,curve_circle_out1_EI0.75,2511,847402,TB,participation_mae,0.75,0.2067459782807483,109
multiseed_circle_EI_original,multiseed,curve_circle_out1_EI1,2511,847402,TB,participation_mae,1.0,0.1836227206927234,95
multiseed_circle_EI_original,multiseed,curve_circle_out1_EI0.75,2711,847401,TB,participation_mae,0.75,0.2137981264972601,81
multiseed_circle_EI_original,multiseed,curve_circle_out1_EI1,2711,847401,TB,participation_mae,1.0,0.146605086953308,99
multiseed_circle_EI_original,multiseed,curve_circle_out1_EI0.75,2711,847402,TB,participation_mae,0.75,0.2203404965316936,98
multiseed_circle_EI_original,multiseed,curve_circle_out1_EI1,2711,847402,TB,participation_mae,1.0,0.1553093777011827,94
multiseed_circle_EI_original,multiseed,curve_circle_out1_EI0.75,2712,847401,TB,participation_mae,0.75,0.1982656236857599,84
multiseed_circle_EI_original,multiseed,curve_circle_out1_EI1,2712,847401,TB,participation_mae,1.0,0.188203610671438,110
multiseed_circle_EI_original,multiseed,curve_circle_out1_EI0.75,2712,847402,TB,participation_mae,0.75,0.2052139572599948,103
multiseed_circle_EI_original,multiseed,curve_circle_out1_EI1,2712,847402,TB,participation_mae,1.0,0.2009775034453308,104
multiseed_circle_EI_original,multiseed,curve_circle_out1_EI0.75,2511,847401,TB,rank_correlation,0.75,0.5142857142857142,82
multiseed_circle_EI_original,multiseed,curve_circle_out1_EI0.8125,2511,847401,TB,rank_correlation,0.8125,0.5107142857142856,82
multiseed_circle_EI_original,multiseed,curve_circle_out1_EI1,2511,847401,TB,rank_correlation,1.0,0.532142857142857,92
multiseed_circle_EI_original,multiseed,curve_circle_out1_EI0.75,2511,847402,TB,rank_correlation,0.75,0.557142857142857,109
multiseed_circle_EI_original,multiseed,curve_circle_out1_EI1,2511,847402,TB,rank_correlation,1.0,0.5428571428571428,95
multiseed_circle_EI_original,multiseed,curve_circle_out1_EI0.75,2711,847401,TB,rank_correlation,0.75,0.5392857142857141,81
multiseed_circle_EI_original,multiseed,curve_circle_out1_EI1,2711,847401,TB,rank_correlation,1.0,0.5249999999999999,99
multiseed_circle_EI_original,multiseed,curve_circle_out1_EI0.75,2711,847402,TB,rank_correlation,0.75,0.5392857142857141,98
multiseed_circle_EI_original,multiseed,curve_circle_out1_EI1,2711,847402,TB,rank_correlation,1.0,0.5249999999999999,94
multiseed_circle_EI_original,multiseed,curve_circle_out1_EI0.75,2712,847401,TB,rank_correlation,0.75,0.5107142857142856,84
multiseed_circle_EI_original,multiseed,curve_circle_out1_EI1,2712,847401,TB,rank_correlation,1.0,0.5357142857142856,110
multiseed_circle_EI_original,multiseed,curve_circle_out1_EI0.75,2712,847402,TB,rank_correlation,0.75,0.5107142857142856,103
multiseed_circle_EI_original,multiseed,curve_circle_out1_EI1,2712,847402,TB,rank_correlation,1.0,0.5357142857142856,104
multiseed_circle_EI_original,multiseed,curve_circle_out1_EI0.75,2511,847401,TB,no_SCL,0.75,0.0,82
multiseed_circle_EI_original,multiseed,curve_circle_out1_EI0.8125,2511,847401,TB,no_SCL,0.8125,0.0,82
multiseed_circle_EI_original,multiseed,curve_circle_out1_EI1,2511,847401,TB,no_SCL,1.0,0.0,92
multiseed_circle_EI_original,multiseed,curve_circle_out1_EI0.75,2511,847402,TB,no_SCL,0.75,0.0,109
multiseed_circle_EI_original,multiseed,curve_circle_out1_EI1,2511,847402,TB,no_SCL,1.0,0.010526315789473606,95
multiseed_circle_EI_original,multiseed,curve_circle_out1_EI0.75,2711,847401,TB,no_SCL,0.75,0.0,81
multiseed_circle_EI_original,multiseed,curve_circle_out1_EI1,2711,847401,TB,no_SCL,1.0,0.04040404040404044,99
multiseed_circle_EI_original,multiseed,curve_circle_out1_EI0.75,2711,847402,TB,no_SCL,0.75,0.0,98
multiseed_circle_EI_original,multiseed,curve_circle_out1_EI1,2711,847402,TB,no_SCL,1.0,0.010638297872340385,94
multiseed_circle_EI_original,multiseed,curve_circle_out1_EI0.75,2712,847401,TB,no_SCL,0.75,0.0,84
multiseed_circle_EI_original,multiseed,curve_circle_out1_EI1,2712,847401,TB,no_SCL,1.0,0.0,110
multiseed_circle_EI_original,multiseed,curve_circle_out1_EI0.75,2712,847402,TB,no_SCL,0.75,0.0,103
multiseed_circle_EI_original,multiseed,curve_circle_out1_EI1,2712,847402,TB,no_SCL,1.0,0.0,104
multiseed_circle_EI_original,multiseed,curve_circle_out1_EI0.75,2511,847401,TA,participation_mae,0.75,0.2220407646537536,80
multiseed_circle_EI_original,multiseed,curve_circle_out1_EI0.8125,2511,847401,TA,participation_mae,0.8125,0.2488818164773301,79
multiseed_circle_EI_original,multiseed,curve_circle_out1_EI1,2511,847401,TA,participation_mae,1.0,0.1910669825595765,21
multiseed_circle_EI_original,multiseed,curve_circle_out1_EI0.75,2511,847402,TA,participation_mae,0.75,0.2132688348291923,57
multiseed_circle_EI_original,multiseed,curve_circle_out1_EI1,2511,847402,TA,participation_mae,1.0,0.2172574587500527,12
multiseed_circle_EI_original,multiseed,curve_circle_out1_EI0.75,2711,847401,TA,participation_mae,0.75,0.1597721230535511,93
multiseed_circle_EI_original,multiseed,curve_circle_out1_EI1,2711,847401,TA,participation_mae,1.0,0.3733271440829359,9
multiseed_circle_EI_original,multiseed,curve_circle_out1_EI0.75,2711,847402,TA,participation_mae,0.75,0.1631054563868844,80
multiseed_circle_EI_original,multiseed,curve_circle_out1_EI1,2711,847402,TA,participation_mae,1.0,0.3640770983668818,8
multiseed_circle_EI_original,multiseed,curve_circle_out1_EI0.75,2712,847401,TA,participation_mae,0.75,0.3570859205908327,83
multiseed_circle_EI_original,multiseed,curve_circle_out1_EI1,2712,847401,TA,participation_mae,1.0,0.2992530700088618,46
multiseed_circle_EI_original,multiseed,curve_circle_out1_EI0.75,2712,847402,TA,participation_mae,0.75,0.3544164190552787,68
multiseed_circle_EI_original,multiseed,curve_circle_out1_EI1,2712,847402,TA,participation_mae,1.0,0.3069027725028485,40
multiseed_circle_EI_original,multiseed,curve_circle_out1_EI0.75,2511,847401,TA,rank_correlation,0.75,0.7582417582417583,80
multiseed_circle_EI_original,multiseed,curve_circle_out1_EI0.8125,2511,847401,TA,rank_correlation,0.8125,0.7582417582417583,79
multiseed_circle_EI_original,multiseed,curve_circle_out1_EI1,2511,847401,TA,rank_correlation,1.0,0.4142857142857142,21
multiseed_circle_EI_original,multiseed,curve_circle_out1_EI0.75,2511,847402,TA,rank_correlation,0.75,0.7582417582417583,57
multiseed_circle_EI_original,multiseed,curve_circle_out1_EI1,2511,847402,TA,rank_correlation,1.0,0.0892857142857142,12
multiseed_circle_EI_original,multiseed,curve_circle_out1_EI0.75,2711,847401,TA,rank_correlation,0.75,0.8035714285714284,93
multiseed_circle_EI_original,multiseed,curve_circle_out1_EI1,2711,847401,TA,rank_correlation,1.0,0.2363636363636363,9
multiseed_circle_EI_original,multiseed,curve_circle_out1_EI0.75,2711,847402,TA,rank_correlation,0.75,0.8357142857142855,80
multiseed_circle_EI_original,multiseed,curve_circle_out1_EI1,2711,847402,TA,rank_correlation,1.0,0.3356643356643357,8
multiseed_circle_EI_original,multiseed,curve_circle_out1_EI0.75,2712,847401,TA,rank_correlation,0.75,0.5104895104895105,83
multiseed_circle_EI_original,multiseed,curve_circle_out1_EI1,2712,847401,TA,rank_correlation,1.0,0.1357142857142857,46
multiseed_circle_EI_original,multiseed,curve_circle_out1_EI0.75,2712,847402,TA,rank_correlation,0.75,0.6573426573426573,68
multiseed_circle_EI_original,multiseed,curve_circle_out1_EI1,2712,847402,TA,rank_correlation,1.0,0.1714285714285714,40
multiseed_circle_EI_original,multiseed,curve_circle_out1_EI0.75,2511,847401,TA,no_SCL,0.75,0.0,80
multiseed_circle_EI_original,multiseed,curve_circle_out1_EI0.8125,2511,847401,TA,no_SCL,0.8125,0.0,79
multiseed_circle_EI_original,multiseed,curve_circle_out1_EI1,2511,847401,TA,no_SCL,1.0,0.0,21
multiseed_circle_EI_original,multiseed,curve_circle_out1_EI0.75,2511,847402,TA,no_SCL,0.75,0.0,57
multiseed_circle_EI_original,multiseed,curve_circle_out1_EI1,2511,847402,TA,no_SCL,1.0,0.0,12
multiseed_circle_EI_original,multiseed,curve_circle_out1_EI0.75,2711,847401,TA,no_SCL,0.75,0.0,93
multiseed_circle_EI_original,multiseed,curve_circle_out1_EI1,2711,847401,TA,no_SCL,1.0,0.0,9
multiseed_circle_EI_original,multiseed,curve_circle_out1_EI0.75,2711,847402,TA,no_SCL,0.75,0.0,80
multiseed_circle_EI_original,multiseed,curve_circle_out1_EI1,2711,847402,TA,no_SCL,1.0,0.0,8
multiseed_circle_EI_original,multiseed,curve_circle_out1_EI0.75,2712,847401,TA,no_SCL,0.75,0.0,83
multiseed_circle_EI_original,multiseed,curve_circle_out1_EI1,2712,847401,TA,no_SCL,1.0,0.0,46
multiseed_circle_EI_original,multiseed,curve_circle_out1_EI0.75,2712,847402,TA,no_SCL,0.75,0.0,68
multiseed_circle_EI_original,multiseed,curve_circle_out1_EI1,2712,847402,TA,no_SCL,1.0,0.0,40
multiseed_circle_EI_time,multiseed,curve_circle_out1_EI0.75,2511,847401,TB,SCL_minus_ICL_lag_median_ms,0.75,34.791067052572544,82
multiseed_circle_EI_time,multiseed,curve_circle_out1_EI0.8125,2511,847401,TB,SCL_minus_ICL_lag_median_ms,0.8125,35.033798555389694,82
multiseed_circle_EI_time,multiseed,curve_circle_out1_EI1,2511,847401,TB,SCL_minus_ICL_lag_median_ms,1.0,36.3069635378215,92
multiseed_circle_EI_time,multiseed,curve_circle_out1_EI0.75,2511,847402,TB,SCL_minus_ICL_lag_median_ms,0.75,34.732627769224564,109
multiseed_circle_EI_time,multiseed,curve_circle_out1_EI1,2511,847402,TB,SCL_minus_ICL_lag_median_ms,1.0,37.10676090066249,94
multiseed_circle_EI_time,multiseed,curve_circle_out1_EI0.75,2711,847401,TB,SCL_minus_ICL_lag_median_ms,0.75,35.28057103637184,81
multiseed_circle_EI_time,multiseed,curve_circle_out1_EI1,2711,847401,TB,SCL_minus_ICL_lag_median_ms,1.0,36.66139187093359,95
multiseed_circle_EI_time,multiseed,curve_circle_out1_EI0.75,2711,847402,TB,SCL_minus_ICL_lag_median_ms,0.75,34.46895324234265,98
multiseed_circle_EI_time,multiseed,curve_circle_out1_EI1,2711,847402,TB,SCL_minus_ICL_lag_median_ms,1.0,36.647656150379134,93
multiseed_circle_EI_time,multiseed,curve_circle_out1_EI0.75,2712,847401,TB,SCL_minus_ICL_lag_median_ms,0.75,34.6829105069919,84
multiseed_circle_EI_time,multiseed,curve_circle_out1_EI1,2712,847401,TB,SCL_minus_ICL_lag_median_ms,1.0,35.77332963384288,110
multiseed_circle_EI_time,multiseed,curve_circle_out1_EI0.75,2712,847402,TB,SCL_minus_ICL_lag_median_ms,0.75,34.27693486047792,103
multiseed_circle_EI_time,multiseed,curve_circle_out1_EI1,2712,847402,TB,SCL_minus_ICL_lag_median_ms,1.0,35.93971625290578,104
multiseed_circle_EI_time,multiseed,curve_circle_out1_EI0.75,2511,847401,TB,recruitment_span_ms_median,0.75,74.0,82
multiseed_circle_EI_time,multiseed,curve_circle_out1_EI0.8125,2511,847401,TB,recruitment_span_ms_median,0.8125,74.0,82
multiseed_circle_EI_time,multiseed,curve_circle_out1_EI1,2511,847401,TB,recruitment_span_ms_median,1.0,88.0,92
multiseed_circle_EI_time,multiseed,curve_circle_out1_EI0.75,2511,847402,TB,recruitment_span_ms_median,0.75,72.0,109
multiseed_circle_EI_time,multiseed,curve_circle_out1_EI1,2511,847402,TB,recruitment_span_ms_median,1.0,94.0,95
multiseed_circle_EI_time,multiseed,curve_circle_out1_EI0.75,2711,847401,TB,recruitment_span_ms_median,0.75,70.0,81
multiseed_circle_EI_time,multiseed,curve_circle_out1_EI1,2711,847401,TB,recruitment_span_ms_median,1.0,84.0,99
multiseed_circle_EI_time,multiseed,curve_circle_out1_EI0.75,2711,847402,TB,recruitment_span_ms_median,0.75,70.0,98
multiseed_circle_EI_time,multiseed,curve_circle_out1_EI1,2711,847402,TB,recruitment_span_ms_median,1.0,84.0,94
multiseed_circle_EI_time,multiseed,curve_circle_out1_EI0.75,2712,847401,TB,recruitment_span_ms_median,0.75,72.0,84
multiseed_circle_EI_time,multiseed,curve_circle_out1_EI1,2712,847401,TB,recruitment_span_ms_median,1.0,78.0,110
multiseed_circle_EI_time,multiseed,curve_circle_out1_EI0.75,2712,847402,TB,recruitment_span_ms_median,0.75,72.0,103
multiseed_circle_EI_time,multiseed,curve_circle_out1_EI1,2712,847402,TB,recruitment_span_ms_median,1.0,80.0,104
multiseed_circle_EI_time,multiseed,curve_circle_out1_EI0.75,2511,847401,TB,local_width_ms_median,0.75,16.0,82
multiseed_circle_EI_time,multiseed,curve_circle_out1_EI0.8125,2511,847401,TB,local_width_ms_median,0.8125,16.0,82
multiseed_circle_EI_time,multiseed,curve_circle_out1_EI1,2511,847401,TB,local_width_ms_median,1.0,16.0,92
multiseed_circle_EI_time,multiseed,curve_circle_out1_EI0.75,2511,847402,TB,local_width_ms_median,0.75,16.0,109
multiseed_circle_EI_time,multiseed,curve_circle_out1_EI1,2511,847402,TB,local_width_ms_median,1.0,16.0,95
multiseed_circle_EI_time,multiseed,curve_circle_out1_EI0.75,2711,847401,TB,local_width_ms_median,0.75,18.0,81
multiseed_circle_EI_time,multiseed,curve_circle_out1_EI1,2711,847401,TB,local_width_ms_median,1.0,16.0,99
multiseed_circle_EI_time,multiseed,curve_circle_out1_EI0.75,2711,847402,TB,local_width_ms_median,0.75,18.0,98
multiseed_circle_EI_time,multiseed,curve_circle_out1_EI1,2711,847402,TB,local_width_ms_median,1.0,16.0,94
multiseed_circle_EI_time,multiseed,curve_circle_out1_EI0.75,2712,847401,TB,local_width_ms_median,0.75,18.0,84
multiseed_circle_EI_time,multiseed,curve_circle_out1_EI1,2712,847401,TB,local_width_ms_median,1.0,16.0,110
multiseed_circle_EI_time,multiseed,curve_circle_out1_EI0.75,2712,847402,TB,local_width_ms_median,0.75,18.0,103
multiseed_circle_EI_time,multiseed,curve_circle_out1_EI1,2712,847402,TB,local_width_ms_median,1.0,16.0,104
multiseed_circle_EI_time,multiseed,curve_circle_out1_EI0.75,2511,847401,TA,SCL_minus_ICL_lag_median_ms,0.75,-19.359521445316204,80
multiseed_circle_EI_time,multiseed,curve_circle_out1_EI0.8125,2511,847401,TA,SCL_minus_ICL_lag_median_ms,0.8125,-17.41808906654842,79
multiseed_circle_EI_time,multiseed,curve_circle_out1_EI1,2511,847401,TA,SCL_minus_ICL_lag_median_ms,1.0,90.88478857249676,21
multiseed_circle_EI_time,multiseed,curve_circle_out1_EI0.75,2511,847402,TA,SCL_minus_ICL_lag_median_ms,0.75,-20.06911709849328,57
multiseed_circle_EI_time,multiseed,curve_circle_out1_EI1,2511,847402,TA,SCL_minus_ICL_lag_median_ms,1.0,89.84069402810746,12
multiseed_circle_EI_time,multiseed,curve_circle_out1_EI0.75,2711,847401,TA,SCL_minus_ICL_lag_median_ms,0.75,-20.072719436488114,93
multiseed_circle_EI_time,multiseed,curve_circle_out1_EI1,2711,847401,TA,SCL_minus_ICL_lag_median_ms,1.0,92.76485168028375,9
multiseed_circle_EI_time,multiseed,curve_circle_out1_EI0.75,2711,847402,TA,SCL_minus_ICL_lag_median_ms,0.75,-19.605864949804527,80
multiseed_circle_EI_time,multiseed,curve_circle_out1_EI1,2711,847402,TA,SCL_minus_ICL_lag_median_ms,1.0,92.982830320213,8
multiseed_circle_EI_time,multiseed,curve_circle_out1_EI0.75,2712,847401,TA,SCL_minus_ICL_lag_median_ms,0.75,-20.62915104113199,83
multiseed_circle_EI_time,multiseed,curve_circle_out1_EI1,2712,847401,TA,SCL_minus_ICL_lag_median_ms,1.0,98.59954017231394,46
multiseed_circle_EI_time,multiseed,curve_circle_out1_EI0.75,2712,847402,TA,SCL_minus_ICL_lag_median_ms,0.75,-20.841320211821767,68
multiseed_circle_EI_time,multiseed,curve_circle_out1_EI1,2712,847402,TA,SCL_minus_ICL_lag_median_ms,1.0,99.26388127243354,40
multiseed_circle_EI_time,multiseed,curve_circle_out1_EI0.75,2511,847401,TA,recruitment_span_ms_median,0.75,48.0,80
multiseed_circle_EI_time,multiseed,curve_circle_out1_EI0.8125,2511,847401,TA,recruitment_span_ms_median,0.8125,46.0,79
multiseed_circle_EI_time,multiseed,curve_circle_out1_EI1,2511,847401,TA,recruitment_span_ms_median,1.0,118.0,21
multiseed_circle_EI_time,multiseed,curve_circle_out1_EI0.75,2511,847402,TA,recruitment_span_ms_median,0.75,48.0,57
multiseed_circle_EI_time,multiseed,curve_circle_out1_EI1,2511,847402,TA,recruitment_span_ms_median,1.0,120.0,12
multiseed_circle_EI_time,multiseed,curve_circle_out1_EI0.75,2711,847401,TA,recruitment_span_ms_median,0.75,48.0,93
multiseed_circle_EI_time,multiseed,curve_circle_out1_EI1,2711,847401,TA,recruitment_span_ms_median,1.0,120.0,9
multiseed_circle_EI_time,multiseed,curve_circle_out1_EI0.75,2711,847402,TA,recruitment_span_ms_median,0.75,48.0,80
multiseed_circle_EI_time,multiseed,curve_circle_out1_EI1,2711,847402,TA,recruitment_span_ms_median,1.0,118.0,8
multiseed_circle_EI_time,multiseed,curve_circle_out1_EI0.75,2712,847401,TA,recruitment_span_ms_median,0.75,48.0,83
multiseed_circle_EI_time,multiseed,curve_circle_out1_EI1,2712,847401,TA,recruitment_span_ms_median,1.0,124.0,46
multiseed_circle_EI_time,multiseed,curve_circle_out1_EI0.75,2712,847402,TA,recruitment_span_ms_median,0.75,48.0,68
multiseed_circle_EI_time,multiseed,curve_circle_out1_EI1,2712,847402,TA,recruitment_span_ms_median,1.0,124.0,40
multiseed_circle_EI_time,multiseed,curve_circle_out1_EI0.75,2511,847401,TA,local_width_ms_median,0.75,16.0,80
multiseed_circle_EI_time,multiseed,curve_circle_out1_EI0.8125,2511,847401,TA,local_width_ms_median,0.8125,16.0,79
multiseed_circle_EI_time,multiseed,curve_circle_out1_EI1,2511,847401,TA,local_width_ms_median,1.0,16.0,21
multiseed_circle_EI_time,multiseed,curve_circle_out1_EI0.75,2511,847402,TA,local_width_ms_median,0.75,16.0,57
multiseed_circle_EI_time,multiseed,curve_circle_out1_EI1,2511,847402,TA,local_width_ms_median,1.0,16.0,12
multiseed_circle_EI_time,multiseed,curve_circle_out1_EI0.75,2711,847401,TA,local_width_ms_median,0.75,16.0,93
multiseed_circle_EI_time,multiseed,curve_circle_out1_EI1,2711,847401,TA,local_width_ms_median,1.0,16.0,9
multiseed_circle_EI_time,multiseed,curve_circle_out1_EI0.75,2711,847402,TA,local_width_ms_median,0.75,16.0,80
multiseed_circle_EI_time,multiseed,curve_circle_out1_EI1,2711,847402,TA,local_width_ms_median,1.0,16.0,8
multiseed_circle_EI_time,multiseed,curve_circle_out1_EI0.75,2712,847401,TA,local_width_ms_median,0.75,16.0,83
multiseed_circle_EI_time,multiseed,curve_circle_out1_EI1,2712,847401,TA,local_width_ms_median,1.0,16.0,46
multiseed_circle_EI_time,multiseed,curve_circle_out1_EI0.75,2712,847402,TA,local_width_ms_median,0.75,16.0,68
multiseed_circle_EI_time,multiseed,curve_circle_out1_EI1,2712,847402,TA,local_width_ms_median,1.0,16.0,40
multiseed_circle_EI_scl,multiseed,curve_circle_out1_EI0.75,2511,847401,TB,pair_0,0.75,0.0,53
multiseed_circle_EI_scl,multiseed,curve_circle_out1_EI0.8125,2511,847401,TB,pair_0,0.8125,0.0,52
multiseed_circle_EI_scl,multiseed,curve_circle_out1_EI1,2511,847401,TB,pair_0,1.0,0.0222222222222222,90
multiseed_circle_EI_scl,multiseed,curve_circle_out1_EI0.75,2511,847402,TB,pair_0,0.75,0.0,62
multiseed_circle_EI_scl,multiseed,curve_circle_out1_EI1,2511,847402,TB,pair_0,1.0,0.010752688172043,93
multiseed_circle_EI_scl,multiseed,curve_circle_out1_EI0.75,2711,847401,TB,pair_0,0.75,0.2,65
multiseed_circle_EI_scl,multiseed,curve_circle_out1_EI1,2711,847401,TB,pair_0,1.0,0.0109890109890109,91
multiseed_circle_EI_scl,multiseed,curve_circle_out1_EI0.75,2711,847402,TB,pair_0,0.75,0.3488372093023256,86
multiseed_circle_EI_scl,multiseed,curve_circle_out1_EI1,2711,847402,TB,pair_0,1.0,0.0113636363636363,88
multiseed_circle_EI_scl,multiseed,curve_circle_out1_EI0.75,2712,847401,TB,pair_0,0.75,0.0,57
multiseed_circle_EI_scl,multiseed,curve_circle_out1_EI1,2712,847401,TB,pair_0,1.0,0.0098039215686274,102
multiseed_circle_EI_scl,multiseed,curve_circle_out1_EI0.75,2712,847402,TB,pair_0,0.75,0.0,66
multiseed_circle_EI_scl,multiseed,curve_circle_out1_EI1,2712,847402,TB,pair_0,1.0,0.010204081632653,98
multiseed_circle_EI_scl,multiseed,curve_circle_out1_EI0.75,2511,847401,TB,pair_1,0.75,0.2328767123287671,73
multiseed_circle_EI_scl,multiseed,curve_circle_out1_EI0.8125,2511,847401,TB,pair_1,0.8125,0.0178571428571428,56
multiseed_circle_EI_scl,multiseed,curve_circle_out1_EI1,2511,847401,TB,pair_1,1.0,0.0142857142857142,70
multiseed_circle_EI_scl,multiseed,curve_circle_out1_EI0.75,2511,847402,TB,pair_1,0.75,0.2888888888888888,90
multiseed_circle_EI_scl,multiseed,curve_circle_out1_EI1,2511,847402,TB,pair_1,1.0,0.0140845070422535,71
multiseed_circle_EI_scl,multiseed,curve_circle_out1_EI0.75,2711,847401,TB,pair_1,0.75,0.3333333333333333,81
multiseed_circle_EI_scl,multiseed,curve_circle_out1_EI1,2711,847401,TB,pair_1,1.0,0.0131578947368421,76
multiseed_circle_EI_scl,multiseed,curve_circle_out1_EI0.75,2711,847402,TB,pair_1,0.75,0.3775510204081632,98
multiseed_circle_EI_scl,multiseed,curve_circle_out1_EI1,2711,847402,TB,pair_1,1.0,0.0,80
multiseed_circle_EI_scl,multiseed,curve_circle_out1_EI0.75,2712,847401,TB,pair_1,0.75,0.0,60
multiseed_circle_EI_scl,multiseed,curve_circle_out1_EI1,2712,847401,TB,pair_1,1.0,0.0,89
multiseed_circle_EI_scl,multiseed,curve_circle_out1_EI0.75,2712,847402,TB,pair_1,0.75,0.0,70
multiseed_circle_EI_scl,multiseed,curve_circle_out1_EI1,2712,847402,TB,pair_1,1.0,0.0,78
multiseed_circle_EI_scl,multiseed,curve_circle_out1_EI0.75,2511,847401,TB,pair_2,0.75,0.2560975609756097,82
multiseed_circle_EI_scl,multiseed,curve_circle_out1_EI0.8125,2511,847401,TB,pair_2,0.8125,0.2839506172839506,81
multiseed_circle_EI_scl,multiseed,curve_circle_out1_EI1,2511,847401,TB,pair_2,1.0,0.0175438596491228,57
multiseed_circle_EI_scl,multiseed,curve_circle_out1_EI0.75,2511,847402,TB,pair_2,0.75,0.3669724770642202,109
multiseed_circle_EI_scl,multiseed,curve_circle_out1_EI1,2511,847402,TB,pair_2,1.0,0.0181818181818181,55
multiseed_circle_EI_scl,multiseed,curve_circle_out1_EI0.75,2711,847401,TB,pair_2,0.75,0.3209876543209876,81
multiseed_circle_EI_scl,multiseed,curve_circle_out1_EI1,2711,847401,TB,pair_2,1.0,0.0357142857142857,56
multiseed_circle_EI_scl,multiseed,curve_circle_out1_EI0.75,2711,847402,TB,pair_2,0.75,0.3061224489795918,98
multiseed_circle_EI_scl,multiseed,curve_circle_out1_EI1,2711,847402,TB,pair_2,1.0,0.0338983050847457,59
multiseed_circle_EI_scl,multiseed,curve_circle_out1_EI0.75,2712,847401,TB,pair_2,0.75,0.238095238095238,84
multiseed_circle_EI_scl,multiseed,curve_circle_out1_EI1,2712,847401,TB,pair_2,1.0,0.0,86
multiseed_circle_EI_scl,multiseed,curve_circle_out1_EI0.75,2712,847402,TB,pair_2,0.75,0.2815533980582524,103
multiseed_circle_EI_scl,multiseed,curve_circle_out1_EI1,2712,847402,TB,pair_2,1.0,0.0,76
multiseed_circle_EI_scl,multiseed,curve_circle_out1_EI1,2511,847401,TA,pair_0,1.0,0.25,20
multiseed_circle_EI_scl,multiseed,curve_circle_out1_EI1,2511,847402,TA,pair_0,1.0,0.0,12
multiseed_circle_EI_scl,multiseed,curve_circle_out1_EI0.75,2711,847401,TA,pair_0,0.75,1.0,55
multiseed_circle_EI_scl,multiseed,curve_circle_out1_EI1,2711,847401,TA,pair_0,1.0,0.0,8
multiseed_circle_EI_scl,multiseed,curve_circle_out1_EI0.75,2711,847402,TA,pair_0,0.75,1.0,47
multiseed_circle_EI_scl,multiseed,curve_circle_out1_EI1,2711,847402,TA,pair_0,1.0,0.0,5
multiseed_circle_EI_scl,multiseed,curve_circle_out1_EI1,2712,847401,TA,pair_0,1.0,0.0256410256410256,39
multiseed_circle_EI_scl,multiseed,curve_circle_out1_EI1,2712,847402,TA,pair_0,1.0,0.0,37
multiseed_circle_EI_scl,multiseed,curve_circle_out1_EI0.75,2511,847401,TA,pair_1,0.75,1.0,39
multiseed_circle_EI_scl,multiseed,curve_circle_out1_EI0.8125,2511,847401,TA,pair_1,0.8125,1.0,3
multiseed_circle_EI_scl,multiseed,curve_circle_out1_EI1,2511,847401,TA,pair_1,1.0,0.4545454545454545,11
multiseed_circle_EI_scl,multiseed,curve_circle_out1_EI0.75,2511,847402,TA,pair_1,0.75,1.0,36
multiseed_circle_EI_scl,multiseed,curve_circle_out1_EI1,2511,847402,TA,pair_1,1.0,0.0,3
multiseed_circle_EI_scl,multiseed,curve_circle_out1_EI0.75,2711,847401,TA,pair_1,0.75,1.0,93
multiseed_circle_EI_scl,multiseed,curve_circle_out1_EI0.75,2711,847402,TA,pair_1,0.75,1.0,80
multiseed_circle_EI_scl,multiseed,curve_circle_out1_EI1,2712,847401,TA,pair_1,1.0,0.2,5
multiseed_circle_EI_scl,multiseed,curve_circle_out1_EI1,2712,847402,TA,pair_1,1.0,0.0,5
multiseed_circle_EI_scl,multiseed,curve_circle_out1_EI0.75,2511,847401,TA,pair_2,0.75,1.0,80
multiseed_circle_EI_scl,multiseed,curve_circle_out1_EI0.8125,2511,847401,TA,pair_2,0.8125,1.0,73
multiseed_circle_EI_scl,multiseed,curve_circle_out1_EI1,2511,847401,TA,pair_2,1.0,0.8,5
multiseed_circle_EI_scl,multiseed,curve_circle_out1_EI0.75,2511,847402,TA,pair_2,0.75,1.0,57
multiseed_circle_EI_scl,multiseed,curve_circle_out1_EI0.75,2711,847401,TA,pair_2,0.75,1.0,93
multiseed_circle_EI_scl,multiseed,curve_circle_out1_EI0.75,2711,847402,TA,pair_2,0.75,1.0,80
multiseed_circle_EI_scl,multiseed,curve_circle_out1_EI1,2711,847402,TA,pair_2,1.0,1.0,3
multiseed_circle_EI_scl,multiseed,curve_circle_out1_EI0.75,2712,847401,TA,pair_2,0.75,1.0,83
multiseed_circle_EI_scl,multiseed,curve_circle_out1_EI0.75,2712,847402,TA,pair_2,0.75,1.0,68
multiseed_circle_EI_scl,multiseed,curve_circle_out1_EI1,2712,847402,TA,pair_2,1.0,0.0,2
multiseed_circle_EI_scl_lag,multiseed,curve_circle_out1_EI0.75,2511,847401,TB,scl_lag_0,0.75,-8.136334672024532,53
multiseed_circle_EI_scl_lag,multiseed,curve_circle_out1_EI0.8125,2511,847401,TB,scl_lag_0,0.8125,-8.168221927792729,52
multiseed_circle_EI_scl_lag,multiseed,curve_circle_out1_EI1,2511,847401,TB,scl_lag_0,1.0,-8.621533295448899,90
multiseed_circle_EI_scl_lag,multiseed,curve_circle_out1_EI0.75,2511,847402,TB,scl_lag_0,0.75,-8.109074418747696,62
multiseed_circle_EI_scl_lag,multiseed,curve_circle_out1_EI1,2511,847402,TB,scl_lag_0,1.0,-8.63657015584613,93
multiseed_circle_EI_scl_lag,multiseed,curve_circle_out1_EI0.75,2711,847401,TB,scl_lag_0,0.75,-7.704074741762724,65
multiseed_circle_EI_scl_lag,multiseed,curve_circle_out1_EI1,2711,847401,TB,scl_lag_0,1.0,-7.925964525988093,91
multiseed_circle_EI_scl_lag,multiseed,curve_circle_out1_EI0.75,2711,847402,TB,scl_lag_0,0.75,-7.659454560398444,86
multiseed_circle_EI_scl_lag,multiseed,curve_circle_out1_EI1,2711,847402,TB,scl_lag_0,1.0,-7.999728107819465,88
multiseed_circle_EI_scl_lag,multiseed,curve_circle_out1_EI0.75,2712,847401,TB,scl_lag_0,0.75,-8.148106252559955,57
multiseed_circle_EI_scl_lag,multiseed,curve_circle_out1_EI1,2712,847401,TB,scl_lag_0,1.0,-9.059925162270249,102
multiseed_circle_EI_scl_lag,multiseed,curve_circle_out1_EI0.75,2712,847402,TB,scl_lag_0,0.75,-8.127686014155188,66
multiseed_circle_EI_scl_lag,multiseed,curve_circle_out1_EI1,2712,847402,TB,scl_lag_0,1.0,-9.018217523373096,98
multiseed_circle_EI_scl_lag,multiseed,curve_circle_out1_EI0.75,2511,847401,TB,scl_lag_1,0.75,-5.039428654701624,73
multiseed_circle_EI_scl_lag,multiseed,curve_circle_out1_EI0.8125,2511,847401,TB,scl_lag_1,0.8125,-5.015777052716658,56
multiseed_circle_EI_scl_lag,multiseed,curve_circle_out1_EI1,2511,847401,TB,scl_lag_1,1.0,-4.869554374481595,70
multiseed_circle_EI_scl_lag,multiseed,curve_circle_out1_EI0.75,2511,847402,TB,scl_lag_1,0.75,-5.001691528353149,90
multiseed_circle_EI_scl_lag,multiseed,curve_circle_out1_EI1,2511,847402,TB,scl_lag_1,1.0,-4.861572735455411,71
multiseed_circle_EI_scl_lag,multiseed,curve_circle_out1_EI0.75,2711,847401,TB,scl_lag_1,0.75,-5.0896098845332745,81
multiseed_circle_EI_scl_lag,multiseed,curve_circle_out1_EI1,2711,847401,TB,scl_lag_1,1.0,-5.890268061652023,76
multiseed_circle_EI_scl_lag,multiseed,curve_circle_out1_EI0.75,2711,847402,TB,scl_lag_1,0.75,-5.031431376326509,98
multiseed_circle_EI_scl_lag,multiseed,curve_circle_out1_EI1,2711,847402,TB,scl_lag_1,1.0,-5.909549027121102,80
multiseed_circle_EI_scl_lag,multiseed,curve_circle_out1_EI0.75,2712,847401,TB,scl_lag_1,0.75,-5.440871897426405,60
multiseed_circle_EI_scl_lag,multiseed,curve_circle_out1_EI1,2712,847401,TB,scl_lag_1,1.0,-5.278198761603562,89
multiseed_circle_EI_scl_lag,multiseed,curve_circle_out1_EI0.75,2712,847402,TB,scl_lag_1,0.75,-5.480852524994589,70
multiseed_circle_EI_scl_lag,multiseed,curve_circle_out1_EI1,2712,847402,TB,scl_lag_1,1.0,-5.298375157254668,78
multiseed_circle_EI_scl_lag,multiseed,curve_circle_out1_EI0.75,2511,847401,TB,scl_lag_2,0.75,-8.225003949428356,82
multiseed_circle_EI_scl_lag,multiseed,curve_circle_out1_EI0.8125,2511,847401,TB,scl_lag_2,0.8125,-8.568691913395014,81
multiseed_circle_EI_scl_lag,multiseed,curve_circle_out1_EI1,2511,847401,TB,scl_lag_2,1.0,-8.380497422607732,57
multiseed_circle_EI_scl_lag,multiseed,curve_circle_out1_EI0.75,2511,847402,TB,scl_lag_2,0.75,-8.114975452741419,109
multiseed_circle_EI_scl_lag,multiseed,curve_circle_out1_EI1,2511,847402,TB,scl_lag_2,1.0,-8.409043855237542,55
multiseed_circle_EI_scl_lag,multiseed,curve_circle_out1_EI0.75,2711,847401,TB,scl_lag_2,0.75,-7.608120848744875,81
multiseed_circle_EI_scl_lag,multiseed,curve_circle_out1_EI1,2711,847401,TB,scl_lag_2,1.0,-8.486325398805548,56
multiseed_circle_EI_scl_lag,multiseed,curve_circle_out1_EI0.75,2711,847402,TB,scl_lag_2,0.75,-7.530223095277506,98
multiseed_circle_EI_scl_lag,multiseed,curve_circle_out1_EI1,2711,847402,TB,scl_lag_2,1.0,-8.44551236731786,59
multiseed_circle_EI_scl_lag,multiseed,curve_circle_out1_EI0.75,2712,847401,TB,scl_lag_2,0.75,-8.39515633012843,84
multiseed_circle_EI_scl_lag,multiseed,curve_circle_out1_EI1,2712,847401,TB,scl_lag_2,1.0,-8.739357878035662,86
multiseed_circle_EI_scl_lag,multiseed,curve_circle_out1_EI0.75,2712,847402,TB,scl_lag_2,0.75,-8.43596445795265,103
multiseed_circle_EI_scl_lag,multiseed,curve_circle_out1_EI1,2712,847402,TB,scl_lag_2,1.0,-8.720948332133048,76
multiseed_circle_EI_scl_lag,multiseed,curve_circle_out1_EI1,2511,847401,TA,scl_lag_0,1.0,-6.949035141648437,20
multiseed_circle_EI_scl_lag,multiseed,curve_circle_out1_EI1,2511,847402,TA,scl_lag_0,1.0,-8.127282025146997,12
multiseed_circle_EI_scl_lag,multiseed,curve_circle_out1_EI0.75,2711,847401,TA,scl_lag_0,0.75,2.543942084955233,55
multiseed_circle_EI_scl_lag,multiseed,curve_circle_out1_EI1,2711,847401,TA,scl_lag_0,1.0,-6.593128983725364,8
multiseed_circle_EI_scl_lag,multiseed,curve_circle_out1_EI0.75,2711,847402,TA,scl_lag_0,0.75,2.565788112337032,47
multiseed_circle_EI_scl_lag,multiseed,curve_circle_out1_EI1,2711,847402,TA,scl_lag_0,1.0,-6.432921479125071,5
multiseed_circle_EI_scl_lag,multiseed,curve_circle_out1_EI1,2712,847401,TA,scl_lag_0,1.0,-5.901323389716708,39
multiseed_circle_EI_scl_lag,multiseed,curve_circle_out1_EI1,2712,847402,TA,scl_lag_0,1.0,-5.913349906260919,37
multiseed_circle_EI_scl_lag,multiseed,curve_circle_out1_EI0.75,2511,847401,TA,scl_lag_1,0.75,3.62552703583242,39
multiseed_circle_EI_scl_lag,multiseed,curve_circle_out1_EI0.8125,2511,847401,TA,scl_lag_1,0.8125,3.821486806620669,3
multiseed_circle_EI_scl_lag,multiseed,curve_circle_out1_EI1,2511,847401,TA,scl_lag_1,1.0,-4.864135233581692,11
multiseed_circle_EI_scl_lag,multiseed,curve_circle_out1_EI0.75,2511,847402,TA,scl_lag_1,0.75,3.615945812067366,36
multiseed_circle_EI_scl_lag,multiseed,curve_circle_out1_EI1,2511,847402,TA,scl_lag_1,1.0,-5.0559224759072094,3
multiseed_circle_EI_scl_lag,multiseed,curve_circle_out1_EI0.75,2711,847401,TA,scl_lag_1,0.75,2.656959082305548,93
multiseed_circle_EI_scl_lag,multiseed,curve_circle_out1_EI0.75,2711,847402,TA,scl_lag_1,0.75,2.728513366118932,80
multiseed_circle_EI_scl_lag,multiseed,curve_circle_out1_EI1,2712,847401,TA,scl_lag_1,1.0,-3.841056783530803,5
multiseed_circle_EI_scl_lag,multiseed,curve_circle_out1_EI1,2712,847402,TA,scl_lag_1,1.0,-3.64654645974224,5
multiseed_circle_EI_scl_lag,multiseed,curve_circle_out1_EI0.75,2511,847401,TA,scl_lag_2,0.75,7.422497989475232,80
multiseed_circle_EI_scl_lag,multiseed,curve_circle_out1_EI0.8125,2511,847401,TA,scl_lag_2,0.8125,7.666926316308491,73
multiseed_circle_EI_scl_lag,multiseed,curve_circle_out1_EI1,2511,847401,TA,scl_lag_2,1.0,10.405135773638904,5
multiseed_circle_EI_scl_lag,multiseed,curve_circle_out1_EI0.75,2511,847402,TA,scl_lag_2,0.75,7.3395900835676,57
multiseed_circle_EI_scl_lag,multiseed,curve_circle_out1_EI0.75,2711,847401,TA,scl_lag_2,0.75,6.09450418043707,93
multiseed_circle_EI_scl_lag,multiseed,curve_circle_out1_EI0.75,2711,847402,TA,scl_lag_2,0.75,6.127226456917924,80
multiseed_circle_EI_scl_lag,multiseed,curve_circle_out1_EI1,2711,847402,TA,scl_lag_2,1.0,7.280863437346852,3
multiseed_circle_EI_scl_lag,multiseed,curve_circle_out1_EI0.75,2712,847401,TA,scl_lag_2,0.75,6.797700989118312,83
multiseed_circle_EI_scl_lag,multiseed,curve_circle_out1_EI0.75,2712,847402,TA,scl_lag_2,0.75,6.980519848157201,68
multiseed_circle_EI_scl_lag,multiseed,curve_circle_out1_EI1,2712,847402,TA,scl_lag_2,1.0,-113.28995493732693,2
multiseed_circle_EI_support,multiseed,curve_circle_out1_EI0.75,2511,847401,TB,SCL_upper_participation,0.75,0.7682926829268293,82
multiseed_circle_EI_support,multiseed,curve_circle_out1_EI0.8125,2511,847401,TB,SCL_upper_participation,0.8125,0.6707317073170732,82
multiseed_circle_EI_support,multiseed,curve_circle_out1_EI1,2511,847401,TB,SCL_upper_participation,1.0,0.9782608695652174,92
multiseed_circle_EI_support,multiseed,curve_circle_out1_EI0.75,2511,847402,TB,SCL_upper_participation,0.75,0.6972477064220184,109
multiseed_circle_EI_support,multiseed,curve_circle_out1_EI1,2511,847402,TB,SCL_upper_participation,1.0,0.9789473684210528,95
multiseed_circle_EI_support,multiseed,curve_circle_out1_EI0.75,2711,847401,TB,SCL_upper_participation,0.75,0.9012345679012346,81
multiseed_circle_EI_support,multiseed,curve_circle_out1_EI1,2711,847401,TB,SCL_upper_participation,1.0,0.9242424242424244,99
multiseed_circle_EI_support,multiseed,curve_circle_out1_EI0.75,2711,847402,TB,SCL_upper_participation,0.75,0.9387755102040816,98
multiseed_circle_EI_support,multiseed,curve_circle_out1_EI1,2711,847402,TB,SCL_upper_participation,1.0,0.952127659574468,94
multiseed_circle_EI_support,multiseed,curve_circle_out1_EI0.75,2712,847401,TB,SCL_upper_participation,0.75,0.6964285714285714,84
multiseed_circle_EI_support,multiseed,curve_circle_out1_EI1,2712,847401,TB,SCL_upper_participation,1.0,0.9545454545454546,110
multiseed_circle_EI_support,multiseed,curve_circle_out1_EI0.75,2712,847402,TB,SCL_upper_participation,0.75,0.6601941747572816,103
multiseed_circle_EI_support,multiseed,curve_circle_out1_EI1,2712,847402,TB,SCL_upper_participation,1.0,0.9567307692307692,104
multiseed_circle_EI_support,multiseed,curve_circle_out1_EI0.75,2511,847401,TB,mode_fraction,0.75,0.5061728395061729,82
multiseed_circle_EI_support,multiseed,curve_circle_out1_EI0.8125,2511,847401,TB,mode_fraction,0.8125,0.5093167701863354,82
multiseed_circle_EI_support,multiseed,curve_circle_out1_EI1,2511,847401,TB,mode_fraction,1.0,0.8141592920353983,92
multiseed_circle_EI_support,multiseed,curve_circle_out1_EI0.75,2511,847402,TB,mode_fraction,0.75,0.6566265060240963,109
multiseed_circle_EI_support,multiseed,curve_circle_out1_EI1,2511,847402,TB,mode_fraction,1.0,0.8878504672897196,95
multiseed_circle_EI_support,multiseed,curve_circle_out1_EI0.75,2711,847401,TB,mode_fraction,0.75,0.46551724137931033,81
multiseed_circle_EI_support,multiseed,curve_circle_out1_EI1,2711,847401,TB,mode_fraction,1.0,0.9166666666666666,99
multiseed_circle_EI_support,multiseed,curve_circle_out1_EI0.75,2711,847402,TB,mode_fraction,0.75,0.550561797752809,98
multiseed_circle_EI_support,multiseed,curve_circle_out1_EI1,2711,847402,TB,mode_fraction,1.0,0.9215686274509803,94
multiseed_circle_EI_support,multiseed,curve_circle_out1_EI0.75,2712,847401,TB,mode_fraction,0.75,0.5029940119760479,84
multiseed_circle_EI_support,multiseed,curve_circle_out1_EI1,2712,847401,TB,mode_fraction,1.0,0.7051282051282052,110
multiseed_circle_EI_support,multiseed,curve_circle_out1_EI0.75,2712,847402,TB,mode_fraction,0.75,0.6023391812865497,103
multiseed_circle_EI_support,multiseed,curve_circle_out1_EI1,2712,847402,TB,mode_fraction,1.0,0.7222222222222222,104
multiseed_circle_EI_support,multiseed,curve_circle_out1_EI0.75,2511,847401,TB,n,0.75,82.0,82
multiseed_circle_EI_support,multiseed,curve_circle_out1_EI0.8125,2511,847401,TB,n,0.8125,82.0,82
multiseed_circle_EI_support,multiseed,curve_circle_out1_EI1,2511,847401,TB,n,1.0,92.0,92
multiseed_circle_EI_support,multiseed,curve_circle_out1_EI0.75,2511,847402,TB,n,0.75,109.0,109
multiseed_circle_EI_support,multiseed,curve_circle_out1_EI1,2511,847402,TB,n,1.0,95.0,95
multiseed_circle_EI_support,multiseed,curve_circle_out1_EI0.75,2711,847401,TB,n,0.75,81.0,81
multiseed_circle_EI_support,multiseed,curve_circle_out1_EI1,2711,847401,TB,n,1.0,99.0,99
multiseed_circle_EI_support,multiseed,curve_circle_out1_EI0.75,2711,847402,TB,n,0.75,98.0,98
multiseed_circle_EI_support,multiseed,curve_circle_out1_EI1,2711,847402,TB,n,1.0,94.0,94
multiseed_circle_EI_support,multiseed,curve_circle_out1_EI0.75,2712,847401,TB,n,0.75,84.0,84
multiseed_circle_EI_support,multiseed,curve_circle_out1_EI1,2712,847401,TB,n,1.0,110.0,110
multiseed_circle_EI_support,multiseed,curve_circle_out1_EI0.75,2712,847402,TB,n,0.75,103.0,103
multiseed_circle_EI_support,multiseed,curve_circle_out1_EI1,2712,847402,TB,n,1.0,104.0,104
multiseed_circle_EI_support,multiseed,curve_circle_out1_EI0.75,2511,847401,TA,SCL_upper_participation,0.75,0.24375,80
multiseed_circle_EI_support,multiseed,curve_circle_out1_EI0.8125,2511,847401,TA,SCL_upper_participation,0.8125,0.0189873417721519,79
multiseed_circle_EI_support,multiseed,curve_circle_out1_EI1,2511,847401,TA,SCL_upper_participation,1.0,0.9523809523809524,21
multiseed_circle_EI_support,multiseed,curve_circle_out1_EI0.75,2511,847402,TA,SCL_upper_participation,0.75,0.3157894736842105,57
multiseed_circle_EI_support,multiseed,curve_circle_out1_EI1,2511,847402,TA,SCL_upper_participation,1.0,1.0,12
multiseed_circle_EI_support,multiseed,curve_circle_out1_EI0.75,2711,847401,TA,SCL_upper_participation,0.75,0.7956989247311828,93
multiseed_circle_EI_support,multiseed,curve_circle_out1_EI1,2711,847401,TA,SCL_upper_participation,1.0,0.9444444444444444,9
multiseed_circle_EI_support,multiseed,curve_circle_out1_EI0.75,2711,847402,TA,SCL_upper_participation,0.75,0.79375,80
multiseed_circle_EI_support,multiseed,curve_circle_out1_EI1,2711,847402,TA,SCL_upper_participation,1.0,0.6875,8
multiseed_circle_EI_support,multiseed,curve_circle_out1_EI0.75,2712,847401,TA,SCL_upper_participation,0.75,0.0180722891566265,83
multiseed_circle_EI_support,multiseed,curve_circle_out1_EI1,2712,847401,TA,SCL_upper_participation,1.0,0.9239130434782608,46
multiseed_circle_EI_support,multiseed,curve_circle_out1_EI0.75,2712,847402,TA,SCL_upper_participation,0.75,0.0367647058823529,68
multiseed_circle_EI_support,multiseed,curve_circle_out1_EI1,2712,847402,TA,SCL_upper_participation,1.0,0.95,40
multiseed_circle_EI_support,multiseed,curve_circle_out1_EI0.75,2511,847401,TA,mode_fraction,0.75,0.49382716049382713,80
multiseed_circle_EI_support,multiseed,curve_circle_out1_EI0.8125,2511,847401,TA,mode_fraction,0.8125,0.4906832298136646,79
multiseed_circle_EI_support,multiseed,curve_circle_out1_EI1,2511,847401,TA,mode_fraction,1.0,0.18584070796460178,21
multiseed_circle_EI_support,multiseed,curve_circle_out1_EI0.75,2511,847402,TA,mode_fraction,0.75,0.3433734939759036,57
multiseed_circle_EI_support,multiseed,curve_circle_out1_EI1,2511,847402,TA,mode_fraction,1.0,0.11214953271028037,12
multiseed_circle_EI_support,multiseed,curve_circle_out1_EI0.75,2711,847401,TA,mode_fraction,0.75,0.5344827586206896,93
multiseed_circle_EI_support,multiseed,curve_circle_out1_EI1,2711,847401,TA,mode_fraction,1.0,0.08333333333333333,9
multiseed_circle_EI_support,multiseed,curve_circle_out1_EI0.75,2711,847402,TA,mode_fraction,0.75,0.449438202247191,80
multiseed_circle_EI_support,multiseed,curve_circle_out1_EI1,2711,847402,TA,mode_fraction,1.0,0.0784313725490196,8
multiseed_circle_EI_support,multiseed,curve_circle_out1_EI0.75,2712,847401,TA,mode_fraction,0.75,0.49700598802395207,83
multiseed_circle_EI_support,multiseed,curve_circle_out1_EI1,2712,847401,TA,mode_fraction,1.0,0.2948717948717949,46
multiseed_circle_EI_support,multiseed,curve_circle_out1_EI0.75,2712,847402,TA,mode_fraction,0.75,0.39766081871345027,68
multiseed_circle_EI_support,multiseed,curve_circle_out1_EI1,2712,847402,TA,mode_fraction,1.0,0.2777777777777778,40
multiseed_circle_EI_support,multiseed,curve_circle_out1_EI0.75,2511,847401,TA,n,0.75,80.0,80
multiseed_circle_EI_support,multiseed,curve_circle_out1_EI0.8125,2511,847401,TA,n,0.8125,79.0,79
multiseed_circle_EI_support,multiseed,curve_circle_out1_EI1,2511,847401,TA,n,1.0,21.0,21
multiseed_circle_EI_support,multiseed,curve_circle_out1_EI0.75,2511,847402,TA,n,0.75,57.0,57
multiseed_circle_EI_support,multiseed,curve_circle_out1_EI1,2511,847402,TA,n,1.0,12.0,12
multiseed_circle_EI_support,multiseed,curve_circle_out1_EI0.75,2711,847401,TA,n,0.75,93.0,93
multiseed_circle_EI_support,multiseed,curve_circle_out1_EI1,2711,847401,TA,n,1.0,9.0,9
multiseed_circle_EI_support,multiseed,curve_circle_out1_EI0.75,2711,847402,TA,n,0.75,80.0,80
multiseed_circle_EI_support,multiseed,curve_circle_out1_EI1,2711,847402,TA,n,1.0,8.0,8
multiseed_circle_EI_support,multiseed,curve_circle_out1_EI0.75,2712,847401,TA,n,0.75,83.0,83
multiseed_circle_EI_support,multiseed,curve_circle_out1_EI1,2712,847401,TA,n,1.0,46.0,46
multiseed_circle_EI_support,multiseed,curve_circle_out1_EI0.75,2712,847402,TA,n,0.75,68.0,68
multiseed_circle_EI_support,multiseed,curve_circle_out1_EI1,2712,847402,TA,n,1.0,40.0,40
multiseed_ellipse4_EI_original,multiseed,curve_ellipse4_out1_EI0.75,2511,847401,TB,participation_mae,0.75,0.2255559160328274,126
multiseed_ellipse4_EI_original,multiseed,curve_ellipse4_out1_EI1,2511,847401,TB,participation_mae,1.0,0.2067199371968486,90
multiseed_ellipse4_EI_original,multiseed,curve_ellipse4_out1_EI0.75,2511,847402,TB,participation_mae,0.75,0.2299727552322754,138
multiseed_ellipse4_EI_original,multiseed,curve_ellipse4_out1_EI1,2511,847402,TB,participation_mae,1.0,0.2052384557153671,90
multiseed_ellipse4_EI_original,multiseed,curve_ellipse4_out1_EI0.75,2711,847401,TB,participation_mae,0.75,0.2308031940073781,121
multiseed_ellipse4_EI_original,multiseed,curve_ellipse4_out1_EI1,2711,847401,TB,participation_mae,1.0,0.1543410198179312,104
multiseed_ellipse4_EI_original,multiseed,curve_ellipse4_out1_EI0.75,2711,847402,TB,participation_mae,0.75,0.231344898292398,119
multiseed_ellipse4_EI_original,multiseed,curve_ellipse4_out1_EI1,2711,847402,TB,participation_mae,1.0,0.1519774581545966,96
multiseed_ellipse4_EI_original,multiseed,curve_ellipse4_out1_EI0.75,2712,847401,TB,participation_mae,0.75,0.2182146461915576,112
multiseed_ellipse4_EI_original,multiseed,curve_ellipse4_out1_EI1,2712,847401,TB,participation_mae,1.0,0.203076293553205,111
multiseed_ellipse4_EI_original,multiseed,curve_ellipse4_out1_EI0.75,2712,847402,TB,participation_mae,0.75,0.2236363885319046,129
multiseed_ellipse4_EI_original,multiseed,curve_ellipse4_out1_EI1,2712,847402,TB,participation_mae,1.0,0.2134177274240506,119
multiseed_ellipse4_EI_original,multiseed,curve_ellipse4_out1_EI0.75,2511,847401,TB,rank_correlation,0.75,0.5107142857142856,126
multiseed_ellipse4_EI_original,multiseed,curve_ellipse4_out1_EI1,2511,847401,TB,rank_correlation,1.0,0.5071428571428571,90
multiseed_ellipse4_EI_original,multiseed,curve_ellipse4_out1_EI0.75,2511,847402,TB,rank_correlation,0.75,0.5071428571428571,138
multiseed_ellipse4_EI_original,multiseed,curve_ellipse4_out1_EI1,2511,847402,TB,rank_correlation,1.0,0.5071428571428571,90
multiseed_ellipse4_EI_original,multiseed,curve_ellipse4_out1_EI0.75,2711,847401,TB,rank_correlation,0.75,0.5214285714285714,121
multiseed_ellipse4_EI_original,multiseed,curve_ellipse4_out1_EI1,2711,847401,TB,rank_correlation,1.0,0.4964285714285714,104
multiseed_ellipse4_EI_original,multiseed,curve_ellipse4_out1_EI0.75,2711,847402,TB,rank_correlation,0.75,0.5214285714285714,119
multiseed_ellipse4_EI_original,multiseed,curve_ellipse4_out1_EI1,2711,847402,TB,rank_correlation,1.0,0.5249999999999999,96
multiseed_ellipse4_EI_original,multiseed,curve_ellipse4_out1_EI0.75,2712,847401,TB,rank_correlation,0.75,0.5071428571428571,112
multiseed_ellipse4_EI_original,multiseed,curve_ellipse4_out1_EI1,2712,847401,TB,rank_correlation,1.0,0.5071428571428571,111
multiseed_ellipse4_EI_original,multiseed,curve_ellipse4_out1_EI0.75,2712,847402,TB,rank_correlation,0.75,0.5071428571428571,129
multiseed_ellipse4_EI_original,multiseed,curve_ellipse4_out1_EI1,2712,847402,TB,rank_correlation,1.0,0.5071428571428571,119
multiseed_ellipse4_EI_original,multiseed,curve_ellipse4_out1_EI0.75,2511,847401,TB,no_SCL,0.75,0.0,126
multiseed_ellipse4_EI_original,multiseed,curve_ellipse4_out1_EI1,2511,847401,TB,no_SCL,1.0,0.0,90
multiseed_ellipse4_EI_original,multiseed,curve_ellipse4_out1_EI0.75,2511,847402,TB,no_SCL,0.75,0.0,138
multiseed_ellipse4_EI_original,multiseed,curve_ellipse4_out1_EI1,2511,847402,TB,no_SCL,1.0,0.0,90
multiseed_ellipse4_EI_original,multiseed,curve_ellipse4_out1_EI0.75,2711,847401,TB,no_SCL,0.75,0.0,121
multiseed_ellipse4_EI_original,multiseed,curve_ellipse4_out1_EI1,2711,847401,TB,no_SCL,1.0,0.0,104
multiseed_ellipse4_EI_original,multiseed,curve_ellipse4_out1_EI0.75,2711,847402,TB,no_SCL,0.75,0.0,119
multiseed_ellipse4_EI_original,multiseed,curve_ellipse4_out1_EI1,2711,847402,TB,no_SCL,1.0,0.01041666666666663,96
multiseed_ellipse4_EI_original,multiseed,curve_ellipse4_out1_EI0.75,2712,847401,TB,no_SCL,0.75,0.0,112
multiseed_ellipse4_EI_original,multiseed,curve_ellipse4_out1_EI1,2712,847401,TB,no_SCL,1.0,0.0,111
multiseed_ellipse4_EI_original,multiseed,curve_ellipse4_out1_EI0.75,2712,847402,TB,no_SCL,0.75,0.0,129
multiseed_ellipse4_EI_original,multiseed,curve_ellipse4_out1_EI1,2712,847402,TB,no_SCL,1.0,0.0,119
multiseed_ellipse4_EI_original,multiseed,curve_ellipse4_out1_EI0.75,2511,847401,TA,participation_mae,0.75,0.1481945499430307,32
multiseed_ellipse4_EI_original,multiseed,curve_ellipse4_out1_EI1,2511,847401,TA,participation_mae,1.0,0.1922813014305608,16
multiseed_ellipse4_EI_original,multiseed,curve_ellipse4_out1_EI0.75,2511,847402,TA,participation_mae,0.75,0.1459562693288481,21
multiseed_ellipse4_EI_original,multiseed,curve_ellipse4_out1_EI1,2511,847402,TA,participation_mae,1.0,0.1776742484984034,18
multiseed_ellipse4_EI_original,multiseed,curve_ellipse4_out1_EI0.75,2711,847401,TA,participation_mae,0.75,0.1493353589061906,50
multiseed_ellipse4_EI_original,multiseed,curve_ellipse4_out1_EI1,2711,847401,TA,participation_mae,1.0,0.3349104317002151,16
multiseed_ellipse4_EI_original,multiseed,curve_ellipse4_out1_EI0.75,2711,847402,TA,participation_mae,0.75,0.1490821622990251,39
multiseed_ellipse4_EI_original,multiseed,curve_ellipse4_out1_EI1,2711,847402,TA,participation_mae,1.0,0.3150030242928078,9
multiseed_ellipse4_EI_original,multiseed,curve_ellipse4_out1_EI0.75,2712,847401,TA,participation_mae,0.75,0.2863656292268842,38
multiseed_ellipse4_EI_original,multiseed,curve_ellipse4_out1_EI1,2712,847401,TA,participation_mae,1.0,0.3313518354409606,27
multiseed_ellipse4_EI_original,multiseed,curve_ellipse4_out1_EI0.75,2712,847402,TA,participation_mae,0.75,0.2833581104298917,28
multiseed_ellipse4_EI_original,multiseed,curve_ellipse4_out1_EI1,2712,847402,TA,participation_mae,1.0,0.3416773124331043,22
multiseed_ellipse4_EI_original,multiseed,curve_ellipse4_out1_EI0.75,2511,847401,TA,rank_correlation,0.75,0.8035714285714284,32
multiseed_ellipse4_EI_original,multiseed,curve_ellipse4_out1_EI1,2511,847401,TA,rank_correlation,1.0,0.1464285714285714,16
multiseed_ellipse4_EI_original,multiseed,curve_ellipse4_out1_EI0.75,2511,847402,TA,rank_correlation,0.75,0.8035714285714284,21
multiseed_ellipse4_EI_original,multiseed,curve_ellipse4_out1_EI1,2511,847402,TA,rank_correlation,1.0,0.1714285714285714,18
multiseed_ellipse4_EI_original,multiseed,curve_ellipse4_out1_EI0.75,2711,847401,TA,rank_correlation,0.75,0.8499999999999999,50
multiseed_ellipse4_EI_original,multiseed,curve_ellipse4_out1_EI1,2711,847401,TA,rank_correlation,1.0,0.0857142857142857,16
multiseed_ellipse4_EI_original,multiseed,curve_ellipse4_out1_EI0.75,2711,847402,TA,rank_correlation,0.75,0.8428571428571429,39
multiseed_ellipse4_EI_original,multiseed,curve_ellipse4_out1_EI1,2711,847402,TA,rank_correlation,1.0,0.3,9
multiseed_ellipse4_EI_original,multiseed,curve_ellipse4_out1_EI0.75,2712,847401,TA,rank_correlation,0.75,0.8846153846153846,38
multiseed_ellipse4_EI_original,multiseed,curve_ellipse4_out1_EI1,2712,847401,TA,rank_correlation,1.0,0.2857142857142856,27
multiseed_ellipse4_EI_original,multiseed,curve_ellipse4_out1_EI0.75,2712,847402,TA,rank_correlation,0.75,0.8956043956043955,28
multiseed_ellipse4_EI_original,multiseed,curve_ellipse4_out1_EI1,2712,847402,TA,rank_correlation,1.0,0.0464285714285714,22
multiseed_ellipse4_EI_original,multiseed,curve_ellipse4_out1_EI0.75,2511,847401,TA,no_SCL,0.75,0.0,32
multiseed_ellipse4_EI_original,multiseed,curve_ellipse4_out1_EI1,2511,847401,TA,no_SCL,1.0,0.0,16
multiseed_ellipse4_EI_original,multiseed,curve_ellipse4_out1_EI0.75,2511,847402,TA,no_SCL,0.75,0.0,21
multiseed_ellipse4_EI_original,multiseed,curve_ellipse4_out1_EI1,2511,847402,TA,no_SCL,1.0,0.0,18
multiseed_ellipse4_EI_original,multiseed,curve_ellipse4_out1_EI0.75,2711,847401,TA,no_SCL,0.75,0.0,50
multiseed_ellipse4_EI_original,multiseed,curve_ellipse4_out1_EI1,2711,847401,TA,no_SCL,1.0,0.0,16
multiseed_ellipse4_EI_original,multiseed,curve_ellipse4_out1_EI0.75,2711,847402,TA,no_SCL,0.75,0.0,39
multiseed_ellipse4_EI_original,multiseed,curve_ellipse4_out1_EI1,2711,847402,TA,no_SCL,1.0,0.0,9
multiseed_ellipse4_EI_original,multiseed,curve_ellipse4_out1_EI0.75,2712,847401,TA,no_SCL,0.75,0.0,38
multiseed_ellipse4_EI_original,multiseed,curve_ellipse4_out1_EI1,2712,847401,TA,no_SCL,1.0,0.0,27
multiseed_ellipse4_EI_original,multiseed,curve_ellipse4_out1_EI0.75,2712,847402,TA,no_SCL,0.75,0.0,28
multiseed_ellipse4_EI_original,multiseed,curve_ellipse4_out1_EI1,2712,847402,TA,no_SCL,1.0,0.0,22
multiseed_ellipse4_EI_time,multiseed,curve_ellipse4_out1_EI0.75,2511,847401,TB,SCL_minus_ICL_lag_median_ms,0.75,35.00538095744423,126
multiseed_ellipse4_EI_time,multiseed,curve_ellipse4_out1_EI1,2511,847401,TB,SCL_minus_ICL_lag_median_ms,1.0,36.36086833868285,90
multiseed_ellipse4_EI_time,multiseed,curve_ellipse4_out1_EI0.75,2511,847402,TB,SCL_minus_ICL_lag_median_ms,0.75,35.195214775423665,138
multiseed_ellipse4_EI_time,multiseed,curve_ellipse4_out1_EI1,2511,847402,TB,SCL_minus_ICL_lag_median_ms,1.0,36.32766814682691,90
multiseed_ellipse4_EI_time,multiseed,curve_ellipse4_out1_EI0.75,2711,847401,TB,SCL_minus_ICL_lag_median_ms,0.75,35.43284990317261,121
multiseed_ellipse4_EI_time,multiseed,curve_ellipse4_out1_EI1,2711,847401,TB,SCL_minus_ICL_lag_median_ms,1.0,36.45903450554397,104
multiseed_ellipse4_EI_time,multiseed,curve_ellipse4_out1_EI0.75,2711,847402,TB,SCL_minus_ICL_lag_median_ms,0.75,35.29288134575836,119
multiseed_ellipse4_EI_time,multiseed,curve_ellipse4_out1_EI1,2711,847402,TB,SCL_minus_ICL_lag_median_ms,1.0,36.683496669378655,95
multiseed_ellipse4_EI_time,multiseed,curve_ellipse4_out1_EI0.75,2712,847401,TB,SCL_minus_ICL_lag_median_ms,0.75,34.62616319533845,112
multiseed_ellipse4_EI_time,multiseed,curve_ellipse4_out1_EI1,2712,847401,TB,SCL_minus_ICL_lag_median_ms,1.0,35.798386832727374,111
multiseed_ellipse4_EI_time,multiseed,curve_ellipse4_out1_EI0.75,2712,847402,TB,SCL_minus_ICL_lag_median_ms,0.75,34.75552490012706,129
multiseed_ellipse4_EI_time,multiseed,curve_ellipse4_out1_EI1,2712,847402,TB,SCL_minus_ICL_lag_median_ms,1.0,35.90419557911628,119
multiseed_ellipse4_EI_time,multiseed,curve_ellipse4_out1_EI0.75,2511,847401,TB,recruitment_span_ms_median,0.75,74.0,126
multiseed_ellipse4_EI_time,multiseed,curve_ellipse4_out1_EI1,2511,847401,TB,recruitment_span_ms_median,1.0,88.0,90
multiseed_ellipse4_EI_time,multiseed,curve_ellipse4_out1_EI0.75,2511,847402,TB,recruitment_span_ms_median,0.75,74.0,138
multiseed_ellipse4_EI_time,multiseed,curve_ellipse4_out1_EI1,2511,847402,TB,recruitment_span_ms_median,1.0,88.0,90
multiseed_ellipse4_EI_time,multiseed,curve_ellipse4_out1_EI0.75,2711,847401,TB,recruitment_span_ms_median,0.75,72.0,121
multiseed_ellipse4_EI_time,multiseed,curve_ellipse4_out1_EI1,2711,847401,TB,recruitment_span_ms_median,1.0,82.0,104
multiseed_ellipse4_EI_time,multiseed,curve_ellipse4_out1_EI0.75,2711,847402,TB,recruitment_span_ms_median,0.75,72.0,119
multiseed_ellipse4_EI_time,multiseed,curve_ellipse4_out1_EI1,2711,847402,TB,recruitment_span_ms_median,1.0,82.0,96
multiseed_ellipse4_EI_time,multiseed,curve_ellipse4_out1_EI0.75,2712,847401,TB,recruitment_span_ms_median,0.75,72.0,112
multiseed_ellipse4_EI_time,multiseed,curve_ellipse4_out1_EI1,2712,847401,TB,recruitment_span_ms_median,1.0,80.0,111
multiseed_ellipse4_EI_time,multiseed,curve_ellipse4_out1_EI0.75,2712,847402,TB,recruitment_span_ms_median,0.75,72.0,129
multiseed_ellipse4_EI_time,multiseed,curve_ellipse4_out1_EI1,2712,847402,TB,recruitment_span_ms_median,1.0,78.0,119
multiseed_ellipse4_EI_time,multiseed,curve_ellipse4_out1_EI0.75,2511,847401,TB,local_width_ms_median,0.75,17.0,126
multiseed_ellipse4_EI_time,multiseed,curve_ellipse4_out1_EI1,2511,847401,TB,local_width_ms_median,1.0,16.0,90
multiseed_ellipse4_EI_time,multiseed,curve_ellipse4_out1_EI0.75,2511,847402,TB,local_width_ms_median,0.75,16.0,138
multiseed_ellipse4_EI_time,multiseed,curve_ellipse4_out1_EI1,2511,847402,TB,local_width_ms_median,1.0,16.0,90
multiseed_ellipse4_EI_time,multiseed,curve_ellipse4_out1_EI0.75,2711,847401,TB,local_width_ms_median,0.75,18.0,121
multiseed_ellipse4_EI_time,multiseed,curve_ellipse4_out1_EI1,2711,847401,TB,local_width_ms_median,1.0,16.0,104
multiseed_ellipse4_EI_time,multiseed,curve_ellipse4_out1_EI0.75,2711,847402,TB,local_width_ms_median,0.75,18.0,119
multiseed_ellipse4_EI_time,multiseed,curve_ellipse4_out1_EI1,2711,847402,TB,local_width_ms_median,1.0,16.0,96
multiseed_ellipse4_EI_time,multiseed,curve_ellipse4_out1_EI0.75,2712,847401,TB,local_width_ms_median,0.75,18.0,112
multiseed_ellipse4_EI_time,multiseed,curve_ellipse4_out1_EI1,2712,847401,TB,local_width_ms_median,1.0,16.0,111
multiseed_ellipse4_EI_time,multiseed,curve_ellipse4_out1_EI0.75,2712,847402,TB,local_width_ms_median,0.75,18.0,129
multiseed_ellipse4_EI_time,multiseed,curve_ellipse4_out1_EI1,2712,847402,TB,local_width_ms_median,1.0,16.0,119
multiseed_ellipse4_EI_time,multiseed,curve_ellipse4_out1_EI0.75,2511,847401,TA,SCL_minus_ICL_lag_median_ms,0.75,-23.347482876903086,32
multiseed_ellipse4_EI_time,multiseed,curve_ellipse4_out1_EI1,2511,847401,TA,SCL_minus_ICL_lag_median_ms,1.0,68.35662986503758,16
multiseed_ellipse4_EI_time,multiseed,curve_ellipse4_out1_EI0.75,2511,847402,TA,SCL_minus_ICL_lag_median_ms,0.75,-22.074058268597582,21
multiseed_ellipse4_EI_time,multiseed,curve_ellipse4_out1_EI1,2511,847402,TA,SCL_minus_ICL_lag_median_ms,1.0,92.7904644308128,18
multiseed_ellipse4_EI_time,multiseed,curve_ellipse4_out1_EI0.75,2711,847401,TA,SCL_minus_ICL_lag_median_ms,0.75,-20.53010594564876,50
multiseed_ellipse4_EI_time,multiseed,curve_ellipse4_out1_EI1,2711,847401,TA,SCL_minus_ICL_lag_median_ms,1.0,-16.549499251168527,16
multiseed_ellipse4_EI_time,multiseed,curve_ellipse4_out1_EI0.75,2711,847402,TA,SCL_minus_ICL_lag_median_ms,0.75,-18.972909859730866,39
multiseed_ellipse4_EI_time,multiseed,curve_ellipse4_out1_EI1,2711,847402,TA,SCL_minus_ICL_lag_median_ms,1.0,-14.455419391388205,9
multiseed_ellipse4_EI_time,multiseed,curve_ellipse4_out1_EI0.75,2712,847401,TA,SCL_minus_ICL_lag_median_ms,0.75,-18.544548601319548,38
multiseed_ellipse4_EI_time,multiseed,curve_ellipse4_out1_EI1,2712,847401,TA,SCL_minus_ICL_lag_median_ms,1.0,102.52313586078526,27
multiseed_ellipse4_EI_time,multiseed,curve_ellipse4_out1_EI0.75,2712,847402,TA,SCL_minus_ICL_lag_median_ms,0.75,-19.864407513265174,28
multiseed_ellipse4_EI_time,multiseed,curve_ellipse4_out1_EI1,2712,847402,TA,SCL_minus_ICL_lag_median_ms,1.0,101.75078321066758,22
multiseed_ellipse4_EI_time,multiseed,curve_ellipse4_out1_EI0.75,2511,847401,TA,recruitment_span_ms_median,0.75,52.0,32
multiseed_ellipse4_EI_time,multiseed,curve_ellipse4_out1_EI1,2511,847401,TA,recruitment_span_ms_median,1.0,110.0,16
multiseed_ellipse4_EI_time,multiseed,curve_ellipse4_out1_EI0.75,2511,847402,TA,recruitment_span_ms_median,0.75,52.0,21
multiseed_ellipse4_EI_time,multiseed,curve_ellipse4_out1_EI1,2511,847402,TA,recruitment_span_ms_median,1.0,114.0,18
multiseed_ellipse4_EI_time,multiseed,curve_ellipse4_out1_EI0.75,2711,847401,TA,recruitment_span_ms_median,0.75,50.0,50
multiseed_ellipse4_EI_time,multiseed,curve_ellipse4_out1_EI1,2711,847401,TA,recruitment_span_ms_median,1.0,119.0,16
multiseed_ellipse4_EI_time,multiseed,curve_ellipse4_out1_EI0.75,2711,847402,TA,recruitment_span_ms_median,0.75,48.0,39
multiseed_ellipse4_EI_time,multiseed,curve_ellipse4_out1_EI1,2711,847402,TA,recruitment_span_ms_median,1.0,120.0,9
multiseed_ellipse4_EI_time,multiseed,curve_ellipse4_out1_EI0.75,2712,847401,TA,recruitment_span_ms_median,0.75,46.0,38
multiseed_ellipse4_EI_time,multiseed,curve_ellipse4_out1_EI1,2712,847401,TA,recruitment_span_ms_median,1.0,126.0,27
multiseed_ellipse4_EI_time,multiseed,curve_ellipse4_out1_EI0.75,2712,847402,TA,recruitment_span_ms_median,0.75,46.0,28
multiseed_ellipse4_EI_time,multiseed,curve_ellipse4_out1_EI1,2712,847402,TA,recruitment_span_ms_median,1.0,126.0,22
multiseed_ellipse4_EI_time,multiseed,curve_ellipse4_out1_EI0.75,2511,847401,TA,local_width_ms_median,0.75,16.0,32
multiseed_ellipse4_EI_time,multiseed,curve_ellipse4_out1_EI1,2511,847401,TA,local_width_ms_median,1.0,16.0,16
multiseed_ellipse4_EI_time,multiseed,curve_ellipse4_out1_EI0.75,2511,847402,TA,local_width_ms_median,0.75,16.0,21
multiseed_ellipse4_EI_time,multiseed,curve_ellipse4_out1_EI1,2511,847402,TA,local_width_ms_median,1.0,16.0,18
multiseed_ellipse4_EI_time,multiseed,curve_ellipse4_out1_EI0.75,2711,847401,TA,local_width_ms_median,0.75,16.0,50
multiseed_ellipse4_EI_time,multiseed,curve_ellipse4_out1_EI1,2711,847401,TA,local_width_ms_median,1.0,16.0,16
multiseed_ellipse4_EI_time,multiseed,curve_ellipse4_out1_EI0.75,2711,847402,TA,local_width_ms_median,0.75,16.0,39
multiseed_ellipse4_EI_time,multiseed,curve_ellipse4_out1_EI1,2711,847402,TA,local_width_ms_median,1.0,16.0,9
multiseed_ellipse4_EI_time,multiseed,curve_ellipse4_out1_EI0.75,2712,847401,TA,local_width_ms_median,0.75,16.0,38
multiseed_ellipse4_EI_time,multiseed,curve_ellipse4_out1_EI1,2712,847401,TA,local_width_ms_median,1.0,16.0,27
multiseed_ellipse4_EI_time,multiseed,curve_ellipse4_out1_EI0.75,2712,847402,TA,local_width_ms_median,0.75,16.0,28
multiseed_ellipse4_EI_time,multiseed,curve_ellipse4_out1_EI1,2712,847402,TA,local_width_ms_median,1.0,16.0,22
multiseed_ellipse4_EI_scl,multiseed,curve_ellipse4_out1_EI0.75,2511,847401,TB,pair_0,0.75,0.1596638655462184,119
multiseed_ellipse4_EI_scl,multiseed,curve_ellipse4_out1_EI1,2511,847401,TB,pair_0,1.0,0.0224719101123595,89
multiseed_ellipse4_EI_scl,multiseed,curve_ellipse4_out1_EI0.75,2511,847402,TB,pair_0,0.75,0.1037037037037037,135
multiseed_ellipse4_EI_scl,multiseed,curve_ellipse4_out1_EI1,2511,847402,TB,pair_0,1.0,0.0,87
multiseed_ellipse4_EI_scl,multiseed,curve_ellipse4_out1_EI0.75,2711,847401,TB,pair_0,0.75,0.2148760330578512,121
multiseed_ellipse4_EI_scl,multiseed,curve_ellipse4_out1_EI1,2711,847401,TB,pair_0,1.0,0.0,95
multiseed_ellipse4_EI_scl,multiseed,curve_ellipse4_out1_EI0.75,2711,847402,TB,pair_0,0.75,0.2436974789915966,119
multiseed_ellipse4_EI_scl,multiseed,curve_ellipse4_out1_EI1,2711,847402,TB,pair_0,1.0,0.0112359550561797,89
multiseed_ellipse4_EI_scl,multiseed,curve_ellipse4_out1_EI0.75,2712,847401,TB,pair_0,0.75,0.0686274509803921,102
multiseed_ellipse4_EI_scl,multiseed,curve_ellipse4_out1_EI1,2712,847401,TB,pair_0,1.0,0.0,108
multiseed_ellipse4_EI_scl,multiseed,curve_ellipse4_out1_EI0.75,2712,847402,TB,pair_0,0.75,0.073170731707317,123
multiseed_ellipse4_EI_scl,multiseed,curve_ellipse4_out1_EI1,2712,847402,TB,pair_0,1.0,0.0,118
multiseed_ellipse4_EI_scl,multiseed,curve_ellipse4_out1_EI0.75,2511,847401,TB,pair_1,0.75,0.1707317073170731,123
multiseed_ellipse4_EI_scl,multiseed,curve_ellipse4_out1_EI1,2511,847401,TB,pair_1,1.0,0.0117647058823529,85
multiseed_ellipse4_EI_scl,multiseed,curve_ellipse4_out1_EI0.75,2511,847402,TB,pair_1,0.75,0.1021897810218978,137
multiseed_ellipse4_EI_scl,multiseed,curve_ellipse4_out1_EI1,2511,847402,TB,pair_1,1.0,0.0,81
multiseed_ellipse4_EI_scl,multiseed,curve_ellipse4_out1_EI0.75,2711,847401,TB,pair_1,0.75,0.1818181818181818,121
multiseed_ellipse4_EI_scl,multiseed,curve_ellipse4_out1_EI1,2711,847401,TB,pair_1,1.0,0.0,88
multiseed_ellipse4_EI_scl,multiseed,curve_ellipse4_out1_EI0.75,2711,847402,TB,pair_1,0.75,0.2184873949579832,119
multiseed_ellipse4_EI_scl,multiseed,curve_ellipse4_out1_EI1,2711,847402,TB,pair_1,1.0,0.0235294117647058,85
multiseed_ellipse4_EI_scl,multiseed,curve_ellipse4_out1_EI0.75,2712,847401,TB,pair_1,0.75,0.0686274509803921,102
multiseed_ellipse4_EI_scl,multiseed,curve_ellipse4_out1_EI1,2712,847401,TB,pair_1,1.0,0.0,96
multiseed_ellipse4_EI_scl,multiseed,curve_ellipse4_out1_EI0.75,2712,847402,TB,pair_1,0.75,0.08130081300813,123
multiseed_ellipse4_EI_scl,multiseed,curve_ellipse4_out1_EI1,2712,847402,TB,pair_1,1.0,0.0087719298245614,114
multiseed_ellipse4_EI_scl,multiseed,curve_ellipse4_out1_EI0.75,2511,847401,TB,pair_2,0.75,0.1507936507936507,126
multiseed_ellipse4_EI_scl,multiseed,curve_ellipse4_out1_EI1,2511,847401,TB,pair_2,1.0,0.0125,80
multiseed_ellipse4_EI_scl,multiseed,curve_ellipse4_out1_EI0.75,2511,847402,TB,pair_2,0.75,0.0869565217391304,138
multiseed_ellipse4_EI_scl,multiseed,curve_ellipse4_out1_EI1,2511,847402,TB,pair_2,1.0,0.0133333333333333,75
multiseed_ellipse4_EI_scl,multiseed,curve_ellipse4_out1_EI0.75,2711,847401,TB,pair_2,0.75,0.1735537190082644,121
multiseed_ellipse4_EI_scl,multiseed,curve_ellipse4_out1_EI1,2711,847401,TB,pair_2,1.0,0.0597014925373134,67
multiseed_ellipse4_EI_scl,multiseed,curve_ellipse4_out1_EI0.75,2711,847402,TB,pair_2,0.75,0.1680672268907563,119
multiseed_ellipse4_EI_scl,multiseed,curve_ellipse4_out1_EI1,2711,847402,TB,pair_2,1.0,0.0508474576271186,59
multiseed_ellipse4_EI_scl,multiseed,curve_ellipse4_out1_EI0.75,2712,847401,TB,pair_2,0.75,0.1339285714285714,112
multiseed_ellipse4_EI_scl,multiseed,curve_ellipse4_out1_EI1,2712,847401,TB,pair_2,1.0,0.0104166666666666,96
multiseed_ellipse4_EI_scl,multiseed,curve_ellipse4_out1_EI0.75,2712,847402,TB,pair_2,0.75,0.0775193798449612,129
multiseed_ellipse4_EI_scl,multiseed,curve_ellipse4_out1_EI1,2712,847402,TB,pair_2,1.0,0.0,112
multiseed_ellipse4_EI_scl,multiseed,curve_ellipse4_out1_EI0.75,2511,847401,TA,pair_0,0.75,1.0,24
multiseed_ellipse4_EI_scl,multiseed,curve_ellipse4_out1_EI1,2511,847401,TA,pair_0,1.0,0.1111111111111111,9
multiseed_ellipse4_EI_scl,multiseed,curve_ellipse4_out1_EI0.75,2511,847402,TA,pair_0,0.75,1.0,18
multiseed_ellipse4_EI_scl,multiseed,curve_ellipse4_out1_EI1,2511,847402,TA,pair_0,1.0,0.1333333333333333,15
multiseed_ellipse4_EI_scl,multiseed,curve_ellipse4_out1_EI0.75,2711,847401,TA,pair_0,0.75,1.0,50
multiseed_ellipse4_EI_scl,multiseed,curve_ellipse4_out1_EI1,2711,847401,TA,pair_0,1.0,0.1666666666666666,6
multiseed_ellipse4_EI_scl,multiseed,curve_ellipse4_out1_EI0.75,2711,847402,TA,pair_0,0.75,1.0,39
multiseed_ellipse4_EI_scl,multiseed,curve_ellipse4_out1_EI1,2711,847402,TA,pair_0,1.0,0.0,3
multiseed_ellipse4_EI_scl,multiseed,curve_ellipse4_out1_EI0.75,2712,847401,TA,pair_0,0.75,0.6,15
multiseed_ellipse4_EI_scl,multiseed,curve_ellipse4_out1_EI1,2712,847401,TA,pair_0,1.0,0.0454545454545454,22
multiseed_ellipse4_EI_scl,multiseed,curve_ellipse4_out1_EI0.75,2712,847402,TA,pair_0,0.75,0.75,12
multiseed_ellipse4_EI_scl,multiseed,curve_ellipse4_out1_EI1,2712,847402,TA,pair_0,1.0,0.1052631578947368,19
multiseed_ellipse4_EI_scl,multiseed,curve_ellipse4_out1_EI0.75,2511,847401,TA,pair_1,0.75,1.0,26
multiseed_ellipse4_EI_scl,multiseed,curve_ellipse4_out1_EI1,2511,847401,TA,pair_1,1.0,0.125,8
multiseed_ellipse4_EI_scl,multiseed,curve_ellipse4_out1_EI0.75,2511,847402,TA,pair_1,0.75,1.0,19
multiseed_ellipse4_EI_scl,multiseed,curve_ellipse4_out1_EI1,2511,847402,TA,pair_1,1.0,0.1666666666666666,12
multiseed_ellipse4_EI_scl,multiseed,curve_ellipse4_out1_EI0.75,2711,847401,TA,pair_1,0.75,1.0,50
multiseed_ellipse4_EI_scl,multiseed,curve_ellipse4_out1_EI1,2711,847401,TA,pair_1,1.0,1.0,1
multiseed_ellipse4_EI_scl,multiseed,curve_ellipse4_out1_EI0.75,2711,847402,TA,pair_1,0.75,1.0,39
multiseed_ellipse4_EI_scl,multiseed,curve_ellipse4_out1_EI1,2711,847402,TA,pair_1,1.0,0.0,1
multiseed_ellipse4_EI_scl,multiseed,curve_ellipse4_out1_EI0.75,2712,847401,TA,pair_1,0.75,1.0,16
multiseed_ellipse4_EI_scl,multiseed,curve_ellipse4_out1_EI1,2712,847401,TA,pair_1,1.0,0.75,4
multiseed_ellipse4_EI_scl,multiseed,curve_ellipse4_out1_EI0.75,2712,847402,TA,pair_1,0.75,1.0,12
multiseed_ellipse4_EI_scl,multiseed,curve_ellipse4_out1_EI1,2712,847402,TA,pair_1,1.0,0.4,5
multiseed_ellipse4_EI_scl,multiseed,curve_ellipse4_out1_EI0.75,2511,847401,TA,pair_2,0.75,1.0,31
multiseed_ellipse4_EI_scl,multiseed,curve_ellipse4_out1_EI1,2511,847401,TA,pair_2,1.0,1.0,1
multiseed_ellipse4_EI_scl,multiseed,curve_ellipse4_out1_EI0.75,2511,847402,TA,pair_2,0.75,1.0,20
multiseed_ellipse4_EI_scl,multiseed,curve_ellipse4_out1_EI1,2511,847402,TA,pair_2,1.0,0.5,2
multiseed_ellipse4_EI_scl,multiseed,curve_ellipse4_out1_EI0.75,2711,847401,TA,pair_2,0.75,1.0,50
multiseed_ellipse4_EI_scl,multiseed,curve_ellipse4_out1_EI1,2711,847401,TA,pair_2,1.0,1.0,9
multiseed_ellipse4_EI_scl,multiseed,curve_ellipse4_out1_EI0.75,2711,847402,TA,pair_2,0.75,1.0,39
multiseed_ellipse4_EI_scl,multiseed,curve_ellipse4_out1_EI1,2711,847402,TA,pair_2,1.0,1.0,5
multiseed_ellipse4_EI_scl,multiseed,curve_ellipse4_out1_EI0.75,2712,847401,TA,pair_2,0.75,1.0,38
multiseed_ellipse4_EI_scl,multiseed,curve_ellipse4_out1_EI1,2712,847401,TA,pair_2,1.0,0.6666666666666666,3
multiseed_ellipse4_EI_scl,multiseed,curve_ellipse4_out1_EI0.75,2712,847402,TA,pair_2,0.75,1.0,28
multiseed_ellipse4_EI_scl,multiseed,curve_ellipse4_out1_EI1,2712,847402,TA,pair_2,1.0,0.0,3
multiseed_ellipse4_EI_scl_lag,multiseed,curve_ellipse4_out1_EI0.75,2511,847401,TB,scl_lag_0,0.75,-8.069325274474977,119
multiseed_ellipse4_EI_scl_lag,multiseed,curve_ellipse4_out1_EI1,2511,847401,TB,scl_lag_0,1.0,-8.692897399978392,89
multiseed_ellipse4_EI_scl_lag,multiseed,curve_ellipse4_out1_EI0.75,2511,847402,TB,scl_lag_0,0.75,-8.073595166388259,135
multiseed_ellipse4_EI_scl_lag,multiseed,curve_ellipse4_out1_EI1,2511,847402,TB,scl_lag_0,1.0,-8.700839478982743,87
multiseed_ellipse4_EI_scl_lag,multiseed,curve_ellipse4_out1_EI0.75,2711,847401,TB,scl_lag_0,0.75,-7.759931485657944,121
multiseed_ellipse4_EI_scl_lag,multiseed,curve_ellipse4_out1_EI1,2711,847401,TB,scl_lag_0,1.0,-7.933355999895866,95
multiseed_ellipse4_EI_scl_lag,multiseed,curve_ellipse4_out1_EI0.75,2711,847402,TB,scl_lag_0,0.75,-7.723918549243535,119
multiseed_ellipse4_EI_scl_lag,multiseed,curve_ellipse4_out1_EI1,2711,847402,TB,scl_lag_0,1.0,-7.934003518286772,89
multiseed_ellipse4_EI_scl_lag,multiseed,curve_ellipse4_out1_EI0.75,2712,847401,TB,scl_lag_0,0.75,-8.11622096044448,102
multiseed_ellipse4_EI_scl_lag,multiseed,curve_ellipse4_out1_EI1,2712,847401,TB,scl_lag_0,1.0,-9.028539962645482,108
multiseed_ellipse4_EI_scl_lag,multiseed,curve_ellipse4_out1_EI0.75,2712,847402,TB,scl_lag_0,0.75,-8.115257325429411,123
multiseed_ellipse4_EI_scl_lag,multiseed,curve_ellipse4_out1_EI1,2712,847402,TB,scl_lag_0,1.0,-9.04083404228004,118
multiseed_ellipse4_EI_scl_lag,multiseed,curve_ellipse4_out1_EI0.75,2511,847401,TB,scl_lag_1,0.75,-5.035720655840123,123
multiseed_ellipse4_EI_scl_lag,multiseed,curve_ellipse4_out1_EI1,2511,847401,TB,scl_lag_1,1.0,-4.923546678432103,85
multiseed_ellipse4_EI_scl_lag,multiseed,curve_ellipse4_out1_EI0.75,2511,847402,TB,scl_lag_1,0.75,-5.022721966277459,137
multiseed_ellipse4_EI_scl_lag,multiseed,curve_ellipse4_out1_EI1,2511,847402,TB,scl_lag_1,1.0,-4.886932961677303,81
multiseed_ellipse4_EI_scl_lag,multiseed,curve_ellipse4_out1_EI0.75,2711,847401,TB,scl_lag_1,0.75,-5.140900416015938,121
multiseed_ellipse4_EI_scl_lag,multiseed,curve_ellipse4_out1_EI1,2711,847401,TB,scl_lag_1,1.0,-5.922519865851427,88
multiseed_ellipse4_EI_scl_lag,multiseed,curve_ellipse4_out1_EI0.75,2711,847402,TB,scl_lag_1,0.75,-5.153109645878431,119
multiseed_ellipse4_EI_scl_lag,multiseed,curve_ellipse4_out1_EI1,2711,847402,TB,scl_lag_1,1.0,-5.892406299801223,85
multiseed_ellipse4_EI_scl_lag,multiseed,curve_ellipse4_out1_EI0.75,2712,847401,TB,scl_lag_1,0.75,-5.4599808597722586,102
multiseed_ellipse4_EI_scl_lag,multiseed,curve_ellipse4_out1_EI1,2712,847401,TB,scl_lag_1,1.0,-5.287741415168057,96
multiseed_ellipse4_EI_scl_lag,multiseed,curve_ellipse4_out1_EI0.75,2712,847402,TB,scl_lag_1,0.75,-5.464872054907119,123
multiseed_ellipse4_EI_scl_lag,multiseed,curve_ellipse4_out1_EI1,2712,847402,TB,scl_lag_1,1.0,-5.290086469717608,114
multiseed_ellipse4_EI_scl_lag,multiseed,curve_ellipse4_out1_EI0.75,2511,847401,TB,scl_lag_2,0.75,-8.343403690152627,126
multiseed_ellipse4_EI_scl_lag,multiseed,curve_ellipse4_out1_EI1,2511,847401,TB,scl_lag_2,1.0,-8.364932576342653,80
multiseed_ellipse4_EI_scl_lag,multiseed,curve_ellipse4_out1_EI0.75,2511,847402,TB,scl_lag_2,0.75,-8.402769418495154,138
multiseed_ellipse4_EI_scl_lag,multiseed,curve_ellipse4_out1_EI1,2511,847402,TB,scl_lag_2,1.0,-8.391390070070884,75
multiseed_ellipse4_EI_scl_lag,multiseed,curve_ellipse4_out1_EI0.75,2711,847401,TB,scl_lag_2,0.75,-7.698713733036129,121
multiseed_ellipse4_EI_scl_lag,multiseed,curve_ellipse4_out1_EI1,2711,847401,TB,scl_lag_2,1.0,-8.378094485487964,67
multiseed_ellipse4_EI_scl_lag,multiseed,curve_ellipse4_out1_EI0.75,2711,847402,TB,scl_lag_2,0.75,-7.619975445741147,119
multiseed_ellipse4_EI_scl_lag,multiseed,curve_ellipse4_out1_EI1,2711,847402,TB,scl_lag_2,1.0,-8.323844479637046,59
multiseed_ellipse4_EI_scl_lag,multiseed,curve_ellipse4_out1_EI0.75,2712,847401,TB,scl_lag_2,0.75,-8.517882426822325,112
multiseed_ellipse4_EI_scl_lag,multiseed,curve_ellipse4_out1_EI1,2712,847401,TB,scl_lag_2,1.0,-8.751790498503397,96
multiseed_ellipse4_EI_scl_lag,multiseed,curve_ellipse4_out1_EI0.75,2712,847402,TB,scl_lag_2,0.75,-8.52602390528773,129
multiseed_ellipse4_EI_scl_lag,multiseed,curve_ellipse4_out1_EI1,2712,847402,TB,scl_lag_2,1.0,-8.735925617127123,112
multiseed_ellipse4_EI_scl_lag,multiseed,curve_ellipse4_out1_EI0.75,2511,847401,TA,scl_lag_0,0.75,3.235813718280042,24
multiseed_ellipse4_EI_scl_lag,multiseed,curve_ellipse4_out1_EI1,2511,847401,TA,scl_lag_0,1.0,-8.431870731968957,9
multiseed_ellipse4_EI_scl_lag,multiseed,curve_ellipse4_out1_EI0.75,2511,847402,TA,scl_lag_0,0.75,3.160242954498244,18
multiseed_ellipse4_EI_scl_lag,multiseed,curve_ellipse4_out1_EI1,2511,847402,TA,scl_lag_0,1.0,-8.39687359972595,15
multiseed_ellipse4_EI_scl_lag,multiseed,curve_ellipse4_out1_EI0.75,2711,847401,TA,scl_lag_0,0.75,2.912559276542197,50
multiseed_ellipse4_EI_scl_lag,multiseed,curve_ellipse4_out1_EI1,2711,847401,TA,scl_lag_0,1.0,-7.041809910169832,6
multiseed_ellipse4_EI_scl_lag,multiseed,curve_ellipse4_out1_EI0.75,2711,847402,TA,scl_lag_0,0.75,2.9092918740061577,39
multiseed_ellipse4_EI_scl_lag,multiseed,curve_ellipse4_out1_EI1,2711,847402,TA,scl_lag_0,1.0,-7.254553766135359,3
multiseed_ellipse4_EI_scl_lag,multiseed,curve_ellipse4_out1_EI0.75,2712,847401,TA,scl_lag_0,0.75,0.1849813739936507,15
multiseed_ellipse4_EI_scl_lag,multiseed,curve_ellipse4_out1_EI1,2712,847401,TA,scl_lag_0,1.0,-5.755443155365356,22
multiseed_ellipse4_EI_scl_lag,multiseed,curve_ellipse4_out1_EI0.75,2712,847402,TA,scl_lag_0,0.75,0.2650077789630813,12
multiseed_ellipse4_EI_scl_lag,multiseed,curve_ellipse4_out1_EI1,2712,847402,TA,scl_lag_0,1.0,-5.829811823738055,19
multiseed_ellipse4_EI_scl_lag,multiseed,curve_ellipse4_out1_EI0.75,2511,847401,TA,scl_lag_1,0.75,3.625129043558445,26
multiseed_ellipse4_EI_scl_lag,multiseed,curve_ellipse4_out1_EI1,2511,847401,TA,scl_lag_1,1.0,-4.733078091718198,8
multiseed_ellipse4_EI_scl_lag,multiseed,curve_ellipse4_out1_EI0.75,2511,847402,TA,scl_lag_1,0.75,3.44535839445598,19
multiseed_ellipse4_EI_scl_lag,multiseed,curve_ellipse4_out1_EI1,2511,847402,TA,scl_lag_1,1.0,-4.797025714977281,12
multiseed_ellipse4_EI_scl_lag,multiseed,curve_ellipse4_out1_EI0.75,2711,847401,TA,scl_lag_1,0.75,3.0172263938620745,50
multiseed_ellipse4_EI_scl_lag,multiseed,curve_ellipse4_out1_EI1,2711,847401,TA,scl_lag_1,1.0,6.868498868974712,1
multiseed_ellipse4_EI_scl_lag,multiseed,curve_ellipse4_out1_EI0.75,2711,847402,TA,scl_lag_1,0.75,2.8176503822614904,39
multiseed_ellipse4_EI_scl_lag,multiseed,curve_ellipse4_out1_EI1,2711,847402,TA,scl_lag_1,1.0,-4.684893490099057,1
multiseed_ellipse4_EI_scl_lag,multiseed,curve_ellipse4_out1_EI0.75,2712,847401,TA,scl_lag_1,0.75,3.990594939291441,16
multiseed_ellipse4_EI_scl_lag,multiseed,curve_ellipse4_out1_EI1,2712,847401,TA,scl_lag_1,1.0,4.939370045501164,4
multiseed_ellipse4_EI_scl_lag,multiseed,curve_ellipse4_out1_EI0.75,2712,847402,TA,scl_lag_1,0.75,4.041987815499851,12
multiseed_ellipse4_EI_scl_lag,multiseed,curve_ellipse4_out1_EI1,2712,847402,TA,scl_lag_1,1.0,-3.3062683183579797,5
multiseed_ellipse4_EI_scl_lag,multiseed,curve_ellipse4_out1_EI0.75,2511,847401,TA,scl_lag_2,0.75,7.3520599119365215,31
multiseed_ellipse4_EI_scl_lag,multiseed,curve_ellipse4_out1_EI1,2511,847401,TA,scl_lag_2,1.0,9.559001666930271,1
multiseed_ellipse4_EI_scl_lag,multiseed,curve_ellipse4_out1_EI0.75,2511,847402,TA,scl_lag_2,0.75,7.360814694180135,20
multiseed_ellipse4_EI_scl_lag,multiseed,curve_ellipse4_out1_EI1,2511,847402,TA,scl_lag_2,1.0,-7.100720189035201,2
multiseed_ellipse4_EI_scl_lag,multiseed,curve_ellipse4_out1_EI0.75,2711,847401,TA,scl_lag_2,0.75,5.935587288007241,50
multiseed_ellipse4_EI_scl_lag,multiseed,curve_ellipse4_out1_EI1,2711,847401,TA,scl_lag_2,1.0,6.856098671611107,9
multiseed_ellipse4_EI_scl_lag,multiseed,curve_ellipse4_out1_EI0.75,2711,847402,TA,scl_lag_2,0.75,5.937874570576241,39
multiseed_ellipse4_EI_scl_lag,multiseed,curve_ellipse4_out1_EI1,2711,847402,TA,scl_lag_2,1.0,6.844353562468314,5
multiseed_ellipse4_EI_scl_lag,multiseed,curve_ellipse4_out1_EI0.75,2712,847401,TA,scl_lag_2,0.75,6.5138027656357735,38
multiseed_ellipse4_EI_scl_lag,multiseed,curve_ellipse4_out1_EI1,2712,847401,TA,scl_lag_2,1.0,7.244965299170872,3
multiseed_ellipse4_EI_scl_lag,multiseed,curve_ellipse4_out1_EI0.75,2712,847402,TA,scl_lag_2,0.75,6.618424595028046,28
multiseed_ellipse4_EI_scl_lag,multiseed,curve_ellipse4_out1_EI1,2712,847402,TA,scl_lag_2,1.0,-113.30513940414676,3
multiseed_ellipse4_EI_support,multiseed,curve_ellipse4_out1_EI0.75,2511,847401,TB,SCL_upper_participation,0.75,0.9603174603174602,126
multiseed_ellipse4_EI_support,multiseed,curve_ellipse4_out1_EI1,2511,847401,TB,SCL_upper_participation,1.0,0.9888888888888888,90
multiseed_ellipse4_EI_support,multiseed,curve_ellipse4_out1_EI0.75,2511,847402,TB,SCL_upper_participation,0.75,0.9855072463768116,138
multiseed_ellipse4_EI_support,multiseed,curve_ellipse4_out1_EI1,2511,847402,TB,SCL_upper_participation,1.0,0.9722222222222222,90
multiseed_ellipse4_EI_support,multiseed,curve_ellipse4_out1_EI0.75,2711,847401,TB,SCL_upper_participation,0.75,1.0,121
multiseed_ellipse4_EI_support,multiseed,curve_ellipse4_out1_EI1,2711,847401,TB,SCL_upper_participation,1.0,0.9182692307692308,104
multiseed_ellipse4_EI_support,multiseed,curve_ellipse4_out1_EI0.75,2711,847402,TB,SCL_upper_participation,0.75,1.0,119
multiseed_ellipse4_EI_support,multiseed,curve_ellipse4_out1_EI1,2711,847402,TB,SCL_upper_participation,1.0,0.953125,96
multiseed_ellipse4_EI_support,multiseed,curve_ellipse4_out1_EI0.75,2712,847401,TB,SCL_upper_participation,0.75,0.9375,112
multiseed_ellipse4_EI_support,multiseed,curve_ellipse4_out1_EI1,2712,847401,TB,SCL_upper_participation,1.0,0.981981981981982,111
multiseed_ellipse4_EI_support,multiseed,curve_ellipse4_out1_EI0.75,2712,847402,TB,SCL_upper_participation,0.75,0.9728682170542636,129
multiseed_ellipse4_EI_support,multiseed,curve_ellipse4_out1_EI1,2712,847402,TB,SCL_upper_participation,1.0,0.9957983193277312,119
multiseed_ellipse4_EI_support,multiseed,curve_ellipse4_out1_EI0.75,2511,847401,TB,mode_fraction,0.75,0.7974683544303798,126
multiseed_ellipse4_EI_support,multiseed,curve_ellipse4_out1_EI1,2511,847401,TB,mode_fraction,1.0,0.8490566037735849,90
multiseed_ellipse4_EI_support,multiseed,curve_ellipse4_out1_EI0.75,2511,847402,TB,mode_fraction,0.75,0.8679245283018868,138
multiseed_ellipse4_EI_support,multiseed,curve_ellipse4_out1_EI1,2511,847402,TB,mode_fraction,1.0,0.8333333333333334,90
multiseed_ellipse4_EI_support,multiseed,curve_ellipse4_out1_EI0.75,2711,847401,TB,mode_fraction,0.75,0.7076023391812866,121
multiseed_ellipse4_EI_support,multiseed,curve_ellipse4_out1_EI1,2711,847401,TB,mode_fraction,1.0,0.8666666666666667,104
multiseed_ellipse4_EI_support,multiseed,curve_ellipse4_out1_EI0.75,2711,847402,TB,mode_fraction,0.75,0.7531645569620253,119
multiseed_ellipse4_EI_support,multiseed,curve_ellipse4_out1_EI1,2711,847402,TB,mode_fraction,1.0,0.9142857142857143,96
multiseed_ellipse4_EI_support,multiseed,curve_ellipse4_out1_EI0.75,2712,847401,TB,mode_fraction,0.75,0.7466666666666667,112
multiseed_ellipse4_EI_support,multiseed,curve_ellipse4_out1_EI1,2712,847401,TB,mode_fraction,1.0,0.8043478260869565,111
multiseed_ellipse4_EI_support,multiseed,curve_ellipse4_out1_EI0.75,2712,847402,TB,mode_fraction,0.75,0.821656050955414,129
multiseed_ellipse4_EI_support,multiseed,curve_ellipse4_out1_EI1,2712,847402,TB,mode_fraction,1.0,0.8439716312056738,119
multiseed_ellipse4_EI_support,multiseed,curve_ellipse4_out1_EI0.75,2511,847401,TB,n,0.75,126.0,126
multiseed_ellipse4_EI_support,multiseed,curve_ellipse4_out1_EI1,2511,847401,TB,n,1.0,90.0,90
multiseed_ellipse4_EI_support,multiseed,curve_ellipse4_out1_EI0.75,2511,847402,TB,n,0.75,138.0,138
multiseed_ellipse4_EI_support,multiseed,curve_ellipse4_out1_EI1,2511,847402,TB,n,1.0,90.0,90
multiseed_ellipse4_EI_support,multiseed,curve_ellipse4_out1_EI0.75,2711,847401,TB,n,0.75,121.0,121
multiseed_ellipse4_EI_support,multiseed,curve_ellipse4_out1_EI1,2711,847401,TB,n,1.0,104.0,104
multiseed_ellipse4_EI_support,multiseed,curve_ellipse4_out1_EI0.75,2711,847402,TB,n,0.75,119.0,119
multiseed_ellipse4_EI_support,multiseed,curve_ellipse4_out1_EI1,2711,847402,TB,n,1.0,96.0,96
multiseed_ellipse4_EI_support,multiseed,curve_ellipse4_out1_EI0.75,2712,847401,TB,n,0.75,112.0,112
multiseed_ellipse4_EI_support,multiseed,curve_ellipse4_out1_EI1,2712,847401,TB,n,1.0,111.0,111
multiseed_ellipse4_EI_support,multiseed,curve_ellipse4_out1_EI0.75,2712,847402,TB,n,0.75,129.0,129
multiseed_ellipse4_EI_support,multiseed,curve_ellipse4_out1_EI1,2712,847402,TB,n,1.0,119.0,119
multiseed_ellipse4_EI_support,multiseed,curve_ellipse4_out1_EI0.75,2511,847401,TA,SCL_upper_participation,0.75,0.78125,32
multiseed_ellipse4_EI_support,multiseed,curve_ellipse4_out1_EI1,2511,847401,TA,SCL_upper_participation,1.0,0.625,16
multiseed_ellipse4_EI_support,multiseed,curve_ellipse4_out1_EI0.75,2511,847402,TA,SCL_upper_participation,0.75,0.8809523809523809,21
multiseed_ellipse4_EI_support,multiseed,curve_ellipse4_out1_EI1,2511,847402,TA,SCL_upper_participation,1.0,0.8333333333333334,18
multiseed_ellipse4_EI_support,multiseed,curve_ellipse4_out1_EI0.75,2711,847401,TA,SCL_upper_participation,0.75,1.0,50
multiseed_ellipse4_EI_support,multiseed,curve_ellipse4_out1_EI1,2711,847401,TA,SCL_upper_participation,1.0,0.5625,16
multiseed_ellipse4_EI_support,multiseed,curve_ellipse4_out1_EI0.75,2711,847402,TA,SCL_upper_participation,0.75,1.0,39
multiseed_ellipse4_EI_support,multiseed,curve_ellipse4_out1_EI1,2711,847402,TA,SCL_upper_participation,1.0,0.5,9
multiseed_ellipse4_EI_support,multiseed,curve_ellipse4_out1_EI0.75,2712,847401,TA,SCL_upper_participation,0.75,0.6578947368421053,38
multiseed_ellipse4_EI_support,multiseed,curve_ellipse4_out1_EI1,2712,847401,TA,SCL_upper_participation,1.0,0.9074074074074074,27
multiseed_ellipse4_EI_support,multiseed,curve_ellipse4_out1_EI0.75,2712,847402,TA,SCL_upper_participation,0.75,0.6428571428571428,28
multiseed_ellipse4_EI_support,multiseed,curve_ellipse4_out1_EI1,2712,847402,TA,SCL_upper_participation,1.0,0.931818181818182,22
multiseed_ellipse4_EI_support,multiseed,curve_ellipse4_out1_EI0.75,2511,847401,TA,mode_fraction,0.75,0.20253164556962025,32
multiseed_ellipse4_EI_support,multiseed,curve_ellipse4_out1_EI1,2511,847401,TA,mode_fraction,1.0,0.1509433962264151,16
multiseed_ellipse4_EI_support,multiseed,curve_ellipse4_out1_EI0.75,2511,847402,TA,mode_fraction,0.75,0.1320754716981132,21
multiseed_ellipse4_EI_support,multiseed,curve_ellipse4_out1_EI1,2511,847402,TA,mode_fraction,1.0,0.16666666666666666,18
multiseed_ellipse4_EI_support,multiseed,curve_ellipse4_out1_EI0.75,2711,847401,TA,mode_fraction,0.75,0.29239766081871343,50
multiseed_ellipse4_EI_support,multiseed,curve_ellipse4_out1_EI1,2711,847401,TA,mode_fraction,1.0,0.13333333333333333,16
multiseed_ellipse4_EI_support,multiseed,curve_ellipse4_out1_EI0.75,2711,847402,TA,mode_fraction,0.75,0.2468354430379747,39
multiseed_ellipse4_EI_support,multiseed,curve_ellipse4_out1_EI1,2711,847402,TA,mode_fraction,1.0,0.08571428571428572,9
multiseed_ellipse4_EI_support,multiseed,curve_ellipse4_out1_EI0.75,2712,847401,TA,mode_fraction,0.75,0.25333333333333335,38
multiseed_ellipse4_EI_support,multiseed,curve_ellipse4_out1_EI1,2712,847401,TA,mode_fraction,1.0,0.1956521739130435,27
multiseed_ellipse4_EI_support,multiseed,curve_ellipse4_out1_EI0.75,2712,847402,TA,mode_fraction,0.75,0.17834394904458598,28
multiseed_ellipse4_EI_support,multiseed,curve_ellipse4_out1_EI1,2712,847402,TA,mode_fraction,1.0,0.15602836879432624,22
multiseed_ellipse4_EI_support,multiseed,curve_ellipse4_out1_EI0.75,2511,847401,TA,n,0.75,32.0,32
multiseed_ellipse4_EI_support,multiseed,curve_ellipse4_out1_EI1,2511,847401,TA,n,1.0,16.0,16
multiseed_ellipse4_EI_support,multiseed,curve_ellipse4_out1_EI0.75,2511,847402,TA,n,0.75,21.0,21
multiseed_ellipse4_EI_support,multiseed,curve_ellipse4_out1_EI1,2511,847402,TA,n,1.0,18.0,18
multiseed_ellipse4_EI_support,multiseed,curve_ellipse4_out1_EI0.75,2711,847401,TA,n,0.75,50.0,50
multiseed_ellipse4_EI_support,multiseed,curve_ellipse4_out1_EI1,2711,847401,TA,n,1.0,16.0,16
multiseed_ellipse4_EI_support,multiseed,curve_ellipse4_out1_EI0.75,2711,847402,TA,n,0.75,39.0,39
multiseed_ellipse4_EI_support,multiseed,curve_ellipse4_out1_EI1,2711,847402,TA,n,1.0,9.0,9
multiseed_ellipse4_EI_support,multiseed,curve_ellipse4_out1_EI0.75,2712,847401,TA,n,0.75,38.0,38
multiseed_ellipse4_EI_support,multiseed,curve_ellipse4_out1_EI1,2712,847401,TA,n,1.0,27.0,27
multiseed_ellipse4_EI_support,multiseed,curve_ellipse4_out1_EI0.75,2712,847402,TA,n,0.75,28.0,28
multiseed_ellipse4_EI_support,multiseed,curve_ellipse4_out1_EI1,2712,847402,TA,n,1.0,22.0,22
multiseed_position_original,multiseed,bridge_circle_out125,2511,847401,TB,participation_mae,0.0,0.2093820618498892,72
multiseed_position_original,multiseed,bridge_circle_out125_xminus075,2511,847401,TB,participation_mae,1.0,0.2128575033344147,49
multiseed_position_original,multiseed,bridge_circle_out125,2511,847402,TB,participation_mae,0.0,0.2039229174209262,92
multiseed_position_original,multiseed,bridge_circle_out125_xminus075,2511,847402,TB,participation_mae,1.0,0.2061414235524758,65
multiseed_position_original,multiseed,bridge_circle_out125,2711,847401,TB,participation_mae,0.0,0.2114750148551521,62
multiseed_position_original,multiseed,bridge_circle_out125_xminus075,2711,847401,TB,participation_mae,1.0,0.2096829001598116,66
multiseed_position_original,multiseed,bridge_circle_out125,2711,847402,TB,participation_mae,0.0,0.2110095999939741,67
multiseed_position_original,multiseed,bridge_circle_out125_xminus075,2711,847402,TB,participation_mae,1.0,0.2068155166472668,93
multiseed_position_original,multiseed,bridge_circle_out125,2712,847401,TB,participation_mae,0.0,0.2078952533153896,90
multiseed_position_original,multiseed,bridge_circle_out125_xminus075,2712,847401,TB,participation_mae,1.0,0.2008297262498625,78
multiseed_position_original,multiseed,bridge_circle_out125,2712,847402,TB,participation_mae,0.0,0.2030275284476647,105
multiseed_position_original,multiseed,bridge_circle_out125_xminus075,2712,847402,TB,participation_mae,1.0,0.2074349872240555,103
multiseed_position_original,multiseed,bridge_circle_out125,2511,847401,TB,rank_correlation,0.0,0.5392857142857141,72
multiseed_position_original,multiseed,bridge_circle_out125_xminus075,2511,847401,TB,rank_correlation,1.0,0.5214285714285714,49
multiseed_position_original,multiseed,bridge_circle_out125,2511,847402,TB,rank_correlation,0.0,0.5392857142857141,92
multiseed_position_original,multiseed,bridge_circle_out125_xminus075,2511,847402,TB,rank_correlation,1.0,0.5214285714285714,65
multiseed_position_original,multiseed,bridge_circle_out125,2711,847401,TB,rank_correlation,0.0,0.5428571428571428,62
multiseed_position_original,multiseed,bridge_circle_out125_xminus075,2711,847401,TB,rank_correlation,1.0,0.5249999999999999,66
multiseed_position_original,multiseed,bridge_circle_out125,2711,847402,TB,rank_correlation,0.0,0.557142857142857,67
multiseed_position_original,multiseed,bridge_circle_out125_xminus075,2711,847402,TB,rank_correlation,1.0,0.5249999999999999,93
multiseed_position_original,multiseed,bridge_circle_out125,2712,847401,TB,rank_correlation,0.0,0.5071428571428571,90
multiseed_position_original,multiseed,bridge_circle_out125_xminus075,2712,847401,TB,rank_correlation,1.0,0.5071428571428571,78
multiseed_position_original,multiseed,bridge_circle_out125,2712,847402,TB,rank_correlation,0.0,0.5428571428571428,105
multiseed_position_original,multiseed,bridge_circle_out125_xminus075,2712,847402,TB,rank_correlation,1.0,0.5107142857142856,103
multiseed_position_original,multiseed,bridge_circle_out125,2511,847401,TB,no_SCL,0.0,0.0,72
multiseed_position_original,multiseed,bridge_circle_out125_xminus075,2511,847401,TB,no_SCL,1.0,0.0,49
multiseed_position_original,multiseed,bridge_circle_out125,2511,847402,TB,no_SCL,0.0,0.0,92
multiseed_position_original,multiseed,bridge_circle_out125_xminus075,2511,847402,TB,no_SCL,1.0,0.0,65
multiseed_position_original,multiseed,bridge_circle_out125,2711,847401,TB,no_SCL,0.0,0.0,62
multiseed_position_original,multiseed,bridge_circle_out125_xminus075,2711,847401,TB,no_SCL,1.0,0.0,66
multiseed_position_original,multiseed,bridge_circle_out125,2711,847402,TB,no_SCL,0.0,0.0,67
multiseed_position_original,multiseed,bridge_circle_out125_xminus075,2711,847402,TB,no_SCL,1.0,0.0,93
multiseed_position_original,multiseed,bridge_circle_out125,2712,847401,TB,no_SCL,0.0,0.0,90
multiseed_position_original,multiseed,bridge_circle_out125_xminus075,2712,847401,TB,no_SCL,1.0,0.0,78
multiseed_position_original,multiseed,bridge_circle_out125,2712,847402,TB,no_SCL,0.0,0.0,105
multiseed_position_original,multiseed,bridge_circle_out125_xminus075,2712,847402,TB,no_SCL,1.0,0.0,103
multiseed_position_original,multiseed,bridge_circle_out125,2511,847401,TA,participation_mae,0.0,0.2304297728977596,67
multiseed_position_original,multiseed,bridge_circle_out125_xminus075,2511,847401,TA,participation_mae,1.0,0.1952390597965987,90
multiseed_position_original,multiseed,bridge_circle_out125,2511,847402,TA,participation_mae,0.0,0.2291784537359927,66
multiseed_position_original,multiseed,bridge_circle_out125_xminus075,2511,847402,TA,participation_mae,1.0,0.1847467953802836,79
multiseed_position_original,multiseed,bridge_circle_out125,2711,847401,TA,participation_mae,0.0,0.1913899519900279,78
multiseed_position_original,multiseed,bridge_circle_out125_xminus075,2711,847401,TA,participation_mae,1.0,0.2320378106933367,78
multiseed_position_original,multiseed,bridge_circle_out125,2711,847402,TA,participation_mae,0.0,0.1807345514903433,72
multiseed_position_original,multiseed,bridge_circle_out125_xminus075,2711,847402,TA,participation_mae,1.0,0.2234908021463282,65
multiseed_position_original,multiseed,bridge_circle_out125,2712,847401,TA,participation_mae,0.0,0.2948671050965812,76
multiseed_position_original,multiseed,bridge_circle_out125_xminus075,2712,847401,TA,participation_mae,1.0,0.2166439808327258,87
multiseed_position_original,multiseed,bridge_circle_out125,2712,847402,TA,participation_mae,0.0,0.3110810269981092,62
multiseed_position_original,multiseed,bridge_circle_out125_xminus075,2712,847402,TA,participation_mae,1.0,0.2354341162814334,71
multiseed_position_original,multiseed,bridge_circle_out125,2511,847401,TA,rank_correlation,0.0,0.7607142857142856,67
multiseed_position_original,multiseed,bridge_circle_out125_xminus075,2511,847401,TA,rank_correlation,1.0,0.8892857142857141,90
multiseed_position_original,multiseed,bridge_circle_out125,2511,847402,TA,rank_correlation,0.0,0.7571428571428571,66
multiseed_position_original,multiseed,bridge_circle_out125_xminus075,2511,847402,TA,rank_correlation,1.0,0.8714285714285712,79
multiseed_position_original,multiseed,bridge_circle_out125,2711,847401,TA,rank_correlation,0.0,0.6749999999999999,78
multiseed_position_original,multiseed,bridge_circle_out125_xminus075,2711,847401,TA,rank_correlation,1.0,0.8178571428571428,78
multiseed_position_original,multiseed,bridge_circle_out125,2711,847402,TA,rank_correlation,0.0,0.6607142857142856,72
multiseed_position_original,multiseed,bridge_circle_out125_xminus075,2711,847402,TA,rank_correlation,1.0,0.8642857142857141,65
multiseed_position_original,multiseed,bridge_circle_out125,2712,847401,TA,rank_correlation,0.0,0.5642857142857142,76
multiseed_position_original,multiseed,bridge_circle_out125_xminus075,2712,847401,TA,rank_correlation,1.0,0.5857142857142856,87
multiseed_position_original,multiseed,bridge_circle_out125,2712,847402,TA,rank_correlation,0.0,0.4928571428571427,62
multiseed_position_original,multiseed,bridge_circle_out125_xminus075,2712,847402,TA,rank_correlation,1.0,0.5428571428571428,71
multiseed_position_original,multiseed,bridge_circle_out125,2511,847401,TA,no_SCL,0.0,0.0,67
multiseed_position_original,multiseed,bridge_circle_out125_xminus075,2511,847401,TA,no_SCL,1.0,0.0,90
multiseed_position_original,multiseed,bridge_circle_out125,2511,847402,TA,no_SCL,0.0,0.0,66
multiseed_position_original,multiseed,bridge_circle_out125_xminus075,2511,847402,TA,no_SCL,1.0,0.0,79
multiseed_position_original,multiseed,bridge_circle_out125,2711,847401,TA,no_SCL,0.0,0.0,78
multiseed_position_original,multiseed,bridge_circle_out125_xminus075,2711,847401,TA,no_SCL,1.0,0.0,78
multiseed_position_original,multiseed,bridge_circle_out125,2711,847402,TA,no_SCL,0.0,0.0,72
multiseed_position_original,multiseed,bridge_circle_out125_xminus075,2711,847402,TA,no_SCL,1.0,0.0,65
multiseed_position_original,multiseed,bridge_circle_out125,2712,847401,TA,no_SCL,0.0,0.0,76
multiseed_position_original,multiseed,bridge_circle_out125_xminus075,2712,847401,TA,no_SCL,1.0,0.0,87
multiseed_position_original,multiseed,bridge_circle_out125,2712,847402,TA,no_SCL,0.0,0.0,62
multiseed_position_original,multiseed,bridge_circle_out125_xminus075,2712,847402,TA,no_SCL,1.0,0.0,71
multiseed_position_time,multiseed,bridge_circle_out125,2511,847401,TB,SCL_minus_ICL_lag_median_ms,0.0,35.15070612651493,72
multiseed_position_time,multiseed,bridge_circle_out125_xminus075,2511,847401,TB,SCL_minus_ICL_lag_median_ms,1.0,34.9357175366531,49
multiseed_position_time,multiseed,bridge_circle_out125,2511,847402,TB,SCL_minus_ICL_lag_median_ms,0.0,35.09358446753049,92
multiseed_position_time,multiseed,bridge_circle_out125_xminus075,2511,847402,TB,SCL_minus_ICL_lag_median_ms,1.0,34.747492009137204,65
multiseed_position_time,multiseed,bridge_circle_out125,2711,847401,TB,SCL_minus_ICL_lag_median_ms,0.0,35.72721858447767,62
multiseed_position_time,multiseed,bridge_circle_out125_xminus075,2711,847401,TB,SCL_minus_ICL_lag_median_ms,1.0,35.51231574398298,66
multiseed_position_time,multiseed,bridge_circle_out125,2711,847402,TB,SCL_minus_ICL_lag_median_ms,0.0,35.10369286354398,67
multiseed_position_time,multiseed,bridge_circle_out125_xminus075,2711,847402,TB,SCL_minus_ICL_lag_median_ms,1.0,35.33512809294916,93
multiseed_position_time,multiseed,bridge_circle_out125,2712,847401,TB,SCL_minus_ICL_lag_median_ms,0.0,34.87761967974075,90
multiseed_position_time,multiseed,bridge_circle_out125_xminus075,2712,847401,TB,SCL_minus_ICL_lag_median_ms,1.0,34.72431857102856,78
multiseed_position_time,multiseed,bridge_circle_out125,2712,847402,TB,SCL_minus_ICL_lag_median_ms,0.0,34.67413462661352,105
multiseed_position_time,multiseed,bridge_circle_out125_xminus075,2712,847402,TB,SCL_minus_ICL_lag_median_ms,1.0,34.701644191845844,103
multiseed_position_time,multiseed,bridge_circle_out125,2511,847401,TB,recruitment_span_ms_median,0.0,80.0,72
multiseed_position_time,multiseed,bridge_circle_out125_xminus075,2511,847401,TB,recruitment_span_ms_median,1.0,80.0,49
multiseed_position_time,multiseed,bridge_circle_out125,2511,847402,TB,recruitment_span_ms_median,0.0,78.0,92
multiseed_position_time,multiseed,bridge_circle_out125_xminus075,2511,847402,TB,recruitment_span_ms_median,1.0,80.0,65
multiseed_position_time,multiseed,bridge_circle_out125,2711,847401,TB,recruitment_span_ms_median,0.0,78.0,62
multiseed_position_time,multiseed,bridge_circle_out125_xminus075,2711,847401,TB,recruitment_span_ms_median,1.0,76.0,66
multiseed_position_time,multiseed,bridge_circle_out125,2711,847402,TB,recruitment_span_ms_median,0.0,76.0,67
multiseed_position_time,multiseed,bridge_circle_out125_xminus075,2711,847402,TB,recruitment_span_ms_median,1.0,78.0,93
multiseed_position_time,multiseed,bridge_circle_out125,2712,847401,TB,recruitment_span_ms_median,0.0,74.0,90
multiseed_position_time,multiseed,bridge_circle_out125_xminus075,2712,847401,TB,recruitment_span_ms_median,1.0,74.0,78
multiseed_position_time,multiseed,bridge_circle_out125,2712,847402,TB,recruitment_span_ms_median,0.0,74.0,105
multiseed_position_time,multiseed,bridge_circle_out125_xminus075,2712,847402,TB,recruitment_span_ms_median,1.0,74.0,103
multiseed_position_time,multiseed,bridge_circle_out125,2511,847401,TB,local_width_ms_median,0.0,16.0,72
multiseed_position_time,multiseed,bridge_circle_out125_xminus075,2511,847401,TB,local_width_ms_median,1.0,16.0,49
multiseed_position_time,multiseed,bridge_circle_out125,2511,847402,TB,local_width_ms_median,0.0,16.0,92
multiseed_position_time,multiseed,bridge_circle_out125_xminus075,2511,847402,TB,local_width_ms_median,1.0,16.0,65
multiseed_position_time,multiseed,bridge_circle_out125,2711,847401,TB,local_width_ms_median,0.0,16.0,62
multiseed_position_time,multiseed,bridge_circle_out125_xminus075,2711,847401,TB,local_width_ms_median,1.0,16.0,66
multiseed_position_time,multiseed,bridge_circle_out125,2711,847402,TB,local_width_ms_median,0.0,16.0,67
multiseed_position_time,multiseed,bridge_circle_out125_xminus075,2711,847402,TB,local_width_ms_median,1.0,16.0,93
multiseed_position_time,multiseed,bridge_circle_out125,2712,847401,TB,local_width_ms_median,0.0,18.0,90
multiseed_position_time,multiseed,bridge_circle_out125_xminus075,2712,847401,TB,local_width_ms_median,1.0,18.0,78
multiseed_position_time,multiseed,bridge_circle_out125,2712,847402,TB,local_width_ms_median,0.0,17.0,105
multiseed_position_time,multiseed,bridge_circle_out125_xminus075,2712,847402,TB,local_width_ms_median,1.0,18.0,103
multiseed_position_time,multiseed,bridge_circle_out125,2511,847401,TA,SCL_minus_ICL_lag_median_ms,0.0,-15.616664680681424,67
multiseed_position_time,multiseed,bridge_circle_out125_xminus075,2511,847401,TA,SCL_minus_ICL_lag_median_ms,1.0,-12.484785581929827,90
multiseed_position_time,multiseed,bridge_circle_out125,2511,847402,TA,SCL_minus_ICL_lag_median_ms,0.0,-15.680450782376283,66
multiseed_position_time,multiseed,bridge_circle_out125_xminus075,2511,847402,TA,SCL_minus_ICL_lag_median_ms,1.0,-12.961126672202226,79
multiseed_position_time,multiseed,bridge_circle_out125,2711,847401,TA,SCL_minus_ICL_lag_median_ms,0.0,-18.835192076592648,78
multiseed_position_time,multiseed,bridge_circle_out125_xminus075,2711,847401,TA,SCL_minus_ICL_lag_median_ms,1.0,-21.275578681561456,78
multiseed_position_time,multiseed,bridge_circle_out125,2711,847402,TA,SCL_minus_ICL_lag_median_ms,0.0,-18.25639376977824,72
multiseed_position_time,multiseed,bridge_circle_out125_xminus075,2711,847402,TA,SCL_minus_ICL_lag_median_ms,1.0,-21.136112214553577,65
multiseed_position_time,multiseed,bridge_circle_out125,2712,847401,TA,SCL_minus_ICL_lag_median_ms,0.0,37.36663436766139,76
multiseed_position_time,multiseed,bridge_circle_out125_xminus075,2712,847401,TA,SCL_minus_ICL_lag_median_ms,1.0,-10.934505512363105,87
multiseed_position_time,multiseed,bridge_circle_out125,2712,847402,TA,SCL_minus_ICL_lag_median_ms,0.0,42.2021434483936,62
multiseed_position_time,multiseed,bridge_circle_out125_xminus075,2712,847402,TA,SCL_minus_ICL_lag_median_ms,1.0,-10.57475750969752,71
multiseed_position_time,multiseed,bridge_circle_out125,2511,847401,TA,recruitment_span_ms_median,0.0,42.0,67
multiseed_position_time,multiseed,bridge_circle_out125_xminus075,2511,847401,TA,recruitment_span_ms_median,1.0,44.0,90
multiseed_position_time,multiseed,bridge_circle_out125,2511,847402,TA,recruitment_span_ms_median,0.0,42.0,66
multiseed_position_time,multiseed,bridge_circle_out125_xminus075,2511,847402,TA,recruitment_span_ms_median,1.0,40.0,79
multiseed_position_time,multiseed,bridge_circle_out125,2711,847401,TA,recruitment_span_ms_median,0.0,46.0,78
multiseed_position_time,multiseed,bridge_circle_out125_xminus075,2711,847401,TA,recruitment_span_ms_median,1.0,48.0,78
multiseed_position_time,multiseed,bridge_circle_out125,2711,847402,TA,recruitment_span_ms_median,0.0,46.0,72
multiseed_position_time,multiseed,bridge_circle_out125_xminus075,2711,847402,TA,recruitment_span_ms_median,1.0,48.0,65
multiseed_position_time,multiseed,bridge_circle_out125,2712,847401,TA,recruitment_span_ms_median,0.0,126.0,76
multiseed_position_time,multiseed,bridge_circle_out125_xminus075,2712,847401,TA,recruitment_span_ms_median,1.0,52.0,87
multiseed_position_time,multiseed,bridge_circle_out125,2712,847402,TA,recruitment_span_ms_median,0.0,126.0,62
multiseed_position_time,multiseed,bridge_circle_out125_xminus075,2712,847402,TA,recruitment_span_ms_median,1.0,126.0,71
multiseed_position_time,multiseed,bridge_circle_out125,2511,847401,TA,local_width_ms_median,0.0,16.0,67
multiseed_position_time,multiseed,bridge_circle_out125_xminus075,2511,847401,TA,local_width_ms_median,1.0,16.0,90
multiseed_position_time,multiseed,bridge_circle_out125,2511,847402,TA,local_width_ms_median,0.0,16.0,66
multiseed_position_time,multiseed,bridge_circle_out125_xminus075,2511,847402,TA,local_width_ms_median,1.0,16.0,79
multiseed_position_time,multiseed,bridge_circle_out125,2711,847401,TA,local_width_ms_median,0.0,16.0,78
multiseed_position_time,multiseed,bridge_circle_out125_xminus075,2711,847401,TA,local_width_ms_median,1.0,16.0,78
multiseed_position_time,multiseed,bridge_circle_out125,2711,847402,TA,local_width_ms_median,0.0,16.0,72
multiseed_position_time,multiseed,bridge_circle_out125_xminus075,2711,847402,TA,local_width_ms_median,1.0,16.0,65
multiseed_position_time,multiseed,bridge_circle_out125,2712,847401,TA,local_width_ms_median,0.0,16.0,76
multiseed_position_time,multiseed,bridge_circle_out125_xminus075,2712,847401,TA,local_width_ms_median,1.0,16.0,87
multiseed_position_time,multiseed,bridge_circle_out125,2712,847402,TA,local_width_ms_median,0.0,16.0,62
multiseed_position_time,multiseed,bridge_circle_out125_xminus075,2712,847402,TA,local_width_ms_median,1.0,16.0,71
multiseed_position_scl,multiseed,bridge_circle_out125,2511,847401,TB,pair_0,0.0,0.1290322580645161,62
multiseed_position_scl,multiseed,bridge_circle_out125_xminus075,2511,847401,TB,pair_0,1.0,0.2325581395348837,43
multiseed_position_scl,multiseed,bridge_circle_out125,2511,847402,TB,pair_0,0.0,0.088235294117647,68
multiseed_position_scl,multiseed,bridge_circle_out125_xminus075,2511,847402,TB,pair_0,1.0,0.2941176470588235,51
multiseed_position_scl,multiseed,bridge_circle_out125,2711,847401,TB,pair_0,0.0,0.1333333333333333,60
multiseed_position_scl,multiseed,bridge_circle_out125_xminus075,2711,847401,TB,pair_0,1.0,0.2063492063492063,63
multiseed_position_scl,multiseed,bridge_circle_out125,2711,847402,TB,pair_0,0.0,0.1129032258064516,62
multiseed_position_scl,multiseed,bridge_circle_out125_xminus075,2711,847402,TB,pair_0,1.0,0.1839080459770115,87
multiseed_position_scl,multiseed,bridge_circle_out125,2712,847401,TB,pair_0,0.0,0.0136986301369863,73
multiseed_position_scl,multiseed,bridge_circle_out125_xminus075,2712,847401,TB,pair_0,1.0,0.064516129032258,62
multiseed_position_scl,multiseed,bridge_circle_out125,2712,847402,TB,pair_0,0.0,0.04,75
multiseed_position_scl,multiseed,bridge_circle_out125_xminus075,2712,847402,TB,pair_0,1.0,0.0,77
multiseed_position_scl,multiseed,bridge_circle_out125,2511,847401,TB,pair_1,0.0,0.087719298245614,57
multiseed_position_scl,multiseed,bridge_circle_out125_xminus075,2511,847401,TB,pair_1,1.0,0.1666666666666666,42
multiseed_position_scl,multiseed,bridge_circle_out125,2511,847402,TB,pair_1,0.0,0.0757575757575757,66
multiseed_position_scl,multiseed,bridge_circle_out125_xminus075,2511,847402,TB,pair_1,1.0,0.1458333333333333,48
multiseed_position_scl,multiseed,bridge_circle_out125,2711,847401,TB,pair_1,0.0,0.1864406779661017,59
multiseed_position_scl,multiseed,bridge_circle_out125_xminus075,2711,847401,TB,pair_1,1.0,0.2419354838709677,62
multiseed_position_scl,multiseed,bridge_circle_out125,2711,847402,TB,pair_1,0.0,0.1147540983606557,61
multiseed_position_scl,multiseed,bridge_circle_out125_xminus075,2711,847402,TB,pair_1,1.0,0.2941176470588235,85
multiseed_position_scl,multiseed,bridge_circle_out125,2712,847401,TB,pair_1,0.0,0.0555555555555555,72
multiseed_position_scl,multiseed,bridge_circle_out125_xminus075,2712,847401,TB,pair_1,1.0,0.064516129032258,62
multiseed_position_scl,multiseed,bridge_circle_out125,2712,847402,TB,pair_1,0.0,0.0675675675675675,74
multiseed_position_scl,multiseed,bridge_circle_out125_xminus075,2712,847402,TB,pair_1,1.0,0.0512820512820512,78
multiseed_position_scl,multiseed,bridge_circle_out125,2511,847401,TB,pair_2,0.0,0.1166666666666666,60
multiseed_position_scl,multiseed,bridge_circle_out125_xminus075,2511,847401,TB,pair_2,1.0,0.0714285714285714,42
multiseed_position_scl,multiseed,bridge_circle_out125,2511,847402,TB,pair_2,0.0,0.1095890410958904,73
multiseed_position_scl,multiseed,bridge_circle_out125_xminus075,2511,847402,TB,pair_2,1.0,0.0754716981132075,53
multiseed_position_scl,multiseed,bridge_circle_out125,2711,847401,TB,pair_2,0.0,0.1785714285714285,56
multiseed_position_scl,multiseed,bridge_circle_out125_xminus075,2711,847401,TB,pair_2,1.0,0.2096774193548387,62
multiseed_position_scl,multiseed,bridge_circle_out125,2711,847402,TB,pair_2,0.0,0.296875,64
multiseed_position_scl,multiseed,bridge_circle_out125_xminus075,2711,847402,TB,pair_2,1.0,0.2808988764044944,89
multiseed_position_scl,multiseed,bridge_circle_out125,2712,847401,TB,pair_2,0.0,0.1234567901234567,81
multiseed_position_scl,multiseed,bridge_circle_out125_xminus075,2712,847401,TB,pair_2,1.0,0.144927536231884,69
multiseed_position_scl,multiseed,bridge_circle_out125,2712,847402,TB,pair_2,0.0,0.2340425531914893,94
multiseed_position_scl,multiseed,bridge_circle_out125_xminus075,2712,847402,TB,pair_2,1.0,0.2,95
multiseed_position_scl,multiseed,bridge_circle_out125,2511,847401,TA,pair_0,0.0,0.6111111111111112,18
multiseed_position_scl,multiseed,bridge_circle_out125_xminus075,2511,847401,TA,pair_0,1.0,0.951219512195122,41
multiseed_position_scl,multiseed,bridge_circle_out125,2511,847402,TA,pair_0,0.0,0.7,20
multiseed_position_scl,multiseed,bridge_circle_out125_xminus075,2511,847402,TA,pair_0,1.0,1.0,37
multiseed_position_scl,multiseed,bridge_circle_out125,2711,847401,TA,pair_0,0.0,0.365079365079365,63
multiseed_position_scl,multiseed,bridge_circle_out125_xminus075,2711,847401,TA,pair_0,1.0,0.7536231884057971,69
multiseed_position_scl,multiseed,bridge_circle_out125,2711,847402,TA,pair_0,0.0,0.3666666666666666,60
multiseed_position_scl,multiseed,bridge_circle_out125_xminus075,2711,847402,TA,pair_0,1.0,0.7704918032786885,61
multiseed_position_scl,multiseed,bridge_circle_out125,2712,847401,TA,pair_0,0.0,0.1666666666666666,12
multiseed_position_scl,multiseed,bridge_circle_out125_xminus075,2712,847401,TA,pair_0,1.0,0.2857142857142857,7
multiseed_position_scl,multiseed,bridge_circle_out125,2712,847402,TA,pair_0,0.0,0.1666666666666666,6
multiseed_position_scl,multiseed,bridge_circle_out125_xminus075,2712,847402,TA,pair_0,1.0,0.0,1
multiseed_position_scl,multiseed,bridge_circle_out125,2511,847401,TA,pair_1,0.0,1.0,10
multiseed_position_scl,multiseed,bridge_circle_out125_xminus075,2511,847401,TA,pair_1,1.0,1.0,32
multiseed_position_scl,multiseed,bridge_circle_out125,2511,847402,TA,pair_1,0.0,1.0,10
multiseed_position_scl,multiseed,bridge_circle_out125_xminus075,2511,847402,TA,pair_1,1.0,1.0,37
multiseed_position_scl,multiseed,bridge_circle_out125,2711,847401,TA,pair_1,0.0,0.6031746031746031,63
multiseed_position_scl,multiseed,bridge_circle_out125_xminus075,2711,847401,TA,pair_1,1.0,0.9859154929577464,71
multiseed_position_scl,multiseed,bridge_circle_out125,2711,847402,TA,pair_1,0.0,0.6666666666666666,54
multiseed_position_scl,multiseed,bridge_circle_out125_xminus075,2711,847402,TA,pair_1,1.0,0.9838709677419356,62
multiseed_position_scl,multiseed,bridge_circle_out125,2712,847401,TA,pair_1,0.0,1.0,3
multiseed_position_scl,multiseed,bridge_circle_out125_xminus075,2712,847401,TA,pair_1,1.0,1.0,13
multiseed_position_scl,multiseed,bridge_circle_out125_xminus075,2712,847402,TA,pair_1,1.0,1.0,3
multiseed_position_scl,multiseed,bridge_circle_out125,2511,847401,TA,pair_2,0.0,0.875,24
multiseed_position_scl,multiseed,bridge_circle_out125_xminus075,2511,847401,TA,pair_2,1.0,0.717391304347826,46
multiseed_position_scl,multiseed,bridge_circle_out125,2511,847402,TA,pair_2,0.0,0.9166666666666666,24
multiseed_position_scl,multiseed,bridge_circle_out125_xminus075,2511,847402,TA,pair_2,1.0,0.6976744186046512,43
multiseed_position_scl,multiseed,bridge_circle_out125,2711,847401,TA,pair_2,0.0,1.0,65
multiseed_position_scl,multiseed,bridge_circle_out125_xminus075,2711,847401,TA,pair_2,1.0,0.9866666666666668,75
multiseed_position_scl,multiseed,bridge_circle_out125,2711,847402,TA,pair_2,0.0,1.0,58
multiseed_position_scl,multiseed,bridge_circle_out125_xminus075,2711,847402,TA,pair_2,1.0,1.0,63
multiseed_position_scl,multiseed,bridge_circle_out125,2712,847401,TA,pair_2,0.0,1.0,33
multiseed_position_scl,multiseed,bridge_circle_out125_xminus075,2712,847401,TA,pair_2,1.0,1.0,53
multiseed_position_scl,multiseed,bridge_circle_out125,2712,847402,TA,pair_2,0.0,1.0,24
multiseed_position_scl,multiseed,bridge_circle_out125_xminus075,2712,847402,TA,pair_2,1.0,1.0,43
multiseed_position_scl_lag,multiseed,bridge_circle_out125,2511,847401,TB,scl_lag_0,0.0,-8.143319507154956,62
multiseed_position_scl_lag,multiseed,bridge_circle_out125_xminus075,2511,847401,TB,scl_lag_0,1.0,-8.180609069164348,43
multiseed_position_scl_lag,multiseed,bridge_circle_out125,2511,847402,TB,scl_lag_0,0.0,-8.16514474982614,68
multiseed_position_scl_lag,multiseed,bridge_circle_out125_xminus075,2511,847402,TB,scl_lag_0,1.0,-8.13981284158217,51
multiseed_position_scl_lag,multiseed,bridge_circle_out125,2711,847401,TB,scl_lag_0,0.0,-7.781747829514643,60
multiseed_position_scl_lag,multiseed,bridge_circle_out125_xminus075,2711,847401,TB,scl_lag_0,1.0,-7.786967092758005,63
multiseed_position_scl_lag,multiseed,bridge_circle_out125,2711,847402,TB,scl_lag_0,0.0,-7.769270207583759,62
multiseed_position_scl_lag,multiseed,bridge_circle_out125_xminus075,2711,847402,TB,scl_lag_0,1.0,-7.797534205506963,87
multiseed_position_scl_lag,multiseed,bridge_circle_out125,2712,847401,TB,scl_lag_0,0.0,-8.211032658669865,73
multiseed_position_scl_lag,multiseed,bridge_circle_out125_xminus075,2712,847401,TB,scl_lag_0,1.0,-8.227700294538863,62
multiseed_position_scl_lag,multiseed,bridge_circle_out125,2712,847402,TB,scl_lag_0,0.0,-8.15950082828931,75
multiseed_position_scl_lag,multiseed,bridge_circle_out125_xminus075,2712,847402,TB,scl_lag_0,1.0,-8.205743933693157,77
multiseed_position_scl_lag,multiseed,bridge_circle_out125,2511,847401,TB,scl_lag_1,0.0,-5.054063205567218,57
multiseed_position_scl_lag,multiseed,bridge_circle_out125_xminus075,2511,847401,TB,scl_lag_1,1.0,-5.1093861591907626,42
multiseed_position_scl_lag,multiseed,bridge_circle_out125,2511,847402,TB,scl_lag_1,0.0,-5.143963434689795,66
multiseed_position_scl_lag,multiseed,bridge_circle_out125_xminus075,2511,847402,TB,scl_lag_1,1.0,-5.132641204296306,48
multiseed_position_scl_lag,multiseed,bridge_circle_out125,2711,847401,TB,scl_lag_1,0.0,-5.640107249979337,59
multiseed_position_scl_lag,multiseed,bridge_circle_out125_xminus075,2711,847401,TB,scl_lag_1,1.0,-5.809773836406748,62
multiseed_position_scl_lag,multiseed,bridge_circle_out125,2711,847402,TB,scl_lag_1,0.0,-5.652523541255505,61
multiseed_position_scl_lag,multiseed,bridge_circle_out125_xminus075,2711,847402,TB,scl_lag_1,1.0,-5.578156952477002,85
multiseed_position_scl_lag,multiseed,bridge_circle_out125,2712,847401,TB,scl_lag_1,0.0,-5.386466571201709,72
multiseed_position_scl_lag,multiseed,bridge_circle_out125_xminus075,2712,847401,TB,scl_lag_1,1.0,-5.358256491572774,62
multiseed_position_scl_lag,multiseed,bridge_circle_out125,2712,847402,TB,scl_lag_1,0.0,-5.355672105236408,74
multiseed_position_scl_lag,multiseed,bridge_circle_out125_xminus075,2712,847402,TB,scl_lag_1,1.0,-5.324860757277747,78
multiseed_position_scl_lag,multiseed,bridge_circle_out125,2511,847401,TB,scl_lag_2,0.0,-8.387809115103664,60
multiseed_position_scl_lag,multiseed,bridge_circle_out125_xminus075,2511,847401,TB,scl_lag_2,1.0,-8.376311147007755,42
multiseed_position_scl_lag,multiseed,bridge_circle_out125,2511,847402,TB,scl_lag_2,0.0,-8.368199596734485,73
multiseed_position_scl_lag,multiseed,bridge_circle_out125_xminus075,2511,847402,TB,scl_lag_2,1.0,-8.390655742299714,53
multiseed_position_scl_lag,multiseed,bridge_circle_out125,2711,847401,TB,scl_lag_2,0.0,-8.363366202032921,56
multiseed_position_scl_lag,multiseed,bridge_circle_out125_xminus075,2711,847401,TB,scl_lag_2,1.0,-8.29566613028328,62
multiseed_position_scl_lag,multiseed,bridge_circle_out125,2711,847402,TB,scl_lag_2,0.0,-8.293395098038218,64
multiseed_position_scl_lag,multiseed,bridge_circle_out125_xminus075,2711,847402,TB,scl_lag_2,1.0,-8.254532157232461,89
multiseed_position_scl_lag,multiseed,bridge_circle_out125,2712,847401,TB,scl_lag_2,0.0,-8.534178241934569,81
multiseed_position_scl_lag,multiseed,bridge_circle_out125_xminus075,2712,847401,TB,scl_lag_2,1.0,-8.341072231225553,69
multiseed_position_scl_lag,multiseed,bridge_circle_out125,2712,847402,TB,scl_lag_2,0.0,-8.265073123846378,94
multiseed_position_scl_lag,multiseed,bridge_circle_out125_xminus075,2712,847402,TB,scl_lag_2,1.0,-8.22275963480206,95
multiseed_position_scl_lag,multiseed,bridge_circle_out125,2511,847401,TA,scl_lag_0,0.0,4.837932664685468,18
multiseed_position_scl_lag,multiseed,bridge_circle_out125_xminus075,2511,847401,TA,scl_lag_0,1.0,5.864670008479152,41
multiseed_position_scl_lag,multiseed,bridge_circle_out125,2511,847402,TA,scl_lag_0,0.0,4.259296974045356,20
multiseed_position_scl_lag,multiseed,bridge_circle_out125_xminus075,2511,847402,TA,scl_lag_0,1.0,7.028007815159072,37
multiseed_position_scl_lag,multiseed,bridge_circle_out125,2711,847401,TA,scl_lag_0,0.0,-5.391006193436624,63
multiseed_position_scl_lag,multiseed,bridge_circle_out125_xminus075,2711,847401,TA,scl_lag_0,1.0,2.1604537004859594,69
multiseed_position_scl_lag,multiseed,bridge_circle_out125,2711,847402,TA,scl_lag_0,0.0,-5.642382055664712,60
multiseed_position_scl_lag,multiseed,bridge_circle_out125_xminus075,2711,847402,TA,scl_lag_0,1.0,2.273524198877567,61
multiseed_position_scl_lag,multiseed,bridge_circle_out125,2712,847401,TA,scl_lag_0,0.0,-4.974221414244312,12
multiseed_position_scl_lag,multiseed,bridge_circle_out125_xminus075,2712,847401,TA,scl_lag_0,1.0,-0.1699582421606464,7
multiseed_position_scl_lag,multiseed,bridge_circle_out125,2712,847402,TA,scl_lag_0,0.0,-5.701111405914162,6
multiseed_position_scl_lag,multiseed,bridge_circle_out125_xminus075,2712,847402,TA,scl_lag_0,1.0,-0.3629059396043885,1
multiseed_position_scl_lag,multiseed,bridge_circle_out125,2511,847401,TA,scl_lag_1,0.0,5.069514364353381,10
multiseed_position_scl_lag,multiseed,bridge_circle_out125_xminus075,2511,847401,TA,scl_lag_1,1.0,5.12997337268007,32
multiseed_position_scl_lag,multiseed,bridge_circle_out125,2511,847402,TA,scl_lag_1,0.0,3.099951554559084,10
multiseed_position_scl_lag,multiseed,bridge_circle_out125_xminus075,2511,847402,TA,scl_lag_1,1.0,3.2491198517345765,37
multiseed_position_scl_lag,multiseed,bridge_circle_out125,2711,847401,TA,scl_lag_1,0.0,0.8159875478886534,63
multiseed_position_scl_lag,multiseed,bridge_circle_out125_xminus075,2711,847401,TA,scl_lag_1,1.0,2.2738340083960797,71
multiseed_position_scl_lag,multiseed,bridge_circle_out125,2711,847402,TA,scl_lag_1,0.0,0.6920312281472434,54
multiseed_position_scl_lag,multiseed,bridge_circle_out125_xminus075,2711,847402,TA,scl_lag_1,1.0,2.3577588274267782,62
multiseed_position_scl_lag,multiseed,bridge_circle_out125,2712,847401,TA,scl_lag_1,0.0,3.570328004709154,3
multiseed_position_scl_lag,multiseed,bridge_circle_out125_xminus075,2712,847401,TA,scl_lag_1,1.0,3.6813888712931657,13
multiseed_position_scl_lag,multiseed,bridge_circle_out125_xminus075,2712,847402,TA,scl_lag_1,1.0,3.9860157987604903,3
multiseed_position_scl_lag,multiseed,bridge_circle_out125,2511,847401,TA,scl_lag_2,0.0,7.476329271318718,24
multiseed_position_scl_lag,multiseed,bridge_circle_out125_xminus075,2511,847401,TA,scl_lag_2,1.0,7.085987498498071,46
multiseed_position_scl_lag,multiseed,bridge_circle_out125,2511,847402,TA,scl_lag_2,0.0,7.434965160811771,24
multiseed_position_scl_lag,multiseed,bridge_circle_out125_xminus075,2511,847402,TA,scl_lag_2,1.0,7.012598748719029,43
multiseed_position_scl_lag,multiseed,bridge_circle_out125,2711,847401,TA,scl_lag_2,0.0,5.733392812006059,65
multiseed_position_scl_lag,multiseed,bridge_circle_out125_xminus075,2711,847401,TA,scl_lag_2,1.0,5.949190459494275,75
multiseed_position_scl_lag,multiseed,bridge_circle_out125,2711,847402,TA,scl_lag_2,0.0,5.861632254342112,58
multiseed_position_scl_lag,multiseed,bridge_circle_out125_xminus075,2711,847402,TA,scl_lag_2,1.0,5.954242472249462,63
multiseed_position_scl_lag,multiseed,bridge_circle_out125,2712,847401,TA,scl_lag_2,0.0,6.507209880561277,33
multiseed_position_scl_lag,multiseed,bridge_circle_out125_xminus075,2712,847401,TA,scl_lag_2,1.0,6.57185277577446,53
multiseed_position_scl_lag,multiseed,bridge_circle_out125,2712,847402,TA,scl_lag_2,0.0,6.6225762095346,24
multiseed_position_scl_lag,multiseed,bridge_circle_out125_xminus075,2712,847402,TA,scl_lag_2,1.0,6.409661268803575,43
multiseed_position_support,multiseed,bridge_circle_out125,2511,847401,TB,SCL_upper_participation,0.0,0.9027777777777776,72
multiseed_position_support,multiseed,bridge_circle_out125_xminus075,2511,847401,TB,SCL_upper_participation,1.0,0.9387755102040816,49
multiseed_position_support,multiseed,bridge_circle_out125,2511,847402,TB,SCL_upper_participation,0.0,0.7934782608695652,92
multiseed_position_support,multiseed,bridge_circle_out125_xminus075,2511,847402,TB,SCL_upper_participation,1.0,0.8692307692307693,65
multiseed_position_support,multiseed,bridge_circle_out125,2711,847401,TB,SCL_upper_participation,0.0,0.9838709677419356,62
multiseed_position_support,multiseed,bridge_circle_out125_xminus075,2711,847401,TB,SCL_upper_participation,1.0,0.9772727272727272,66
multiseed_position_support,multiseed,bridge_circle_out125,2711,847402,TB,SCL_upper_participation,0.0,0.9552238805970148,67
multiseed_position_support,multiseed,bridge_circle_out125_xminus075,2711,847402,TB,SCL_upper_participation,1.0,0.967741935483871,93
multiseed_position_support,multiseed,bridge_circle_out125,2712,847401,TB,SCL_upper_participation,0.0,0.9,90
multiseed_position_support,multiseed,bridge_circle_out125_xminus075,2712,847401,TB,SCL_upper_participation,1.0,0.8461538461538461,78
multiseed_position_support,multiseed,bridge_circle_out125,2712,847402,TB,SCL_upper_participation,0.0,0.8142857142857143,105
multiseed_position_support,multiseed,bridge_circle_out125_xminus075,2712,847402,TB,SCL_upper_participation,1.0,0.8203883495145632,103
multiseed_position_support,multiseed,bridge_circle_out125,2511,847401,TB,mode_fraction,0.0,0.5179856115107914,72
multiseed_position_support,multiseed,bridge_circle_out125_xminus075,2511,847401,TB,mode_fraction,1.0,0.35251798561151076,49
multiseed_position_support,multiseed,bridge_circle_out125,2511,847402,TB,mode_fraction,0.0,0.5822784810126582,92
multiseed_position_support,multiseed,bridge_circle_out125_xminus075,2511,847402,TB,mode_fraction,1.0,0.4513888888888889,65
multiseed_position_support,multiseed,bridge_circle_out125,2711,847401,TB,mode_fraction,0.0,0.44285714285714284,62
multiseed_position_support,multiseed,bridge_circle_out125_xminus075,2711,847401,TB,mode_fraction,1.0,0.4583333333333333,66
multiseed_position_support,multiseed,bridge_circle_out125,2711,847402,TB,mode_fraction,0.0,0.48201438848920863,67
multiseed_position_support,multiseed,bridge_circle_out125_xminus075,2711,847402,TB,mode_fraction,1.0,0.5886075949367089,93
multiseed_position_support,multiseed,bridge_circle_out125,2712,847401,TB,mode_fraction,0.0,0.5421686746987951,90
multiseed_position_support,multiseed,bridge_circle_out125_xminus075,2712,847401,TB,mode_fraction,1.0,0.4727272727272727,78
multiseed_position_support,multiseed,bridge_circle_out125,2712,847402,TB,mode_fraction,0.0,0.6287425149700598,105
multiseed_position_support,multiseed,bridge_circle_out125_xminus075,2712,847402,TB,mode_fraction,1.0,0.5919540229885057,103
multiseed_position_support,multiseed,bridge_circle_out125,2511,847401,TB,n,0.0,72.0,72
multiseed_position_support,multiseed,bridge_circle_out125_xminus075,2511,847401,TB,n,1.0,49.0,49
multiseed_position_support,multiseed,bridge_circle_out125,2511,847402,TB,n,0.0,92.0,92
multiseed_position_support,multiseed,bridge_circle_out125_xminus075,2511,847402,TB,n,1.0,65.0,65
multiseed_position_support,multiseed,bridge_circle_out125,2711,847401,TB,n,0.0,62.0,62
multiseed_position_support,multiseed,bridge_circle_out125_xminus075,2711,847401,TB,n,1.0,66.0,66
multiseed_position_support,multiseed,bridge_circle_out125,2711,847402,TB,n,0.0,67.0,67
multiseed_position_support,multiseed,bridge_circle_out125_xminus075,2711,847402,TB,n,1.0,93.0,93
multiseed_position_support,multiseed,bridge_circle_out125,2712,847401,TB,n,0.0,90.0,90
multiseed_position_support,multiseed,bridge_circle_out125_xminus075,2712,847401,TB,n,1.0,78.0,78
multiseed_position_support,multiseed,bridge_circle_out125,2712,847402,TB,n,0.0,105.0,105
multiseed_position_support,multiseed,bridge_circle_out125_xminus075,2712,847402,TB,n,1.0,103.0,103
multiseed_position_support,multiseed,bridge_circle_out125,2511,847401,TA,SCL_upper_participation,0.0,0.3955223880597015,67
multiseed_position_support,multiseed,bridge_circle_out125_xminus075,2511,847401,TA,SCL_upper_participation,1.0,0.6166666666666667,90
multiseed_position_support,multiseed,bridge_circle_out125,2511,847402,TA,SCL_upper_participation,0.0,0.4242424242424242,66
multiseed_position_support,multiseed,bridge_circle_out125_xminus075,2511,847402,TA,SCL_upper_participation,1.0,0.6772151898734178,79
multiseed_position_support,multiseed,bridge_circle_out125,2711,847401,TA,SCL_upper_participation,0.0,0.903846153846154,78
multiseed_position_support,multiseed,bridge_circle_out125_xminus075,2711,847401,TA,SCL_upper_participation,1.0,0.9423076923076924,78
multiseed_position_support,multiseed,bridge_circle_out125,2711,847402,TA,SCL_upper_participation,0.0,0.9166666666666669,72
multiseed_position_support,multiseed,bridge_circle_out125_xminus075,2711,847402,TA,SCL_upper_participation,1.0,0.9692307692307692,65
multiseed_position_support,multiseed,bridge_circle_out125,2712,847401,TA,SCL_upper_participation,0.0,0.5263157894736842,76
multiseed_position_support,multiseed,bridge_circle_out125_xminus075,2712,847401,TA,SCL_upper_participation,1.0,0.4770114942528736,87
multiseed_position_support,multiseed,bridge_circle_out125,2712,847402,TA,SCL_upper_participation,0.0,0.5080645161290323,62
multiseed_position_support,multiseed,bridge_circle_out125_xminus075,2712,847402,TA,SCL_upper_participation,1.0,0.4788732394366197,71
multiseed_position_support,multiseed,bridge_circle_out125,2511,847401,TA,mode_fraction,0.0,0.48201438848920863,67
multiseed_position_support,multiseed,bridge_circle_out125_xminus075,2511,847401,TA,mode_fraction,1.0,0.6474820143884892,90
multiseed_position_support,multiseed,bridge_circle_out125,2511,847402,TA,mode_fraction,0.0,0.4177215189873418,66
multiseed_position_support,multiseed,bridge_circle_out125_xminus075,2511,847402,TA,mode_fraction,1.0,0.5486111111111112,79
multiseed_position_support,multiseed,bridge_circle_out125,2711,847401,TA,mode_fraction,0.0,0.5571428571428572,78
multiseed_position_support,multiseed,bridge_circle_out125_xminus075,2711,847401,TA,mode_fraction,1.0,0.5416666666666666,78
multiseed_position_support,multiseed,bridge_circle_out125,2711,847402,TA,mode_fraction,0.0,0.5179856115107914,72
multiseed_position_support,multiseed,bridge_circle_out125_xminus075,2711,847402,TA,mode_fraction,1.0,0.41139240506329117,65
multiseed_position_support,multiseed,bridge_circle_out125,2712,847401,TA,mode_fraction,0.0,0.4578313253012048,76
multiseed_position_support,multiseed,bridge_circle_out125_xminus075,2712,847401,TA,mode_fraction,1.0,0.5272727272727272,87
multiseed_position_support,multiseed,bridge_circle_out125,2712,847402,TA,mode_fraction,0.0,0.3712574850299401,62
multiseed_position_support,multiseed,bridge_circle_out125_xminus075,2712,847402,TA,mode_fraction,1.0,0.40804597701149425,71
multiseed_position_support,multiseed,bridge_circle_out125,2511,847401,TA,n,0.0,67.0,67
multiseed_position_support,multiseed,bridge_circle_out125_xminus075,2511,847401,TA,n,1.0,90.0,90
multiseed_position_support,multiseed,bridge_circle_out125,2511,847402,TA,n,0.0,66.0,66
multiseed_position_support,multiseed,bridge_circle_out125_xminus075,2511,847402,TA,n,1.0,79.0,79
multiseed_position_support,multiseed,bridge_circle_out125,2711,847401,TA,n,0.0,78.0,78
multiseed_position_support,multiseed,bridge_circle_out125_xminus075,2711,847401,TA,n,1.0,78.0,78
multiseed_position_support,multiseed,bridge_circle_out125,2711,847402,TA,n,0.0,72.0,72
multiseed_position_support,multiseed,bridge_circle_out125_xminus075,2711,847402,TA,n,1.0,65.0,65
multiseed_position_support,multiseed,bridge_circle_out125,2712,847401,TA,n,0.0,76.0,76
multiseed_position_support,multiseed,bridge_circle_out125_xminus075,2712,847401,TA,n,1.0,87.0,87
multiseed_position_support,multiseed,bridge_circle_out125,2712,847402,TA,n,0.0,62.0,62
multiseed_position_support,multiseed,bridge_circle_out125_xminus075,2712,847402,TA,n,1.0,71.0,71
multiseed_EI_endpoints_original,multiseed,curve_circle_out1_EI1,2511,847401,TB,participation_mae,0.0,0.1771759426872483,92
multiseed_EI_endpoints_original,multiseed,curve_circle_out1_EI0.75,2511,847401,TB,participation_mae,1.0,0.2051675559904728,82
multiseed_EI_endpoints_original,multiseed,curve_circle_out1_EI1,2511,847402,TB,participation_mae,0.0,0.1836227206927234,95
multiseed_EI_endpoints_original,multiseed,curve_circle_out1_EI0.75,2511,847402,TB,participation_mae,1.0,0.2067459782807483,109
multiseed_EI_endpoints_original,multiseed,curve_circle_out1_EI1,2711,847401,TB,participation_mae,0.0,0.146605086953308,99
multiseed_EI_endpoints_original,multiseed,curve_circle_out1_EI0.75,2711,847401,TB,participation_mae,1.0,0.2137981264972601,81
multiseed_EI_endpoints_original,multiseed,curve_circle_out1_EI1,2711,847402,TB,participation_mae,0.0,0.1553093777011827,94
multiseed_EI_endpoints_original,multiseed,curve_circle_out1_EI0.75,2711,847402,TB,participation_mae,1.0,0.2203404965316936,98
multiseed_EI_endpoints_original,multiseed,curve_circle_out1_EI1,2712,847401,TB,participation_mae,0.0,0.188203610671438,110
multiseed_EI_endpoints_original,multiseed,curve_circle_out1_EI0.75,2712,847401,TB,participation_mae,1.0,0.1982656236857599,84
multiseed_EI_endpoints_original,multiseed,curve_circle_out1_EI1,2712,847402,TB,participation_mae,0.0,0.2009775034453308,104
multiseed_EI_endpoints_original,multiseed,curve_circle_out1_EI0.75,2712,847402,TB,participation_mae,1.0,0.2052139572599948,103
multiseed_EI_endpoints_original,multiseed,curve_circle_out1_EI1,2511,847401,TB,rank_correlation,0.0,0.532142857142857,92
multiseed_EI_endpoints_original,multiseed,curve_circle_out1_EI0.75,2511,847401,TB,rank_correlation,1.0,0.5142857142857142,82
multiseed_EI_endpoints_original,multiseed,curve_circle_out1_EI1,2511,847402,TB,rank_correlation,0.0,0.5428571428571428,95
multiseed_EI_endpoints_original,multiseed,curve_circle_out1_EI0.75,2511,847402,TB,rank_correlation,1.0,0.557142857142857,109
multiseed_EI_endpoints_original,multiseed,curve_circle_out1_EI1,2711,847401,TB,rank_correlation,0.0,0.5249999999999999,99
multiseed_EI_endpoints_original,multiseed,curve_circle_out1_EI0.75,2711,847401,TB,rank_correlation,1.0,0.5392857142857141,81
multiseed_EI_endpoints_original,multiseed,curve_circle_out1_EI1,2711,847402,TB,rank_correlation,0.0,0.5249999999999999,94
multiseed_EI_endpoints_original,multiseed,curve_circle_out1_EI0.75,2711,847402,TB,rank_correlation,1.0,0.5392857142857141,98
multiseed_EI_endpoints_original,multiseed,curve_circle_out1_EI1,2712,847401,TB,rank_correlation,0.0,0.5357142857142856,110
multiseed_EI_endpoints_original,multiseed,curve_circle_out1_EI0.75,2712,847401,TB,rank_correlation,1.0,0.5107142857142856,84
multiseed_EI_endpoints_original,multiseed,curve_circle_out1_EI1,2712,847402,TB,rank_correlation,0.0,0.5357142857142856,104
multiseed_EI_endpoints_original,multiseed,curve_circle_out1_EI0.75,2712,847402,TB,rank_correlation,1.0,0.5107142857142856,103
multiseed_EI_endpoints_original,multiseed,curve_circle_out1_EI1,2511,847401,TB,no_SCL,0.0,0.0,92
multiseed_EI_endpoints_original,multiseed,curve_circle_out1_EI0.75,2511,847401,TB,no_SCL,1.0,0.0,82
multiseed_EI_endpoints_original,multiseed,curve_circle_out1_EI1,2511,847402,TB,no_SCL,0.0,0.010526315789473606,95
multiseed_EI_endpoints_original,multiseed,curve_circle_out1_EI0.75,2511,847402,TB,no_SCL,1.0,0.0,109
multiseed_EI_endpoints_original,multiseed,curve_circle_out1_EI1,2711,847401,TB,no_SCL,0.0,0.04040404040404044,99
multiseed_EI_endpoints_original,multiseed,curve_circle_out1_EI0.75,2711,847401,TB,no_SCL,1.0,0.0,81
multiseed_EI_endpoints_original,multiseed,curve_circle_out1_EI1,2711,847402,TB,no_SCL,0.0,0.010638297872340385,94
multiseed_EI_endpoints_original,multiseed,curve_circle_out1_EI0.75,2711,847402,TB,no_SCL,1.0,0.0,98
multiseed_EI_endpoints_original,multiseed,curve_circle_out1_EI1,2712,847401,TB,no_SCL,0.0,0.0,110
multiseed_EI_endpoints_original,multiseed,curve_circle_out1_EI0.75,2712,847401,TB,no_SCL,1.0,0.0,84
multiseed_EI_endpoints_original,multiseed,curve_circle_out1_EI1,2712,847402,TB,no_SCL,0.0,0.0,104
multiseed_EI_endpoints_original,multiseed,curve_circle_out1_EI0.75,2712,847402,TB,no_SCL,1.0,0.0,103
multiseed_EI_endpoints_original,multiseed,curve_circle_out1_EI1,2511,847401,TA,participation_mae,0.0,0.1910669825595765,21
multiseed_EI_endpoints_original,multiseed,curve_circle_out1_EI0.75,2511,847401,TA,participation_mae,1.0,0.2220407646537536,80
multiseed_EI_endpoints_original,multiseed,curve_circle_out1_EI1,2511,847402,TA,participation_mae,0.0,0.2172574587500527,12
multiseed_EI_endpoints_original,multiseed,curve_circle_out1_EI0.75,2511,847402,TA,participation_mae,1.0,0.2132688348291923,57
multiseed_EI_endpoints_original,multiseed,curve_circle_out1_EI1,2711,847401,TA,participation_mae,0.0,0.3733271440829359,9
multiseed_EI_endpoints_original,multiseed,curve_circle_out1_EI0.75,2711,847401,TA,participation_mae,1.0,0.1597721230535511,93
multiseed_EI_endpoints_original,multiseed,curve_circle_out1_EI1,2711,847402,TA,participation_mae,0.0,0.3640770983668818,8
multiseed_EI_endpoints_original,multiseed,curve_circle_out1_EI0.75,2711,847402,TA,participation_mae,1.0,0.1631054563868844,80
multiseed_EI_endpoints_original,multiseed,curve_circle_out1_EI1,2712,847401,TA,participation_mae,0.0,0.2992530700088618,46
multiseed_EI_endpoints_original,multiseed,curve_circle_out1_EI0.75,2712,847401,TA,participation_mae,1.0,0.3570859205908327,83
multiseed_EI_endpoints_original,multiseed,curve_circle_out1_EI1,2712,847402,TA,participation_mae,0.0,0.3069027725028485,40
multiseed_EI_endpoints_original,multiseed,curve_circle_out1_EI0.75,2712,847402,TA,participation_mae,1.0,0.3544164190552787,68
multiseed_EI_endpoints_original,multiseed,curve_circle_out1_EI1,2511,847401,TA,rank_correlation,0.0,0.4142857142857142,21
multiseed_EI_endpoints_original,multiseed,curve_circle_out1_EI0.75,2511,847401,TA,rank_correlation,1.0,0.7582417582417583,80
multiseed_EI_endpoints_original,multiseed,curve_circle_out1_EI1,2511,847402,TA,rank_correlation,0.0,0.0892857142857142,12
multiseed_EI_endpoints_original,multiseed,curve_circle_out1_EI0.75,2511,847402,TA,rank_correlation,1.0,0.7582417582417583,57
multiseed_EI_endpoints_original,multiseed,curve_circle_out1_EI1,2711,847401,TA,rank_correlation,0.0,0.2363636363636363,9
multiseed_EI_endpoints_original,multiseed,curve_circle_out1_EI0.75,2711,847401,TA,rank_correlation,1.0,0.8035714285714284,93
multiseed_EI_endpoints_original,multiseed,curve_circle_out1_EI1,2711,847402,TA,rank_correlation,0.0,0.3356643356643357,8
multiseed_EI_endpoints_original,multiseed,curve_circle_out1_EI0.75,2711,847402,TA,rank_correlation,1.0,0.8357142857142855,80
multiseed_EI_endpoints_original,multiseed,curve_circle_out1_EI1,2712,847401,TA,rank_correlation,0.0,0.1357142857142857,46
multiseed_EI_endpoints_original,multiseed,curve_circle_out1_EI0.75,2712,847401,TA,rank_correlation,1.0,0.5104895104895105,83
multiseed_EI_endpoints_original,multiseed,curve_circle_out1_EI1,2712,847402,TA,rank_correlation,0.0,0.1714285714285714,40
multiseed_EI_endpoints_original,multiseed,curve_circle_out1_EI0.75,2712,847402,TA,rank_correlation,1.0,0.6573426573426573,68
multiseed_EI_endpoints_original,multiseed,curve_circle_out1_EI1,2511,847401,TA,no_SCL,0.0,0.0,21
multiseed_EI_endpoints_original,multiseed,curve_circle_out1_EI0.75,2511,847401,TA,no_SCL,1.0,0.0,80
multiseed_EI_endpoints_original,multiseed,curve_circle_out1_EI1,2511,847402,TA,no_SCL,0.0,0.0,12
multiseed_EI_endpoints_original,multiseed,curve_circle_out1_EI0.75,2511,847402,TA,no_SCL,1.0,0.0,57
multiseed_EI_endpoints_original,multiseed,curve_circle_out1_EI1,2711,847401,TA,no_SCL,0.0,0.0,9
multiseed_EI_endpoints_original,multiseed,curve_circle_out1_EI0.75,2711,847401,TA,no_SCL,1.0,0.0,93
multiseed_EI_endpoints_original,multiseed,curve_circle_out1_EI1,2711,847402,TA,no_SCL,0.0,0.0,8
multiseed_EI_endpoints_original,multiseed,curve_circle_out1_EI0.75,2711,847402,TA,no_SCL,1.0,0.0,80
multiseed_EI_endpoints_original,multiseed,curve_circle_out1_EI1,2712,847401,TA,no_SCL,0.0,0.0,46
multiseed_EI_endpoints_original,multiseed,curve_circle_out1_EI0.75,2712,847401,TA,no_SCL,1.0,0.0,83
multiseed_EI_endpoints_original,multiseed,curve_circle_out1_EI1,2712,847402,TA,no_SCL,0.0,0.0,40
multiseed_EI_endpoints_original,multiseed,curve_circle_out1_EI0.75,2712,847402,TA,no_SCL,1.0,0.0,68
multiseed_EI_endpoints_time,multiseed,curve_circle_out1_EI1,2511,847401,TB,SCL_minus_ICL_lag_median_ms,0.0,36.3069635378215,92
multiseed_EI_endpoints_time,multiseed,curve_circle_out1_EI0.75,2511,847401,TB,SCL_minus_ICL_lag_median_ms,1.0,34.791067052572544,82
multiseed_EI_endpoints_time,multiseed,curve_circle_out1_EI1,2511,847402,TB,SCL_minus_ICL_lag_median_ms,0.0,37.10676090066249,94
multiseed_EI_endpoints_time,multiseed,curve_circle_out1_EI0.75,2511,847402,TB,SCL_minus_ICL_lag_median_ms,1.0,34.732627769224564,109
multiseed_EI_endpoints_time,multiseed,curve_circle_out1_EI1,2711,847401,TB,SCL_minus_ICL_lag_median_ms,0.0,36.66139187093359,95
multiseed_EI_endpoints_time,multiseed,curve_circle_out1_EI0.75,2711,847401,TB,SCL_minus_ICL_lag_median_ms,1.0,35.28057103637184,81
multiseed_EI_endpoints_time,multiseed,curve_circle_out1_EI1,2711,847402,TB,SCL_minus_ICL_lag_median_ms,0.0,36.647656150379134,93
multiseed_EI_endpoints_time,multiseed,curve_circle_out1_EI0.75,2711,847402,TB,SCL_minus_ICL_lag_median_ms,1.0,34.46895324234265,98
multiseed_EI_endpoints_time,multiseed,curve_circle_out1_EI1,2712,847401,TB,SCL_minus_ICL_lag_median_ms,0.0,35.77332963384288,110
multiseed_EI_endpoints_time,multiseed,curve_circle_out1_EI0.75,2712,847401,TB,SCL_minus_ICL_lag_median_ms,1.0,34.6829105069919,84
multiseed_EI_endpoints_time,multiseed,curve_circle_out1_EI1,2712,847402,TB,SCL_minus_ICL_lag_median_ms,0.0,35.93971625290578,104
multiseed_EI_endpoints_time,multiseed,curve_circle_out1_EI0.75,2712,847402,TB,SCL_minus_ICL_lag_median_ms,1.0,34.27693486047792,103
multiseed_EI_endpoints_time,multiseed,curve_circle_out1_EI1,2511,847401,TB,recruitment_span_ms_median,0.0,88.0,92
multiseed_EI_endpoints_time,multiseed,curve_circle_out1_EI0.75,2511,847401,TB,recruitment_span_ms_median,1.0,74.0,82
multiseed_EI_endpoints_time,multiseed,curve_circle_out1_EI1,2511,847402,TB,recruitment_span_ms_median,0.0,94.0,95
multiseed_EI_endpoints_time,multiseed,curve_circle_out1_EI0.75,2511,847402,TB,recruitment_span_ms_median,1.0,72.0,109
multiseed_EI_endpoints_time,multiseed,curve_circle_out1_EI1,2711,847401,TB,recruitment_span_ms_median,0.0,84.0,99
multiseed_EI_endpoints_time,multiseed,curve_circle_out1_EI0.75,2711,847401,TB,recruitment_span_ms_median,1.0,70.0,81
multiseed_EI_endpoints_time,multiseed,curve_circle_out1_EI1,2711,847402,TB,recruitment_span_ms_median,0.0,84.0,94
multiseed_EI_endpoints_time,multiseed,curve_circle_out1_EI0.75,2711,847402,TB,recruitment_span_ms_median,1.0,70.0,98
multiseed_EI_endpoints_time,multiseed,curve_circle_out1_EI1,2712,847401,TB,recruitment_span_ms_median,0.0,78.0,110
multiseed_EI_endpoints_time,multiseed,curve_circle_out1_EI0.75,2712,847401,TB,recruitment_span_ms_median,1.0,72.0,84
multiseed_EI_endpoints_time,multiseed,curve_circle_out1_EI1,2712,847402,TB,recruitment_span_ms_median,0.0,80.0,104
multiseed_EI_endpoints_time,multiseed,curve_circle_out1_EI0.75,2712,847402,TB,recruitment_span_ms_median,1.0,72.0,103
multiseed_EI_endpoints_time,multiseed,curve_circle_out1_EI1,2511,847401,TB,local_width_ms_median,0.0,16.0,92
multiseed_EI_endpoints_time,multiseed,curve_circle_out1_EI0.75,2511,847401,TB,local_width_ms_median,1.0,16.0,82
multiseed_EI_endpoints_time,multiseed,curve_circle_out1_EI1,2511,847402,TB,local_width_ms_median,0.0,16.0,95
multiseed_EI_endpoints_time,multiseed,curve_circle_out1_EI0.75,2511,847402,TB,local_width_ms_median,1.0,16.0,109
multiseed_EI_endpoints_time,multiseed,curve_circle_out1_EI1,2711,847401,TB,local_width_ms_median,0.0,16.0,99
multiseed_EI_endpoints_time,multiseed,curve_circle_out1_EI0.75,2711,847401,TB,local_width_ms_median,1.0,18.0,81
multiseed_EI_endpoints_time,multiseed,curve_circle_out1_EI1,2711,847402,TB,local_width_ms_median,0.0,16.0,94
multiseed_EI_endpoints_time,multiseed,curve_circle_out1_EI0.75,2711,847402,TB,local_width_ms_median,1.0,18.0,98
multiseed_EI_endpoints_time,multiseed,curve_circle_out1_EI1,2712,847401,TB,local_width_ms_median,0.0,16.0,110
multiseed_EI_endpoints_time,multiseed,curve_circle_out1_EI0.75,2712,847401,TB,local_width_ms_median,1.0,18.0,84
multiseed_EI_endpoints_time,multiseed,curve_circle_out1_EI1,2712,847402,TB,local_width_ms_median,0.0,16.0,104
multiseed_EI_endpoints_time,multiseed,curve_circle_out1_EI0.75,2712,847402,TB,local_width_ms_median,1.0,18.0,103
multiseed_EI_endpoints_time,multiseed,curve_circle_out1_EI1,2511,847401,TA,SCL_minus_ICL_lag_median_ms,0.0,90.88478857249676,21
multiseed_EI_endpoints_time,multiseed,curve_circle_out1_EI0.75,2511,847401,TA,SCL_minus_ICL_lag_median_ms,1.0,-19.359521445316204,80
multiseed_EI_endpoints_time,multiseed,curve_circle_out1_EI1,2511,847402,TA,SCL_minus_ICL_lag_median_ms,0.0,89.84069402810746,12
multiseed_EI_endpoints_time,multiseed,curve_circle_out1_EI0.75,2511,847402,TA,SCL_minus_ICL_lag_median_ms,1.0,-20.06911709849328,57
multiseed_EI_endpoints_time,multiseed,curve_circle_out1_EI1,2711,847401,TA,SCL_minus_ICL_lag_median_ms,0.0,92.76485168028375,9
multiseed_EI_endpoints_time,multiseed,curve_circle_out1_EI0.75,2711,847401,TA,SCL_minus_ICL_lag_median_ms,1.0,-20.072719436488114,93
multiseed_EI_endpoints_time,multiseed,curve_circle_out1_EI1,2711,847402,TA,SCL_minus_ICL_lag_median_ms,0.0,92.982830320213,8
multiseed_EI_endpoints_time,multiseed,curve_circle_out1_EI0.75,2711,847402,TA,SCL_minus_ICL_lag_median_ms,1.0,-19.605864949804527,80
multiseed_EI_endpoints_time,multiseed,curve_circle_out1_EI1,2712,847401,TA,SCL_minus_ICL_lag_median_ms,0.0,98.59954017231394,46
multiseed_EI_endpoints_time,multiseed,curve_circle_out1_EI0.75,2712,847401,TA,SCL_minus_ICL_lag_median_ms,1.0,-20.62915104113199,83
multiseed_EI_endpoints_time,multiseed,curve_circle_out1_EI1,2712,847402,TA,SCL_minus_ICL_lag_median_ms,0.0,99.26388127243354,40
multiseed_EI_endpoints_time,multiseed,curve_circle_out1_EI0.75,2712,847402,TA,SCL_minus_ICL_lag_median_ms,1.0,-20.841320211821767,68
multiseed_EI_endpoints_time,multiseed,curve_circle_out1_EI1,2511,847401,TA,recruitment_span_ms_median,0.0,118.0,21
multiseed_EI_endpoints_time,multiseed,curve_circle_out1_EI0.75,2511,847401,TA,recruitment_span_ms_median,1.0,48.0,80
multiseed_EI_endpoints_time,multiseed,curve_circle_out1_EI1,2511,847402,TA,recruitment_span_ms_median,0.0,120.0,12
multiseed_EI_endpoints_time,multiseed,curve_circle_out1_EI0.75,2511,847402,TA,recruitment_span_ms_median,1.0,48.0,57
multiseed_EI_endpoints_time,multiseed,curve_circle_out1_EI1,2711,847401,TA,recruitment_span_ms_median,0.0,120.0,9
multiseed_EI_endpoints_time,multiseed,curve_circle_out1_EI0.75,2711,847401,TA,recruitment_span_ms_median,1.0,48.0,93
multiseed_EI_endpoints_time,multiseed,curve_circle_out1_EI1,2711,847402,TA,recruitment_span_ms_median,0.0,118.0,8
multiseed_EI_endpoints_time,multiseed,curve_circle_out1_EI0.75,2711,847402,TA,recruitment_span_ms_median,1.0,48.0,80
multiseed_EI_endpoints_time,multiseed,curve_circle_out1_EI1,2712,847401,TA,recruitment_span_ms_median,0.0,124.0,46
multiseed_EI_endpoints_time,multiseed,curve_circle_out1_EI0.75,2712,847401,TA,recruitment_span_ms_median,1.0,48.0,83
multiseed_EI_endpoints_time,multiseed,curve_circle_out1_EI1,2712,847402,TA,recruitment_span_ms_median,0.0,124.0,40
multiseed_EI_endpoints_time,multiseed,curve_circle_out1_EI0.75,2712,847402,TA,recruitment_span_ms_median,1.0,48.0,68
multiseed_EI_endpoints_time,multiseed,curve_circle_out1_EI1,2511,847401,TA,local_width_ms_median,0.0,16.0,21
multiseed_EI_endpoints_time,multiseed,curve_circle_out1_EI0.75,2511,847401,TA,local_width_ms_median,1.0,16.0,80
multiseed_EI_endpoints_time,multiseed,curve_circle_out1_EI1,2511,847402,TA,local_width_ms_median,0.0,16.0,12
multiseed_EI_endpoints_time,multiseed,curve_circle_out1_EI0.75,2511,847402,TA,local_width_ms_median,1.0,16.0,57
multiseed_EI_endpoints_time,multiseed,curve_circle_out1_EI1,2711,847401,TA,local_width_ms_median,0.0,16.0,9
multiseed_EI_endpoints_time,multiseed,curve_circle_out1_EI0.75,2711,847401,TA,local_width_ms_median,1.0,16.0,93
multiseed_EI_endpoints_time,multiseed,curve_circle_out1_EI1,2711,847402,TA,local_width_ms_median,0.0,16.0,8
multiseed_EI_endpoints_time,multiseed,curve_circle_out1_EI0.75,2711,847402,TA,local_width_ms_median,1.0,16.0,80
multiseed_EI_endpoints_time,multiseed,curve_circle_out1_EI1,2712,847401,TA,local_width_ms_median,0.0,16.0,46
multiseed_EI_endpoints_time,multiseed,curve_circle_out1_EI0.75,2712,847401,TA,local_width_ms_median,1.0,16.0,83
multiseed_EI_endpoints_time,multiseed,curve_circle_out1_EI1,2712,847402,TA,local_width_ms_median,0.0,16.0,40
multiseed_EI_endpoints_time,multiseed,curve_circle_out1_EI0.75,2712,847402,TA,local_width_ms_median,1.0,16.0,68
multiseed_EI_endpoints_scl,multiseed,curve_circle_out1_EI1,2511,847401,TB,pair_0,0.0,0.0222222222222222,90
multiseed_EI_endpoints_scl,multiseed,curve_circle_out1_EI0.75,2511,847401,TB,pair_0,1.0,0.0,53
multiseed_EI_endpoints_scl,multiseed,curve_circle_out1_EI1,2511,847402,TB,pair_0,0.0,0.010752688172043,93
multiseed_EI_endpoints_scl,multiseed,curve_circle_out1_EI0.75,2511,847402,TB,pair_0,1.0,0.0,62
multiseed_EI_endpoints_scl,multiseed,curve_circle_out1_EI1,2711,847401,TB,pair_0,0.0,0.0109890109890109,91
multiseed_EI_endpoints_scl,multiseed,curve_circle_out1_EI0.75,2711,847401,TB,pair_0,1.0,0.2,65
multiseed_EI_endpoints_scl,multiseed,curve_circle_out1_EI1,2711,847402,TB,pair_0,0.0,0.0113636363636363,88
multiseed_EI_endpoints_scl,multiseed,curve_circle_out1_EI0.75,2711,847402,TB,pair_0,1.0,0.3488372093023256,86
multiseed_EI_endpoints_scl,multiseed,curve_circle_out1_EI1,2712,847401,TB,pair_0,0.0,0.0098039215686274,102
multiseed_EI_endpoints_scl,multiseed,curve_circle_out1_EI0.75,2712,847401,TB,pair_0,1.0,0.0,57
multiseed_EI_endpoints_scl,multiseed,curve_circle_out1_EI1,2712,847402,TB,pair_0,0.0,0.010204081632653,98
multiseed_EI_endpoints_scl,multiseed,curve_circle_out1_EI0.75,2712,847402,TB,pair_0,1.0,0.0,66
multiseed_EI_endpoints_scl,multiseed,curve_circle_out1_EI1,2511,847401,TB,pair_1,0.0,0.0142857142857142,70
multiseed_EI_endpoints_scl,multiseed,curve_circle_out1_EI0.75,2511,847401,TB,pair_1,1.0,0.2328767123287671,73
multiseed_EI_endpoints_scl,multiseed,curve_circle_out1_EI1,2511,847402,TB,pair_1,0.0,0.0140845070422535,71
multiseed_EI_endpoints_scl,multiseed,curve_circle_out1_EI0.75,2511,847402,TB,pair_1,1.0,0.2888888888888888,90
multiseed_EI_endpoints_scl,multiseed,curve_circle_out1_EI1,2711,847401,TB,pair_1,0.0,0.0131578947368421,76
multiseed_EI_endpoints_scl,multiseed,curve_circle_out1_EI0.75,2711,847401,TB,pair_1,1.0,0.3333333333333333,81
multiseed_EI_endpoints_scl,multiseed,curve_circle_out1_EI1,2711,847402,TB,pair_1,0.0,0.0,80
multiseed_EI_endpoints_scl,multiseed,curve_circle_out1_EI0.75,2711,847402,TB,pair_1,1.0,0.3775510204081632,98
multiseed_EI_endpoints_scl,multiseed,curve_circle_out1_EI1,2712,847401,TB,pair_1,0.0,0.0,89
multiseed_EI_endpoints_scl,multiseed,curve_circle_out1_EI0.75,2712,847401,TB,pair_1,1.0,0.0,60
multiseed_EI_endpoints_scl,multiseed,curve_circle_out1_EI1,2712,847402,TB,pair_1,0.0,0.0,78
multiseed_EI_endpoints_scl,multiseed,curve_circle_out1_EI0.75,2712,847402,TB,pair_1,1.0,0.0,70
multiseed_EI_endpoints_scl,multiseed,curve_circle_out1_EI1,2511,847401,TB,pair_2,0.0,0.0175438596491228,57
multiseed_EI_endpoints_scl,multiseed,curve_circle_out1_EI0.75,2511,847401,TB,pair_2,1.0,0.2560975609756097,82
multiseed_EI_endpoints_scl,multiseed,curve_circle_out1_EI1,2511,847402,TB,pair_2,0.0,0.0181818181818181,55
multiseed_EI_endpoints_scl,multiseed,curve_circle_out1_EI0.75,2511,847402,TB,pair_2,1.0,0.3669724770642202,109
multiseed_EI_endpoints_scl,multiseed,curve_circle_out1_EI1,2711,847401,TB,pair_2,0.0,0.0357142857142857,56
multiseed_EI_endpoints_scl,multiseed,curve_circle_out1_EI0.75,2711,847401,TB,pair_2,1.0,0.3209876543209876,81
multiseed_EI_endpoints_scl,multiseed,curve_circle_out1_EI1,2711,847402,TB,pair_2,0.0,0.0338983050847457,59
multiseed_EI_endpoints_scl,multiseed,curve_circle_out1_EI0.75,2711,847402,TB,pair_2,1.0,0.3061224489795918,98
multiseed_EI_endpoints_scl,multiseed,curve_circle_out1_EI1,2712,847401,TB,pair_2,0.0,0.0,86
multiseed_EI_endpoints_scl,multiseed,curve_circle_out1_EI0.75,2712,847401,TB,pair_2,1.0,0.238095238095238,84
multiseed_EI_endpoints_scl,multiseed,curve_circle_out1_EI1,2712,847402,TB,pair_2,0.0,0.0,76
multiseed_EI_endpoints_scl,multiseed,curve_circle_out1_EI0.75,2712,847402,TB,pair_2,1.0,0.2815533980582524,103
multiseed_EI_endpoints_scl,multiseed,curve_circle_out1_EI1,2511,847401,TA,pair_0,0.0,0.25,20
multiseed_EI_endpoints_scl,multiseed,curve_circle_out1_EI1,2511,847402,TA,pair_0,0.0,0.0,12
multiseed_EI_endpoints_scl,multiseed,curve_circle_out1_EI1,2711,847401,TA,pair_0,0.0,0.0,8
multiseed_EI_endpoints_scl,multiseed,curve_circle_out1_EI0.75,2711,847401,TA,pair_0,1.0,1.0,55
multiseed_EI_endpoints_scl,multiseed,curve_circle_out1_EI1,2711,847402,TA,pair_0,0.0,0.0,5
multiseed_EI_endpoints_scl,multiseed,curve_circle_out1_EI0.75,2711,847402,TA,pair_0,1.0,1.0,47
multiseed_EI_endpoints_scl,multiseed,curve_circle_out1_EI1,2712,847401,TA,pair_0,0.0,0.0256410256410256,39
multiseed_EI_endpoints_scl,multiseed,curve_circle_out1_EI1,2712,847402,TA,pair_0,0.0,0.0,37
multiseed_EI_endpoints_scl,multiseed,curve_circle_out1_EI1,2511,847401,TA,pair_1,0.0,0.4545454545454545,11
multiseed_EI_endpoints_scl,multiseed,curve_circle_out1_EI0.75,2511,847401,TA,pair_1,1.0,1.0,39
multiseed_EI_endpoints_scl,multiseed,curve_circle_out1_EI1,2511,847402,TA,pair_1,0.0,0.0,3
multiseed_EI_endpoints_scl,multiseed,curve_circle_out1_EI0.75,2511,847402,TA,pair_1,1.0,1.0,36
multiseed_EI_endpoints_scl,multiseed,curve_circle_out1_EI0.75,2711,847401,TA,pair_1,1.0,1.0,93
multiseed_EI_endpoints_scl,multiseed,curve_circle_out1_EI0.75,2711,847402,TA,pair_1,1.0,1.0,80
multiseed_EI_endpoints_scl,multiseed,curve_circle_out1_EI1,2712,847401,TA,pair_1,0.0,0.2,5
multiseed_EI_endpoints_scl,multiseed,curve_circle_out1_EI1,2712,847402,TA,pair_1,0.0,0.0,5
multiseed_EI_endpoints_scl,multiseed,curve_circle_out1_EI1,2511,847401,TA,pair_2,0.0,0.8,5
multiseed_EI_endpoints_scl,multiseed,curve_circle_out1_EI0.75,2511,847401,TA,pair_2,1.0,1.0,80
multiseed_EI_endpoints_scl,multiseed,curve_circle_out1_EI0.75,2511,847402,TA,pair_2,1.0,1.0,57
multiseed_EI_endpoints_scl,multiseed,curve_circle_out1_EI0.75,2711,847401,TA,pair_2,1.0,1.0,93
multiseed_EI_endpoints_scl,multiseed,curve_circle_out1_EI1,2711,847402,TA,pair_2,0.0,1.0,3
multiseed_EI_endpoints_scl,multiseed,curve_circle_out1_EI0.75,2711,847402,TA,pair_2,1.0,1.0,80
multiseed_EI_endpoints_scl,multiseed,curve_circle_out1_EI0.75,2712,847401,TA,pair_2,1.0,1.0,83
multiseed_EI_endpoints_scl,multiseed,curve_circle_out1_EI1,2712,847402,TA,pair_2,0.0,0.0,2
multiseed_EI_endpoints_scl,multiseed,curve_circle_out1_EI0.75,2712,847402,TA,pair_2,1.0,1.0,68
multiseed_EI_endpoints_scl_lag,multiseed,curve_circle_out1_EI1,2511,847401,TB,scl_lag_0,0.0,-8.621533295448899,90
multiseed_EI_endpoints_scl_lag,multiseed,curve_circle_out1_EI0.75,2511,847401,TB,scl_lag_0,1.0,-8.136334672024532,53
multiseed_EI_endpoints_scl_lag,multiseed,curve_circle_out1_EI1,2511,847402,TB,scl_lag_0,0.0,-8.63657015584613,93
multiseed_EI_endpoints_scl_lag,multiseed,curve_circle_out1_EI0.75,2511,847402,TB,scl_lag_0,1.0,-8.109074418747696,62
multiseed_EI_endpoints_scl_lag,multiseed,curve_circle_out1_EI1,2711,847401,TB,scl_lag_0,0.0,-7.925964525988093,91
multiseed_EI_endpoints_scl_lag,multiseed,curve_circle_out1_EI0.75,2711,847401,TB,scl_lag_0,1.0,-7.704074741762724,65
multiseed_EI_endpoints_scl_lag,multiseed,curve_circle_out1_EI1,2711,847402,TB,scl_lag_0,0.0,-7.999728107819465,88
multiseed_EI_endpoints_scl_lag,multiseed,curve_circle_out1_EI0.75,2711,847402,TB,scl_lag_0,1.0,-7.659454560398444,86
multiseed_EI_endpoints_scl_lag,multiseed,curve_circle_out1_EI1,2712,847401,TB,scl_lag_0,0.0,-9.059925162270249,102
multiseed_EI_endpoints_scl_lag,multiseed,curve_circle_out1_EI0.75,2712,847401,TB,scl_lag_0,1.0,-8.148106252559955,57
multiseed_EI_endpoints_scl_lag,multiseed,curve_circle_out1_EI1,2712,847402,TB,scl_lag_0,0.0,-9.018217523373096,98
multiseed_EI_endpoints_scl_lag,multiseed,curve_circle_out1_EI0.75,2712,847402,TB,scl_lag_0,1.0,-8.127686014155188,66
multiseed_EI_endpoints_scl_lag,multiseed,curve_circle_out1_EI1,2511,847401,TB,scl_lag_1,0.0,-4.869554374481595,70
multiseed_EI_endpoints_scl_lag,multiseed,curve_circle_out1_EI0.75,2511,847401,TB,scl_lag_1,1.0,-5.039428654701624,73
multiseed_EI_endpoints_scl_lag,multiseed,curve_circle_out1_EI1,2511,847402,TB,scl_lag_1,0.0,-4.861572735455411,71
multiseed_EI_endpoints_scl_lag,multiseed,curve_circle_out1_EI0.75,2511,847402,TB,scl_lag_1,1.0,-5.001691528353149,90
multiseed_EI_endpoints_scl_lag,multiseed,curve_circle_out1_EI1,2711,847401,TB,scl_lag_1,0.0,-5.890268061652023,76
multiseed_EI_endpoints_scl_lag,multiseed,curve_circle_out1_EI0.75,2711,847401,TB,scl_lag_1,1.0,-5.0896098845332745,81
multiseed_EI_endpoints_scl_lag,multiseed,curve_circle_out1_EI1,2711,847402,TB,scl_lag_1,0.0,-5.909549027121102,80
multiseed_EI_endpoints_scl_lag,multiseed,curve_circle_out1_EI0.75,2711,847402,TB,scl_lag_1,1.0,-5.031431376326509,98
multiseed_EI_endpoints_scl_lag,multiseed,curve_circle_out1_EI1,2712,847401,TB,scl_lag_1,0.0,-5.278198761603562,89
multiseed_EI_endpoints_scl_lag,multiseed,curve_circle_out1_EI0.75,2712,847401,TB,scl_lag_1,1.0,-5.440871897426405,60
multiseed_EI_endpoints_scl_lag,multiseed,curve_circle_out1_EI1,2712,847402,TB,scl_lag_1,0.0,-5.298375157254668,78
multiseed_EI_endpoints_scl_lag,multiseed,curve_circle_out1_EI0.75,2712,847402,TB,scl_lag_1,1.0,-5.480852524994589,70
multiseed_EI_endpoints_scl_lag,multiseed,curve_circle_out1_EI1,2511,847401,TB,scl_lag_2,0.0,-8.380497422607732,57
multiseed_EI_endpoints_scl_lag,multiseed,curve_circle_out1_EI0.75,2511,847401,TB,scl_lag_2,1.0,-8.225003949428356,82
multiseed_EI_endpoints_scl_lag,multiseed,curve_circle_out1_EI1,2511,847402,TB,scl_lag_2,0.0,-8.409043855237542,55
multiseed_EI_endpoints_scl_lag,multiseed,curve_circle_out1_EI0.75,2511,847402,TB,scl_lag_2,1.0,-8.114975452741419,109
multiseed_EI_endpoints_scl_lag,multiseed,curve_circle_out1_EI1,2711,847401,TB,scl_lag_2,0.0,-8.486325398805548,56
multiseed_EI_endpoints_scl_lag,multiseed,curve_circle_out1_EI0.75,2711,847401,TB,scl_lag_2,1.0,-7.608120848744875,81
multiseed_EI_endpoints_scl_lag,multiseed,curve_circle_out1_EI1,2711,847402,TB,scl_lag_2,0.0,-8.44551236731786,59
multiseed_EI_endpoints_scl_lag,multiseed,curve_circle_out1_EI0.75,2711,847402,TB,scl_lag_2,1.0,-7.530223095277506,98
multiseed_EI_endpoints_scl_lag,multiseed,curve_circle_out1_EI1,2712,847401,TB,scl_lag_2,0.0,-8.739357878035662,86
multiseed_EI_endpoints_scl_lag,multiseed,curve_circle_out1_EI0.75,2712,847401,TB,scl_lag_2,1.0,-8.39515633012843,84
multiseed_EI_endpoints_scl_lag,multiseed,curve_circle_out1_EI1,2712,847402,TB,scl_lag_2,0.0,-8.720948332133048,76
multiseed_EI_endpoints_scl_lag,multiseed,curve_circle_out1_EI0.75,2712,847402,TB,scl_lag_2,1.0,-8.43596445795265,103
multiseed_EI_endpoints_scl_lag,multiseed,curve_circle_out1_EI1,2511,847401,TA,scl_lag_0,0.0,-6.949035141648437,20
multiseed_EI_endpoints_scl_lag,multiseed,curve_circle_out1_EI1,2511,847402,TA,scl_lag_0,0.0,-8.127282025146997,12
multiseed_EI_endpoints_scl_lag,multiseed,curve_circle_out1_EI1,2711,847401,TA,scl_lag_0,0.0,-6.593128983725364,8
multiseed_EI_endpoints_scl_lag,multiseed,curve_circle_out1_EI0.75,2711,847401,TA,scl_lag_0,1.0,2.543942084955233,55
multiseed_EI_endpoints_scl_lag,multiseed,curve_circle_out1_EI1,2711,847402,TA,scl_lag_0,0.0,-6.432921479125071,5
multiseed_EI_endpoints_scl_lag,multiseed,curve_circle_out1_EI0.75,2711,847402,TA,scl_lag_0,1.0,2.565788112337032,47
multiseed_EI_endpoints_scl_lag,multiseed,curve_circle_out1_EI1,2712,847401,TA,scl_lag_0,0.0,-5.901323389716708,39
multiseed_EI_endpoints_scl_lag,multiseed,curve_circle_out1_EI1,2712,847402,TA,scl_lag_0,0.0,-5.913349906260919,37
multiseed_EI_endpoints_scl_lag,multiseed,curve_circle_out1_EI1,2511,847401,TA,scl_lag_1,0.0,-4.864135233581692,11
multiseed_EI_endpoints_scl_lag,multiseed,curve_circle_out1_EI0.75,2511,847401,TA,scl_lag_1,1.0,3.62552703583242,39
multiseed_EI_endpoints_scl_lag,multiseed,curve_circle_out1_EI1,2511,847402,TA,scl_lag_1,0.0,-5.0559224759072094,3
multiseed_EI_endpoints_scl_lag,multiseed,curve_circle_out1_EI0.75,2511,847402,TA,scl_lag_1,1.0,3.615945812067366,36
multiseed_EI_endpoints_scl_lag,multiseed,curve_circle_out1_EI0.75,2711,847401,TA,scl_lag_1,1.0,2.656959082305548,93
multiseed_EI_endpoints_scl_lag,multiseed,curve_circle_out1_EI0.75,2711,847402,TA,scl_lag_1,1.0,2.728513366118932,80
multiseed_EI_endpoints_scl_lag,multiseed,curve_circle_out1_EI1,2712,847401,TA,scl_lag_1,0.0,-3.841056783530803,5
multiseed_EI_endpoints_scl_lag,multiseed,curve_circle_out1_EI1,2712,847402,TA,scl_lag_1,0.0,-3.64654645974224,5
multiseed_EI_endpoints_scl_lag,multiseed,curve_circle_out1_EI1,2511,847401,TA,scl_lag_2,0.0,10.405135773638904,5
multiseed_EI_endpoints_scl_lag,multiseed,curve_circle_out1_EI0.75,2511,847401,TA,scl_lag_2,1.0,7.422497989475232,80
multiseed_EI_endpoints_scl_lag,multiseed,curve_circle_out1_EI0.75,2511,847402,TA,scl_lag_2,1.0,7.3395900835676,57
multiseed_EI_endpoints_scl_lag,multiseed,curve_circle_out1_EI0.75,2711,847401,TA,scl_lag_2,1.0,6.09450418043707,93
multiseed_EI_endpoints_scl_lag,multiseed,curve_circle_out1_EI1,2711,847402,TA,scl_lag_2,0.0,7.280863437346852,3
multiseed_EI_endpoints_scl_lag,multiseed,curve_circle_out1_EI0.75,2711,847402,TA,scl_lag_2,1.0,6.127226456917924,80
multiseed_EI_endpoints_scl_lag,multiseed,curve_circle_out1_EI0.75,2712,847401,TA,scl_lag_2,1.0,6.797700989118312,83
multiseed_EI_endpoints_scl_lag,multiseed,curve_circle_out1_EI1,2712,847402,TA,scl_lag_2,0.0,-113.28995493732693,2
multiseed_EI_endpoints_scl_lag,multiseed,curve_circle_out1_EI0.75,2712,847402,TA,scl_lag_2,1.0,6.980519848157201,68
multiseed_EI_endpoints_support,multiseed,curve_circle_out1_EI1,2511,847401,TB,SCL_upper_participation,0.0,0.9782608695652174,92
multiseed_EI_endpoints_support,multiseed,curve_circle_out1_EI0.75,2511,847401,TB,SCL_upper_participation,1.0,0.7682926829268293,82
multiseed_EI_endpoints_support,multiseed,curve_circle_out1_EI1,2511,847402,TB,SCL_upper_participation,0.0,0.9789473684210528,95
multiseed_EI_endpoints_support,multiseed,curve_circle_out1_EI0.75,2511,847402,TB,SCL_upper_participation,1.0,0.6972477064220184,109
multiseed_EI_endpoints_support,multiseed,curve_circle_out1_EI1,2711,847401,TB,SCL_upper_participation,0.0,0.9242424242424244,99
multiseed_EI_endpoints_support,multiseed,curve_circle_out1_EI0.75,2711,847401,TB,SCL_upper_participation,1.0,0.9012345679012346,81
multiseed_EI_endpoints_support,multiseed,curve_circle_out1_EI1,2711,847402,TB,SCL_upper_participation,0.0,0.952127659574468,94
multiseed_EI_endpoints_support,multiseed,curve_circle_out1_EI0.75,2711,847402,TB,SCL_upper_participation,1.0,0.9387755102040816,98
multiseed_EI_endpoints_support,multiseed,curve_circle_out1_EI1,2712,847401,TB,SCL_upper_participation,0.0,0.9545454545454546,110
multiseed_EI_endpoints_support,multiseed,curve_circle_out1_EI0.75,2712,847401,TB,SCL_upper_participation,1.0,0.6964285714285714,84
multiseed_EI_endpoints_support,multiseed,curve_circle_out1_EI1,2712,847402,TB,SCL_upper_participation,0.0,0.9567307692307692,104
multiseed_EI_endpoints_support,multiseed,curve_circle_out1_EI0.75,2712,847402,TB,SCL_upper_participation,1.0,0.6601941747572816,103
multiseed_EI_endpoints_support,multiseed,curve_circle_out1_EI1,2511,847401,TB,mode_fraction,0.0,0.8141592920353983,92
multiseed_EI_endpoints_support,multiseed,curve_circle_out1_EI0.75,2511,847401,TB,mode_fraction,1.0,0.5061728395061729,82
multiseed_EI_endpoints_support,multiseed,curve_circle_out1_EI1,2511,847402,TB,mode_fraction,0.0,0.8878504672897196,95
multiseed_EI_endpoints_support,multiseed,curve_circle_out1_EI0.75,2511,847402,TB,mode_fraction,1.0,0.6566265060240963,109
multiseed_EI_endpoints_support,multiseed,curve_circle_out1_EI1,2711,847401,TB,mode_fraction,0.0,0.9166666666666666,99
multiseed_EI_endpoints_support,multiseed,curve_circle_out1_EI0.75,2711,847401,TB,mode_fraction,1.0,0.46551724137931033,81
multiseed_EI_endpoints_support,multiseed,curve_circle_out1_EI1,2711,847402,TB,mode_fraction,0.0,0.9215686274509803,94
multiseed_EI_endpoints_support,multiseed,curve_circle_out1_EI0.75,2711,847402,TB,mode_fraction,1.0,0.550561797752809,98
multiseed_EI_endpoints_support,multiseed,curve_circle_out1_EI1,2712,847401,TB,mode_fraction,0.0,0.7051282051282052,110
multiseed_EI_endpoints_support,multiseed,curve_circle_out1_EI0.75,2712,847401,TB,mode_fraction,1.0,0.5029940119760479,84
multiseed_EI_endpoints_support,multiseed,curve_circle_out1_EI1,2712,847402,TB,mode_fraction,0.0,0.7222222222222222,104
multiseed_EI_endpoints_support,multiseed,curve_circle_out1_EI0.75,2712,847402,TB,mode_fraction,1.0,0.6023391812865497,103
multiseed_EI_endpoints_support,multiseed,curve_circle_out1_EI1,2511,847401,TB,n,0.0,92.0,92
multiseed_EI_endpoints_support,multiseed,curve_circle_out1_EI0.75,2511,847401,TB,n,1.0,82.0,82
multiseed_EI_endpoints_support,multiseed,curve_circle_out1_EI1,2511,847402,TB,n,0.0,95.0,95
multiseed_EI_endpoints_support,multiseed,curve_circle_out1_EI0.75,2511,847402,TB,n,1.0,109.0,109
multiseed_EI_endpoints_support,multiseed,curve_circle_out1_EI1,2711,847401,TB,n,0.0,99.0,99
multiseed_EI_endpoints_support,multiseed,curve_circle_out1_EI0.75,2711,847401,TB,n,1.0,81.0,81
multiseed_EI_endpoints_support,multiseed,curve_circle_out1_EI1,2711,847402,TB,n,0.0,94.0,94
multiseed_EI_endpoints_support,multiseed,curve_circle_out1_EI0.75,2711,847402,TB,n,1.0,98.0,98
multiseed_EI_endpoints_support,multiseed,curve_circle_out1_EI1,2712,847401,TB,n,0.0,110.0,110
multiseed_EI_endpoints_support,multiseed,curve_circle_out1_EI0.75,2712,847401,TB,n,1.0,84.0,84
multiseed_EI_endpoints_support,multiseed,curve_circle_out1_EI1,2712,847402,TB,n,0.0,104.0,104
multiseed_EI_endpoints_support,multiseed,curve_circle_out1_EI0.75,2712,847402,TB,n,1.0,103.0,103
multiseed_EI_endpoints_support,multiseed,curve_circle_out1_EI1,2511,847401,TA,SCL_upper_participation,0.0,0.9523809523809524,21
multiseed_EI_endpoints_support,multiseed,curve_circle_out1_EI0.75,2511,847401,TA,SCL_upper_participation,1.0,0.24375,80
multiseed_EI_endpoints_support,multiseed,curve_circle_out1_EI1,2511,847402,TA,SCL_upper_participation,0.0,1.0,12
multiseed_EI_endpoints_support,multiseed,curve_circle_out1_EI0.75,2511,847402,TA,SCL_upper_participation,1.0,0.3157894736842105,57
multiseed_EI_endpoints_support,multiseed,curve_circle_out1_EI1,2711,847401,TA,SCL_upper_participation,0.0,0.9444444444444444,9
multiseed_EI_endpoints_support,multiseed,curve_circle_out1_EI0.75,2711,847401,TA,SCL_upper_participation,1.0,0.7956989247311828,93
multiseed_EI_endpoints_support,multiseed,curve_circle_out1_EI1,2711,847402,TA,SCL_upper_participation,0.0,0.6875,8
multiseed_EI_endpoints_support,multiseed,curve_circle_out1_EI0.75,2711,847402,TA,SCL_upper_participation,1.0,0.79375,80
multiseed_EI_endpoints_support,multiseed,curve_circle_out1_EI1,2712,847401,TA,SCL_upper_participation,0.0,0.9239130434782608,46
multiseed_EI_endpoints_support,multiseed,curve_circle_out1_EI0.75,2712,847401,TA,SCL_upper_participation,1.0,0.0180722891566265,83
multiseed_EI_endpoints_support,multiseed,curve_circle_out1_EI1,2712,847402,TA,SCL_upper_participation,0.0,0.95,40
multiseed_EI_endpoints_support,multiseed,curve_circle_out1_EI0.75,2712,847402,TA,SCL_upper_participation,1.0,0.0367647058823529,68
multiseed_EI_endpoints_support,multiseed,curve_circle_out1_EI1,2511,847401,TA,mode_fraction,0.0,0.18584070796460178,21
multiseed_EI_endpoints_support,multiseed,curve_circle_out1_EI0.75,2511,847401,TA,mode_fraction,1.0,0.49382716049382713,80
multiseed_EI_endpoints_support,multiseed,curve_circle_out1_EI1,2511,847402,TA,mode_fraction,0.0,0.11214953271028037,12
multiseed_EI_endpoints_support,multiseed,curve_circle_out1_EI0.75,2511,847402,TA,mode_fraction,1.0,0.3433734939759036,57
multiseed_EI_endpoints_support,multiseed,curve_circle_out1_EI1,2711,847401,TA,mode_fraction,0.0,0.08333333333333333,9
multiseed_EI_endpoints_support,multiseed,curve_circle_out1_EI0.75,2711,847401,TA,mode_fraction,1.0,0.5344827586206896,93
multiseed_EI_endpoints_support,multiseed,curve_circle_out1_EI1,2711,847402,TA,mode_fraction,0.0,0.0784313725490196,8
multiseed_EI_endpoints_support,multiseed,curve_circle_out1_EI0.75,2711,847402,TA,mode_fraction,1.0,0.449438202247191,80
multiseed_EI_endpoints_support,multiseed,curve_circle_out1_EI1,2712,847401,TA,mode_fraction,0.0,0.2948717948717949,46
multiseed_EI_endpoints_support,multiseed,curve_circle_out1_EI0.75,2712,847401,TA,mode_fraction,1.0,0.49700598802395207,83
multiseed_EI_endpoints_support,multiseed,curve_circle_out1_EI1,2712,847402,TA,mode_fraction,0.0,0.2777777777777778,40
multiseed_EI_endpoints_support,multiseed,curve_circle_out1_EI0.75,2712,847402,TA,mode_fraction,1.0,0.39766081871345027,68
multiseed_EI_endpoints_support,multiseed,curve_circle_out1_EI1,2511,847401,TA,n,0.0,21.0,21
multiseed_EI_endpoints_support,multiseed,curve_circle_out1_EI0.75,2511,847401,TA,n,1.0,80.0,80
multiseed_EI_endpoints_support,multiseed,curve_circle_out1_EI1,2511,847402,TA,n,0.0,12.0,12
multiseed_EI_endpoints_support,multiseed,curve_circle_out1_EI0.75,2511,847402,TA,n,1.0,57.0,57
multiseed_EI_endpoints_support,multiseed,curve_circle_out1_EI1,2711,847401,TA,n,0.0,9.0,9
multiseed_EI_endpoints_support,multiseed,curve_circle_out1_EI0.75,2711,847401,TA,n,1.0,93.0,93
multiseed_EI_endpoints_support,multiseed,curve_circle_out1_EI1,2711,847402,TA,n,0.0,8.0,8
multiseed_EI_endpoints_support,multiseed,curve_circle_out1_EI0.75,2711,847402,TA,n,1.0,80.0,80
multiseed_EI_endpoints_support,multiseed,curve_circle_out1_EI1,2712,847401,TA,n,0.0,46.0,46
multiseed_EI_endpoints_support,multiseed,curve_circle_out1_EI0.75,2712,847401,TA,n,1.0,83.0,83
multiseed_EI_endpoints_support,multiseed,curve_circle_out1_EI1,2712,847402,TA,n,0.0,40.0,40
multiseed_EI_endpoints_support,multiseed,curve_circle_out1_EI0.75,2712,847402,TA,n,1.0,68.0,68
multiseed_edge_vs_weight_original,multiseed,bridge_circle_weight150,2511,847401,TB,participation_mae,0.0,0.2302384557153672,80
multiseed_edge_vs_weight_original,multiseed,bridge_circle_degree150,2511,847401,TB,participation_mae,1.0,0.2302384557153672,80
multiseed_edge_vs_weight_original,multiseed,bridge_circle_weight150,2511,847402,TB,participation_mae,0.0,0.2267769172538286,91
multiseed_edge_vs_weight_original,multiseed,bridge_circle_degree150,2511,847402,TB,participation_mae,1.0,0.2304714306257614,93
multiseed_edge_vs_weight_original,multiseed,bridge_circle_weight150,2711,847401,TB,participation_mae,0.0,0.2278400817316273,82
multiseed_edge_vs_weight_original,multiseed,bridge_circle_degree150,2711,847401,TB,participation_mae,1.0,0.2274006178775293,74
multiseed_edge_vs_weight_original,multiseed,bridge_circle_weight150,2711,847402,TB,participation_mae,0.0,0.2283590230912537,94
multiseed_edge_vs_weight_original,multiseed,bridge_circle_weight150,2712,847401,TB,participation_mae,0.0,0.2259979493862532,79
multiseed_edge_vs_weight_original,multiseed,bridge_circle_degree150,2712,847401,TB,participation_mae,1.0,0.2259979493862532,79
multiseed_edge_vs_weight_original,multiseed,bridge_circle_weight150,2511,847401,TB,rank_correlation,0.0,0.5249999999999999,80
multiseed_edge_vs_weight_original,multiseed,bridge_circle_degree150,2511,847401,TB,rank_correlation,1.0,0.5249999999999999,80
multiseed_edge_vs_weight_original,multiseed,bridge_circle_weight150,2511,847402,TB,rank_correlation,0.0,0.5249999999999999,91
multiseed_edge_vs_weight_original,multiseed,bridge_circle_degree150,2511,847402,TB,rank_correlation,1.0,0.5249999999999999,93
multiseed_edge_vs_weight_original,multiseed,bridge_circle_weight150,2711,847401,TB,rank_correlation,0.0,0.5249999999999999,82
multiseed_edge_vs_weight_original,multiseed,bridge_circle_degree150,2711,847401,TB,rank_correlation,1.0,0.532142857142857,74
multiseed_edge_vs_weight_original,multiseed,bridge_circle_weight150,2711,847402,TB,rank_correlation,0.0,0.5249999999999999,94
multiseed_edge_vs_weight_original,multiseed,bridge_circle_weight150,2712,847401,TB,rank_correlation,0.0,0.5249999999999999,79
multiseed_edge_vs_weight_original,multiseed,bridge_circle_degree150,2712,847401,TB,rank_correlation,1.0,0.5249999999999999,79
multiseed_edge_vs_weight_original,multiseed,bridge_circle_weight150,2511,847401,TB,no_SCL,0.0,0.0,80
multiseed_edge_vs_weight_original,multiseed,bridge_circle_degree150,2511,847401,TB,no_SCL,1.0,0.0,80
multiseed_edge_vs_weight_original,multiseed,bridge_circle_weight150,2511,847402,TB,no_SCL,0.0,0.0,91
multiseed_edge_vs_weight_original,multiseed,bridge_circle_degree150,2511,847402,TB,no_SCL,1.0,0.0,93
multiseed_edge_vs_weight_original,multiseed,bridge_circle_weight150,2711,847401,TB,no_SCL,0.0,0.0,82
multiseed_edge_vs_weight_original,multiseed,bridge_circle_degree150,2711,847401,TB,no_SCL,1.0,0.0,74
multiseed_edge_vs_weight_original,multiseed,bridge_circle_weight150,2711,847402,TB,no_SCL,0.0,0.0,94
multiseed_edge_vs_weight_original,multiseed,bridge_circle_weight150,2712,847401,TB,no_SCL,0.0,0.0,79
multiseed_edge_vs_weight_original,multiseed,bridge_circle_degree150,2712,847401,TB,no_SCL,1.0,0.0,79
multiseed_edge_vs_weight_original,multiseed,bridge_circle_weight150,2511,847401,TA,participation_mae,0.0,0.1506973643515202,79
multiseed_edge_vs_weight_original,multiseed,bridge_circle_degree150,2511,847401,TA,participation_mae,1.0,0.1590485068798779,77
multiseed_edge_vs_weight_original,multiseed,bridge_circle_weight150,2511,847402,TA,participation_mae,0.0,0.1508599400768029,75
multiseed_edge_vs_weight_original,multiseed,bridge_circle_degree150,2511,847402,TA,participation_mae,1.0,0.1579455002974193,73
multiseed_edge_vs_weight_original,multiseed,bridge_circle_weight150,2711,847401,TA,participation_mae,0.0,0.1580173283206095,89
multiseed_edge_vs_weight_original,multiseed,bridge_circle_degree150,2711,847401,TA,participation_mae,1.0,0.1602894881208591,90
multiseed_edge_vs_weight_original,multiseed,bridge_circle_weight150,2711,847402,TA,participation_mae,0.0,0.1573835052148763,78
multiseed_edge_vs_weight_original,multiseed,bridge_circle_weight150,2712,847401,TA,participation_mae,0.0,0.1676654697372509,88
multiseed_edge_vs_weight_original,multiseed,bridge_circle_degree150,2712,847401,TA,participation_mae,1.0,0.1644283511146405,88
multiseed_edge_vs_weight_original,multiseed,bridge_circle_weight150,2511,847401,TA,rank_correlation,0.0,0.8642857142857141,79
multiseed_edge_vs_weight_original,multiseed,bridge_circle_degree150,2511,847401,TA,rank_correlation,1.0,0.8571428571428571,77
multiseed_edge_vs_weight_original,multiseed,bridge_circle_weight150,2511,847402,TA,rank_correlation,0.0,0.8571428571428571,75
multiseed_edge_vs_weight_original,multiseed,bridge_circle_degree150,2511,847402,TA,rank_correlation,1.0,0.8571428571428571,73
multiseed_edge_vs_weight_original,multiseed,bridge_circle_weight150,2711,847401,TA,rank_correlation,0.0,0.8428571428571429,89
multiseed_edge_vs_weight_original,multiseed,bridge_circle_degree150,2711,847401,TA,rank_correlation,1.0,0.8571428571428571,90
multiseed_edge_vs_weight_original,multiseed,bridge_circle_weight150,2711,847402,TA,rank_correlation,0.0,0.8499999999999999,78
multiseed_edge_vs_weight_original,multiseed,bridge_circle_weight150,2712,847401,TA,rank_correlation,0.0,0.8178571428571428,88
multiseed_edge_vs_weight_original,multiseed,bridge_circle_degree150,2712,847401,TA,rank_correlation,1.0,0.8178571428571428,88
multiseed_edge_vs_weight_original,multiseed,bridge_circle_weight150,2511,847401,TA,no_SCL,0.0,0.0,79
multiseed_edge_vs_weight_original,multiseed,bridge_circle_degree150,2511,847401,TA,no_SCL,1.0,0.0,77
multiseed_edge_vs_weight_original,multiseed,bridge_circle_weight150,2511,847402,TA,no_SCL,0.0,0.0,75
multiseed_edge_vs_weight_original,multiseed,bridge_circle_degree150,2511,847402,TA,no_SCL,1.0,0.0,73
multiseed_edge_vs_weight_original,multiseed,bridge_circle_weight150,2711,847401,TA,no_SCL,0.0,0.0,89
multiseed_edge_vs_weight_original,multiseed,bridge_circle_degree150,2711,847401,TA,no_SCL,1.0,0.0,90
multiseed_edge_vs_weight_original,multiseed,bridge_circle_weight150,2711,847402,TA,no_SCL,0.0,0.0,78
multiseed_edge_vs_weight_original,multiseed,bridge_circle_weight150,2712,847401,TA,no_SCL,0.0,0.0,88
multiseed_edge_vs_weight_original,multiseed,bridge_circle_degree150,2712,847401,TA,no_SCL,1.0,0.0,88
multiseed_edge_vs_weight_time,multiseed,bridge_circle_weight150,2511,847401,TB,SCL_minus_ICL_lag_median_ms,0.0,34.39501019442832,80
multiseed_edge_vs_weight_time,multiseed,bridge_circle_degree150,2511,847401,TB,SCL_minus_ICL_lag_median_ms,1.0,34.36369471071339,80
multiseed_edge_vs_weight_time,multiseed,bridge_circle_weight150,2511,847402,TB,SCL_minus_ICL_lag_median_ms,0.0,34.557494068096275,91
multiseed_edge_vs_weight_time,multiseed,bridge_circle_degree150,2511,847402,TB,SCL_minus_ICL_lag_median_ms,1.0,34.61979261943634,93
multiseed_edge_vs_weight_time,multiseed,bridge_circle_weight150,2711,847401,TB,SCL_minus_ICL_lag_median_ms,0.0,34.3293022585749,82
multiseed_edge_vs_weight_time,multiseed,bridge_circle_degree150,2711,847401,TB,SCL_minus_ICL_lag_median_ms,1.0,34.49528634012404,74
multiseed_edge_vs_weight_time,multiseed,bridge_circle_weight150,2711,847402,TB,SCL_minus_ICL_lag_median_ms,0.0,34.06455606477175,94
multiseed_edge_vs_weight_time,multiseed,bridge_circle_weight150,2712,847401,TB,SCL_minus_ICL_lag_median_ms,0.0,34.97797620669007,79
multiseed_edge_vs_weight_time,multiseed,bridge_circle_degree150,2712,847401,TB,SCL_minus_ICL_lag_median_ms,1.0,35.102784520204295,79
multiseed_edge_vs_weight_time,multiseed,bridge_circle_weight150,2511,847401,TB,recruitment_span_ms_median,0.0,76.0,80
multiseed_edge_vs_weight_time,multiseed,bridge_circle_degree150,2511,847401,TB,recruitment_span_ms_median,1.0,76.0,80
multiseed_edge_vs_weight_time,multiseed,bridge_circle_weight150,2511,847402,TB,recruitment_span_ms_median,0.0,76.0,91
multiseed_edge_vs_weight_time,multiseed,bridge_circle_degree150,2511,847402,TB,recruitment_span_ms_median,1.0,78.0,93
multiseed_edge_vs_weight_time,multiseed,bridge_circle_weight150,2711,847401,TB,recruitment_span_ms_median,0.0,72.0,82
multiseed_edge_vs_weight_time,multiseed,bridge_circle_degree150,2711,847401,TB,recruitment_span_ms_median,1.0,72.0,74
multiseed_edge_vs_weight_time,multiseed,bridge_circle_weight150,2711,847402,TB,recruitment_span_ms_median,0.0,71.0,94
multiseed_edge_vs_weight_time,multiseed,bridge_circle_weight150,2712,847401,TB,recruitment_span_ms_median,0.0,72.0,79
multiseed_edge_vs_weight_time,multiseed,bridge_circle_degree150,2712,847401,TB,recruitment_span_ms_median,1.0,72.0,79
multiseed_edge_vs_weight_time,multiseed,bridge_circle_weight150,2511,847401,TB,local_width_ms_median,0.0,18.0,80
multiseed_edge_vs_weight_time,multiseed,bridge_circle_degree150,2511,847401,TB,local_width_ms_median,1.0,16.0,80
multiseed_edge_vs_weight_time,multiseed,bridge_circle_weight150,2511,847402,TB,local_width_ms_median,0.0,18.0,91
multiseed_edge_vs_weight_time,multiseed,bridge_circle_degree150,2511,847402,TB,local_width_ms_median,1.0,18.0,93
multiseed_edge_vs_weight_time,multiseed,bridge_circle_weight150,2711,847401,TB,local_width_ms_median,0.0,18.0,82
multiseed_edge_vs_weight_time,multiseed,bridge_circle_degree150,2711,847401,TB,local_width_ms_median,1.0,18.0,74
multiseed_edge_vs_weight_time,multiseed,bridge_circle_weight150,2711,847402,TB,local_width_ms_median,0.0,18.0,94
multiseed_edge_vs_weight_time,multiseed,bridge_circle_weight150,2712,847401,TB,local_width_ms_median,0.0,18.0,79
multiseed_edge_vs_weight_time,multiseed,bridge_circle_degree150,2712,847401,TB,local_width_ms_median,1.0,18.0,79
multiseed_edge_vs_weight_time,multiseed,bridge_circle_weight150,2511,847401,TA,SCL_minus_ICL_lag_median_ms,0.0,-19.17120969003008,79
multiseed_edge_vs_weight_time,multiseed,bridge_circle_degree150,2511,847401,TA,SCL_minus_ICL_lag_median_ms,1.0,-19.55792316156294,77
multiseed_edge_vs_weight_time,multiseed,bridge_circle_weight150,2511,847402,TA,SCL_minus_ICL_lag_median_ms,0.0,-19.573342696945478,75
multiseed_edge_vs_weight_time,multiseed,bridge_circle_degree150,2511,847402,TA,SCL_minus_ICL_lag_median_ms,1.0,-19.46334328940793,73
multiseed_edge_vs_weight_time,multiseed,bridge_circle_weight150,2711,847401,TA,SCL_minus_ICL_lag_median_ms,0.0,-17.230054741528875,89
multiseed_edge_vs_weight_time,multiseed,bridge_circle_degree150,2711,847401,TA,SCL_minus_ICL_lag_median_ms,1.0,-17.729863264401956,90
multiseed_edge_vs_weight_time,multiseed,bridge_circle_weight150,2711,847402,TA,SCL_minus_ICL_lag_median_ms,0.0,-17.973145778742037,78
multiseed_edge_vs_weight_time,multiseed,bridge_circle_weight150,2712,847401,TA,SCL_minus_ICL_lag_median_ms,0.0,-19.706101260203923,88
multiseed_edge_vs_weight_time,multiseed,bridge_circle_degree150,2712,847401,TA,SCL_minus_ICL_lag_median_ms,1.0,-19.859437254610384,88
multiseed_edge_vs_weight_time,multiseed,bridge_circle_weight150,2511,847401,TA,recruitment_span_ms_median,0.0,48.0,79
multiseed_edge_vs_weight_time,multiseed,bridge_circle_degree150,2511,847401,TA,recruitment_span_ms_median,1.0,48.0,77
multiseed_edge_vs_weight_time,multiseed,bridge_circle_weight150,2511,847402,TA,recruitment_span_ms_median,0.0,48.0,75
multiseed_edge_vs_weight_time,multiseed,bridge_circle_degree150,2511,847402,TA,recruitment_span_ms_median,1.0,48.0,73
multiseed_edge_vs_weight_time,multiseed,bridge_circle_weight150,2711,847401,TA,recruitment_span_ms_median,0.0,46.0,89
multiseed_edge_vs_weight_time,multiseed,bridge_circle_degree150,2711,847401,TA,recruitment_span_ms_median,1.0,48.0,90
multiseed_edge_vs_weight_time,multiseed,bridge_circle_weight150,2711,847402,TA,recruitment_span_ms_median,0.0,46.0,78
multiseed_edge_vs_weight_time,multiseed,bridge_circle_weight150,2712,847401,TA,recruitment_span_ms_median,0.0,48.0,88
multiseed_edge_vs_weight_time,multiseed,bridge_circle_degree150,2712,847401,TA,recruitment_span_ms_median,1.0,48.0,88
multiseed_edge_vs_weight_time,multiseed,bridge_circle_weight150,2511,847401,TA,local_width_ms_median,0.0,16.0,79
multiseed_edge_vs_weight_time,multiseed,bridge_circle_degree150,2511,847401,TA,local_width_ms_median,1.0,16.0,77
multiseed_edge_vs_weight_time,multiseed,bridge_circle_weight150,2511,847402,TA,local_width_ms_median,0.0,16.0,75
multiseed_edge_vs_weight_time,multiseed,bridge_circle_degree150,2511,847402,TA,local_width_ms_median,1.0,16.0,73
multiseed_edge_vs_weight_time,multiseed,bridge_circle_weight150,2711,847401,TA,local_width_ms_median,0.0,16.0,89
multiseed_edge_vs_weight_time,multiseed,bridge_circle_degree150,2711,847401,TA,local_width_ms_median,1.0,16.0,90
multiseed_edge_vs_weight_time,multiseed,bridge_circle_weight150,2711,847402,TA,local_width_ms_median,0.0,16.0,78
multiseed_edge_vs_weight_time,multiseed,bridge_circle_weight150,2712,847401,TA,local_width_ms_median,0.0,16.0,88
multiseed_edge_vs_weight_time,multiseed,bridge_circle_degree150,2712,847401,TA,local_width_ms_median,1.0,16.0,88
multiseed_edge_vs_weight_scl,multiseed,bridge_circle_weight150,2511,847401,TB,pair_0,0.0,0.2875,80
multiseed_edge_vs_weight_scl,multiseed,bridge_circle_degree150,2511,847401,TB,pair_0,1.0,0.3125,80
multiseed_edge_vs_weight_scl,multiseed,bridge_circle_weight150,2511,847402,TB,pair_0,0.0,0.2584269662921348,89
multiseed_edge_vs_weight_scl,multiseed,bridge_circle_degree150,2511,847402,TB,pair_0,1.0,0.2903225806451613,93
multiseed_edge_vs_weight_scl,multiseed,bridge_circle_weight150,2711,847401,TB,pair_0,0.0,0.3780487804878049,82
multiseed_edge_vs_weight_scl,multiseed,bridge_circle_degree150,2711,847401,TB,pair_0,1.0,0.4054054054054054,74
multiseed_edge_vs_weight_scl,multiseed,bridge_circle_weight150,2711,847402,TB,pair_0,0.0,0.3617021276595745,94
multiseed_edge_vs_weight_scl,multiseed,bridge_circle_weight150,2712,847401,TB,pair_0,0.0,0.0405405405405405,74
multiseed_edge_vs_weight_scl,multiseed,bridge_circle_degree150,2712,847401,TB,pair_0,1.0,0.0131578947368421,76
multiseed_edge_vs_weight_scl,multiseed,bridge_circle_weight150,2511,847401,TB,pair_1,0.0,0.2625,80
multiseed_edge_vs_weight_scl,multiseed,bridge_circle_degree150,2511,847401,TB,pair_1,1.0,0.2875,80
multiseed_edge_vs_weight_scl,multiseed,bridge_circle_weight150,2511,847402,TB,pair_1,0.0,0.2584269662921348,89
multiseed_edge_vs_weight_scl,multiseed,bridge_circle_degree150,2511,847402,TB,pair_1,1.0,0.2903225806451613,93
multiseed_edge_vs_weight_scl,multiseed,bridge_circle_weight150,2711,847401,TB,pair_1,0.0,0.3536585365853658,82
multiseed_edge_vs_weight_scl,multiseed,bridge_circle_degree150,2711,847401,TB,pair_1,1.0,0.3918918918918919,74
multiseed_edge_vs_weight_scl,multiseed,bridge_circle_weight150,2711,847402,TB,pair_1,0.0,0.3085106382978723,94
multiseed_edge_vs_weight_scl,multiseed,bridge_circle_weight150,2712,847401,TB,pair_1,0.0,0.2027027027027027,74
multiseed_edge_vs_weight_scl,multiseed,bridge_circle_degree150,2712,847401,TB,pair_1,1.0,0.2236842105263158,76
multiseed_edge_vs_weight_scl,multiseed,bridge_circle_weight150,2511,847401,TB,pair_2,0.0,0.2375,80
multiseed_edge_vs_weight_scl,multiseed,bridge_circle_degree150,2511,847401,TB,pair_2,1.0,0.275,80
multiseed_edge_vs_weight_scl,multiseed,bridge_circle_weight150,2511,847402,TB,pair_2,0.0,0.2111111111111111,90
multiseed_edge_vs_weight_scl,multiseed,bridge_circle_degree150,2511,847402,TB,pair_2,1.0,0.2473118279569892,93
multiseed_edge_vs_weight_scl,multiseed,bridge_circle_weight150,2711,847401,TB,pair_2,0.0,0.3170731707317073,82
multiseed_edge_vs_weight_scl,multiseed,bridge_circle_degree150,2711,847401,TB,pair_2,1.0,0.3378378378378378,74
multiseed_edge_vs_weight_scl,multiseed,bridge_circle_weight150,2711,847402,TB,pair_2,0.0,0.3085106382978723,94
multiseed_edge_vs_weight_scl,multiseed,bridge_circle_weight150,2712,847401,TB,pair_2,0.0,0.2025316455696202,79
multiseed_edge_vs_weight_scl,multiseed,bridge_circle_degree150,2712,847401,TB,pair_2,1.0,0.2151898734177215,79
multiseed_edge_vs_weight_scl,multiseed,bridge_circle_weight150,2511,847401,TA,pair_0,0.0,0.6216216216216216,74
multiseed_edge_vs_weight_scl,multiseed,bridge_circle_degree150,2511,847401,TA,pair_0,1.0,0.7272727272727273,77
multiseed_edge_vs_weight_scl,multiseed,bridge_circle_weight150,2511,847402,TA,pair_0,0.0,0.8194444444444444,72
multiseed_edge_vs_weight_scl,multiseed,bridge_circle_degree150,2511,847402,TA,pair_0,1.0,0.8194444444444444,72
multiseed_edge_vs_weight_scl,multiseed,bridge_circle_weight150,2711,847401,TA,pair_0,0.0,0.9101123595505618,89
multiseed_edge_vs_weight_scl,multiseed,bridge_circle_degree150,2711,847401,TA,pair_0,1.0,0.9777777777777776,90
multiseed_edge_vs_weight_scl,multiseed,bridge_circle_weight150,2711,847402,TA,pair_0,0.0,0.9615384615384616,78
multiseed_edge_vs_weight_scl,multiseed,bridge_circle_weight150,2712,847401,TA,pair_0,0.0,0.032258064516129,62
multiseed_edge_vs_weight_scl,multiseed,bridge_circle_degree150,2712,847401,TA,pair_0,1.0,0.0144927536231884,69
multiseed_edge_vs_weight_scl,multiseed,bridge_circle_weight150,2511,847401,TA,pair_1,0.0,0.9452054794520548,73
multiseed_edge_vs_weight_scl,multiseed,bridge_circle_degree150,2511,847401,TA,pair_1,1.0,0.974025974025974,77
multiseed_edge_vs_weight_scl,multiseed,bridge_circle_weight150,2511,847402,TA,pair_1,0.0,0.9577464788732394,71
multiseed_edge_vs_weight_scl,multiseed,bridge_circle_degree150,2511,847402,TA,pair_1,1.0,0.9861111111111112,72
multiseed_edge_vs_weight_scl,multiseed,bridge_circle_weight150,2711,847401,TA,pair_1,0.0,0.9090909090909092,88
multiseed_edge_vs_weight_scl,multiseed,bridge_circle_degree150,2711,847401,TA,pair_1,1.0,0.9888888888888888,90
multiseed_edge_vs_weight_scl,multiseed,bridge_circle_weight150,2711,847402,TA,pair_1,0.0,0.935897435897436,78
multiseed_edge_vs_weight_scl,multiseed,bridge_circle_weight150,2712,847401,TA,pair_1,0.0,1.0,62
multiseed_edge_vs_weight_scl,multiseed,bridge_circle_degree150,2712,847401,TA,pair_1,1.0,0.9855072463768116,69
multiseed_edge_vs_weight_scl,multiseed,bridge_circle_weight150,2511,847401,TA,pair_2,0.0,1.0,76
multiseed_edge_vs_weight_scl,multiseed,bridge_circle_degree150,2511,847401,TA,pair_2,1.0,1.0,77
multiseed_edge_vs_weight_scl,multiseed,bridge_circle_weight150,2511,847402,TA,pair_2,0.0,1.0,72
multiseed_edge_vs_weight_scl,multiseed,bridge_circle_degree150,2511,847402,TA,pair_2,1.0,1.0,73
multiseed_edge_vs_weight_scl,multiseed,bridge_circle_weight150,2711,847401,TA,pair_2,0.0,1.0,88
multiseed_edge_vs_weight_scl,multiseed,bridge_circle_degree150,2711,847401,TA,pair_2,1.0,1.0,90
multiseed_edge_vs_weight_scl,multiseed,bridge_circle_weight150,2711,847402,TA,pair_2,0.0,1.0,78
multiseed_edge_vs_weight_scl,multiseed,bridge_circle_weight150,2712,847401,TA,pair_2,0.0,1.0,84
multiseed_edge_vs_weight_scl,multiseed,bridge_circle_degree150,2712,847401,TA,pair_2,1.0,1.0,88
multiseed_edge_vs_weight_scl_lag,multiseed,bridge_circle_weight150,2511,847401,TB,scl_lag_0,0.0,-8.041502717168896,80
multiseed_edge_vs_weight_scl_lag,multiseed,bridge_circle_degree150,2511,847401,TB,scl_lag_0,1.0,-8.050765013736964,80
multiseed_edge_vs_weight_scl_lag,multiseed,bridge_circle_weight150,2511,847402,TB,scl_lag_0,0.0,-8.030020827081898,89
multiseed_edge_vs_weight_scl_lag,multiseed,bridge_circle_degree150,2511,847402,TB,scl_lag_0,1.0,-8.029337083993596,93
multiseed_edge_vs_weight_scl_lag,multiseed,bridge_circle_weight150,2711,847401,TB,scl_lag_0,0.0,-7.69466869776079,82
multiseed_edge_vs_weight_scl_lag,multiseed,bridge_circle_degree150,2711,847401,TB,scl_lag_0,1.0,-7.584106385431369,74
multiseed_edge_vs_weight_scl_lag,multiseed,bridge_circle_weight150,2711,847402,TB,scl_lag_0,0.0,-7.110550135123731,94
multiseed_edge_vs_weight_scl_lag,multiseed,bridge_circle_weight150,2712,847401,TB,scl_lag_0,0.0,-8.13029298427523,74
multiseed_edge_vs_weight_scl_lag,multiseed,bridge_circle_degree150,2712,847401,TB,scl_lag_0,1.0,-8.159889746141744,76
multiseed_edge_vs_weight_scl_lag,multiseed,bridge_circle_weight150,2511,847401,TB,scl_lag_1,0.0,-4.998524089816783,80
multiseed_edge_vs_weight_scl_lag,multiseed,bridge_circle_degree150,2511,847401,TB,scl_lag_1,1.0,-5.006559584747265,80
multiseed_edge_vs_weight_scl_lag,multiseed,bridge_circle_weight150,2511,847402,TB,scl_lag_1,0.0,-4.977996915029507,89
multiseed_edge_vs_weight_scl_lag,multiseed,bridge_circle_degree150,2511,847402,TB,scl_lag_1,1.0,-5.000879967585206,93
multiseed_edge_vs_weight_scl_lag,multiseed,bridge_circle_weight150,2711,847401,TB,scl_lag_1,0.0,-5.122508803297023,82
multiseed_edge_vs_weight_scl_lag,multiseed,bridge_circle_degree150,2711,847401,TB,scl_lag_1,1.0,-5.120856783238196,74
multiseed_edge_vs_weight_scl_lag,multiseed,bridge_circle_weight150,2711,847402,TB,scl_lag_1,0.0,-5.087120480009617,94
multiseed_edge_vs_weight_scl_lag,multiseed,bridge_circle_weight150,2712,847401,TB,scl_lag_1,0.0,-4.593827065870755,74
multiseed_edge_vs_weight_scl_lag,multiseed,bridge_circle_degree150,2712,847401,TB,scl_lag_1,1.0,-4.576565934574091,76
multiseed_edge_vs_weight_scl_lag,multiseed,bridge_circle_weight150,2511,847401,TB,scl_lag_2,0.0,-7.6060422408772865,80
multiseed_edge_vs_weight_scl_lag,multiseed,bridge_circle_degree150,2511,847401,TB,scl_lag_2,1.0,-7.604940548582817,80
multiseed_edge_vs_weight_scl_lag,multiseed,bridge_circle_weight150,2511,847402,TB,scl_lag_2,0.0,-7.589907559318817,90
multiseed_edge_vs_weight_scl_lag,multiseed,bridge_circle_degree150,2511,847402,TB,scl_lag_2,1.0,-7.601706866713357,93
multiseed_edge_vs_weight_scl_lag,multiseed,bridge_circle_weight150,2711,847401,TB,scl_lag_2,0.0,-7.433204329477121,82
multiseed_edge_vs_weight_scl_lag,multiseed,bridge_circle_degree150,2711,847401,TB,scl_lag_2,1.0,-7.390868609760218,74
multiseed_edge_vs_weight_scl_lag,multiseed,bridge_circle_weight150,2711,847402,TB,scl_lag_2,0.0,-7.413750268754484,94
multiseed_edge_vs_weight_scl_lag,multiseed,bridge_circle_weight150,2712,847401,TB,scl_lag_2,0.0,-8.039762904983945,79
multiseed_edge_vs_weight_scl_lag,multiseed,bridge_circle_degree150,2712,847401,TB,scl_lag_2,1.0,-8.01344269639958,79
multiseed_edge_vs_weight_scl_lag,multiseed,bridge_circle_weight150,2511,847401,TA,scl_lag_0,0.0,0.6006156860057672,74
multiseed_edge_vs_weight_scl_lag,multiseed,bridge_circle_degree150,2511,847401,TA,scl_lag_0,1.0,0.9225782678695396,77
multiseed_edge_vs_weight_scl_lag,multiseed,bridge_circle_weight150,2511,847402,TA,scl_lag_0,0.0,1.2130161177033187,72
multiseed_edge_vs_weight_scl_lag,multiseed,bridge_circle_degree150,2511,847402,TA,scl_lag_0,1.0,1.1483837841224158,72
multiseed_edge_vs_weight_scl_lag,multiseed,bridge_circle_weight150,2711,847401,TA,scl_lag_0,0.0,1.918953059226624,89
multiseed_edge_vs_weight_scl_lag,multiseed,bridge_circle_degree150,2711,847401,TA,scl_lag_0,1.0,2.1142537287905725,90
multiseed_edge_vs_weight_scl_lag,multiseed,bridge_circle_weight150,2711,847402,TA,scl_lag_0,0.0,2.0849576963228174,78
multiseed_edge_vs_weight_scl_lag,multiseed,bridge_circle_weight150,2712,847401,TA,scl_lag_0,0.0,-1.6841597615489263,62
multiseed_edge_vs_weight_scl_lag,multiseed,bridge_circle_degree150,2712,847401,TA,scl_lag_0,1.0,-1.5567088447423885,69
multiseed_edge_vs_weight_scl_lag,multiseed,bridge_circle_weight150,2511,847401,TA,scl_lag_1,0.0,2.123816456572968,73
multiseed_edge_vs_weight_scl_lag,multiseed,bridge_circle_degree150,2511,847401,TA,scl_lag_1,1.0,2.171824113160256,77
multiseed_edge_vs_weight_scl_lag,multiseed,bridge_circle_weight150,2511,847402,TA,scl_lag_1,0.0,2.2634790447227715,71
multiseed_edge_vs_weight_scl_lag,multiseed,bridge_circle_degree150,2511,847402,TA,scl_lag_1,1.0,2.209968506680525,72
multiseed_edge_vs_weight_scl_lag,multiseed,bridge_circle_weight150,2711,847401,TA,scl_lag_1,0.0,1.7976706606750668,88
multiseed_edge_vs_weight_scl_lag,multiseed,bridge_circle_degree150,2711,847401,TA,scl_lag_1,1.0,2.133398381446568,90
multiseed_edge_vs_weight_scl_lag,multiseed,bridge_circle_weight150,2711,847402,TA,scl_lag_1,0.0,2.036766586750673,78
multiseed_edge_vs_weight_scl_lag,multiseed,bridge_circle_weight150,2712,847401,TA,scl_lag_1,0.0,2.6870427302783355,62
multiseed_edge_vs_weight_scl_lag,multiseed,bridge_circle_degree150,2712,847401,TA,scl_lag_1,1.0,2.774702387487196,69
multiseed_edge_vs_weight_scl_lag,multiseed,bridge_circle_weight150,2511,847401,TA,scl_lag_2,0.0,6.439414550904985,76
multiseed_edge_vs_weight_scl_lag,multiseed,bridge_circle_degree150,2511,847401,TA,scl_lag_2,1.0,6.39063860492206,77
multiseed_edge_vs_weight_scl_lag,multiseed,bridge_circle_weight150,2511,847402,TA,scl_lag_2,0.0,6.3612715458784805,72
multiseed_edge_vs_weight_scl_lag,multiseed,bridge_circle_degree150,2511,847402,TA,scl_lag_2,1.0,6.375349604142684,73
multiseed_edge_vs_weight_scl_lag,multiseed,bridge_circle_weight150,2711,847401,TA,scl_lag_2,0.0,5.225754733958638,88
multiseed_edge_vs_weight_scl_lag,multiseed,bridge_circle_degree150,2711,847401,TA,scl_lag_2,1.0,5.279627972653543,90
multiseed_edge_vs_weight_scl_lag,multiseed,bridge_circle_weight150,2711,847402,TA,scl_lag_2,0.0,5.168365696703404,78
multiseed_edge_vs_weight_scl_lag,multiseed,bridge_circle_weight150,2712,847401,TA,scl_lag_2,0.0,6.28763941780926,84
multiseed_edge_vs_weight_scl_lag,multiseed,bridge_circle_degree150,2712,847401,TA,scl_lag_2,1.0,6.230069018365612,88
multiseed_edge_vs_weight_support,multiseed,bridge_circle_weight150,2511,847401,TB,SCL_upper_participation,0.0,1.0,80
multiseed_edge_vs_weight_support,multiseed,bridge_circle_degree150,2511,847401,TB,SCL_upper_participation,1.0,1.0,80
multiseed_edge_vs_weight_support,multiseed,bridge_circle_weight150,2511,847402,TB,SCL_upper_participation,0.0,0.989010989010989,91
multiseed_edge_vs_weight_support,multiseed,bridge_circle_degree150,2511,847402,TB,SCL_upper_participation,1.0,1.0,93
multiseed_edge_vs_weight_support,multiseed,bridge_circle_weight150,2711,847401,TB,SCL_upper_participation,0.0,1.0,82
multiseed_edge_vs_weight_support,multiseed,bridge_circle_degree150,2711,847401,TB,SCL_upper_participation,1.0,1.0,74
multiseed_edge_vs_weight_support,multiseed,bridge_circle_weight150,2711,847402,TB,SCL_upper_participation,0.0,1.0,94
multiseed_edge_vs_weight_support,multiseed,bridge_circle_weight150,2712,847401,TB,SCL_upper_participation,0.0,0.9683544303797468,79
multiseed_edge_vs_weight_support,multiseed,bridge_circle_degree150,2712,847401,TB,SCL_upper_participation,1.0,0.981012658227848,79
multiseed_edge_vs_weight_support,multiseed,bridge_circle_weight150,2511,847401,TB,mode_fraction,0.0,0.5031446540880503,80
multiseed_edge_vs_weight_support,multiseed,bridge_circle_degree150,2511,847401,TB,mode_fraction,1.0,0.5095541401273885,80
multiseed_edge_vs_weight_support,multiseed,bridge_circle_weight150,2511,847402,TB,mode_fraction,0.0,0.5481927710843374,91
multiseed_edge_vs_weight_support,multiseed,bridge_circle_degree150,2511,847402,TB,mode_fraction,1.0,0.5602409638554217,93
multiseed_edge_vs_weight_support,multiseed,bridge_circle_weight150,2711,847401,TB,mode_fraction,0.0,0.47953216374269003,82
multiseed_edge_vs_weight_support,multiseed,bridge_circle_degree150,2711,847401,TB,mode_fraction,1.0,0.45121951219512196,74
multiseed_edge_vs_weight_support,multiseed,bridge_circle_weight150,2711,847402,TB,mode_fraction,0.0,0.5465116279069767,94
multiseed_edge_vs_weight_support,multiseed,bridge_circle_weight150,2712,847401,TB,mode_fraction,0.0,0.47305389221556887,79
multiseed_edge_vs_weight_support,multiseed,bridge_circle_degree150,2712,847401,TB,mode_fraction,1.0,0.47305389221556887,79
multiseed_edge_vs_weight_support,multiseed,bridge_circle_weight150,2511,847401,TB,n,0.0,80.0,80
multiseed_edge_vs_weight_support,multiseed,bridge_circle_degree150,2511,847401,TB,n,1.0,80.0,80
multiseed_edge_vs_weight_support,multiseed,bridge_circle_weight150,2511,847402,TB,n,0.0,91.0,91
multiseed_edge_vs_weight_support,multiseed,bridge_circle_degree150,2511,847402,TB,n,1.0,93.0,93
multiseed_edge_vs_weight_support,multiseed,bridge_circle_weight150,2711,847401,TB,n,0.0,82.0,82
multiseed_edge_vs_weight_support,multiseed,bridge_circle_degree150,2711,847401,TB,n,1.0,74.0,74
multiseed_edge_vs_weight_support,multiseed,bridge_circle_weight150,2711,847402,TB,n,0.0,94.0,94
multiseed_edge_vs_weight_support,multiseed,bridge_circle_weight150,2712,847401,TB,n,0.0,79.0,79
multiseed_edge_vs_weight_support,multiseed,bridge_circle_degree150,2712,847401,TB,n,1.0,79.0,79
multiseed_edge_vs_weight_support,multiseed,bridge_circle_weight150,2511,847401,TA,SCL_upper_participation,0.0,0.9683544303797468,79
multiseed_edge_vs_weight_support,multiseed,bridge_circle_degree150,2511,847401,TA,SCL_upper_participation,1.0,1.0,77
multiseed_edge_vs_weight_support,multiseed,bridge_circle_weight150,2511,847402,TA,SCL_upper_participation,0.0,0.98,75
multiseed_edge_vs_weight_support,multiseed,bridge_circle_degree150,2511,847402,TA,SCL_upper_participation,1.0,0.9931506849315068,73
multiseed_edge_vs_weight_support,multiseed,bridge_circle_weight150,2711,847401,TA,SCL_upper_participation,0.0,1.0,89
multiseed_edge_vs_weight_support,multiseed,bridge_circle_degree150,2711,847401,TA,SCL_upper_participation,1.0,1.0,90
multiseed_edge_vs_weight_support,multiseed,bridge_circle_weight150,2711,847402,TA,SCL_upper_participation,0.0,1.0,78
multiseed_edge_vs_weight_support,multiseed,bridge_circle_weight150,2712,847401,TA,SCL_upper_participation,0.0,0.8522727272727273,88
multiseed_edge_vs_weight_support,multiseed,bridge_circle_degree150,2712,847401,TA,SCL_upper_participation,1.0,0.8920454545454546,88
multiseed_edge_vs_weight_support,multiseed,bridge_circle_weight150,2511,847401,TA,mode_fraction,0.0,0.4968553459119497,79
multiseed_edge_vs_weight_support,multiseed,bridge_circle_degree150,2511,847401,TA,mode_fraction,1.0,0.49044585987261147,77
multiseed_edge_vs_weight_support,multiseed,bridge_circle_weight150,2511,847402,TA,mode_fraction,0.0,0.45180722891566266,75
multiseed_edge_vs_weight_support,multiseed,bridge_circle_degree150,2511,847402,TA,mode_fraction,1.0,0.4397590361445783,73
multiseed_edge_vs_weight_support,multiseed,bridge_circle_weight150,2711,847401,TA,mode_fraction,0.0,0.52046783625731,89
multiseed_edge_vs_weight_support,multiseed,bridge_circle_degree150,2711,847401,TA,mode_fraction,1.0,0.5487804878048781,90
multiseed_edge_vs_weight_support,multiseed,bridge_circle_weight150,2711,847402,TA,mode_fraction,0.0,0.45348837209302323,78
multiseed_edge_vs_weight_support,multiseed,bridge_circle_weight150,2712,847401,TA,mode_fraction,0.0,0.5269461077844312,88
multiseed_edge_vs_weight_support,multiseed,bridge_circle_degree150,2712,847401,TA,mode_fraction,1.0,0.5269461077844312,88
multiseed_edge_vs_weight_support,multiseed,bridge_circle_weight150,2511,847401,TA,n,0.0,79.0,79
multiseed_edge_vs_weight_support,multiseed,bridge_circle_degree150,2511,847401,TA,n,1.0,77.0,77
multiseed_edge_vs_weight_support,multiseed,bridge_circle_weight150,2511,847402,TA,n,0.0,75.0,75
multiseed_edge_vs_weight_support,multiseed,bridge_circle_degree150,2511,847402,TA,n,1.0,73.0,73
multiseed_edge_vs_weight_support,multiseed,bridge_circle_weight150,2711,847401,TA,n,0.0,89.0,89
multiseed_edge_vs_weight_support,multiseed,bridge_circle_degree150,2711,847401,TA,n,1.0,90.0,90
multiseed_edge_vs_weight_support,multiseed,bridge_circle_weight150,2711,847402,TA,n,0.0,78.0,78
multiseed_edge_vs_weight_support,multiseed,bridge_circle_weight150,2712,847401,TA,n,0.0,88.0,88
multiseed_edge_vs_weight_support,multiseed,bridge_circle_degree150,2712,847401,TA,n,1.0,88.0,88
