subject,dataset,seed,condition,n_events,n_contacts,whole_participation_mae,whole_rank_wasserstein,whole_precedence_mae,whole_precedence_correlation,whole_participant_count_mean_error,whole_event_length_mean_error,suffix_participation_mae,suffix_rank_wasserstein,suffix_precedence_mae,suffix_precedence_correlation,suffix_participant_count_mean_error,suffix_event_length_mean_error,event_length_wasserstein,stop_hazard_mae,sink_distribution_mae,source_sink_distance_wasserstein,generated_zero_suffix_fraction,mode_prevalence_error,mode_margin_error,template_error,template_correlation,transition_mae,transition_correlation,signed_axis_wasserstein,axis_concentration_error,axis_side_prevalence_error,generated_axis_concentration,generated_axis_positive_fraction,generated_direction_support,mode_readback_reliable,axis_readback_reliable,axis_side_support,global_readback_eligible
epilepsiae_1073,epilepsiae,20260725,full_constructive,27655,6,0.2669499186403905,0.0826647084188093,0.1092610775370407,0.3956389660596797,0.899837280781052,0.899837280781052,0.2669499186403905,0.0841057464618845,0.0969822419672467,0.0639002107864977,0.899837280781052,0.899837280781052,0.1499728801301753,0.1694120801441217,0.1054179473271861,,0.0,0.22100885915747598,0.018607660943685767,0.17142857142857137,0.8285714285714286,0.11231248858829046,0.2080155138978668,,,,,,False,True,False,False,False
epilepsiae_1073,epilepsiae,20260725,static_only,27655,6,0.2541734466341229,0.0846783046171479,0.1145011439951852,0.3279006592207416,0.899837280781052,0.899837280781052,0.2541734466341228,0.0858997908681862,0.1008070513271694,-0.1224011564880729,0.899837280781052,0.899837280781052,0.1499728801301753,0.1694120801441217,0.1069366600373651,,0.0,0.22426324353643096,0.018040331366866058,0.17142857142857137,0.8285714285714286,0.10851693615048764,0.23232062055591463,,,,,,False,True,False,False,False
epilepsiae_1073,epilepsiae,20260725,static_shuffle,27655,6,0.2669499186403905,0.0826647084188093,0.1092610775370407,0.3956389660596797,0.899837280781052,0.899837280781052,0.2669499186403905,0.0841057464618845,0.0969822419672467,0.0639002107864977,0.899837280781052,0.899837280781052,0.1499728801301753,0.1694120801441217,0.1054179473271861,,0.0,0.22100885915747598,0.018607660943685767,0.17142857142857137,0.8285714285714286,0.11231248858829046,0.2080155138978668,,,,,,False,True,False,False,False
epilepsiae_1073,epilepsiae,20260725,history_h1,27655,6,0.2615259446754656,0.0820974965696154,0.1099020235178611,0.3876955190211354,0.899837280781052,0.899837280781052,0.2615259446754655,0.0842325430462362,0.0977498394742289,0.0370920505478481,0.899837280781052,0.899837280781052,0.1499728801301753,0.1694120801441217,0.1054902669800518,,0.0,0.21829687217501353,0.019176470894237546,0.17142857142857137,0.8285714285714286,0.11270020231752362,0.21732385261797024,,,,,,False,True,False,False,False
epilepsiae_1073,epilepsiae,20260725,history_h2,27655,6,0.2653347797263906,0.0823163335651559,0.1089675633559511,0.3983496749881242,0.899837280781052,0.899837280781052,0.2653347797263906,0.0839749020971335,0.0970183512469061,0.059805209248294,0.899837280781052,0.899837280781052,0.1499728801301753,0.1694120801441217,0.1053938407762309,,0.0,0.22075574037244616,0.018638712509367328,0.17142857142857137,0.8285714285714286,0.11229854723409916,0.22171945701357465,,,,,,False,True,False,False,False
epilepsiae_1073,epilepsiae,20260725,constant_stop,27655,6,0.2502501054661604,0.0853721288976519,0.106514632242811,0.4218150533071639,-0.055758452359429,-0.055758452359429,0.2502501054661604,0.0924614626471509,0.0964628469331796,0.0800611430816944,-0.055758452359429,-0.055758452359429,0.2020249502802386,0.3156891363466265,0.1086964382570963,,0.2285662628819381,0.31274633881757363,0.0015698941158691637,0.17142857142857137,0.8285714285714286,0.11212178489170688,0.21784098254686485,,,,,,False,True,False,False,False
epilepsiae_1073,epilepsiae,20260725,no_termination,27655,6,0.4137889471463871,0.0933964629201248,0.0977811626640618,0.4646060955475571,2.482733682878322,2.482733682878322,0.4137889471463871,0.1178646386609004,0.0967928975955962,0.0970027021077048,2.482733682878322,2.482733682878322,0.4137889471463871,0.3519502552668882,0.0998493340565298,,0.0,0.2139215331766407,0.03537988997013142,0.1428571428571428,0.8571428571428572,0.11349260050378802,0.17543632837750484,,,,,,False,True,False,False,False
epilepsiae_1077,epilepsiae,20260725,full_constructive,6476,6,0.0481006794317479,0.0639274197423515,0.1309305017426649,0.7927708925086596,-0.2422791846819021,-0.2422791846819021,0.0481006794317479,0.1260727338599815,0.2078286820536399,0.2606527226099598,-0.2422791846819021,-0.2422791846819021,0.0403798641136504,0.0478130435449138,0.0392217418159357,0.0560855209861305,0.0003088326127239,0.044471896232242125,0.0406331093970847,0.1428571428571428,0.8571428571428572,0.04737686426220067,0.8999353587588881,0.052398618527070256,0.02373088314031402,0.0468737686527933,0.8677366007318219,0.27726289774482543,True,True,True,True,True
epilepsiae_1077,epilepsiae,20260725,static_only,6476,6,0.0563876878731727,0.070823471194954,0.1401570921489008,0.7426854185354038,-0.2422791846819021,-0.2422791846819021,0.0563876878731727,0.1475244994030799,0.2200403139446946,-0.0476820177152378,-0.2422791846819021,-0.2422791846819021,0.0403798641136504,0.0478130435449138,0.0592958616429895,0.0988509349391919,0.0003088326127239,0.06300185299567634,0.06689260744176248,0.1142857142857141,0.8857142857142859,0.08248069524175106,0.7559146735617323,0.07501173683929589,0.053159785632739154,0.05583268122616375,0.8383076982393968,0.2862218103181959,True,True,True,True,True
epilepsiae_1077,epilepsiae,20260725,static_shuffle,6476,6,0.0481006794317479,0.0639274197423515,0.1309305017426649,0.7927708925086596,-0.2422791846819021,-0.2422791846819021,0.0481006794317479,0.1260727338599815,0.2078286820536399,0.2606527226099598,-0.2422791846819021,-0.2422791846819021,0.0403798641136504,0.0478130435449138,0.0392217418159357,0.0560855209861305,0.0003088326127239,0.044471896232242125,0.0406331093970847,0.1428571428571428,0.8571428571428572,0.04737686426220067,0.8999353587588881,0.052398618527070256,0.02373088314031402,0.0468737686527933,0.8677366007318219,0.27726289774482543,True,True,True,True,True
epilepsiae_1077,epilepsiae,20260725,history_h1,6476,6,0.044703520691785,0.0628669122563877,0.1328673498895493,0.7876422678542857,-0.2422791846819021,-0.2422791846819021,0.044703520691785,0.1238436169063133,0.2095650864838399,0.2427894419445775,-0.2422791846819021,-0.2422791846819021,0.0403798641136504,0.0478130435449138,0.0389129092032118,0.0397064656737692,0.0003088326127239,0.03489808523780108,0.0407054564810056,0.1428571428571428,0.8571428571428572,0.04493809683003816,0.8955397543632836,0.04450632240646325,0.012499693260089484,0.042857704395765195,0.8789677906120464,0.2732468334877973,True,True,True,True,True
epilepsiae_1077,epilepsiae,20260725,history_h2,6476,6,0.0476374305126621,0.0642683601400191,0.1325856267018963,0.7901270874657853,-0.2422791846819021,-0.2422791846819021,0.0476374305126621,0.1262162107984078,0.2090305140462587,0.2653392527477829,-0.2422791846819021,-0.2422791846819021,0.0403798641136504,0.0478130435449138,0.039324686020177,0.0512742647936213,0.0003088326127239,0.044471896232242125,0.04044029782590952,0.1428571428571428,0.8571428571428572,0.046887889093376475,0.8986425339366515,0.04900081502781825,0.02058648823278708,0.04517466454405067,0.8708809956393488,0.2755637936360828,True,True,True,True,True
epilepsiae_1077,epilepsiae,20260725,constant_stop,6476,6,0.1464123944821906,0.1006246041704331,0.1834063475174221,0.5731520802424575,-0.7314700432365657,-0.7314700432365657,0.1464123944821906,0.1752208049321173,0.2561861193274044,0.1543483661499543,-0.7314700432365657,-0.7314700432365657,0.1752882437718756,0.2414893181110941,0.0992382128886143,0.2487384271975029,0.2682211241507103,0.24150710315009266,0.10889119916388434,0.22857142857142854,0.7714285714285715,0.06958191474496217,0.7218307597990514,0.06785290108422014,0.047613223329501464,0.04287527268049374,0.8438542605426345,0.27326440177252587,True,True,True,True,True
epilepsiae_1077,epilepsiae,20260725,no_termination,6476,6,0.3520691785052501,0.1635277770329671,0.2171877888914584,0.4638524193349238,2.112415071031501,2.112415071031501,0.3520691785052501,0.2245649053482702,0.2744421240408293,0.1065448921594982,2.112415071031501,2.112415071031501,0.3520691785052501,0.2813980943331948,0.2415585752522132,0.0949553689314361,0.0,0.04756022235948115,0.1551074990603448,0.6571428571428571,0.34285714285714286,0.09532499498416275,0.5669403334620885,0.06460716229743646,0.03876911440959363,0.017294626312538586,0.8526983694625423,0.24768375540457072,True,True,True,True,True
epilepsiae_1084,epilepsiae,20260725,full_constructive,1464,11,0.1145057128663685,0.10258482333214,0.1441051398305561,0.3709491067910193,0.5027322404371581,0.5027322404371581,0.1145057128663686,0.1236377554972077,0.1703404350756248,-0.2678847232282832,0.5027322404371581,0.5027322404371581,0.0461997019374068,0.0769885528587089,0.067933432687531,0.0321668791575953,0.0006830601092896,0.08743169398907102,0.04232944592394394,0.3318181818181818,0.6681818181818182,0.03519344526050855,0.7141452865428094,0.09279356424741275,0.010802405006468785,0.13553630723604837,0.6856391280668602,0.5748462064251538,True,True,True,True,True
epilepsiae_1084,epilepsiae,20260725,static_only,1464,11,0.1299056135121709,0.1002182946559882,0.1436037614843157,0.3804562639304965,0.5027322404371581,0.5027322404371581,0.1299056135121708,0.1108724133203847,0.1527553534131596,-0.2416710318742911,0.5027322404371581,0.5027322404371581,0.0461997019374068,0.0769885528587089,0.0655737704918033,0.0399779140654183,0.0006830601092896,0.10655737704918034,0.03990295320414827,0.2681818181818181,0.7318181818181819,0.040128939579475935,0.6855853825134882,0.073595536097075,0.013630643246617113,0.1116128622599718,0.6884673663070086,0.5987696514012304,True,True,True,True,True
epilepsiae_1084,epilepsiae,20260725,static_shuffle,1464,11,0.1229508196721311,0.0952358219822793,0.1447638108167766,0.399784685358324,0.5027322404371581,0.5027322404371581,0.1229508196721311,0.114641588046706,0.1756155532203897,-0.2560099580753955,0.5027322404371581,0.5027322404371581,0.0461997019374068,0.0769885528587089,0.0660705414803775,0.0312968937908364,0.0006830601092896,0.0648907103825137,0.04116916303602945,0.30454545454545445,0.6954545454545455,0.03740740028451069,0.6776118543011603,0.0836710223450865,0.014702745491266045,0.12459987524698479,0.6895394685516575,0.5857826384142174,True,True,True,True,True
epilepsiae_1084,epilepsiae,20260725,history_h1,1464,11,0.1137605563835072,0.1023049188990393,0.1474871680182974,0.3501067990029149,0.5027322404371581,0.5027322404371581,0.1137605563835071,0.1192979838787293,0.1653925883994569,-0.2606983619984508,0.5027322404371581,0.5027322404371581,0.0461997019374068,0.0769885528587089,0.065076999503229,0.0386704850235723,0.0006830601092896,0.07718579234972678,0.0406440015774336,0.3181818181818181,0.6818181818181819,0.03674036956414001,0.7025403663872959,0.09141904465636778,0.013551135158449967,0.13143514524014954,0.6883878582188414,0.5789473684210527,True,True,True,True,True
epilepsiae_1084,epilepsiae,20260725,history_h2,1464,11,0.114381520119225,0.103688535534521,0.1463616788352977,0.3520925279873121,0.5027322404371581,0.5027322404371581,0.114381520119225,0.1234805769060878,0.1702795598599187,-0.2741695311245583,0.5027322404371581,0.5027322404371581,0.0461997019374068,0.0769885528587089,0.0674366616989567,0.0378435681367492,0.0006830601092896,0.08879781420765032,0.042870209049587965,0.3090909090909091,0.6909090909090909,0.036227339700721846,0.7063798342890245,0.09077713512547139,0.017377025341526853,0.13758688823399778,0.6922137484019183,0.5727956254272044,True,True,True,True,True
epilepsiae_1084,epilepsiae,20260725,constant_stop,1464,11,0.1813214108296075,0.1117528794127501,0.1909079237152084,0.0007127768233317,-0.8907103825136611,-0.8907103825136611,0.1813214108296075,0.1311729555176583,0.2153220126499292,-0.2559702664913975,-0.8907103825136611,-0.8907103825136611,0.2277694982613015,0.2527101832760379,0.0696721311475409,0.1527303990784916,0.1297814207650273,0.13661202185792354,0.04064569141996775,0.4636363636363636,0.5363636363636364,0.04096013068452565,0.6219475818826103,0.09267084113195448,0.008186029043863563,0.14130873030170454,0.683022752104255,0.5690737833594977,True,True,True,True,True
epilepsiae_1084,epilepsiae,20260725,no_termination,1464,11,0.3543840039741679,0.1599399948799027,0.2280831591283506,-0.2309931532046098,3.898224043715847,3.898224043715847,0.3543840039741679,0.1642982763457198,0.2406589427176622,-0.3618406199712464,3.898224043715847,3.898224043715847,0.3543840039741679,0.2569566341742784,0.1195976154992548,0.0692373996833537,0.0,0.047131147540983576,0.07025226233062032,0.85,0.15,0.04764762487589996,0.47408873741028346,0.1993368420478795,0.021444051904347505,0.2841530054644809,0.6533926711560439,0.4262295081967213,True,True,True,True,True
epilepsiae_1096,epilepsiae,20260725,full_constructive,28068,7,0.0683136871678983,0.0437927046541476,0.0627771663976571,0.6110851948454232,0.2194670086931731,0.2194670086931731,0.0683136871678983,0.0487484893233393,0.0655666419963249,0.91660553215229,0.2194670086931736,0.2194670086931736,0.0313626091736395,0.0267831917080193,0.0392719721492701,0.0516088478900996,0.0,0.031245546529856005,0.019422708478950945,0.05357142857142838,0.9464285714285716,0.026389526336324742,0.9316414244781006,0.028835871202524177,0.060637110302359964,0.03530711130112585,0.8524366804124681,0.44085791648852785,True,True,True,True,True
epilepsiae_1096,epilepsiae,20260725,static_only,28068,7,0.0657892058063071,0.0376285163568512,0.0541087307056234,0.6516569002090694,0.2194670086931731,0.2194670086931731,0.0657892058063071,0.0574545771644127,0.0983225221519613,0.8320186604542378,0.2194670086931736,0.2194670086931736,0.0313626091736395,0.0267831917080193,0.0292961990268531,0.0616970786842441,0.0,0.050662676357417724,0.05172208269003842,0.035714285714285476,0.9642857142857145,0.040159016567862124,0.8158002455996725,0.026222049984820438,0.04672727696103873,0.0371241271198518,0.8385268470711469,0.4426749323072538,True,True,True,True,True
epilepsiae_1096,epilepsiae,20260725,static_shuffle,28068,7,0.0645982206478145,0.0441063631906909,0.0666148249760973,0.5643361039490468,0.2194670086931731,0.2194670086931731,0.0645982206478144,0.0494494951840846,0.0698999010096857,0.9234802381048716,0.2194670086931736,0.2194670086931736,0.0313626091736395,0.0267831917080193,0.0382438567560414,0.0542326298402405,0.0,0.03516460025651991,0.018784615787493658,0.035714285714285476,0.9642857142857145,0.027288674713933373,0.9354277527629963,0.030135441191651093,0.06321817758036907,0.038869887416274784,0.8550177476904772,0.4444206926036768,True,True,True,True,True
epilepsiae_1096,epilepsiae,20260725,history_h1,28068,7,0.0442293206294916,0.036199993162142,0.052379165265736,0.7123197461366993,0.2194670086931731,0.2194670086931731,0.0442293206294916,0.0458110474124679,0.0668260203922956,0.9172216166305588,0.2194670086931736,0.2194670086931736,0.0313626091736395,0.0267831917080193,0.0349559233697754,0.0520344270176119,0.0,0.032884423542824504,0.021736532563069844,0.05357142857142838,0.9464285714285716,0.025267920866312285,0.9238641015145312,0.0254681544079511,0.051967329966595366,0.03523585577882288,0.8437669000767035,0.4407866609662249,True,True,True,True,True
epilepsiae_1096,epilepsiae,20260725,history_h2,28068,7,0.0613306459822064,0.040863214848322,0.057840027370173,0.6706162819388469,0.2194670086931731,0.2194670086931731,0.0613306459822064,0.0470321368065491,0.064141698770401,0.9183500140587988,0.2194670086931736,0.2194670086931736,0.0313626091736395,0.0267831917080193,0.0379588346668295,0.0476410609172816,0.0,0.031352429813310545,0.01801403968965809,0.05357142857142838,0.9464285714285716,0.02602909513787862,0.927855096193205,0.028258681329939028,0.05532628481877877,0.03359697876585438,0.8471258549288869,0.4391477839532564,True,True,True,True,True
epilepsiae_1096,epilepsiae,20260725,constant_stop,28068,7,0.1441651906594189,0.0443238486547691,0.0761170759868659,0.7734488846860736,-0.8940074105743196,-0.8940074105743196,0.1441651906594189,0.0532379166142644,0.068226238333415,0.9287601235702686,-0.8940074105743196,-0.8940074105743196,0.2075113499867668,0.2395672708084305,0.0190455831755532,0.1686472804928112,0.1966296137950691,0.14675074818298417,0.045652354283898355,0.07142857142857129,0.9285714285714287,0.029503508661177305,0.8531518624641834,0.03461199168259571,0.009727896305433248,0.02626435291273549,0.7820716738046749,0.4318151581001375,True,True,True,True,True
epilepsiae_1096,epilepsiae,20260725,no_termination,28068,7,0.3002351432235998,0.1025547992260296,0.1105664276230363,0.7440567419351355,2.1016460025651984,2.1016460025651984,0.3002351432235998,0.0988510988705233,0.0799075863010487,0.91569639648727,2.101646002565199,2.101646002565199,0.3002351432235998,0.2455385280721317,0.1349884973228282,0.1117335129269804,0.0,0.025295710417557293,0.06080640821812594,0.2857142857142856,0.7142857142857144,0.043863770271592696,0.7357756856324191,0.05517612717949747,0.22835944327823943,0.020485962662106283,0.5634401268318687,0.3850648425252957,True,True,True,True,True
epilepsiae_1125,epilepsiae,20260725,full_constructive,7195,8,0.0910875608061153,0.034992163694225,0.0430500038266281,0.8922424150782129,-0.015705350938151,-0.015705350938151,0.0910875608061153,0.0514305380427922,0.0803449167164127,0.9089822536973182,-0.015705350938151,-0.015705350938151,0.0129430159833217,0.0210524578386356,0.0342946490618485,,0.0,0.07213342599027106,0.0558124378771275,0.08333333333333326,0.9166666666666667,0.039487182495727434,0.843058996238187,,,,,,False,True,False,False,False
epilepsiae_1125,epilepsiae,20260725,static_only,7195,8,0.1318450312717164,0.0443008845550716,0.0477458937408711,0.8285271749165612,-0.015705350938151,-0.015705350938151,0.1318450312717164,0.0747106103187698,0.1186082173066793,0.9510395637945348,-0.015705350938151,-0.015705350938151,0.0129430159833217,0.0210524578386356,0.0326268241834607,,0.0,0.037109103544127886,0.09122093037529244,0.05952380952380942,0.9404761904761906,0.057581389531000386,0.6330469888363504,,,,,,False,True,False,False,False
epilepsiae_1125,epilepsiae,20260725,static_shuffle,7195,8,0.14181723419041,0.0449965448301338,0.0508281478514373,0.7931704264119736,-0.015705350938151,-0.015705350938151,0.14181723419041,0.0721176883113198,0.1222256006875728,0.6972392873992117,-0.015705350938151,-0.015705350938151,0.0129430159833217,0.0210524578386356,0.0332522585128561,,0.0,0.05476025017373176,0.05570879854507971,0.05952380952380942,0.9404761904761906,0.04720701204729818,0.7322231397375906,,,,,,False,True,False,False,False
epilepsiae_1125,epilepsiae,20260725,history_h1,7195,8,0.108669214732453,0.0380133302110502,0.0432365990646515,0.87600467687416,-0.015705350938151,-0.015705350938151,0.1086692147324531,0.0547176569523395,0.0890934544822328,0.9055319144239178,-0.015705350938151,-0.015705350938151,0.0129430159833217,0.0210524578386356,0.0341556636553161,,0.0,0.07074357192494785,0.060632552131199696,0.08333333333333326,0.9166666666666667,0.0406191895403412,0.8218508791585476,,,,,,False,True,False,False,False
epilepsiae_1125,epilepsiae,20260725,history_h2,7195,8,0.0963690062543433,0.0358387270963092,0.0431469034804555,0.8878604367142225,-0.015705350938151,-0.015705350938151,0.0963690062543433,0.0516224514469769,0.0821773641422048,0.9053235739672016,-0.015705350938151,-0.015705350938151,0.0129430159833217,0.0210524578386356,0.0353370396108408,,0.0,0.07268936761640032,0.05557380830228667,0.08333333333333326,0.9166666666666667,0.039589553414571106,0.8510740788026345,,,,,,False,True,False,False,False
epilepsiae_1125,epilepsiae,20260725,constant_stop,7195,8,0.2153926337734537,0.0508512460798834,0.0552874587198945,0.8937405925971255,-1.3303683113273106,-1.3303683113273106,0.2153926337734538,0.0597340110529406,0.0663166288720224,0.9222762642002972,-1.33036831132731,-1.33036831132731,0.2029186935371785,0.1612297071629048,0.0380472550382209,,0.1655316191799861,0.03849895760945099,0.08754503832375443,0.08333333333333326,0.9166666666666667,0.04161979293517386,0.8056243692081841,,,,,,False,True,False,False,False
epilepsiae_1125,epilepsiae,20260725,no_termination,7195,8,0.261761640027797,0.0808796834081356,0.0782108698371604,0.8983267709905215,2.094093120222377,2.094093120222377,0.2617616400277971,0.0701654615957124,0.0663501358256404,0.9240033842304142,2.094093120222377,2.094093120222377,0.2617616400277971,0.186676629740896,0.0994093120222376,,0.0,0.1530229325920779,0.07489367831706428,0.20238095238095233,0.7976190476190477,0.04691174238994527,0.7513074593999449,,,,,,False,True,False,False,False
epilepsiae_1146,epilepsiae,20260725,full_constructive,2486,15,0.0587556985787074,0.0694974847548565,0.1018649750577703,0.5632017032721762,0.1870474658085275,0.1870474658085275,0.0587556985787074,0.0779896999657745,0.1124687031284393,0.2611038400263995,0.1870474658085275,0.1870474658085275,0.013113435237329,0.0084272298945158,0.0399034593724859,0.1134461969852699,0.0004022526146419,0.1448109412711182,0.11933074166997618,0.14285714285714302,0.857142857142857,0.0231583173047856,0.7281829057879267,0.10663021672835339,0.05335206774983525,0.09026127804639583,0.7725799928509286,0.6104627766599597,True,True,True,True,True
epilepsiae_1146,epilepsiae,20260725,static_only,2486,15,0.0656208098685974,0.0737412093959535,0.1064817704036392,0.54484183271666,0.1870474658085275,0.1870474658085275,0.0656208098685974,0.0833150227213404,0.1163869946300547,-0.0496743313890525,0.1870474658085275,0.1870474658085275,0.013113435237329,0.0084272298945158,0.0399570930544381,0.1198537030282053,0.0004022526146419,0.19509251810136763,0.1386994511354664,0.08928571428571441,0.9107142857142856,0.031132083678159627,0.3285817186386058,0.11757633710869277,0.062216617271656505,0.09951681124559097,0.7637154433291073,0.6012072434607646,True,True,True,True,True
epilepsiae_1146,epilepsiae,20260725,static_shuffle,2486,15,0.0772056851702869,0.0664451780732066,0.0968448405342951,0.6498978696656686,0.1870474658085275,0.1870474658085275,0.0772056851702869,0.074756701622834,0.1061446503054599,0.286065825617746,0.1870474658085275,0.1870474658085275,0.013113435237329,0.0084272298945158,0.0359882005899705,0.1144014295778448,0.0004022526146419,0.15325824617860012,0.11977047235043783,0.09464285714285725,0.9053571428571427,0.02397056234734554,0.6977262649974012,0.10665799044976174,0.05637597962507823,0.08342023176872981,0.7695560809756856,0.6173038229376258,True,True,True,True,True
epilepsiae_1146,epilepsiae,20260725,history_h1,2486,15,0.0557522123893805,0.0698867248032473,0.1012479156534054,0.5932742469819249,0.1870474658085275,0.1870474658085275,0.0557522123893805,0.0785763994757847,0.1104360784672336,0.2161386022136968,0.1870474658085275,0.1870474658085275,0.013113435237329,0.0084272298945158,0.0388844194153928,0.123277339815965,0.0004022526146419,0.16532582461786,0.12672220420606395,0.08392857142857157,0.9160714285714284,0.023387771661241917,0.7279263704340423,0.11056688174492557,0.05668441460968476,0.08865162009870975,0.7692476459910791,0.6120724346076458,True,True,True,True,True
epilepsiae_1146,epilepsiae,20260725,history_h2,2486,15,0.0567712523464735,0.0696187095485507,0.1022321464845716,0.5627026911451674,0.1870474658085275,0.1870474658085275,0.0567712523464736,0.0783564966520524,0.1126260563904456,0.2319180514639714,0.1870474658085275,0.1870474658085275,0.013113435237329,0.0084272298945158,0.040332528828104,0.1191563690516716,0.0004022526146419,0.1540627514078841,0.12259196495682378,0.1517857142857144,0.8482142857142856,0.023220262647074063,0.7335291005741146,0.11018430177198732,0.05261832789335952,0.09710232432406185,0.7733137327074043,0.6036217303822937,True,True,True,True,True
epilepsiae_1146,epilepsiae,20260725,constant_stop,2486,15,0.178626977742022,0.0697669321913681,0.1113816972569783,0.4597458199799521,-2.6359613837489952,-2.6359613837489952,0.178626977742022,0.0825533780183746,0.1244400046631784,0.22670034539278,-2.6359613837489952,-2.6359613837489952,0.2063555913113435,0.1118719393542597,0.0433360150174309,0.1811298004653192,0.0852775543041029,0.2071600965406275,0.12166562678782822,0.14642857142857157,0.8535714285714284,0.02394533714027912,0.7085121562722418,0.11738322766892927,0.045128345371113876,0.09650241882245059,0.78080371522965,0.604221635883905,True,True,True,True,True
epilepsiae_1146,epilepsiae,20260725,no_termination,2486,15,0.2404934298739608,0.0849667006291757,0.1271347982785947,0.3277351961256757,3.607401448109412,3.607401448109412,0.2404934298739608,0.0925577241132672,0.1348684001387595,0.189227637081278,3.607401448109412,3.607401448109412,0.2404934298739608,0.1119961541511951,0.071386430678466,0.1421995422070586,0.0,0.1319388576025744,0.13671661631011464,0.3214285714285716,0.6785714285714284,0.024267112437727004,0.655938970265589,0.12274032326354448,0.024155164427070552,0.1037811745776347,0.8017768961736933,0.5969428801287209,True,True,True,True,True
epilepsiae_1150,epilepsiae,20260725,full_constructive,1713,9,0.0767983394953622,0.1008295907591379,0.1456573693358725,0.2598950862874207,-0.1833041447752474,-0.1833041447752474,0.0767983394953622,0.0982924888446799,0.1287013403964793,0.7249721794161582,-0.1833041447752474,-0.1833041447752474,0.0203671271972497,0.048082793309863,0.0627878316144515,0.0651201983668611,0.0005837711617046,0.04611792177466434,0.051674191433789735,0.4916666666666667,0.5083333333333333,0.047949456291173614,0.8193130742180413,0.04932577936968906,0.0437408092330156,0.06390930269353107,0.834968560131101,0.4766355140186916,True,True,True,True,True
epilepsiae_1150,epilepsiae,20260725,static_only,1713,9,0.0560420315236427,0.0672871966163377,0.101333658928403,0.6610593492616534,-0.1833041447752474,-0.1833041447752474,0.0560420315236427,0.0979212940995293,0.1398880955142684,0.8185276629568917,-0.1833041447752474,-0.1833041447752474,0.0203671271972497,0.048082793309863,0.0569501199974054,0.0561567877741386,0.0005837711617046,0.04845300642148276,0.05510933062140563,0.3500000000000001,0.6499999999999999,0.060021331112532425,0.6251462881085001,0.06126137418827533,0.008456472360027445,0.08610556437577405,0.7996842232581128,0.49883177570093457,True,True,True,True,True
epilepsiae_1150,epilepsiae,20260725,static_shuffle,1713,9,0.0950898358954401,0.1057724487438914,0.1523825425260246,0.1096184136271561,-0.1833041447752474,-0.1833041447752474,0.0950898358954401,0.1050637067130493,0.1346781527843531,0.696396921349184,-0.1833041447752474,-0.1833041447752474,0.0203671271972497,0.048082793309863,0.0677174547577349,0.0587474210457549,0.0005837711617046,0.05429071803852886,0.04666683632151733,0.6000000000000001,0.39999999999999997,0.05098800999509939,0.7923583158206993,0.05733085380056867,0.04348024996790134,0.10070836811409178,0.8347080008659867,0.5134345794392523,True,True,True,True,True
epilepsiae_1150,epilepsiae,20260725,history_h1,1713,9,0.0570798469222287,0.074758022547364,0.106759815505995,0.616648769979209,-0.1833041447752474,-0.1833041447752474,0.0570798469222286,0.0829836698033453,0.1071629128485277,0.7750341879726749,-0.1833041447752474,-0.1833041447752474,0.0203671271972497,0.048082793309863,0.0578582084711681,0.0556451350194635,0.0005837711617046,0.05253940455341505,0.05440648965201891,0.5416666666666666,0.45833333333333337,0.04700888431713568,0.8125286219211132,0.05734379728239887,0.01891755720636834,0.0785121064318488,0.8101453081044537,0.4912383177570093,True,True,True,True,True
epilepsiae_1150,epilepsiae,20260725,history_h2,1713,9,0.0695336317052604,0.0889219720057781,0.1277935598958048,0.4502398047025787,-0.1833041447752474,-0.1833041447752474,0.0695336317052604,0.0893769764315996,0.117455001532008,0.7550912837714897,-0.1833041447752474,-0.1833041447752474,0.0203671271972497,0.048082793309863,0.0604527469676331,0.0602532612102715,0.0005837711617046,0.04786923525977815,0.05352837274652858,0.5083333333333333,0.49166666666666664,0.04783527867311537,0.8066126543933887,0.05132769646040894,0.03582223776867943,0.06916631203932544,0.8270499886667648,0.48189252336448596,True,True,True,True,True
epilepsiae_1150,epilepsiae,20260725,constant_stop,1713,9,0.1308944671466562,0.0861889119278238,0.1482200628932973,0.7693679259209207,-1.0916520723876235,-1.0916520723876235,0.1308944671466562,0.1137663188512166,0.1532264594839477,0.8078341030624754,-1.0916520723876235,-1.0916520723876235,0.2266329376662126,0.2814949298400433,0.0500745929817733,0.1053529356783848,0.1903093987157034,0.166958552247519,0.0763392309778542,0.3916666666666667,0.6083333333333333,0.04442563956038799,0.8372240282819319,0.043414514207349784,0.030527251531392352,0.07609859040519273,0.760700499366693,0.48882480173035325,True,True,True,True,True
epilepsiae_1150,epilepsiae,20260725,no_termination,1713,9,0.3802296166569371,0.1605097094611045,0.1842137399175919,0.7702386478258317,3.4220665499124348,3.4220665499124348,0.3802296166569372,0.1675413541850541,0.1672241832934103,0.808869437301937,3.4220665499124348,3.4220665499124348,0.3802296166569372,0.2957823470031827,0.14023480573393,0.1121148270812949,0.0,0.019264448336252182,0.13195728473710397,0.45833333333333337,0.5416666666666666,0.05669009909612758,0.71383907370135,0.09637324026870442,0.23125062653047246,0.15119673088149443,0.5599771243676129,0.563922942206655,True,True,True,True,True
epilepsiae_139,epilepsiae,20260725,full_constructive,1837,7,0.0981413795785053,0.0518682325987891,0.0930249414919631,-0.0159372365711171,0.084921066956995,0.084921066956995,0.0981413795785053,0.051589419607315,0.0855690434523538,0.1670391212510075,0.084921066956995,0.084921066956995,0.014309044249164,0.0265501666808906,0.053658915934365,0.0312762828349136,0.0,0.0179640718562874,0.04167206809567117,0.05357142857142838,0.9464285714285716,0.038085803152989144,0.863765446594757,0.03947379815342732,0.00032049921261823044,0.0283070223189984,0.9972456209155721,0.47686445291235713,True,True,True,True,True
epilepsiae_139,epilepsiae,20260725,static_only,1837,7,0.1043627031650983,0.0521663536888938,0.0903692273342463,-0.1174964091346509,0.084921066956995,0.084921066956995,0.1043627031650983,0.0447387031538824,0.0784686732559933,-0.0984875271910269,0.084921066956995,0.084921066956995,0.014309044249164,0.0265501666808906,0.0454156621821292,0.0464010217745434,0.0,0.0462710941752858,0.06484495024704234,0.10714285714285698,0.892857142857143,0.04736155897249098,0.7630865271452694,0.04358462467476128,0.0003637635375050019,0.026673924877517685,0.9972023565906853,0.4752313554708764,True,True,True,True,True
epilepsiae_139,epilepsiae,20260725,static_shuffle,1837,7,0.1542888249475076,0.053221112066331,0.0878835427957313,0.0438408153511705,0.084921066956995,0.084921066956995,0.1542888249475076,0.0465666593699676,0.077108845847763,0.0183726587500213,0.084921066956995,0.084921066956995,0.014309044249164,0.0265501666808906,0.0545921144723539,0.0307355487274373,0.0,0.023407729994556314,0.04499417408252224,0.05357142857142838,0.9464285714285716,0.05336550449834313,0.7348223196817313,0.04195660110296302,0.0004321339089548015,0.0283070223189984,0.9971339862192355,0.47686445291235713,True,True,True,True,True
epilepsiae_139,epilepsiae,20260725,history_h1,1837,7,0.1017186406407963,0.0545390805722709,0.0956575463856366,-0.1230719271148563,0.084921066956995,0.084921066956995,0.1017186406407963,0.0529221975577232,0.0864481329194074,0.0819526257384133,0.084921066956995,0.084921066956995,0.014309044249164,0.0265501666808906,0.0505482541410685,0.0291440267314066,0.0,0.020141535111595,0.03621175437059182,0.07142857142857129,0.9285714285714287,0.04012346286181621,0.8541970478912903,0.0442116222645323,0.00019007176983765195,0.032661948829613485,0.9973760483583527,0.4812193794229722,True,True,True,True,True
epilepsiae_139,epilepsiae,20260725,history_h2,1837,7,0.0984524457578349,0.053038235631416,0.0957340682831408,-0.0607838652804255,0.084921066956995,0.084921066956995,0.0984524457578349,0.0532697974940506,0.0879280933849749,0.1357785690722888,0.084921066956995,0.084921066956995,0.014309044249164,0.0265501666808906,0.0522591181273815,0.0241893180130057,0.0,0.01687534022863363,0.038386593885328724,0.07142857142857129,0.9285714285714287,0.03884151609409438,0.8600301893468795,0.040592178683262134,0.00019336229581567999,0.0321175830157866,0.9973727578323747,0.48067501360914533,True,True,True,True,True
epilepsiae_139,epilepsiae,20260725,constant_stop,1837,7,0.1764522902247452,0.072678685915795,0.1204331083569353,-0.3001235005234731,-0.7528579205225907,-0.7528579205225907,0.1764522902247453,0.0685212041378382,0.1152623422151834,0.047721398897971,-0.7528579205225912,-0.7528579205225912,0.2176685589859242,0.2838204940872029,0.0489929232444202,0.1510755661094462,0.2084921066956995,0.12629286880783885,0.037815307383417984,0.10714285714285698,0.892857142857143,0.04701203370103799,0.8087294683518395,0.051503530334718536,0.0004280568313059785,0.04869153776977747,0.9971380632968844,0.4972489683631362,True,True,True,True,True
epilepsiae_139,epilepsiae,20260725,no_termination,1837,7,0.3412395987246285,0.1131303901107228,0.1500125266292376,-0.2970048813944148,2.388677191072401,2.388677191072401,0.3412395987246288,0.1210913916999501,0.1378735590380009,0.0360032137422527,2.3886771910724005,2.3886771910724005,0.3412395987246286,0.2922281380386967,0.1390465821603546,0.0624868075221309,0.0,0.11431682090364725,0.030204087172536476,0.21428571428571408,0.7857142857142859,0.05542062851113274,0.7420369946399601,0.1002819619406189,0.000750399332949514,0.10560696788241697,0.9983165194611399,0.5541643984757757,True,True,True,True,True
epilepsiae_253,epilepsiae,20260725,full_constructive,10150,8,0.1422413793103448,0.0625025264095743,0.0820745491082617,0.7208894668199605,-0.4027586206896556,-0.4027586206896556,0.1422413793103448,0.1051657932170572,0.1849264026732353,0.2723256439487161,-0.4027586206896556,-0.4027586206896556,0.0503448275862069,0.0524782179300774,0.0342857142857142,0.0456394750972611,0.0,0.06955665024630542,0.0318154291728098,0.059523809523809534,0.9404761904761905,0.04786838392971708,0.6585466556564821,0.03231311326670821,0.05764790558798705,0.020000000000000018,0.5680141399518157,0.5299507389162561,True,True,True,True,True
epilepsiae_253,epilepsiae,20260725,static_only,10150,8,0.0913546798029556,0.0642097837748881,0.0785668339024072,0.7515639783289767,-0.4027586206896556,-0.4027586206896556,0.0913546798029556,0.1140353711431728,0.1799451876378419,0.3479990044478296,-0.4027586206896556,-0.4027586206896556,0.0503448275862069,0.0524782179300774,0.0312068965517241,0.0314072239680767,0.0,0.07536945812807883,0.043131695820898125,0.13095238095238082,0.8690476190476192,0.04614027724435064,0.7579222626686967,0.004848941632358919,0.04402298221702905,0.0049261083743842304,0.5543892165808577,0.5548768472906404,True,True,True,True,True
epilepsiae_253,epilepsiae,20260725,static_shuffle,10150,8,0.1391871921182266,0.0634248563862257,0.0797079190582919,0.7317634908330898,-0.4027586206896556,-0.4027586206896556,0.1391871921182266,0.1113322109994136,0.1891674544167717,0.1860001202728449,-0.4027586206896556,-0.4027586206896556,0.0503448275862069,0.0524782179300774,0.0304187192118226,0.0418065925948336,0.0,0.057044334975369426,0.033564997821032894,0.059523809523809534,0.9404761904761905,0.049904000286491355,0.6386365721625836,0.028699037317583286,0.05543565022870223,0.011625615763546815,0.5658018845925309,0.5383251231527093,True,True,True,True,True
epilepsiae_253,epilepsiae,20260725,history_h1,10150,8,0.1226600985221674,0.0618295960435608,0.0792735299513068,0.7374877073881966,-0.4027586206896556,-0.4027586206896556,0.1226600985221675,0.1112303953048577,0.1900409054406573,0.1453825420298229,-0.4027586206896556,-0.4027586206896556,0.0503448275862069,0.0524782179300774,0.0312068965517241,0.0350369492599657,0.0,0.0696551724137931,0.03005660497388496,0.059523809523809534,0.9404761904761905,0.044102186970558135,0.7192861730433983,0.01820210259166598,0.04926915817145072,0.006305418719211753,0.5596353925352794,0.5436453201970444,True,True,True,True,True
epilepsiae_253,epilepsiae,20260725,history_h2,10150,8,0.1361330049261083,0.0616745138549574,0.0803247254343572,0.7294420965071413,-0.4027586206896556,-0.4027586206896556,0.1361330049261083,0.1063597656175984,0.1872595101257066,0.2055579253082036,-0.4027586206896556,-0.4027586206896556,0.0503448275862069,0.0524782179300774,0.0313300492610837,0.0387748785035964,0.0,0.06443349753694577,0.029403314786474788,0.03571428571428559,0.9642857142857144,0.046892927704859366,0.6836407009817413,0.025924058301176514,0.05090852015300562,0.010837438423645263,0.5612747545168343,0.5391133004926109,True,True,True,True,True
epilepsiae_253,epilepsiae,20260725,constant_stop,10150,8,0.2163669950738916,0.0835374962541683,0.1176769241656425,0.278246768545659,-1.1985221674876851,-1.1985221674876851,0.2163669950738916,0.1331815334786632,0.2292547688648475,-0.1935001776262814,-1.1985221674876851,-1.1985221674876851,0.2111699507389162,0.2517234040601998,0.0491871921182266,0.1017682870696177,0.2086699507389162,0.1969458128078817,0.06830430552889624,0.0714285714285714,0.9285714285714286,0.04514339033749879,0.6853918409460884,0.01618069829914818,0.05971144612982637,0.0038341216415127555,0.570077680493655,0.5537848605577689,True,True,True,True,True
epilepsiae_253,epilepsiae,20260725,no_termination,10150,8,0.3512068965517241,0.1306574984711648,0.1504698686084133,-0.1459773025482048,2.809655172413793,2.809655172413793,0.3512068965517241,0.1570760192107675,0.2459083532970936,-0.2769671910978349,2.809655172413793,2.809655172413793,0.3512068965517241,0.2806933575389355,0.0943842364532019,0.0515658894034556,0.0,0.16591133004926106,0.0694716603041361,0.40476190476190466,0.5952380952380953,0.050816284023536454,0.5874850903752638,0.01675026198374196,0.07117107992605864,0.060394088669950774,0.5815373142898873,0.6103448275862069,True,True,True,True,True
epilepsiae_384,epilepsiae,20260725,full_constructive,4299,9,0.1209842082137965,0.104796704911114,0.1467101593799471,0.604927541567271,0.0686206094440571,0.0686206094440571,0.1209842082137965,0.1427280291547224,0.200974617375866,0.5228734473765954,0.0686206094440571,0.0686206094440571,0.0077278953761856,0.0222684801497742,0.0988343542425887,0.0220976567240246,0.0,0.055129099790649005,0.03758200631538838,0.15833333333333344,0.8416666666666666,0.04309971400101773,0.7719175255523949,0.07867781899448521,0.015253093049568012,0.1193300767620376,0.6181276043756649,0.5715282623866015,True,True,True,True,True
epilepsiae_384,epilepsiae,20260725,static_only,4299,9,0.1654389909798144,0.109721143055571,0.1470719212091501,0.6100246042652134,0.0686206094440571,0.0686206094440571,0.1654389909798144,0.1539119651846712,0.2161792832984521,0.4222602138321052,0.0686206094440571,0.0686206094440571,0.0077278953761856,0.0222684801497742,0.0990411206740585,0.0285979861249746,0.0,0.05582693649685977,0.052420459745838796,0.10833333333333339,0.8916666666666666,0.052027640165635276,0.7768882858435099,0.07015014565028699,0.0091787101193741,0.10351244475459404,0.6242019873058589,0.5557106303791579,True,True,True,True,True
epilepsiae_384,epilepsiae,20260725,static_shuffle,4299,9,0.1376805975549869,0.1069678630906277,0.1489250309497738,0.601026189485842,0.0686206094440571,0.0686206094440571,0.1376805975549869,0.1493520816266521,0.2106732359487114,0.4442147616419156,0.0686206094440571,0.0686206094440571,0.0077278953761856,0.0222684801497742,0.0993512703212633,0.020673749877443,0.0,0.04489416143289138,0.03827521434531052,0.15833333333333344,0.8416666666666666,0.04696778668623795,0.743102668475803,0.07774508207123249,0.012803570345860105,0.11979530123284482,0.6205771270793728,0.5719934868574087,True,True,True,True,True
epilepsiae_384,epilepsiae,20260725,history_h1,4299,9,0.1416091597529141,0.1048321394461306,0.1440850154534834,0.6277374013997351,0.0686206094440571,0.0686206094440571,0.1416091597529141,0.1429638737290656,0.2028020807810179,0.5250074432743154,0.0686206094440571,0.0686206094440571,0.0077278953761856,0.0222684801497742,0.0987309710268538,0.0250371605692083,0.0,0.06210746685275648,0.03838707233306131,0.15833333333333344,0.8416666666666666,0.04599644399809689,0.7524890179002607,0.07540163540779808,0.010530176837404648,0.11095603628750866,0.6228505205878283,0.5631542219120725,True,True,True,True,True
epilepsiae_384,epilepsiae,20260725,history_h2,4299,9,0.1280142668837714,0.1043014069605972,0.1452832341145709,0.6067662445593986,0.0686206094440571,0.0686206094440571,0.1280142668837714,0.1416044418357382,0.2002420677719025,0.5250130476006122,0.0686206094440571,0.0686206094440571,0.0077278953761856,0.0222684801497742,0.0982657465560466,0.0225314205915759,0.0,0.059083507792509926,0.03462216015574199,0.15833333333333344,0.8416666666666666,0.044468779044521456,0.7656942559927635,0.07724761676491314,0.015904580326496442,0.11956268899744121,0.6174761170987365,0.5717608746220051,True,True,True,True,True
epilepsiae_384,epilepsiae,20260725,constant_stop,4299,9,0.191543252952883,0.1048214799833992,0.1523982820036601,0.5647054850990952,-1.074435915329146,-1.074435915329146,0.1915432529528831,0.1367945220498605,0.1921734092169397,0.562969005978066,-1.074435915329146,-1.074435915329146,0.2405468972112377,0.3028442417526938,0.101212168204492,0.1360253594265636,0.1795766457315654,0.14235868806699237,0.05098354973795678,0.10833333333333339,0.8916666666666666,0.051279482587268096,0.6319080491871563,0.07219865758884476,0.00801402360989123,0.10294783082000664,0.6253666738153417,0.5551460164445705,True,True,True,True,True
epilepsiae_384,epilepsiae,20260725,no_termination,4299,9,0.3562844072264868,0.1286587850914517,0.1742904281822311,0.4712572592542636,3.206559665038381,3.206559665038381,0.3562844072264868,0.1387370417514811,0.1995641605843715,0.5400657423213062,3.206559665038381,3.206559665038381,0.3562844072264867,0.3029336685825364,0.0925279780827582,0.0340977334067664,0.0,0.18702023726448014,0.040185106602822596,0.22499999999999998,0.775,0.060564757211909626,0.48692899140660345,0.06525193955897311,0.035834731810666764,0.07094673179809258,0.5975459656145662,0.5231449174226565,True,True,True,True,True
epilepsiae_442,epilepsiae,20260725,full_constructive,534,15,0.0831460674157303,0.0542874188395954,0.1031436511469548,0.6250503320080736,1.1161048689138564,1.1161048689138564,0.0831460674157303,0.0655182455480021,0.1204074609518808,0.5691080241194516,1.1161048689138564,1.1161048689138564,0.0771535580524344,0.0600736514725133,0.0209737827715355,0.0622554904446192,0.0,0.1404494382022472,0.02898323304029283,0.08571428571428596,0.914285714285714,0.03004852397349919,0.6174175729695074,0.05464376315833728,0.008878179365006011,0.01685393258426965,0.6543332518919496,0.33707865168539325,True,False,True,True,False
epilepsiae_442,epilepsiae,20260725,static_only,534,15,0.1041198501872659,0.0671599098204728,0.1147803581666999,0.5417493788904707,1.1161048689138564,1.1161048689138564,0.1041198501872659,0.0820712648830593,0.1374595626266849,0.3628553444320095,1.1161048689138564,1.1161048689138564,0.0771535580524344,0.0600736514725133,0.0229712858926342,0.0904383204799762,0.0,0.0898876404494382,0.03205498389809754,0.15892857142857153,0.8410714285714285,0.0365441775771508,0.37159460032491765,0.0720117039569826,0.006234979986792122,0.01310861423220977,0.6569764512701635,0.36704119850187267,True,False,True,True,False
epilepsiae_442,epilepsiae,20260725,static_shuffle,534,15,0.0878901373283395,0.0628838897904469,0.1142048419647278,0.5319440024469799,1.1161048689138564,1.1161048689138564,0.0878901373283395,0.0776252607372926,0.1344627875399889,0.4421142927408892,1.1161048689138564,1.1161048689138564,0.0771535580524344,0.0600736514725133,0.0277153558052434,0.0826137735696223,0.0,0.14419475655430714,0.028881514113345143,0.1535714285714287,0.8464285714285713,0.030645652025688204,0.6189155864740415,0.0642847732623667,0.00949187249987904,0.02059925093632964,0.6727033037568346,0.37453183520599254,True,False,True,True,False
epilepsiae_442,epilepsiae,20260725,history_h1,534,15,0.0826466916354556,0.0636076568964192,0.1124807640803502,0.51272398164331,1.1161048689138564,1.1161048689138564,0.0826466916354557,0.0752762201572778,0.131020743206794,0.4244339513663469,1.1161048689138564,1.1161048689138564,0.0771535580524344,0.0600736514725133,0.0272159800249687,0.0993195636743067,0.0,0.10674157303370785,0.029946166311399784,0.14285714285714302,0.857142857142857,0.031144182047721125,0.5930949701773466,0.07075586704914731,0.0045185829074264605,0.005617977528089846,0.6586928483495291,0.34831460674157305,True,False,True,True,False
epilepsiae_442,epilepsiae,20260725,history_h2,534,15,0.0846441947565543,0.0586095127921819,0.1081511806818002,0.5870260397283861,1.1161048689138564,1.1161048689138564,0.0846441947565543,0.0708298826000365,0.1263763575476142,0.5176870319827729,1.1161048689138564,1.1161048689138564,0.0771535580524344,0.0600736514725133,0.0262172284644194,0.0740079253638854,0.0,0.14419475655430714,0.02796994927446725,0.14285714285714302,0.857142857142857,0.03088391216255592,0.6001512279391152,0.05520447265213119,0.0019548882652606903,0.007490636704119813,0.6651663195222163,0.3464419475655431,True,False,True,True,False
epilepsiae_442,epilepsiae,20260725,constant_stop,534,15,0.1163545568039949,0.0619733515196204,0.1092609222645663,0.5454631668434952,-1.3970037453183526,-1.3970037453183526,0.116354556803995,0.0770370845152874,0.124715942394325,0.5214470064936059,-1.3970037453183526,-1.3970037453183526,0.2207240948813982,0.1876283394550329,0.029712858926342,0.1568171020806512,0.0823970037453183,0.16666666666666669,0.02104972460776036,0.11071428571428599,0.889285714285714,0.0316144212386133,0.6008843434896974,0.08914348960024146,0.02373923215504381,0.02565925246503098,0.6394721991019118,0.3795918367346939,True,False,True,True,False
epilepsiae_442,epilepsiae,20260725,no_termination,534,15,0.346816479400749,0.0814268326379324,0.1241256077660875,0.467079459929166,5.202247191011235,5.202247191011235,0.346816479400749,0.0898448512212415,0.136688022946554,0.4783189460233075,5.202247191011235,5.202247191011235,0.346816479400749,0.1917880213854308,0.0551810237203495,0.0920290030068227,0.0,0.2340823970037453,0.015035730633168098,0.24464285714285727,0.7553571428571427,0.031094949835861307,0.5619880719067555,0.09039563444634735,0.03995867194242875,0.12546816479400746,0.7031701031993843,0.22846441947565543,True,False,True,True,False
epilepsiae_548,epilepsiae,20260725,full_constructive,1397,12,0.0489739918873776,0.0913343597280247,0.1628493253467133,0.7439573931651567,0.3328561202576949,0.3328561202576949,0.0489739918873777,0.1175718687198017,0.2128069697408638,0.0285804485995162,0.3328561202576949,0.3328561202576949,0.0282152230971128,0.0295888658128898,0.0487950369840133,,0.0,0.21760916249105228,0.04440883326844976,0.24475524475524457,0.7552447552447554,0.023490511045895383,0.8668202830118111,,,,,,False,True,False,False,False
epilepsiae_548,epilepsiae,20260725,static_only,1397,12,0.0471844428537341,0.0943372995368445,0.1680688484054557,0.7133169321835638,0.3328561202576949,0.3328561202576949,0.0471844428537341,0.1185325724192141,0.208965791022734,0.0394262921415581,0.3328561202576949,0.3328561202576949,0.0282152230971128,0.0295888658128898,0.0493915533285612,,0.0,0.2870436649964209,0.06467697149608964,0.2657342657342656,0.7342657342657344,0.04762618033133643,0.28080528816072625,,,,,,False,True,False,False,False
epilepsiae_548,epilepsiae,20260725,static_shuffle,1397,12,0.0506442376521116,0.092587337116033,0.163095028405425,0.729393004418457,0.3328561202576949,0.3328561202576949,0.0506442376521116,0.1180910108075437,0.2110655533417585,-0.0691550597731169,0.3328561202576949,0.3328561202576949,0.0282152230971128,0.0295888658128898,0.0481985206394655,,0.0,0.22619899785254116,0.0434090617057382,0.30419580419580416,0.6958041958041958,0.023679054272085026,0.8720421600317552,,,,,,False,True,False,False,False
epilepsiae_548,epilepsiae,20260725,history_h1,1397,12,0.041696492483894,0.0922001112342806,0.1657235825785777,0.7070297836917475,0.3328561202576949,0.3328561202576949,0.041696492483894,0.1185127197282761,0.2107380834833022,-0.0152158358313579,0.3328561202576949,0.3328561202576949,0.0282152230971128,0.0295888658128898,0.0481985206394655,,0.0,0.23049391553328563,0.048316690684257826,0.2832167832167831,0.7167832167832169,0.02405050167802946,0.8778966544152409,,,,,,False,True,False,False,False
epilepsiae_548,epilepsiae,20260725,history_h2,1397,12,0.0470651395848246,0.091382340425157,0.1636115676740634,0.7344757914101782,0.3328561202576949,0.3328561202576949,0.0470651395848246,0.1176962359855524,0.2127894039724596,-0.014090418441254,0.3328561202576949,0.3328561202576949,0.0282152230971128,0.0295888658128898,0.0468861846814602,,0.0,0.21689334287759487,0.04344296930999421,0.24825174825174812,0.7517482517482519,0.023247373553677578,0.874102603554082,,,,,,False,True,False,False,False
epilepsiae_548,epilepsiae,20260725,constant_stop,1397,12,0.0990217131949415,0.1017439284959397,0.1911951489962505,0.3899415811245031,-1.188260558339299,-1.188260558339299,0.0990217131949415,0.1269546719050988,0.2367867254775616,-0.2050092634361241,-1.188260558339299,-1.188260558339299,0.210212359818659,0.200392337837321,0.056072536387497,,0.1403006442376521,0.3106657122405154,0.015829814684180543,0.3776223776223775,0.6223776223776225,0.024331055404412726,0.8651101956072885,,,,,,False,True,False,False,False
epilepsiae_548,epilepsiae,20260725,no_termination,1397,12,0.3660820806490097,0.1317645842781283,0.2156436509582305,0.1238901998944511,4.392984967788117,4.392984967788117,0.3660820806490097,0.1474343703942211,0.2516315317531542,-0.2708700746087097,4.392984967788117,4.392984967788117,0.3660820806490097,0.2132645116785684,0.0831543784299689,,0.0,0.22190408017179675,0.05001913700910576,0.4125874125874125,0.5874125874125875,0.02558442734924442,0.8465441494950954,,,,,,False,True,False,False,False
epilepsiae_583,epilepsiae,20260725,full_constructive,1566,7,0.1137566137566137,0.0845959758952864,0.1344329138380801,0.7602818582896509,0.0862068965517233,0.0862068965517233,0.1137566137566137,0.1550062773247911,0.2270815092026519,-0.277584370855633,0.0862068965517242,0.0862068965517242,0.0132275132275132,0.0315331198756033,0.0877577084473636,0.1716598713778405,0.0,0.09578544061302685,0.0825962147897289,0.3928571428571428,0.6071428571428572,0.07181178509517094,0.6600491199345067,0.2316982263179049,0.22653140651862608,0.12899106002554284,0.4765168889760733,0.6839080459770115,True,True,True,True,True
epilepsiae_583,epilepsiae,20260725,static_only,1566,7,0.0856595511767925,0.0910094671513569,0.1506322146465438,0.6567118678260657,0.0862068965517233,0.0862068965517233,0.0856595511767925,0.1420348170779425,0.2037185846690631,-0.1545925807174784,0.0862068965517242,0.0862068965517242,0.0132275132275132,0.0315331198756033,0.0897646414887794,0.2001843173244295,0.0,0.08173690932311628,0.07836405092688078,0.3214285714285713,0.6785714285714287,0.06971046045490677,0.6526811297584936,0.2522134123208509,0.22506056617549786,0.13984674329501923,0.4779877293192015,0.6730523627075351,True,True,True,True,True
epilepsiae_583,epilepsiae,20260725,static_shuffle,1566,7,0.1506112023353402,0.0820338654943158,0.1304463803600752,0.8037204552080118,0.0862068965517233,0.0862068965517233,0.1506112023353402,0.1335142694463293,0.176388532233942,0.1635201999951995,0.0862068965517242,0.0862068965517242,0.0132275132275132,0.0315331198756033,0.0932311621966794,0.1957644321123809,0.0,0.08812260536398475,0.08562974933241654,0.3035714285714284,0.6964285714285716,0.07788304787108119,0.5642796839670031,0.2510369355441943,0.24294644695929668,0.1315453384418902,0.4601018485354027,0.6813537675606641,True,True,True,True,True
epilepsiae_583,epilepsiae,20260725,history_h1,1566,7,0.0922276956759715,0.0895117099549035,0.1464836563238351,0.7164447305859712,0.0862068965517233,0.0862068965517233,0.0922276956759715,0.1633720692431246,0.2407498709909246,-0.2322847268994473,0.0862068965517242,0.0862068965517242,0.0132275132275132,0.0315331198756033,0.0879401569056741,0.1848156855425289,0.0,0.08429118773946365,0.0824480252738087,0.3928571428571428,0.6071428571428572,0.07247352959993661,0.6325888404864037,0.24224891056955156,0.22673637947343267,0.13793103448275867,0.4763119160212667,0.6749680715197957,True,True,True,True,True
epilepsiae_583,epilepsiae,20260725,history_h2,1566,7,0.1079182630906768,0.0856090255288053,0.1373029826551732,0.7646662691219124,0.0862068965517233,0.0862068965517233,0.1079182630906768,0.1580355148435313,0.2325118051710467,-0.2631810406188176,0.0862068965517242,0.0862068965517242,0.0132275132275132,0.0315331198756033,0.087210363072432,0.1774154901393347,0.0,0.09195402298850575,0.08234318132248439,0.3928571428571428,0.6071428571428572,0.07131728941347172,0.6555464592713875,0.23490218092712453,0.22651270825229114,0.1309067688378034,0.47653558724240824,0.6819923371647509,True,True,True,True,True
epilepsiae_583,epilepsiae,20260725,constant_stop,1566,7,0.1217843459222769,0.1126437120825007,0.228290466132454,0.1864860476643895,-0.7975734355044706,-0.7975734355044706,0.1217843459222769,0.1930820953313446,0.3045040577689399,-0.2187422696056592,-0.7975734355044701,-0.7975734355044701,0.2254150702426564,0.3103530972806624,0.1063674511950374,0.3588135034887894,0.2132822477650063,0.17816091954022995,0.07054973896875161,0.357142857142857,0.642857142857143,0.06208254590482902,0.7031493849360316,0.25950607537263004,0.21909506983070343,0.14000949561294396,0.48395322566399596,0.6728896103896104,True,True,True,True,True
epilepsiae_583,epilepsiae,20260725,no_termination,1566,7,0.3505747126436781,0.1969758357750947,0.2855067045012376,-0.0802630553262373,2.4540229885057467,2.4540229885057467,0.3505747126436781,0.2349971606924754,0.3309708903193059,-0.2549124139643743,2.454022988505747,2.454022988505747,0.3505747126436782,0.3082803111301228,0.2047071702244116,0.4295764290017225,0.0,0.045338441890166004,0.10710663249943812,0.6964285714285714,0.30357142857142866,0.0711426931761686,0.6047891936144084,0.4295333502238654,0.29316980452655117,0.20945083014048538,0.4098784909681482,0.603448275862069,True,True,True,True,True
epilepsiae_590,epilepsiae,20260725,full_constructive,997,16,0.1828610832497492,0.0673349883731666,0.076887633291744,0.4268725088993477,-0.0732196589769298,-0.0732196589769298,0.1828610832497492,0.073964223447347,0.1137455837868474,-0.0735753528313615,-0.0732196589769298,-0.0732196589769298,0.0066198595787362,0.0422149692335059,0.0239468405215646,0.0728441640775511,0.0010030090270812,0.009027081243731194,0.05656515237992757,0.1926470588235294,0.8073529411764706,0.047623312814838656,0.5907705006776789,0.03286763002889742,0.025568667840173864,0.06471220891590435,0.5676877211344823,0.4819277108433735,True,True,True,True,True
epilepsiae_590,epilepsiae,20260725,static_only,997,16,0.0912111334002006,0.0521046703424402,0.0734609904955626,0.5373691582812568,-0.0732196589769298,-0.0732196589769298,0.0912111334002006,0.0653617139392525,0.1012480907920068,0.0336129229272373,-0.0732196589769298,-0.0732196589769298,0.0066198595787362,0.0422149692335059,0.0209378134403209,0.0970305626322484,0.0010030090270812,0.033099297893681046,0.10515437918505323,0.061764705882352944,0.9382352941176471,0.059904366411716696,0.23207207497301593,0.05442247011023682,0.07800794153512502,0.027563614538394288,0.5152484474395311,0.5190763052208835,True,True,True,True,True
epilepsiae_590,epilepsiae,20260725,static_shuffle,997,16,0.168192076228686,0.0617499869903559,0.0729351125540334,0.4896210378672791,-0.0732196589769298,-0.0732196589769298,0.1681920762286861,0.0773981101326312,0.118582888590827,-0.2268280160587164,-0.0732196589769298,-0.0732196589769298,0.0066198595787362,0.0422149692335059,0.0206870611835506,0.0688708721608697,0.0010030090270812,0.017051153460381163,0.05868100202959542,0.2132352941176472,0.7867647058823528,0.04623152306817799,0.5789403927556303,0.028228614221323764,0.031531909212211384,0.042623855502249675,0.5617244797624448,0.5040160642570282,True,True,True,True,True
epilepsiae_590,epilepsiae,20260725,history_h1,997,16,0.1426153460381143,0.060643345762318,0.0762312360749561,0.443610850142115,-0.0732196589769298,-0.0732196589769298,0.1426153460381143,0.078732339981887,0.1220626245288767,-0.1237268444941374,-0.0732196589769298,-0.0732196589769298,0.0066198595787362,0.0422149692335059,0.0239468405215646,0.0824073182536139,0.0010030090270812,0.026078234704112357,0.07790007201677249,0.21176470588235285,0.7882352941176471,0.04635539131793158,0.6240491200513698,0.03925469325589874,0.05280743190024528,0.040615823373735704,0.5404489570744109,0.5060240963855421,True,True,True,True,True
epilepsiae_590,epilepsiae,20260725,history_h2,997,16,0.1671890672016048,0.0643890949086453,0.0742262517719382,0.4690133190695902,-0.0732196589769298,-0.0732196589769298,0.1671890672016048,0.0774553978230405,0.118138632339882,-0.0912734145913078,-0.0732196589769298,-0.0732196589769298,0.0066198595787362,0.0422149692335059,0.0229438314944834,0.0772153385555516,0.0010030090270812,0.02106318956870612,0.060890712271885805,0.23235294117647065,0.7676470588235293,0.04689830743809467,0.6119879216819287,0.03423300977901323,0.03901885597836052,0.052664016144820025,0.5542375329962956,0.4939759036144578,True,True,True,True,True
epilepsiae_590,epilepsiae,20260725,constant_stop,997,16,0.0946589769307924,0.0862103476950046,0.1594762600805678,0.015919827824132,-1.414242728184553,-1.414242728184553,0.0946589769307923,0.1162476540959665,0.2034105146045794,-0.1247475298277226,-1.414242728184553,-1.414242728184553,0.2300651955867602,0.3289124385308636,0.0254513540621865,0.1558210668511055,0.0872617853560682,0.08726178535606821,0.09789388791340439,0.27941176470588236,0.7205882352941176,0.039164817943529454,0.7352951276992178,0.07256339192716935,0.10947799243379563,0.013672886792244876,0.4837783965408605,0.532967032967033,True,True,True,True,True
epilepsiae_590,epilepsiae,20260725,no_termination,997,16,0.429037111334002,0.1619381749985135,0.20751768658201,-0.0858902867151706,6.864593781344032,6.864593781344032,0.429037111334002,0.1761793131213001,0.2338057639545199,-0.1581610400400486,6.864593781344032,6.864593781344032,0.429037111334002,0.3464277399563801,0.0781093279839518,0.112630167387133,0.0,0.05015045135406221,0.11801063954546881,0.5941176470588235,0.40588235294117647,0.03497735512380717,0.7161340796535006,0.1409416187254839,0.16391078869027392,0.1795386158475426,0.42934560028438223,0.7261785356068204,True,True,True,True,True
epilepsiae_620,epilepsiae,20260725,full_constructive,4482,9,0.0500272695721156,0.0838841968213849,0.1555881350279778,0.308083643130588,-0.062025881302989,-0.062025881302989,0.0500272695721156,0.1192749128108212,0.210855075031877,-0.1031251114357294,-0.062025881302989,-0.062025881302989,0.0069413456294313,0.0047457885383819,0.0686201596509494,0.1153855743018345,0.0,0.15238732708612224,0.09757463209468928,0.2583333333333333,0.7416666666666667,0.03783401795614549,0.7318223192242648,0.18579953538733443,0.03923918219785949,0.22757697456492632,0.934954038775649,0.5807675145024542,True,True,True,True,True
epilepsiae_620,epilepsiae,20260725,static_only,4482,9,0.1238534384451385,0.0587731216029375,0.1048477166576472,0.6195088979466831,-0.062025881302989,-0.062025881302989,0.1238534384451386,0.0756266819356113,0.1310936799884847,0.1567550233169863,-0.062025881302989,-0.062025881302989,0.0069413456294313,0.0047457885383819,0.0578610739253309,0.129023362345471,0.0,0.12048192771084332,0.1132447579634242,0.1416666666666666,0.8583333333333334,0.04511060962401934,0.6027510332018152,0.15958632600589598,0.03703773036318825,0.19433288710397145,0.9371554906103202,0.5475234270414994,True,True,True,True,True
epilepsiae_620,epilepsiae,20260725,static_shuffle,4482,9,0.0684218354901085,0.0608456332039873,0.1123074340673073,0.5574438286496195,-0.062025881302989,-0.062025881302989,0.0684218354901085,0.0801262079484087,0.1408998021166664,0.2062853373895125,-0.062025881302989,-0.062025881302989,0.0069413456294313,0.0047457885383819,0.0584064653676434,0.108879267039494,0.0,0.10731816153502899,0.09891315423283153,0.1499999999999999,0.8500000000000001,0.03722730644750292,0.7385119855269111,0.163101929728099,0.037935845944155666,0.19701026327532345,0.9362573750293528,0.5502008032128514,True,True,True,True,True
epilepsiae_620,epilepsiae,20260725,history_h1,4482,9,0.0660419455600178,0.0801051881236651,0.1406797795428102,0.3495329574472398,-0.062025881302989,-0.062025881302989,0.0660419455600178,0.1085037501567038,0.1832077842770895,-0.0994889346353086,-0.062025881302989,-0.062025881302989,0.0069413456294313,0.0047457885383819,0.0658932024393871,0.1185715218435593,0.0,0.142570281124498,0.10160619695004106,0.2333333333333334,0.7666666666666666,0.03669437443524888,0.7138818847345176,0.17962510017360692,0.03950257885956143,0.2195448460508701,0.934690642113947,0.572735385988398,True,True,True,True,True
epilepsiae_620,epilepsiae,20260725,history_h2,4482,9,0.0570181962417571,0.084796750676983,0.1535239043942827,0.3053868337549124,-0.062025881302989,-0.062025881302989,0.0570181962417571,0.1185146074336545,0.2058633617545361,-0.1133808260342864,-0.062025881302989,-0.062025881302989,0.0069413456294313,0.0047457885383819,0.0700580098170459,0.1194087677594496,0.0,0.15127175368139223,0.09898816990097692,0.2583333333333333,0.7416666666666667,0.03785202130381707,0.7233378561736773,0.19087404846642736,0.04084691089438064,0.23516287371709055,0.9333463100791278,0.5883534136546185,True,True,True,True,True
epilepsiae_620,epilepsiae,20260725,constant_stop,4482,9,0.1844414695820318,0.0954081135602195,0.1773042202481411,0.235885003280141,-1.58545292280232,-1.58545292280232,0.1844414695820318,0.1331669969321318,0.2320093860821651,-0.1013331030838333,-1.58545292280232,-1.58545292280232,0.1952005553076504,0.1472409415095264,0.0639099608309782,0.2042215367491726,0.1546184738955823,0.21775992860330207,0.09178493372381119,0.275,0.725,0.042352387210926004,0.6721770249826159,0.17731085188587595,0.045561026848033204,0.22268700031055866,0.9286321941254753,0.5758775402480866,True,True,True,True,True
epilepsiae_620,epilepsiae,20260725,no_termination,4482,9,0.2511031781446775,0.149445225638834,0.2132341772947213,0.1126919846269939,2.259928603302097,2.259928603302097,0.2511031781446775,0.1774186521842489,0.2560207819523846,-0.0987422063390499,2.259928603302097,2.259928603302097,0.2511031781446775,0.1493903637921537,0.1519163072041251,0.1318952915308453,0.0,0.143685854529228,0.1305415510596596,0.3833333333333333,0.6166666666666667,0.051989218315885405,0.5250708111278573,0.36005321138034946,0.10889166802457595,0.5218652387327086,0.8653015529489325,0.8750557786702365,True,True,True,True,True
epilepsiae_635,epilepsiae,20260725,full_constructive,1023,10,0.0577712609970674,0.0864018024592133,0.1220060999232014,0.2569657721179505,0.0498533724340175,0.0498533724340175,0.0577712609970674,0.0789039584731116,0.1370301718747724,0.6564496122929094,0.0498533724340175,0.0498533724340175,0.0090909090909091,0.0342342918423877,0.0381231671554252,,0.0,0.058651026392961936,0.0668085234002185,0.3151515151515153,0.6848484848484847,0.045276334159831136,0.7250401653897831,,,,,,False,True,False,False,False
epilepsiae_635,epilepsiae,20260725,static_only,1023,10,0.0818181818181818,0.0545155563804487,0.073023727365977,0.4421743609670233,0.0498533724340175,0.0498533724340175,0.0818181818181818,0.0599026063899854,0.0900486268015788,0.6380026880304142,0.0498533724340175,0.0498533724340175,0.0090909090909091,0.0342342918423877,0.0312805474095796,,0.0,0.07917888563049857,0.07890446295799056,0.1515151515151516,0.8484848484848484,0.046075264185737035,0.7349981980347782,,,,,,False,True,False,False,False
epilepsiae_635,epilepsiae,20260725,static_shuffle,1023,10,0.1739002932551319,0.103090320888875,0.1410317786075368,-0.1791874472979447,0.0498533724340175,0.0498533724340175,0.1739002932551319,0.1104112655253568,0.1390862554532672,0.2429380922939253,0.0498533724340175,0.0498533724340175,0.0090909090909091,0.0342342918423877,0.0647116324535679,,0.0,0.0948191593352884,0.08562688602368868,0.38787878787878793,0.6121212121212121,0.05404855706967602,0.6452996666405776,,,,,,False,True,False,False,False
epilepsiae_635,epilepsiae,20260725,history_h1,1023,10,0.0532746823069403,0.0665097356193334,0.0925380381523741,0.3245001200478112,0.0498533724340175,0.0498533724340175,0.0532746823069403,0.0759556213983262,0.1293547866063483,0.6375077818115683,0.0498533724340175,0.0498533724340175,0.0090909090909091,0.0342342918423877,0.0359726295210166,,0.0,0.06256109481915939,0.0693712930901991,0.27272727272727293,0.7272727272727271,0.04504000444681499,0.6985776832799647,,,,,,False,True,False,False,False
epilepsiae_635,epilepsiae,20260725,history_h2,1023,10,0.056793743890518,0.0801212325171018,0.1132649396259236,0.2694817974733542,0.0498533724340175,0.0498533724340175,0.056793743890518,0.0828405518098201,0.1460761698799117,0.6387939783958486,0.0498533724340175,0.0498533724340175,0.0090909090909091,0.0342342918423877,0.0377321603128054,,0.0,0.0596285434995113,0.06867531581532807,0.34545454545454557,0.6545454545454544,0.04340508957406816,0.7389115533743414,,,,,,False,True,False,False,False
epilepsiae_635,epilepsiae,20260725,constant_stop,1023,10,0.1408602150537634,0.1229448036831885,0.2468709269412082,0.1821833369340704,-0.698924731182796,-0.698924731182796,0.1408602150537634,0.1518544641755685,0.2406301564783245,0.7046641791760107,-0.698924731182796,-0.698924731182796,0.2167155425219941,0.3304982975118615,0.0473118279569892,,0.16911045943304,0.155425219941349,0.09429332854482678,0.6363636363636365,0.3636363636363636,0.050605837429190365,0.6944019025141498,,,,,,False,True,False,False,False
epilepsiae_635,epilepsiae,20260725,no_termination,1023,10,0.4326490713587487,0.2170004265255368,0.2799714903256678,0.1809630765894814,4.326490713587488,4.326490713587488,0.4326490713587487,0.2197389418695619,0.2478408428578894,0.712214803381372,4.326490713587488,4.326490713587488,0.4326490713587487,0.3573327306113735,0.1693059628543499,,0.0,0.07820136852394921,0.14783988189430358,0.7333333333333334,0.2666666666666666,0.06656092701765125,0.5758880839970688,,,,,,False,True,False,False,False
epilepsiae_922,epilepsiae,20260725,full_constructive,16728,8,0.1269353778096604,0.1268749052157471,0.1982161365603084,0.5789942312272203,0.3136657101865134,0.3136657101865134,0.1269353778096604,0.182309408597168,0.2678561241290088,0.0740878153918839,0.3136657101865134,0.3136657101865134,0.0392679937828789,0.0306665695762209,0.1223696795791487,0.1003712632950569,0.0,0.24730989956958388,0.037258587537894905,0.26190476190476175,0.7380952380952382,0.051466950395370026,0.7464073127304457,0.11049089579973245,0.10632114798187209,0.19811095169775228,0.7650504458268694,0.30954088952654235,True,True,True,True,True
epilepsiae_922,epilepsiae,20260725,static_only,16728,8,0.1762837757054041,0.1213804610595807,0.1744666523813791,0.6726539272284691,0.3136657101865134,0.3136657101865134,0.1762837757054041,0.1809489702526238,0.248076670819825,-0.1069455456358466,0.3136657101865134,0.3136657101865134,0.0392679937828789,0.0306665695762209,0.1189173840267814,0.1001459499537389,0.0,0.21341463414634143,0.04794346055016241,0.2499999999999999,0.7500000000000001,0.062472358651659156,0.7030542143573497,0.10816027315778382,0.09812931178449147,0.18711142993782875,0.7568586096294888,0.2985413677666188,True,True,True,True,True
epilepsiae_922,epilepsiae,20260725,static_shuffle,16728,8,0.2121966164514586,0.0957169077187519,0.1306155623474962,0.8552741947101412,0.3136657101865134,0.3136657101865134,0.2121966164514586,0.1379287577166105,0.1818754258094028,0.7647412898209963,0.3136657101865134,0.3136657101865134,0.0392679937828789,0.0306665695762209,0.1097710425633668,0.0756663337588447,0.0,0.23087039693926348,0.046662001183998464,0.2142857142857142,0.7857142857142858,0.059947444902831576,0.6685552408371719,0.08439470165693089,0.10579267929035951,0.15853658536585363,0.7645219771353569,0.2699665231946437,True,True,True,True,True
epilepsiae_922,epilepsiae,20260725,history_h1,16728,8,0.1405652199904352,0.1248363867287751,0.1944212285211637,0.5927464772302563,0.3136657101865134,0.3136657101865134,0.1405652199904352,0.17943810707516,0.2654788166981486,0.0270870556630728,0.3136657101865134,0.3136657101865134,0.0392679937828789,0.0306665695762209,0.1218914395026303,0.1006231772772422,0.0,0.23684839789574363,0.034990705653669796,0.26190476190476175,0.7380952380952382,0.052340497121094245,0.7542062828081456,0.10960247928510246,0.10499245166741977,0.19045911047345765,0.7637217495124171,0.3018890483022477,True,True,True,True,True
epilepsiae_922,epilepsiae,20260725,history_h2,16728,8,0.1312694285031085,0.1263354773655471,0.1976605687231849,0.5820600521032011,0.3136657101865134,0.3136657101865134,0.1312694285031085,0.1809030508277231,0.2677860365858425,0.0687227997818134,0.3136657101865134,0.3136657101865134,0.0392679937828789,0.0306665695762209,0.1219811095169775,0.0998072478690628,0.0,0.24946197991391678,0.03623650756655852,0.2738095238095237,0.7261904761904763,0.0514542995778641,0.7431959721102164,0.10934385373737067,0.10621841219674233,0.1929100908656145,0.7649477100417397,0.3043400286944046,True,True,True,True,True
epilepsiae_922,epilepsiae,20260725,constant_stop,16728,8,0.198432269249163,0.1288691583253566,0.2145680954698405,0.5128992030101153,-0.8654351984696316,-0.8654351984696316,0.198432269249163,0.1876589366502228,0.2768551882261208,0.0883346912322302,-0.865435198469632,-0.865435198469632,0.1785404710664754,0.206745782838486,0.1351775466284074,0.1399833571941661,0.1736011477761836,0.3178503108560497,0.03229444373212051,0.33333333333333326,0.6666666666666667,0.05886709377246234,0.6308062851244408,0.10139617193926108,0.1065444870877843,0.16200756217120993,0.7652737849327816,0.2734375,True,True,True,True,True
epilepsiae_922,epilepsiae,20260725,no_termination,16728,8,0.3309421329507412,0.1732176307198589,0.2453863931808733,0.3996618039960514,2.64753706360593,2.64753706360593,0.3309421329507412,0.2118855121309778,0.2946342174042077,0.055344239877206,2.64753706360593,2.64753706360593,0.3309421329507412,0.2293991315340355,0.1871413199426111,0.2004835081735295,0.0,0.3023672883787661,0.0711864797298658,0.45238095238095233,0.5476190476190477,0.07327374257058453,0.44098588159934904,0.19969178852056918,0.14634496679453612,0.1881874701099952,0.8050742646395335,0.2996174079387853,True,True,True,True,True
epilepsiae_958,epilepsiae,20260725,full_constructive,24684,16,0.0294142967104197,0.0478106068276937,0.0764319812898395,0.5522473779244249,0.2626397666504605,0.2626397666504605,0.0294142967104196,0.0584816972930003,0.0933095835608312,0.5400578879458395,0.2626397666504605,0.2626397666504605,0.0164504334791767,0.0085815991895592,0.0292041403338194,0.0681243190409507,0.0,0.02621131097066931,0.06323141094194157,0.08529411764705885,0.9147058823529411,0.023162256028267894,0.6598454146856829,0.07510090131495456,0.02339907203903302,0.06623723869713177,0.7527559725545098,0.4711148922378869,True,True,True,True,True
epilepsiae_958,epilepsiae,20260725,static_only,24684,16,0.0560256643979905,0.04611330420006,0.0744999820159209,0.6815061759994091,0.2626397666504605,0.2626397666504605,0.0560256643979905,0.0563619433931677,0.0918356007685084,0.7060016953311204,0.2626397666504605,0.2626397666504605,0.0164504334791767,0.0085815991895592,0.0299586776859504,0.0865009509660444,0.0,0.003970183114568093,0.0690102307270896,0.055882352941176494,0.9441176470588235,0.026226922807057764,0.37859415148533315,0.07860921565368917,0.012359358254101283,0.06935666828714959,0.741716258769578,0.46799546264786906,True,True,True,True,True
epilepsiae_958,epilepsiae,20260725,static_shuffle,24684,16,0.0528910427807486,0.0556861581773064,0.0889797825595396,0.1632625653338442,0.2626397666504605,0.2626397666504605,0.0528910427807486,0.0695399849163363,0.1106161358667955,0.0901191781460556,0.2626397666504605,0.2626397666504605,0.0164504334791767,0.0085815991895592,0.0310221195916383,0.0712014852781058,0.0,0.036055744611894425,0.061559299624171504,0.1367647058823529,0.8632352941176471,0.0240855579673973,0.6336179535568149,0.08453451045063477,0.022421049820091854,0.07830983633122673,0.7517779503355686,0.4590422946037919,True,True,True,True,True
epilepsiae_958,epilepsiae,20260725,history_h1,24684,16,0.0364937813968562,0.045868817125258,0.0740262072048656,0.6267371572885072,0.2626397666504605,0.2626397666504605,0.0364937813968562,0.0563434991059864,0.0911179030954731,0.59424092207957,0.2626397666504605,0.2626397666504605,0.0164504334791767,0.0085815991895592,0.0295484929508993,0.0803207966474111,0.0,0.01430076162696492,0.06494845912836153,0.07941176470588229,0.9205882352941177,0.022721336706433604,0.6577180511819684,0.07596971785398435,0.015241594956591165,0.06777669745584186,0.7445984954720679,0.4695754334791768,True,True,True,True,True
epilepsiae_958,epilepsiae,20260725,history_h2,24684,16,0.0343213215038081,0.0466087795498678,0.0750352987509996,0.5812037096215742,0.2626397666504605,0.2626397666504605,0.0343213215038081,0.0573141091540928,0.0921987116630006,0.5553357237043618,0.2626397666504605,0.2626397666504605,0.0164504334791767,0.0085815991895592,0.0292952924971641,0.0761176016219806,0.0,0.023456490034030164,0.06379844223565971,0.08529411764705885,0.9147058823529411,0.023288423835470824,0.6572689944605316,0.07493635307690273,0.018858195939724487,0.06635877491492465,0.7482150964552012,0.470993356020094,True,True,True,True,True
epilepsiae_958,epilepsiae,20260725,constant_stop,24684,16,0.1511353508345487,0.0437464983639165,0.0681530611636154,0.6471445777427254,-2.41816561335278,-2.41816561335278,0.1511353508345487,0.0547571029277628,0.0839259037866506,0.6416763998756884,-2.41816561335278,-2.41816561335278,0.2154735861286663,0.1507532172973831,0.0282419786096256,0.1414292784405669,0.0887619510614163,0.0465078593420839,0.05978373923164623,0.08823529411764708,0.9117647058823529,0.02304501871409379,0.6537853895139107,0.08166809548976518,0.0011826964244305849,0.067828279069994,0.7305395969399073,0.46952385186502466,True,True,True,True,True
epilepsiae_958,epilepsiae,20260725,no_termination,24684,16,0.3019795211473019,0.0503852451843743,0.0752515263869267,0.5896710963296901,4.83167233835683,4.83167233835683,0.3019795211473019,0.0547116506914299,0.087506885831186,0.6210861621591096,4.83167233835683,4.83167233835683,0.3019795211473018,0.1567580404776373,0.032105817533625,0.1189399514806015,0.0,0.01648841354723718,0.06650168117761493,0.4073529411764706,0.5926470588235294,0.023873313748290895,0.6014716264139546,0.09522305304236293,0.02740512124326322,0.035042942796953525,0.7019517792722135,0.5023091881380651,True,True,True,True,True
yuquan_chengshuai,yuquan,20260725,full_constructive,5516,8,0.0899428934010152,0.0729092868236888,0.1171529119143845,0.8926585956695676,0.5846627991298039,0.5846627991298039,0.0899428934010152,0.0803584753958364,0.1296856155214425,0.8831026360289439,0.5846627991298039,0.5846627991298039,0.0730828498912255,0.0834398886792456,0.063633067440174,0.0802516654281316,0.0,0.018310369833212436,0.009965543926991588,0.1428571428571428,0.8571428571428572,0.0401356254024841,0.7831173301750598,0.09767923384677703,0.003114314821092923,0.06526468455402468,0.9916312851272984,0.5736040609137056,True,False,True,True,False
yuquan_chengshuai,yuquan,20260725,static_only,5516,8,0.177461022480058,0.0438447079777737,0.050985093091856,0.9124658828194148,0.5846627991298039,0.5846627991298039,0.177461022480058,0.040628811597222,0.0546162705690735,0.8372176897562439,0.5846627991298039,0.5846627991298039,0.0730828498912255,0.0834398886792456,0.065989847715736,0.0704432593588702,0.0,0.007070340826686006,0.022664675562892728,0.03571428571428559,0.9642857142857144,0.04444300545310752,0.8825769306341542,0.07869801232354853,0.0032749385268520115,0.03897751994198695,0.9914706614215393,0.5473168963016679,True,False,True,True,False
yuquan_chengshuai,yuquan,20260725,static_shuffle,5516,8,0.1296455765047135,0.0471769623322471,0.0786342190156325,0.9067563953040668,0.5846627991298039,0.5846627991298039,0.1296455765047135,0.050140075390578,0.0790110607539566,0.8746437693633228,0.5846627991298039,0.5846627991298039,0.0730828498912255,0.0834398886792456,0.0654459753444525,0.0743698252612256,0.0,0.002356780275561965,0.01922902711696789,0.059523809523809534,0.9404761904761905,0.04075512692637921,0.8471119878882414,0.08290320237841042,0.0027407134125143617,0.03807106598984766,0.9920048865358769,0.5464104423495286,True,False,True,True,False
yuquan_chengshuai,yuquan,20260725,history_h1,5516,8,0.1117431109499637,0.0705359851632077,0.1020206414022026,0.901658263157208,0.5846627991298039,0.5846627991298039,0.1117431109499637,0.0693597729176749,0.1045074961983472,0.8880173117636277,0.5846627991298039,0.5846627991298039,0.0730828498912255,0.0834398886792456,0.0673495286439448,0.0812061080088294,0.0,0.017403915881073206,0.012916744590399626,0.10714285714285698,0.892857142857143,0.03870644926321244,0.8062392478322497,0.0953729430185585,0.0032477926809167945,0.05710659898477155,0.9914978072674745,0.5654459753444525,True,False,True,True,False
yuquan_chengshuai,yuquan,20260725,history_h2,5516,8,0.0953362944162436,0.0734762830873879,0.1153510734660256,0.8931218366818293,0.5846627991298039,0.5846627991298039,0.0953362944162436,0.0793329846033967,0.1254167539760278,0.8839312982556374,0.5846627991298039,0.5846627991298039,0.0730828498912255,0.0834398886792456,0.0655819434372733,0.0822020314310426,0.0,0.020485859318346622,0.010736392716802406,0.1428571428571428,0.8571428571428572,0.03949039873859173,0.7921756185360866,0.09808919810293934,0.0031056146436142518,0.062001450326323426,0.991639985304777,0.5703408266860044,True,False,True,True,False
yuquan_chengshuai,yuquan,20260725,constant_stop,5516,8,0.1845993473531544,0.1125096140332432,0.1539969532746818,0.8805337265308031,-0.4952864394488765,-0.4952864394488765,0.1845993473531544,0.1238871384890258,0.1666368349369145,0.8789155334742591,-0.495286439448876,-0.495286439448876,0.1999184191443074,0.2737555398256455,0.0591914430746918,0.0698601774603655,0.1890862944162436,0.1000725163161712,0.04355385783089957,0.16666666666666652,0.8333333333333335,0.06375077356111275,0.6162862715235304,0.07422238933565205,0.0032361626778901753,0.0019678136500901333,0.9915094372705011,0.5063715627095908,True,False,True,True,False
yuquan_chengshuai,yuquan,20260725,no_termination,5516,8,0.3927891588107324,0.1761618318532653,0.1790966955234796,0.8781027371966313,3.142313270485859,3.142313270485859,0.3927891588107324,0.18298836922901,0.1866724844877355,0.8843246838218332,3.142313270485859,3.142313270485859,0.3927891588107324,0.3080229648658019,0.2044053662073966,0.2057450403494943,0.0,0.13524292965917328,0.05765362023687738,0.20238095238095233,0.7976190476190477,0.08411300367859018,0.4592198378500641,0.20821678104478905,0.00643870574209493,0.021392313270485908,0.9883068942062964,0.48694706308919505,True,False,True,True,False
yuquan_chenziyang,yuquan,20260725,full_constructive,1922,10,0.0392819979188345,0.0620322583228105,0.1155991864889078,0.5483374367022203,-0.1514047866805414,-0.1514047866805414,0.0392819979188345,0.0930833889288133,0.1625350499486232,0.0743916306509738,-0.1514047866805414,-0.1514047866805414,0.0153485952133194,0.0205880947015546,0.0453694068678459,,0.0005202913631633,0.019250780437044757,0.09339711217427062,0.09090909090909094,0.9090909090909091,0.0708829883812261,0.43747034196883666,,,,,,False,True,False,False,False
yuquan_chenziyang,yuquan,20260725,static_only,1922,10,0.0702913631633714,0.062504184399279,0.1151900876872201,0.5794011481903014,-0.1514047866805414,-0.1514047866805414,0.0702913631633714,0.0893547639427926,0.1585681295522177,0.1665009623574463,-0.1514047866805414,-0.1514047866805414,0.0153485952133194,0.0205880947015546,0.050156087408949,,0.0005202913631633,0.016129032258064557,0.09712705314344369,0.12121212121212133,0.8787878787878787,0.07379449545449618,0.3466773587121572,,,,,,False,True,False,False,False
yuquan_chenziyang,yuquan,20260725,static_shuffle,1922,10,0.0484391259105098,0.0627687715304719,0.117017001691967,0.5860992157233111,-0.1514047866805414,-0.1514047866805414,0.0484391259105098,0.089887946788417,0.1575105273731442,0.1974877275404608,-0.1514047866805414,-0.1514047866805414,0.0153485952133194,0.0205880947015546,0.0468262226847034,,0.0005202913631633,0.011446409989594175,0.09511907686376601,0.12121212121212133,0.8787878787878787,0.0705391952305381,0.39618272465160986,,,,,,False,True,False,False,False
yuquan_chenziyang,yuquan,20260725,history_h1,1922,10,0.0386576482830385,0.0634794614751511,0.1170232045858332,0.5272098966015205,-0.1514047866805414,-0.1514047866805414,0.0386576482830384,0.0938291553176181,0.1618966980972597,0.1175211642322288,-0.1514047866805414,-0.1514047866805414,0.0153485952133194,0.0205880947015546,0.0476586888657648,,0.0005202913631633,0.0296566077003122,0.09409766908827492,0.09696969696969693,0.9030303030303031,0.07078907136055741,0.4466739347871696,,,,,,False,True,False,False,False
yuquan_chenziyang,yuquan,20260725,history_h2,1922,10,0.0357440166493236,0.0633116521589277,0.1164285198862146,0.511146785089224,-0.1514047866805414,-0.1514047866805414,0.0357440166493236,0.0944825780674485,0.1632479571239036,0.0739925396210493,-0.1514047866805414,-0.1514047866805414,0.0153485952133194,0.0205880947015546,0.0471383975026014,,0.0005202913631633,0.02809573361082207,0.09359684997842387,0.09090909090909094,0.9090909090909091,0.07075697580339915,0.4435821505236768,,,,,,False,True,False,False,False
yuquan_chenziyang,yuquan,20260725,constant_stop,1922,10,0.10525494276795,0.0784515283085974,0.1404970386580008,0.3187672717196049,-1.0525494276795009,-1.0525494276795009,0.10525494276795,0.1143332044997723,0.1898422484676249,0.0647628630791043,-1.0525494276795009,-1.0525494276795009,0.1977627471383975,0.2381974582867128,0.0532778355879292,,0.1602497398543184,0.03902185223725285,0.09609162426256916,0.11515151515151534,0.8848484848484847,0.0697924156930663,0.459529430146626,,,,,,False,True,False,False,False
yuquan_chenziyang,yuquan,20260725,no_termination,1922,10,0.3764308012486993,0.1204189366312942,0.1613772868216579,0.2301763861412261,3.764308012486993,3.764308012486993,0.3764308012486993,0.1421854796727227,0.2009408691293408,0.0895759068615238,3.764308012486993,3.764308012486993,0.3764308012486992,0.2621115349099977,0.1103017689906347,,0.0,0.21852237252861606,0.11090556878604588,0.4484848484848486,0.5515151515151514,0.0726081277157435,0.3061920164837918,,,,,,False,True,False,False,False
yuquan_gaolan,yuquan,20260725,full_constructive,599,12,0.117417918753478,0.0424054140607306,0.0519484919877542,0.8960772249936417,0.1569282136894827,0.1569282136894827,0.117417918753478,0.0572389807361553,0.0750250441085668,0.880920061930541,0.1569282136894827,0.1569282136894827,0.0180856983861992,0.0285888865048904,0.025041736227045,,0.0,0.041736227045075125,0.03066151009123544,0.18181818181818188,0.8181818181818181,0.03829175037963009,0.6366707428468278,,,,,,False,True,False,False,False
yuquan_gaolan,yuquan,20260725,static_only,599,12,0.0514746800222593,0.0450497512357696,0.0721180524826726,0.8771765205624451,0.1569282136894827,0.1569282136894827,0.0514746800222593,0.0621137390457123,0.1009491976646635,0.832855561496753,0.1569282136894827,0.1569282136894827,0.0180856983861992,0.0285888865048904,0.0244852531997774,,0.0,0.10016694490818029,0.04298361194961671,0.10839160839160833,0.8916083916083917,0.04502908643345207,0.4758310344466891,,,,,,False,True,False,False,False
yuquan_gaolan,yuquan,20260725,static_shuffle,599,12,0.1176961602671118,0.0433904894447744,0.0521081087100736,0.8995775587972514,0.1569282136894827,0.1569282136894827,0.1176961602671118,0.0586859714882176,0.0712535383809429,0.8835862868730465,0.1569282136894827,0.1569282136894827,0.0180856983861992,0.0285888865048904,0.0258764607679465,,0.0,0.058430717863105164,0.03232456351555041,0.1853146853146852,0.8146853146853148,0.03749897808078442,0.6540815629264031,,,,,,False,True,False,False,False
yuquan_gaolan,yuquan,20260725,history_h1,599,12,0.062047857540345,0.0352735543945781,0.051913113610888,0.9161698880635326,0.1569282136894827,0.1569282136894827,0.062047857540345,0.047400122523379,0.0622841950017818,0.894830931365882,0.1569282136894827,0.1569282136894827,0.0180856983861992,0.0285888865048904,0.0189204229271007,,0.0,0.04841402337228712,0.03728450303328819,0.1923076923076923,0.8076923076923077,0.03984656157796194,0.5929148289774203,,,,,,False,True,False,False,False
yuquan_gaolan,yuquan,20260725,history_h2,599,12,0.0946021146355036,0.0394261688268298,0.0545773524818158,0.893309076052257,0.1569282136894827,0.1569282136894827,0.0946021146355036,0.0545911052806072,0.0740858801692009,0.8682492431930764,0.1569282136894827,0.1569282136894827,0.0180856983861992,0.0285888865048904,0.0211463550361713,,0.0,0.028380634390651083,0.032730830544365264,0.18881118881118875,0.8111888111888113,0.03882204640024434,0.628698477725698,,,,,,False,True,False,False,False
yuquan_gaolan,yuquan,20260725,constant_stop,599,12,0.1220089037284363,0.0555409589597851,0.0843417469438115,0.908432004751153,-1.464106844741235,-1.464106844741235,0.1220089037284363,0.0746563226272455,0.1057997359960142,0.9155542906614847,-1.464106844741235,-1.464106844741235,0.2035336672231497,0.1923012916460469,0.0278241513633834,,0.1202003338898163,0.13856427378964942,0.007625736576921532,0.14335664335664333,0.8566433566433567,0.03244391555194035,0.8006257371046768,,,,,,False,True,False,False,False
yuquan_gaolan,yuquan,20260725,no_termination,599,12,0.3554535336672231,0.1423557399606569,0.1328849140961429,0.8799301252340576,4.265442404006678,4.265442404006678,0.3554535336672231,0.1368397932086066,0.1352781327937047,0.9106911322129664,4.265442404006678,4.265442404006678,0.3554535336672231,0.2112136640268005,0.0779076238174735,,0.0,0.31552587646076796,0.025334658108000452,0.5034965034965034,0.49650349650349657,0.03428887875475026,0.7671538075249504,,,,,,False,True,False,False,False
yuquan_hanyuxuan,yuquan,20260725,full_constructive,1094,22,0.0532241981053681,0.0366822623275027,0.0567953261312214,0.7722993943477009,0.0301645338208409,0.0301645338208409,0.0532241981053681,0.0401767960271491,0.0608260412203101,0.7792507381206862,0.0301645338208409,0.0301645338208409,0.0045288349675918,0.0190055278708884,0.0152900116337045,,0.0,0.05575868372943327,0.07778418080060566,0.10841332580463003,0.89158667419537,0.023044473007013833,0.4518088796369124,,,,,,False,True,False,False,False
yuquan_hanyuxuan,yuquan,20260725,static_only,1094,22,0.0576283862389895,0.0525653561430539,0.0825501663307864,0.5824155985367477,0.0301645338208409,0.0301645338208409,0.0576283862389895,0.059837979324538,0.0945654915857295,0.5286318118256671,0.0301645338208409,0.0301645338208409,0.0045288349675918,0.0190055278708884,0.0177829483131128,,0.0,0.13893967093235837,0.07689345304619569,0.1428571428571428,0.8571428571428572,0.02365403547923268,0.3290552079499146,,,,,,False,True,False,False,False
yuquan_hanyuxuan,yuquan,20260725,static_shuffle,1094,22,0.0506481635366461,0.0383773903600716,0.0581237484029434,0.7515470088219603,0.0301645338208409,0.0301645338208409,0.0506481635366461,0.041939205958432,0.0627024735509168,0.7570852629926283,0.0301645338208409,0.0301645338208409,0.0045288349675918,0.0190055278708884,0.0161209905268406,,0.0,0.05758683729433278,0.0779293528785456,0.11405985319028777,0.8859401468097122,0.023250524848192174,0.44314101600286665,,,,,,False,True,False,False,False
yuquan_hanyuxuan,yuquan,20260725,history_h1,1094,22,0.0359398371281369,0.0426830308647556,0.0668793680593934,0.6996567005581088,0.0301645338208409,0.0301645338208409,0.0359398371281369,0.0469784231219003,0.0731259578622053,0.703790733719734,0.0301645338208409,0.0301645338208409,0.0045288349675918,0.0190055278708884,0.016453382084095,,0.0,0.07312614259597805,0.07939560222633729,0.12196499153020879,0.8780350084697912,0.023233328525144977,0.4041079710205501,,,,,,False,True,False,False,False
yuquan_hanyuxuan,yuquan,20260725,history_h2,1094,22,0.0415073957121489,0.0387108286667164,0.0604685892997592,0.7484033031037124,0.0301645338208409,0.0301645338208409,0.0415073957121489,0.042470015126899,0.0652688610336917,0.7575726291999728,0.0301645338208409,0.0301645338208409,0.0045288349675918,0.0190055278708884,0.0152069137443908,,0.0,0.059414990859232186,0.0792102365720343,0.12083568605307726,0.8791643139469227,0.023002832247247796,0.4288193941865563,,,,,,False,True,False,False,False
yuquan_hanyuxuan,yuquan,20260725,constant_stop,1094,22,0.1477480471996011,0.0459095202469934,0.0717102072645184,0.7043218646648532,-3.129798903107861,-3.129798903107861,0.1477480471996011,0.0489302040389769,0.0783532101998063,0.7206025440576189,-3.129798903107861,-3.129798903107861,0.2315107196277215,0.1602923578580189,0.0197772976566395,,0.0740402193784278,0.08957952468007313,0.05808505085199864,0.19141727837379996,0.8085827216262,0.022531791956987977,0.46052191743269455,,,,,,False,True,False,False,False
yuquan_hanyuxuan,yuquan,20260725,no_termination,1094,22,0.3173508392886821,0.068807609838791,0.0851992627718923,0.7232427755788817,6.981718464351005,6.981718464351005,0.3173508392886821,0.0687056777143684,0.0878383031580355,0.7387033260828149,6.981718464351005,6.981718464351005,0.317350839288682,0.1628960918957558,0.0347349177330895,,0.0,0.2906764168190128,0.07176220828543821,0.4076792772444946,0.5923207227555054,0.02279671386871561,0.40776920877521183,,,,,,False,True,False,False,False
yuquan_huanghanwen,yuquan,20260725,full_constructive,92,10,0.0815217391304347,0.0947418152717298,0.16049480206066,0.2370511713680055,0.0543478260869569,0.0543478260869569,0.0815217391304347,0.1217103375402317,0.2106216899940987,-0.0269749582412014,0.0543478260869569,0.0543478260869569,0.0067934782608695,0.0273504273504273,0.0608695652173913,0.0629269534355578,0.0,0.0,0.00604967378871947,0.26666666666666683,0.7333333333333332,0.06163465271405832,0.5236498166669077,0.09770105336772875,0.03544769337733733,0.09782608695652173,0.6309601321804563,0.44565217391304346,True,True,True,True,True
yuquan_huanghanwen,yuquan,20260725,static_only,92,10,0.1054347826086956,0.0790441095297446,0.1392269746280497,0.4006066008284861,0.0543478260869569,0.0543478260869569,0.1054347826086956,0.1006823672947322,0.1787874466218222,0.2525110846701132,0.0543478260869569,0.0543478260869569,0.0067934782608695,0.0273504273504273,0.0434782608695652,0.0493634541050078,0.0,0.021739130434782594,0.01477444079555218,0.4363636363636365,0.5636363636363635,0.06546630786517936,0.41409840860294417,0.06461536041948651,0.02558062683712581,0.06521739130434778,0.6408271987206678,0.4782608695652174,True,True,True,True,True
yuquan_huanghanwen,yuquan,20260725,static_shuffle,92,10,0.0858695652173913,0.0967482038620942,0.1687013679582875,0.2230689855182743,0.0543478260869569,0.0543478260869569,0.0858695652173913,0.1246838079873374,0.2123039714851598,0.151967726609473,0.0543478260869569,0.0543478260869569,0.0067934782608695,0.0273504273504273,0.0565217391304347,0.0594124589255987,0.0,0.010869565217391297,0.007133621461897194,0.3272727272727274,0.6727272727272726,0.06543194204436954,0.4739398632203936,0.10710217914065981,0.03642129619231571,0.10869565217391303,0.6299865293654779,0.43478260869565216,True,True,True,True,True
yuquan_huanghanwen,yuquan,20260725,history_h1,92,10,0.0684782608695652,0.0896995324650971,0.1595426419087475,0.3051693789191436,0.0543478260869569,0.0543478260869569,0.0684782608695652,0.1223365951898611,0.2142033963636724,0.1375200734062555,0.0543478260869569,0.0543478260869569,0.0067934782608695,0.0273504273504273,0.0630434782608695,0.0411776934080237,0.0,0.07608695652173914,0.005231592834275059,0.3272727272727274,0.6727272727272726,0.05731785896230116,0.5631138841048852,0.08593442975458623,0.03725909951382522,0.08695652173913043,0.6291487260439684,0.45652173913043476,True,True,True,True,True
yuquan_huanghanwen,yuquan,20260725,history_h2,92,10,0.0858695652173913,0.0991484221225562,0.1747475984423572,0.1564825106409047,0.0543478260869569,0.0543478260869569,0.0858695652173913,0.1277468599514346,0.2278288639803529,-0.0773225768819436,0.0543478260869569,0.0543478260869569,0.0067934782608695,0.0273504273504273,0.0652173913043478,0.039465748614698,0.0,0.03260869565217395,0.006932955597615545,0.2969696969696971,0.7030303030303029,0.0609290785968015,0.5264471639916802,0.09098381252305524,0.027532370841097165,0.09782608695652173,0.6388754547166965,0.44565217391304346,True,True,True,True,True
yuquan_huanghanwen,yuquan,20260725,constant_stop,92,10,0.092391304347826,0.083688312321362,0.1773521724793337,0.3349325294807939,-0.3586956521739131,-0.3586956521739131,0.092391304347826,0.1335075423836789,0.2111356924416488,0.5160029858870233,-0.3586956521739131,-0.3586956521739131,0.2315217391304347,0.3911243141549688,0.0434782608695652,0.1947422349784601,0.1630434782608695,0.06521739130434784,0.01149797322148885,0.19393939393939408,0.8060606060606059,0.06122816944054133,0.5468276585288637,0.055007149078448406,0.02625320846959278,0.03698475437605875,0.6401546170882009,0.5064935064935064,True,True,True,True,True
yuquan_huanghanwen,yuquan,20260725,no_termination,92,10,0.4608695652173913,0.1487920116025288,0.2062631976149625,0.239164499948479,4.608695652173913,4.608695652173913,0.4608695652173913,0.1571929222142062,0.2021752112750912,0.4761275778371326,4.608695652173913,4.608695652173913,0.4608695652173913,0.3948584423456187,0.117391304347826,0.0719142560247739,0.0,0.33695652173913043,0.005016738297344239,0.47199852236758666,0.5280014776324133,0.058362410152763944,0.44121994606753845,0.19368207173810922,0.046594270936162197,0.18478260869565222,0.7130020964939559,0.7282608695652174,True,True,True,True,True
yuquan_litengsheng,yuquan,20260725,full_constructive,129,24,0.1705426356589147,0.088064977053736,0.1425982588970741,0.4718615222333159,-0.0465116279069768,-0.0465116279069768,0.1705426356589147,0.0988107378963202,0.163399025629554,0.300632464058661,-0.0465116279069768,-0.0465116279069768,0.0180878552971576,0.0951329327098869,0.0303617571059431,0.0924618583582549,0.0077519379844961,0.10852713178294582,0.032641914081275494,0.34173913043478266,0.6582608695652173,0.03670749664501996,0.18840942465240815,0.0899477734618071,0.09960980818711651,0.019137596899224785,0.6558857795073629,0.53125,True,True,True,True,True
yuquan_litengsheng,yuquan,20260725,static_only,129,24,0.1330749354005168,0.0853583062972368,0.1417284866002532,0.4423643564413048,-0.0465116279069768,-0.0465116279069768,0.1330749354005168,0.0956513765535367,0.1634067721526894,0.2120974347864437,-0.0465116279069768,-0.0465116279069768,0.0180878552971576,0.0951329327098869,0.0290697674418604,0.1009015354535868,0.0077519379844961,0.11627906976744196,0.04316150009901552,0.3221739130434784,0.6778260869565216,0.03525526502803281,0.13672420668883206,0.09210066342079609,0.10946507590624133,0.0035125968992247847,0.6460305117882381,0.546875,True,True,True,True,True
yuquan_litengsheng,yuquan,20260725,static_shuffle,129,24,0.1782945736434108,0.0959934801668302,0.1450758690860654,0.4399359535950155,-0.0465116279069768,-0.0465116279069768,0.1782945736434108,0.1077433527379902,0.1670977643290699,0.2557024550028748,-0.0465116279069768,-0.0465116279069768,0.0180878552971576,0.0951329327098869,0.0316537467700258,0.0916264997952444,0.0077519379844961,0.09302325581395354,0.03778414092772998,0.30565217391304356,0.6943478260869564,0.036081699172634596,0.176775848546237,0.0928695958770812,0.08619365484319907,0.034762596899224785,0.6693019328512804,0.515625,True,True,True,True,True
yuquan_litengsheng,yuquan,20260725,history_h1,129,24,0.1531007751937984,0.0899497205123436,0.144139410868266,0.4294125985429386,-0.0465116279069768,-0.0465116279069768,0.1531007751937984,0.1002390333181724,0.1665190691735349,0.2335168365723872,-0.0465116279069768,-0.0465116279069768,0.0180878552971576,0.0951329327098869,0.0284237726098191,0.0833290001736853,0.0077519379844961,0.13178294573643412,0.038228073107174756,0.3365217391304349,0.6634782608695651,0.0352616134798207,0.1795651003229297,0.08454111667102632,0.08233087070460832,0.019137596899224785,0.6731647169898711,0.53125,True,True,True,True,True
yuquan_litengsheng,yuquan,20260725,history_h2,129,24,0.1614987080103359,0.0890769478940993,0.1435994663669792,0.4480914100814647,-0.0465116279069768,-0.0465116279069768,0.1614987080103359,0.1018011061645889,0.1667048320323951,0.2522271055595641,-0.0465116279069768,-0.0465116279069768,0.0180878552971576,0.0951329327098869,0.0335917312661498,0.0986078241722974,0.0077519379844961,0.13178294573643412,0.03821475470004323,0.3456521739130436,0.6543478260869564,0.034456083585706815,0.2219210442217087,0.08902174162319397,0.07640382877342589,0.0035125968992247847,0.6790917589210536,0.546875,True,True,True,True,True
yuquan_litengsheng,yuquan,20260725,constant_stop,129,24,0.1569767441860464,0.0725919387608391,0.1284246722436814,0.599921615547219,-2.68217054263566,-2.68217054263566,0.1569767441860465,0.0923818442054641,0.1480897153651246,0.5156453401305279,-2.68217054263566,-2.68217054263566,0.2545219638242894,0.2085569202039723,0.0251937984496124,0.1517677849217257,0.0852713178294573,0.0852713178294574,0.04408163642255037,0.27956521739130435,0.7204347826086956,0.036955942058754916,0.18923248545488658,0.0948977797725454,0.11532271171007136,0.016489291814479,0.6401728759844081,0.5338983050847458,True,True,True,True,True
yuquan_litengsheng,yuquan,20260725,no_termination,129,24,0.4043927648578811,0.092075175140303,0.137694527606821,0.5574429494312032,9.705426356589149,9.705426356589149,0.4043927648578811,0.0974176039584087,0.1516521988588377,0.5048272500042702,9.705426356589149,9.705426356589149,0.4043927648578811,0.2034899005042034,0.0400516795865633,0.0540703475736821,0.0,0.18604651162790697,0.0495274730039592,0.32000000000000006,0.6799999999999999,0.03193399858852106,0.2926409998203049,0.1100964773364481,0.021407773231228333,0.2093023255813954,0.7340878144632511,0.7596899224806202,True,True,True,True,True
yuquan_liyouran,yuquan,20260725,full_constructive,470,17,0.0932415519399249,0.1178395234664723,0.159669903618866,0.1915126738716349,0.2063829787234041,0.2063829787234041,0.0932415519399249,0.1386416458972972,0.1833557163387118,0.0063343851367554,0.2063829787234041,0.2063829787234041,0.0123904881101376,0.0175879307764997,0.0495619524405506,0.1523891519990144,0.0,0.18936170212765957,0.05245844645047609,0.45710784313725483,0.5428921568627452,0.022958026018506616,0.6176473005574784,0.17083704130572105,0.05841224420749919,0.18936170212765957,0.43946847150669144,0.5765957446808511,True,True,True,True,True
yuquan_liyouran,yuquan,20260725,static_only,470,17,0.0759699624530663,0.0907775483325275,0.1327438664606985,0.5600712915860413,0.2063829787234041,0.2063829787234041,0.0759699624530663,0.1063417577610249,0.1560855900040646,0.1304768165574848,0.2063829787234041,0.2063829787234041,0.0123904881101376,0.0175879307764997,0.0375469336670838,0.1057273616643315,0.0,0.20851063829787242,0.059807811860283625,0.2279411764705881,0.7720588235294119,0.02568833865313225,0.31769400336434667,0.09713504404896975,0.02690861500446773,0.11702127659574468,0.4709721007097229,0.5042553191489362,True,True,True,True,True
yuquan_liyouran,yuquan,20260725,static_shuffle,470,17,0.0999999999999999,0.1167120044585952,0.1627188472172726,0.092658389563026,0.2063829787234041,0.2063829787234041,0.1,0.1395861109320408,0.1909396735758749,-0.1730322967674716,0.2063829787234041,0.2063829787234041,0.0123904881101376,0.0175879307764997,0.0473091364205256,0.1679212689451941,0.0,0.19787234042553192,0.05472950623804175,0.45833333333333326,0.5416666666666667,0.02599489865961071,0.4989665021616192,0.1912683641903416,0.07870934991424328,0.2021276595744681,0.41917136579994735,0.5893617021276596,True,True,True,True,True
yuquan_liyouran,yuquan,20260725,history_h1,470,17,0.0782227784730913,0.1036800589677107,0.1408227576534094,0.3631425346801104,0.2063829787234041,0.2063829787234041,0.0782227784730913,0.1211170041006861,0.1625517107018525,0.1221496467725473,0.2063829787234041,0.2063829787234041,0.0123904881101376,0.0175879307764997,0.0420525657071339,0.1299217742290609,0.0,0.18297872340425536,0.05787985072954541,0.3799019607843136,0.6200980392156864,0.02302865493709149,0.540670599204682,0.12538348902752727,0.039780176175794046,0.1340425531914894,0.4581005395383966,0.5212765957446809,True,True,True,True,True
yuquan_liyouran,yuquan,20260725,history_h2,470,17,0.0819774718397997,0.1176892343550812,0.1617332537689497,0.1596243867526416,0.2063829787234041,0.2063829787234041,0.0819774718397997,0.1381347366101759,0.1862901155246291,-0.0439361640568581,0.2063829787234041,0.2063829787234041,0.0123904881101376,0.0175879307764997,0.0478097622027534,0.1603344082298988,0.0,0.17872340425531918,0.05379860930693596,0.4607843137254901,0.5392156862745099,0.023605305407809037,0.5770419602316544,0.1809980321429408,0.06241049185709807,0.1851063829787234,0.43547022385709255,0.5723404255319149,True,True,True,True,True
yuquan_liyouran,yuquan,20260725,constant_stop,470,17,0.1480600750938673,0.1183615912492651,0.1915946411714992,0.1556040897152898,-2.504255319148937,-2.504255319148937,0.1480600750938673,0.1384454406892652,0.2189261125850077,0.0355804482492295,-2.504255319148937,-2.504255319148937,0.2496871088861076,0.2104410017653089,0.0302878598247809,0.1679614067241847,0.0893617021276595,0.274468085106383,0.03478228546044951,0.5232843137254901,0.4767156862745099,0.026757845062007065,0.45454673194256096,0.11190516983092488,0.042747249269994236,0.07070988268045336,0.4551334664441964,0.45794392523364486,True,True,True,True,True
yuquan_liyouran,yuquan,20260725,no_termination,470,17,0.3237797246558198,0.1485175519557968,0.2099587383112094,0.1706295964832455,5.504255319148935,5.504255319148935,0.3237797246558198,0.1612596466904343,0.2283344377560521,0.0885561677744372,5.504255319148935,5.504255319148935,0.3237797246558198,0.2026101579248288,0.065081351689612,0.2220868029957631,0.0,0.20425531914893624,0.07196188836456886,0.6850490196078431,0.31495098039215685,0.028963054758851196,0.38170750355181693,0.2206653567864416,0.13724014722787992,0.07446808510638298,0.3606405684863107,0.46170212765957447,True,True,True,True,True
yuquan_pengzihang,yuquan,20260725,full_constructive,4525,12,0.0972191528545119,0.1303078431003046,0.2024888921222067,0.1468685157588404,0.6888397790055256,0.6888397790055256,0.0972191528545119,0.1724961799325243,0.2623577884381867,-0.0228658613669406,0.6888397790055247,0.6888397790055247,0.0576611418047882,0.0589303447393693,0.0587108655616942,0.0375653529188402,0.0002209944751381,0.04508287292817681,0.033818136727367096,0.513986013986014,0.48601398601398604,0.04296595226259751,0.6197931851232888,0.05447793314006055,0.07536746927123872,0.04495635310266671,0.5041974216771967,0.4274977895667551,True,True,True,True,True
yuquan_pengzihang,yuquan,20260725,static_only,4525,12,0.1513627992633517,0.1168872995260221,0.1628490084609067,0.3985031960542989,0.6888397790055256,0.6888397790055256,0.1513627992633517,0.1437656640988552,0.2037853271319355,-0.0526005638089938,0.6888397790055247,0.6888397790055247,0.0576611418047882,0.0589303447393693,0.0526335174953959,0.0498512422891278,0.0002209944751381,0.027845303867403304,0.039899598605376466,0.32167832167832167,0.6783216783216783,0.03395732976845514,0.7352136917172476,0.08292420974808938,0.09412648510670829,0.09535423108675156,0.5229564375126663,0.47789566755083995,True,True,True,True,True
yuquan_pengzihang,yuquan,20260725,static_shuffle,4525,12,0.0987292817679557,0.1326440385302054,0.1968682018446109,0.1560646498594003,0.6888397790055256,0.6888397790055256,0.0987292817679558,0.1736666534029866,0.2489610814627219,-0.0820549109310039,0.6888397790055247,0.6888397790055247,0.0576611418047882,0.0589303447393693,0.0625782688766114,0.0426739615501354,0.0002209944751381,0.03602209944751383,0.03861975073346871,0.5209790209790209,0.47902097902097907,0.040567578645450464,0.6245061354825,0.06420762160556383,0.07798912551688375,0.05755582259868791,0.5068190779228418,0.4400972590627763,True,True,True,True,True
yuquan_pengzihang,yuquan,20260725,history_h1,4525,12,0.0969981583793738,0.126706523478828,0.1936811883916499,0.181333776296492,0.6888397790055256,0.6888397790055256,0.0969981583793738,0.1626902331754726,0.2406254581315537,-0.0337906213293075,0.6888397790055247,0.6888397790055247,0.0576611418047882,0.0589303447393693,0.0572007366482504,0.052765964625705,0.0002209944751381,0.0176795580110497,0.035857005499251235,0.5209790209790209,0.47902097902097907,0.03910738576670698,0.6546403205000091,0.0847915666625149,0.09449138001092117,0.08474415151115477,0.5233213324168792,0.46728558797524317,True,True,True,True,True
yuquan_pengzihang,yuquan,20260725,history_h2,4525,12,0.0925414364640884,0.1281959862681598,0.2011042947852463,0.1564594725922067,0.6888397790055256,0.6888397790055256,0.0925414364640884,0.1691743244442331,0.2567370391169777,-0.0258328256624472,0.6888397790055247,0.6888397790055247,0.0576611418047882,0.0589303447393693,0.058195211786372,0.0434550004615785,0.0002209944751381,0.037569060773480656,0.03444021925224232,0.5104895104895104,0.4895104895104896,0.04109280468004603,0.6365465137934158,0.06475390186632829,0.08442271346410901,0.06175564576402831,0.513252665870067,0.4442970822281167,True,True,True,True,True
yuquan_pengzihang,yuquan,20260725,constant_stop,4525,12,0.1440699815837937,0.1531444709173293,0.2603788869262165,0.0386494997890207,-0.8660773480662982,-0.8660773480662982,0.1440699815837937,0.1954732702253442,0.3058040397452563,-0.0233265294144007,-0.8660773480662982,-0.8660773480662982,0.2098526703499079,0.2326914108647468,0.0675506445672191,0.0719800849735347,0.1140331491712707,0.06674033149171271,0.03453080688380755,0.6608391608391608,0.33916083916083917,0.051793589136478024,0.481862425272725,0.13390562148082202,0.1148315260501539,0.16846879052518576,0.5436614784561119,0.5510102269892742,True,True,True,True,True
yuquan_pengzihang,yuquan,20260725,no_termination,4525,12,0.3841804788213627,0.2251001898202424,0.2999280026472414,-0.0028211310490692,4.610165745856354,4.610165745856354,0.3841804788213627,0.2406403493648863,0.327968691445721,-0.0171285302405802,4.610165745856354,4.610165745856354,0.3841804788213627,0.2445120071292716,0.130902394106814,0.2328450870355326,0.0,0.08972375690607731,0.07407163234461717,0.7972027972027972,0.2027972027972028,0.06266088220548396,0.31558671607553845,0.47107184821088033,0.33415504825434805,0.4355801104972376,0.7629850006603061,0.818121546961326,True,True,True,True,True
yuquan_songzishuo,yuquan,20260725,full_constructive,90,38,0.1529239766081871,0.1335383296662653,0.1980446851983024,0.3178081533499531,-1.81111111111111,-1.81111111111111,0.1529239766081871,0.1444217324560176,0.2149647972485919,0.2121641299986323,-1.81111111111111,-1.81111111111111,0.0517460317460317,0.0776598768227426,0.027485380116959,0.0927266340819712,0.0,0.4777777777777778,0.023176768817507555,0.5641299193930773,0.43587008060692267,0.026566948927212918,0.15168631064408392,0.07441924597528907,0.00967211465219786,0.15555555555555556,0.5964366878917274,0.5,True,True,True,True,True
yuquan_songzishuo,yuquan,20260725,static_only,90,38,0.0850877192982456,0.1402793869300555,0.2037092225668648,0.2662237774273854,-1.81111111111111,-1.81111111111111,0.0850877192982456,0.1515892308050977,0.2202937501379452,0.0605911373825821,-1.81111111111111,-1.81111111111111,0.0517460317460317,0.0776598768227426,0.0286549707602339,0.0330027709625543,0.0,0.4666666666666667,0.02175374015347173,0.5726009410219937,0.42739905897800634,0.02628988617229073,0.0667545787071923,0.07094467816763958,0.08892106794766119,0.15555555555555556,0.6756856411871908,0.5,True,True,True,True,True
yuquan_songzishuo,yuquan,20260725,static_shuffle,90,38,0.137719298245614,0.1377049892700401,0.2090885070180337,0.2346517720350525,-1.81111111111111,-1.81111111111111,0.137719298245614,0.1470677618859856,0.2275298397582336,0.1312522613572232,-1.81111111111111,-1.81111111111111,0.0517460317460317,0.0776598768227426,0.031578947368421,0.0631705002203831,0.0,0.4555555555555556,0.024200391220134655,0.6392306129148234,0.3607693870851766,0.027139608912111337,0.12926878944172798,0.05875668153379988,0.053047410668425665,0.13333333333333336,0.6398119839079552,0.4777777777777778,True,True,True,True,True
yuquan_songzishuo,yuquan,20260725,history_h1,90,38,0.1096491228070175,0.1341603473336727,0.1962367323373043,0.3230562936238551,-1.81111111111111,-1.81111111111111,0.1096491228070175,0.144777324119701,0.2129979464136661,0.2318005965622743,-1.81111111111111,-1.81111111111111,0.0517460317460317,0.0776598768227426,0.0304093567251462,0.0447921306898399,0.0,0.4555555555555556,0.0229690665056332,0.5358445490024437,0.4641554509975563,0.026348365761457375,0.14019108006744102,0.0657469248526871,0.06968406956952622,0.12222222222222223,0.6564486428090558,0.4666666666666667,True,True,True,True,True
yuquan_songzishuo,yuquan,20260725,history_h2,90,38,0.1307017543859649,0.1347825496033451,0.1970921630674919,0.327393474053621,-1.81111111111111,-1.81111111111111,0.1307017543859649,0.1463133045193284,0.2139843257178653,0.2316196951557031,-1.81111111111111,-1.81111111111111,0.0517460317460317,0.0776598768227426,0.0309941520467836,0.0564957488417168,0.0,0.48888888888888893,0.026058813382209993,0.5573640442061495,0.4426359557938505,0.027045410113809818,0.13672831032675398,0.07317645493217938,0.06576810194918337,0.16666666666666663,0.6525326751887129,0.5111111111111111,True,True,True,True,True
yuquan_songzishuo,yuquan,20260725,constant_stop,90,38,0.1751461988304093,0.1337486524507692,0.217094686842061,0.3476848105405848,-6.655555555555555,-6.655555555555555,0.1751461988304093,0.147568685504562,0.2340384628240063,0.2921809641247081,-6.655555555555555,-6.655555555555555,0.293859649122807,0.1521227127425296,0.0309941520467836,0.1719477104331443,0.0777777777777777,0.5111111111111112,0.013494587115076756,0.5465257912862946,0.45347420871370536,0.027997794052202728,0.09662976467527876,0.12473995838101364,0.015666093129248826,0.3302543507362784,0.6024306663687784,0.6746987951807228,True,True,True,True,True
yuquan_songzishuo,yuquan,20260725,no_termination,90,38,0.372514619883041,0.1603349588108402,0.228211479092733,0.3202344243132589,14.155555555555557,14.155555555555557,0.372514619883041,0.1648089034898571,0.2390265744965883,0.2757728759965901,14.155555555555557,14.155555555555557,0.3725146198830409,0.1293122215476821,0.0391812865497076,0.0591793010821558,0.0,0.5,0.03378858233784309,0.6130933203229074,0.3869066796770926,0.024248903381679867,0.16886949905280946,0.3186632104919537,0.1008052256070936,0.5666666666666667,0.6875697988466232,0.9111111111111111,False,True,True,True,True
yuquan_sunyuanxin,yuquan,20260725,full_constructive,257,12,0.0690661478599221,0.1212125417703543,0.1930163641546951,0.5586851671445953,-0.1595330739299614,-0.1595330739299614,0.0690661478599221,0.1682296300380786,0.2592508638317014,0.0054960702717949,-0.1595330739299614,-0.1595330739299614,0.0132944228274967,0.0391916330675241,0.0557717250324254,,0.0,0.2879377431906615,0.08898007050958118,0.4195804195804195,0.5804195804195805,0.04914921519884613,0.577984283589955,,,,,,False,True,False,False,False
yuquan_sunyuanxin,yuquan,20260725,static_only,257,12,0.098249027237354,0.1128180614299949,0.1697080569457253,0.7116698672169862,-0.1595330739299614,-0.1595330739299614,0.098249027237354,0.140363742446558,0.2059481852262158,0.3609325340010486,-0.1595330739299614,-0.1595330739299614,0.0132944228274967,0.0391916330675241,0.0460440985732814,,0.0,0.25291828793774324,0.09708473951318156,0.30419580419580416,0.6958041958041958,0.04644954302683538,0.539505139583898,,,,,,False,True,False,False,False
yuquan_sunyuanxin,yuquan,20260725,static_shuffle,257,12,0.0697146562905317,0.1193850480348261,0.189177162727349,0.5794024794707255,-0.1595330739299614,-0.1595330739299614,0.0697146562905317,0.1668809302831964,0.2548736111480986,0.020202821405119,-0.1595330739299614,-0.1595330739299614,0.0132944228274967,0.0391916330675241,0.0525291828793774,,0.0,0.2879377431906615,0.08857607904531549,0.3776223776223776,0.6223776223776224,0.04808951044010376,0.5942090885273388,,,,,,False,True,False,False,False
yuquan_sunyuanxin,yuquan,20260725,history_h1,257,12,0.0463683527885862,0.1189066635031839,0.1867392018384703,0.5813999382341599,-0.1595330739299614,-0.1595330739299614,0.0463683527885862,0.1577962359227404,0.2335783553356332,0.1210204404964409,-0.1595330739299614,-0.1595330739299614,0.0132944228274967,0.0391916330675241,0.0447470817120622,,0.0,0.28015564202334636,0.09245267091535563,0.3496503496503496,0.6503496503496504,0.046377139400179734,0.5431251649897423,,,,,,False,True,False,False,False
yuquan_sunyuanxin,yuquan,20260725,history_h2,257,12,0.0612840466926069,0.1198229418505617,0.190088882636337,0.5795968586860445,-0.1595330739299614,-0.1595330739299614,0.0612840466926069,0.16425660655294,0.2466045841408919,0.109636425867021,-0.1595330739299614,-0.1595330739299614,0.0132944228274967,0.0391916330675241,0.0492866407263294,,0.0,0.2879377431906615,0.09084017913855137,0.39160839160839145,0.6083916083916086,0.04874253427254539,0.5636782091722982,,,,,,False,True,False,False,False
yuquan_sunyuanxin,yuquan,20260725,constant_stop,257,12,0.1536964980544747,0.1419413888979468,0.2492396544565423,0.2310310780101446,-1.782101167315175,-1.782101167315175,0.1536964980544747,0.1960704818980682,0.3041945014495141,-0.0569579694003875,-1.782101167315175,-1.782101167315175,0.2211413748378728,0.2266875394328535,0.0603112840466926,,0.1400778210116731,0.33463035019455256,0.06785804904759024,0.5664335664335663,0.43356643356643365,0.05983640188232621,0.33929527076211996,,,,,,False,True,False,False,False
yuquan_sunyuanxin,yuquan,20260725,no_termination,257,12,0.3540856031128405,0.1948532978698915,0.2753474636668033,0.1754768637229531,4.249027237354086,4.249027237354086,0.3540856031128405,0.2175438014337659,0.3036147615495206,-0.0024914806311839,4.249027237354086,4.249027237354086,0.3540856031128405,0.2398684725405468,0.1277561608300908,,0.0,0.31517509727626464,0.13623166645836102,0.7972027972027971,0.20279720279720287,0.06452876733702469,0.29939049433458037,,,,,,False,True,False,False,False
yuquan_wangyiyang,yuquan,20260725,full_constructive,384,22,0.0565814393939393,0.0344106373104258,0.0553179132524327,0.7109674559563453,-0.6770833333333339,-0.6770833333333339,0.0565814393939393,0.037985991765734,0.0613148267569849,0.6758302108756502,-0.6770833333333339,-0.6770833333333339,0.0307765151515151,0.0262691878140018,0.0172821969696969,,0.0,0.0625,0.08684461229604058,0.12478825522303771,0.8752117447769623,0.026840951945963507,0.28263580436475727,,,,,,False,True,False,False,False
yuquan_wangyiyang,yuquan,20260725,static_only,384,22,0.0563446969696969,0.0399549169229077,0.0661369402539759,0.4691162949422712,-0.6770833333333339,-0.6770833333333339,0.0563446969696969,0.0457790374206871,0.0759191227258245,0.2652177909347264,-0.6770833333333339,-0.6770833333333339,0.0307765151515151,0.0262691878140018,0.0146780303030303,,0.0,0.05208333333333337,0.09880761168496001,0.20892151326933917,0.7910784867306608,0.02764845328588938,0.1341989098030037,,,,,,False,True,False,False,False
yuquan_wangyiyang,yuquan,20260725,static_shuffle,384,22,0.0572916666666666,0.0344362785813176,0.0572348776166291,0.6661735304754604,-0.6770833333333339,-0.6770833333333339,0.0572916666666666,0.0380709925801494,0.0632503398600344,0.6183396305311668,-0.6770833333333339,-0.6770833333333339,0.0307765151515151,0.0262691878140018,0.0168087121212121,,0.0,0.046875,0.08744531987896545,0.1445511010728402,0.8554488989271598,0.026152100710171055,0.3002666304813009,,,,,,False,True,False,False,False
yuquan_wangyiyang,yuquan,20260725,history_h1,384,22,0.0352746212121212,0.0340134429061845,0.0570831874783825,0.6566692792376249,-0.6770833333333339,-0.6770833333333339,0.0352746212121212,0.0378455576999505,0.0627284332724432,0.5936649085247179,-0.6770833333333339,-0.6770833333333339,0.0307765151515151,0.0262691878140018,0.015625,,0.0,0.04947916666666663,0.09067943944621697,0.13269339356295873,0.8673066064370413,0.02633549573109597,0.24782458949794428,,,,,,False,True,False,False,False
yuquan_wangyiyang,yuquan,20260725,history_h2,384,22,0.0428503787878787,0.0334298815219854,0.0547965823416354,0.6930874390418879,-0.6770833333333339,-0.6770833333333339,0.0428503787878787,0.036453234687616,0.0606893453871554,0.6516611943292123,-0.6770833333333339,-0.6770833333333339,0.0307765151515151,0.0262691878140018,0.0134943181818181,,0.0,0.0546875,0.08834404295180813,0.13212874082439285,0.8678712591756071,0.02627372566171056,0.2784059296279486,,,,,,False,True,False,False,False
yuquan_wangyiyang,yuquan,20260725,constant_stop,384,22,0.160748106060606,0.0347035717060386,0.0619237796896231,0.7818954311740955,-3.536458333333334,-3.536458333333334,0.160748106060606,0.0402422932622743,0.0700884482050969,0.7529139540521114,-3.536458333333334,-3.536458333333334,0.217092803030303,0.1182695987847537,0.0175189393939393,,0.0598958333333333,0.0234375,0.07523421009231815,0.0897797854319593,0.9102202145680407,0.026126612221530156,0.3229830887788703,,,,,,False,True,False,False,False
yuquan_wangyiyang,yuquan,20260725,no_termination,384,22,0.3025568181818181,0.0644653420310054,0.0802270655997459,0.7880322385999515,6.65625,6.65625,0.3025568181818182,0.0672001140634205,0.0864216120767325,0.7514045103600934,6.65625,6.65625,0.3025568181818182,0.1264946144016774,0.0352746212121212,,0.0,0.3359375,0.06859594744582805,0.29757199322416705,0.702428006775833,0.023894020156680202,0.45116840106646666,,,,,,False,True,False,False,False
yuquan_xuxinyi,yuquan,20260725,full_constructive,1333,15,0.0735683920980245,0.1083259492383993,0.1548209004602623,0.8169476969476722,-0.270817704426106,-0.270817704426106,0.0735683920980245,0.1362947878185491,0.1984254620873743,0.5187793653737354,-0.270817704426106,-0.270817704426106,0.018054513628407,0.0229606881715666,0.0552138034508627,0.2755685832876329,0.0,0.028507126781695424,0.04490161326842171,0.3071428571428573,0.6928571428571427,0.02743911705253485,0.6545690989055534,0.31893562237632894,0.18866464293715735,0.2460615153788447,0.5794053237397848,0.5303825956489122,True,True,True,True,True
yuquan_xuxinyi,yuquan,20260725,static_only,1333,15,0.0703675918979745,0.127307229984183,0.1770603717837113,0.7672550075387932,-0.270817704426106,-0.270817704426106,0.0703675918979745,0.1491675953408738,0.2041376605284036,0.3553674829636511,-0.270817704426106,-0.270817704426106,0.018054513628407,0.0229606881715666,0.0632158039509877,0.3243812178381248,0.0,0.08402100525131273,0.04870201643395893,0.22142857142857153,0.7785714285714285,0.03348789974211361,0.4063876582359284,0.37378023490272333,0.22055581307687,0.3060765191297824,0.5475141536000722,0.4703675918979745,True,True,True,True,True
yuquan_xuxinyi,yuquan,20260725,static_shuffle,1333,15,0.0701675418854713,0.1133518675822811,0.1588434604773752,0.7971717850772396,-0.270817704426106,-0.270817704426106,0.0701675418854713,0.1397250020794622,0.1971825392860343,0.4973833248478519,-0.270817704426106,-0.270817704426106,0.018054513628407,0.0229606881715666,0.0562140535133783,0.2831697446987004,0.0,0.0367591897974493,0.043974864866511226,0.3375,0.6625,0.02761119338354089,0.64531905235527,0.3276241156680868,0.19181890797516443,0.25881470367591897,0.5762510587017777,0.5176294073518379,True,True,True,True,True
yuquan_xuxinyi,yuquan,20260725,history_h1,1333,15,0.0551637909477369,0.1157382570454136,0.1679428101054216,0.8088926878884904,-0.270817704426106,-0.270817704426106,0.0551637909477369,0.1405194697462372,0.2031386488440358,0.4521363203416796,-0.270817704426106,-0.270817704426106,0.018054513628407,0.0229606881715666,0.0587146786696674,0.2999926286055261,0.0,0.032258064516129004,0.04540665231812774,0.2071428571428573,0.7928571428571427,0.027150115141268027,0.6468279697553159,0.3473256829957425,0.20809987867657986,0.27156789197299325,0.5599700880003623,0.5048762190547637,True,True,True,True,True
yuquan_xuxinyi,yuquan,20260725,history_h2,1333,15,0.0597649412353088,0.1116039463221951,0.1620384508290349,0.8046383632809025,-0.270817704426106,-0.270817704426106,0.0597649412353088,0.1379542525939134,0.2020210760599785,0.4847800156787922,-0.270817704426106,-0.270817704426106,0.018054513628407,0.0229606881715666,0.0574143535883971,0.2882263864610873,0.0,0.01275318829707417,0.04360459489331682,0.24642857142857144,0.7535714285714286,0.027087246231769488,0.6454255408838403,0.3292555940036316,0.18910024591668328,0.25281320330082513,0.5789697207602589,0.5236309077269318,True,True,True,True,True
yuquan_xuxinyi,yuquan,20260725,constant_stop,1333,15,0.1704426106526631,0.1216194481642508,0.2065899096053965,0.4718321877719298,-2.556639159789947,-2.556639159789947,0.1704426106526631,0.152766546161795,0.2394146223270377,0.3105237780358398,-2.556639159789947,-2.556639159789947,0.2376594148537134,0.1741545531675935,0.068417104276069,0.3837340895889539,0.0802700675168792,0.03525881470367598,0.03892026887327997,0.47142857142857153,0.5285714285714285,0.026914588578742675,0.6812743503888131,0.4065762211373612,0.23055165743602746,0.28786336061992657,0.5375183092409147,0.48858075040783033,True,True,True,True,True
yuquan_xuxinyi,yuquan,20260725,no_termination,1333,15,0.2817704426106527,0.1594667985315721,0.2318725704113391,0.3508580497477785,4.22655663915979,4.22655663915979,0.2817704426106527,0.1700042082818532,0.2479715052331903,0.3353742022419463,4.22655663915979,4.22655663915979,0.2817704426106527,0.1791625210368548,0.0885221305326331,0.4056991651526225,0.0,0.21605401350337594,0.021263748026207493,0.3750000000000001,0.6249999999999999,0.029510833391012074,0.567538551398976,0.39239055217139646,0.16000864332816356,0.10802700675168786,0.6080613233487786,0.668417104276069,True,True,True,True,True
yuquan_zhangbichen,yuquan,20260725,full_constructive,1675,52,0.0765442020665901,0.0710948880814269,0.1115778390465274,0.5559722966752151,-0.4579104477611935,-0.4579104477611935,0.0765442020665901,0.07494555947285,0.1168655073150109,0.5055027424469796,-0.4579104477611935,-0.4579104477611935,0.0092881745120551,0.0193955302378309,0.0140987370838117,0.1549383490994269,0.0,0.25373134328358216,0.05047755823723062,0.2726030905831127,0.7273969094168873,0.008206013042635636,0.45753701045778344,0.17879414309000077,0.14375260890136743,0.09552238805970148,0.41331984298917945,0.4256716417910448,True,False,True,True,False
yuquan_zhangbichen,yuquan,20260725,static_only,1675,52,0.0407692307692307,0.085223592381188,0.1297050578171463,0.4743330857335536,-0.4579104477611935,-0.4579104477611935,0.0407692307692307,0.0905960190704518,0.1374292911960317,0.3082486210539239,-0.4579104477611935,-0.4579104477611935,0.0092881745120551,0.0193955302378309,0.0148794489092996,0.1558388331158391,0.0,0.26567164179104474,0.055092105905987405,0.24144113378297627,0.7585588662170237,0.008806003658192244,0.13500752774919678,0.180513281578277,0.14134109512099302,0.10686567164179106,0.41573135676955386,0.43701492537313436,True,False,True,True,False
yuquan_zhangbichen,yuquan,20260725,static_shuffle,1675,52,0.0852238805970149,0.0734528253327741,0.1129077115307452,0.5613744631410885,-0.4579104477611935,-0.4579104477611935,0.0852238805970149,0.0774878710581012,0.1184050123317472,0.507634962698849,-0.4579104477611935,-0.4579104477611935,0.0092881745120551,0.0193955302378309,0.0140757749712973,0.150643205794737,0.0,0.26208955223880603,0.050664111708061316,0.22748228464099718,0.7725177153590028,0.00831680068449972,0.4373527756880347,0.1767293481928167,0.14287196985146622,0.09850746268656713,0.41420048203908066,0.4286567164179104,True,False,True,True,False
yuquan_zhangbichen,yuquan,20260725,history_h1,1675,52,0.0416647531572904,0.07751929310188,0.1206668124933626,0.5321605084093345,-0.4579104477611935,-0.4579104477611935,0.0416647531572904,0.0820585260923811,0.1269191118923489,0.4445130627813986,-0.4579104477611935,-0.4579104477611935,0.0092881745120551,0.0193955302378309,0.0150861079219288,0.1517952407521817,0.0,0.2585074626865672,0.053028822029503375,0.2358917442158286,0.7641082557841714,0.007959563857235709,0.4414756637380206,0.17626893748882988,0.14370691958434384,0.10507462686567165,0.41336553230620304,0.43522388059701494,True,False,True,True,False
yuquan_zhangbichen,yuquan,20260725,history_h2,1675,52,0.0592078071182548,0.0741940742292662,0.1155201568883872,0.5322948846161357,-0.4579104477611935,-0.4579104477611935,0.0592078071182548,0.0781212393621216,0.1210859020369958,0.4709374369660145,-0.4579104477611935,-0.4579104477611935,0.0092881745120551,0.0193955302378309,0.0148105625717566,0.1549811119649314,0.0,0.25373134328358216,0.052114121224926584,0.2628276274225221,0.7371723725774779,0.00807658367092022,0.4475227760995422,0.18097173101869854,0.15042123361803245,0.10029850746268654,0.40665121827251444,0.43044776119402983,True,False,True,True,False
yuquan_zhangbichen,yuquan,20260725,constant_stop,1675,52,0.1595063145809414,0.0732245626354526,0.1189263317367756,0.4603186335163727,-8.294328358208954,-8.294328358208954,0.1595063145809414,0.0785768624829304,0.1247344395414443,0.4404107760058702,-8.294328358208954,-8.294328358208954,0.2454764638346727,0.107006479795034,0.0143513203214695,0.1622344071930047,0.0352238805970149,0.29313432835820896,0.03624577134480779,0.3672415265090071,0.6327584734909929,0.00845467653425661,0.4231070481102427,0.17833240756635343,0.1473898569451586,0.0943556967637062,0.4096825949453883,0.4245049504950495,True,False,True,True,False
yuquan_zhangbichen,yuquan,20260725,no_termination,1675,52,0.3330769230769231,0.0888151124301986,0.1326425051161576,0.4405646755778302,17.32,17.32,0.3330769230769231,0.0903226769954051,0.1360977446795006,0.4355429524297173,17.32,17.32,0.3330769230769231,0.1079219549766735,0.0188748564867967,0.1447744220636469,0.0,0.15164179104477615,0.0603763652710042,0.4965849910356015,0.5034150089643985,0.008384995058567633,0.39186636986812706,0.18681209809139276,0.15128871533203564,0.009552238805970115,0.40578373655851124,0.3397014925373134,True,False,True,True,False
yuquan_zhangjiaqi,yuquan,20260725,full_constructive,9656,7,0.0495916676529766,0.0368051700230566,0.060255870735304,0.8175609661484079,-0.0553024026512014,-0.0553024026512014,0.0495916676529766,0.0589406501097312,0.1012828309560402,0.6237691077659058,-0.0553024026512014,-0.0553024026512014,0.0085513078470824,0.008253033011595,0.0344419457924014,0.0207396918351773,0.0,0.06700497100248548,0.003185801011527989,0.07142857142857129,0.9285714285714287,0.02235758532791348,0.9267294310274252,0.05225432857587474,1.3303006121234695e-05,0.06824772162386084,0.9995520412116616,0.37178956089478044,True,True,True,True,True
yuquan_zhangjiaqi,yuquan,20260725,static_only,9656,7,0.0591786010178719,0.0201070348101828,0.0329166122488723,0.866509143182391,-0.0553024026512014,-0.0553024026512014,0.0591786010178719,0.023964026829381,0.043572942294726,0.7093009425633816,-0.0553024026512014,-0.0553024026512014,0.0085513078470824,0.008253033011595,0.0255651556397206,0.0170154674386829,0.0,0.03635045567522782,0.03322572177541355,0.05357142857142838,0.9464285714285716,0.0394746141666187,0.5758288988948015,0.04139856911480076,9.909574160182899e-05,0.05043496271748138,0.9994396424639386,0.3896023198011599,True,True,True,True,True
yuquan_zhangjiaqi,yuquan,20260725,static_shuffle,9656,7,0.051751686590129,0.0292293046227551,0.0473941384806152,0.8586650163317578,-0.0553024026512014,-0.0553024026512014,0.051751686590129,0.0441485769053196,0.0774465984567873,0.6887723411760949,-0.0553024026512014,-0.0553024026512014,0.0085513078470824,0.008253033011595,0.0312167120369274,0.0208549199269897,0.0,0.05778790389395194,0.001578238217217448,0.07142857142857129,0.9285714285714287,0.024006929573365022,0.9197707736389684,0.0490171804451414,1.2211021523489407e-05,0.0635874067937034,0.9995509492270639,0.3764498757249379,True,True,True,True,True
yuquan_zhangjiaqi,yuquan,20260725,history_h1,9656,7,0.0450940939756183,0.0355419371789365,0.0546654439482965,0.8212736165006502,-0.0553024026512014,-0.0553024026512014,0.0450940939756184,0.052130419943027,0.0876428782599022,0.6023171529429621,-0.0553024026512014,-0.0553024026512014,0.0085513078470824,0.008253033011595,0.0338797490827316,0.0205672937762624,0.0,0.06793703396851697,8.919648377300748e-05,0.0535714285714286,0.9464285714285714,0.022106693097403745,0.9259107654523128,0.05718867642336569,1.1520182283009106e-05,0.06876553438276722,0.9995272180232574,0.37127174813587405,True,True,True,True,True
yuquan_zhangjiaqi,yuquan,20260725,history_h2,9656,7,0.0466031483015741,0.0377121992060498,0.0609829574923304,0.81700614270441,-0.0553024026512014,-0.0553024026512014,0.0466031483015741,0.0594235091957556,0.1004318013363549,0.6165430420212089,-0.0553024026512014,-0.0553024026512014,0.0085513078470824,0.008253033011595,0.0361581252219197,0.0275396333774382,0.0,0.06969759734879866,0.004249936094071649,0.07142857142857129,0.9285714285714287,0.022887485791220342,0.921919770773639,0.05697446407342156,1.987004762704636e-05,0.0718724109362055,0.9995586082531674,0.36816487158243577,True,True,True,True,True
yuquan_zhangjiaqi,yuquan,20260725,constant_stop,9656,7,0.1683187359450822,0.0538374121685604,0.0867639504471083,0.7967106358284932,-1.1782311516155757,-1.1782311516155757,0.1683187359450822,0.0747621439110487,0.1265773476079285,0.6273994853540767,-1.1782311516155757,-1.1782311516155757,0.1968724109362054,0.1872718502697192,0.028169014084507,0.1163666033317991,0.1965617232808616,0.07311516155758074,0.03159815891117124,0.07142857142857129,0.9285714285714287,0.02512658752979128,0.9212034383954154,0.05356523747908334,0.00015433594813119011,0.06970987854854588,0.9993844022574092,0.3703274039700954,True,True,True,True,True
yuquan_zhangjiaqi,yuquan,20260725,no_termination,9656,7,0.2621612025091727,0.086240407304515,0.110502684512101,0.7770789677032547,1.835128417564209,1.835128417564209,0.2621612025091727,0.1080684608078565,0.1395068199747655,0.6297329247998792,1.835128417564209,1.835128417564209,0.2621612025091727,0.1890226469708218,0.106699017635223,0.086185663510593,0.0,0.16559652029826016,0.002841776809342167,0.17857142857142838,0.8214285714285716,0.031862599458383274,0.8854891526811296,0.20651407224406645,0.0002344387130285286,0.22825186412593207,0.9993042994925119,0.2117854183927092,True,True,True,True,True
yuquan_zhangkexuan,yuquan,20260725,full_constructive,1590,26,0.0664005805515239,0.1626515472033602,0.2481138404637837,-0.0220158655217284,0.0798742138364794,0.0798742138364794,0.0664005805515239,0.1838545839096953,0.275011968466916,-0.3843282922214645,0.0798742138364794,0.0798742138364794,0.0068456700532172,0.0132987194841206,0.030043541364296,0.1280844145548703,0.00062893081761,0.5641509433962264,0.04959183552622411,0.3138461538461539,0.6861538461538461,0.018689560187517714,0.688138293745779,0.20107624261692225,0.10379628000431518,0.1335126320497445,0.7135453927532724,0.7149150409062304,True,True,True,True,True
yuquan_zhangkexuan,yuquan,20260725,static_only,1590,26,0.0690614417029511,0.1367744670985217,0.2128600424309783,0.4613389683939645,0.0798742138364794,0.0798742138364794,0.0690614417029511,0.1510824833470372,0.2337005958400504,-0.2470969009568871,0.0798742138364794,0.0798742138364794,0.0068456700532172,0.0132987194841206,0.0260280599903241,0.1097274848219279,0.00062893081761,0.5264150943396226,0.07603318584347848,0.3965811965811967,0.6034188034188033,0.023825329642155953,0.2573910382734088,0.14952837627288287,0.08655134083715721,0.10771024060858658,0.7307903319204304,0.7407174323473883,True,True,True,True,True
yuquan_zhangkexuan,yuquan,20260725,static_shuffle,1590,26,0.0612239961296565,0.1564513551632194,0.2420146671062739,0.0051924468913306,0.0798742138364794,0.0798742138364794,0.0612239961296565,0.1770253761078894,0.2692614740244437,-0.4241424149043,0.0798742138364794,0.0798742138364794,0.0068456700532172,0.0132987194841206,0.0289308176100628,0.1348647717562196,0.00062893081761,0.529559748427673,0.057497602631635114,0.3305982905982906,0.6694017094017094,0.01886406147676132,0.6999742010579704,0.20363402186300478,0.0990006477763603,0.14232320473696924,0.7183410249812273,0.7061044682190056,True,True,True,True,True
yuquan_zhangkexuan,yuquan,20260725,history_h1,1590,26,0.0508708272859216,0.1526548371019105,0.2317933598827471,0.1224781614458034,0.0798742138364794,0.0798742138364794,0.0508708272859216,0.1704528463772816,0.2548257479539405,-0.3663321961071731,0.0798742138364794,0.0798742138364794,0.0068456700532172,0.0132987194841206,0.0278180938558297,0.117193801576735,0.00062893081761,0.5553459119496855,0.06263305386911916,0.3405128205128205,0.6594871794871795,0.01912748656586426,0.6945364208021519,0.18286883134977974,0.09655215257563654,0.12659003922406797,0.7207895201819511,0.7218376337319069,True,True,True,True,True
yuquan_zhangkexuan,yuquan,20260725,history_h2,1590,26,0.0525157232704402,0.158333770533886,0.240219453113791,0.0355094838455194,0.0798742138364794,0.0798742138364794,0.0525157232704402,0.1780609319858258,0.2654087403594569,-0.3828835521550246,0.0798742138364794,0.0798742138364794,0.0068456700532172,0.0132987194841206,0.029269472665699,0.1175245135468716,0.00062893081761,0.5622641509433962,0.05574918448118295,0.31487179487179495,0.685128205128205,0.018689613223453208,0.7102141171724258,0.17851879251660327,0.09799413309196348,0.13288330542922855,0.7193475396656241,0.7155443675267463,True,True,True,True,True
yuquan_zhangkexuan,yuquan,20260725,constant_stop,1590,26,0.1920899854862119,0.1642691602719152,0.2718606135827477,-0.1605705100838446,-4.984276729559749,-4.984276729559749,0.1920899854862119,0.1912955553571797,0.2972015974986292,-0.4107870869720019,-4.984276729559749,-4.984276729559749,0.2484034833091437,0.1139770214143809,0.0275761973875181,0.1290319958383325,0.0496855345911949,0.579874213836478,0.03477236810418283,0.31794871794871793,0.6820512820512821,0.01837889657923959,0.6922197075372346,0.16657010639799638,0.11523810121336042,0.11249120703936333,0.7021035715442272,0.7359364659166115,True,True,True,True,True
yuquan_zhangkexuan,yuquan,20260725,no_termination,1590,26,0.2574987905176584,0.2103307057322875,0.2993232063924343,-0.2606240787110171,6.69496855345912,6.69496855345912,0.2574987905176584,0.2257571023864284,0.3174075256285476,-0.4173063510346635,6.69496855345912,6.69496855345912,0.2574987905176584,0.1148761116068787,0.0505563618771165,0.1611956256317063,0.0,0.6641509433962264,0.03207790950932615,0.40341880341880354,0.5965811965811965,0.01877071530277626,0.6728465534189978,0.3502899343932818,0.24162260251525314,0.2465408805031447,0.5757190702423345,0.6018867924528302,True,True,True,True,True
yuquan_zhaochenxi,yuquan,20260725,full_constructive,763,26,0.1048492791612057,0.0495604242363932,0.0687375931558185,0.3244207686017748,0.0183486238532104,0.0183486238532104,0.1048492791612057,0.0548301428557512,0.0750681483701984,0.325678924562816,0.0183486238532104,0.0183486238532104,0.0065530799475753,0.0799992487300214,0.0169371912491178,0.0732211077655661,0.001310615989515,0.04980340760157276,0.04228620277634372,0.23247863247863254,0.7675213675213675,0.01631291477841068,0.6383282370630915,0.09234420767048283,0.056903117926037305,0.08855601765375665,0.6094584801216318,0.431758530183727,True,True,True,True,True
yuquan_zhaochenxi,yuquan,20260725,static_only,763,26,0.0470813590079645,0.0440523961234335,0.0624922786648489,0.2486795878948298,0.0183486238532104,0.0183486238532104,0.0470813590079645,0.0499753903704521,0.0710114252130683,0.1355164808718052,0.0183486238532104,0.0183486238532104,0.0065530799475753,0.0799992487300214,0.0179453573948986,0.0828457516786071,0.001310615989515,0.11140235910878116,0.06110696036744895,0.22051282051282062,0.7794871794871794,0.019261291442129864,0.2792059361248761,0.09799793620328558,0.05837672936540206,0.07805732998971465,0.6079848686822671,0.442257217847769,True,True,True,True,True
yuquan_zhaochenxi,yuquan,20260725,static_shuffle,763,26,0.1141244077023893,0.0478800756403541,0.0689956306906689,0.1921288610447859,0.0183486238532104,0.0183486238532104,0.1141244077023893,0.0543752631872575,0.0738949024824008,0.1927072655393495,0.0183486238532104,0.0183486238532104,0.0065530799475753,0.0799992487300214,0.0181469906240548,0.0764600553964954,0.001310615989515,0.08256880733944955,0.04595146269768638,0.2430769230769232,0.7569230769230768,0.017022337837232438,0.5893444545461223,0.10194069398316993,0.05641686408155533,0.10036704127580387,0.6099447339661138,0.4199475065616798,True,True,True,True,True
yuquan_zhaochenxi,yuquan,20260725,history_h1,763,26,0.0566589373928823,0.0430367625449671,0.0617455382166136,0.3531747309049788,0.0183486238532104,0.0183486238532104,0.0566589373928823,0.0487600587306428,0.0666822602168788,0.3345718067498791,0.0183486238532104,0.0183486238532104,0.0065530799475753,0.0799992487300214,0.0162314749470712,0.0888088756596575,0.001310615989515,0.06946264744429886,0.04938235855295088,0.2232478632478634,0.7767521367521366,0.015687899183608585,0.6225179687394203,0.10035772398498567,0.05452028239382811,0.07543265807370414,0.611841315653841,0.4448818897637795,True,True,True,True,True
yuquan_zhaochenxi,yuquan,20260725,history_h2,763,26,0.0822663574957152,0.0455004498439101,0.0634571155492961,0.4086398833066045,0.0183486238532104,0.0183486238532104,0.0822663574957153,0.051828670012766,0.0696013135776057,0.4162079647025475,0.0183486238532104,0.0183486238532104,0.0065530799475753,0.0799992487300214,0.0175420909365863,0.0725371411549421,0.001310615989515,0.038007863695937116,0.04576663299961807,0.2533333333333334,0.7466666666666666,0.016176495052601707,0.6267073491909131,0.09724574017984616,0.05598367997461551,0.08461900977974085,0.6103779180730536,0.4356955380577428,True,True,True,True,True
yuquan_zhaochenxi,yuquan,20260725,constant_stop,763,26,0.1056054037705414,0.0595928022426539,0.1046954968273614,0.4726204203258088,-2.404980340760158,-2.404980340760158,0.1056054037705414,0.0693869120855845,0.115344924986952,0.4851450893291389,-2.404980340760158,-2.404980340760158,0.2478576469402157,0.1860750103311031,0.0185502570823671,0.118963187066104,0.0720838794233289,0.10878112712975102,0.026254311254232165,0.28512820512820525,0.7148717948717948,0.0164762263471246,0.5815339109196931,0.10496569425257266,0.06061297582817893,0.11212245744200344,0.6057486222194902,0.4081920903954802,True,True,True,True,True
yuquan_zhaochenxi,yuquan,20260725,no_termination,763,26,0.410827704405686,0.1019818095082145,0.1361923116390652,0.4842094688421516,10.681520314547836,10.681520314547836,0.410827704405686,0.1087143840641545,0.1428297751421194,0.4965748040262161,10.681520314547836,10.681520314547836,0.4108277044056861,0.1854068023437719,0.0403266458312329,0.1055058951782207,0.0,0.2608125819134993,0.05361495084062652,0.5254700854700856,0.4745299145299145,0.017156271661893468,0.4988215608796337,0.11876081182204505,0.031989738633048326,0.1507208387942333,0.6983513366807175,0.36959370904325034,True,True,True,True,True
epilepsiae_1073,epilepsiae,20260726,full_constructive,27655,6,0.2629964442837341,0.0855432953403519,0.1141814322602624,0.3515582494592836,0.8967998553606944,0.8967998553606944,0.2629964442837342,0.08958667455574,0.112776755628171,-0.1878232119039201,0.896799855360694,0.896799855360694,0.1494907491110709,0.168437178897273,0.1061773036822756,,3.615982643283312e-05,0.22024950280238648,0.018113175412034166,0.17142857142857137,0.8285714285714286,0.11078891257352924,0.25895281189398833,,,,,,False,True,False,False,False
epilepsiae_1073,epilepsiae,20260726,static_only,27655,6,0.2530645452901826,0.0845526372780805,0.1132109919212074,0.3403987502004774,0.8967998553606944,0.8967998553606944,0.2530645452901826,0.0873922338291379,0.1029506388276772,-0.13693183713433,0.896799855360694,0.896799855360694,0.1494907491110709,0.168437178897273,0.1063339962634846,,3.615982643283312e-05,0.22520339902368464,0.01712984725096625,0.17142857142857137,0.8285714285714286,0.10730565157987398,0.2992889463477698,,,,,,False,True,False,False,False
epilepsiae_1073,epilepsiae,20260726,static_shuffle,27655,6,0.2639968661483758,0.0864224417877114,0.1124849260607281,0.3415251149011179,0.8967998553606944,0.8967998553606944,0.2639968661483758,0.0928902496082419,0.1234459597495853,-0.3464047776651818,0.896799855360694,0.896799855360694,0.1494907491110709,0.168437178897273,0.1061773036822756,,3.615982643283312e-05,0.22415476405713247,0.01760540168786079,0.17142857142857137,0.8285714285714286,0.11189556154651004,0.2403361344537815,,,,,,False,True,False,False,False
epilepsiae_1073,epilepsiae,20260726,history_h1,27655,6,0.2597541131802567,0.0848126337609181,0.1140148023884373,0.3507547473816425,0.8967998553606944,0.8967998553606944,0.2597541131802567,0.0888878345407508,0.1103816605755851,-0.170706536802014,0.896799855360694,0.896799855360694,0.1494907491110709,0.168437178897273,0.1057072259386488,,3.615982643283312e-05,0.22028566262881932,0.018386120112320686,0.17142857142857137,0.8285714285714286,0.11071671195260957,0.24188752424046542,,,,,,False,True,False,False,False
epilepsiae_1073,epilepsiae,20260726,history_h2,27655,6,0.2623696739588983,0.085371971820878,0.1140076229363976,0.3522954285897073,0.8967998553606944,0.8967998553606944,0.2623696739588983,0.0895133897232255,0.1124290370856255,-0.1856701312644298,0.896799855360694,0.896799855360694,0.1494907491110709,0.168437178897273,0.1059965045501114,,3.615982643283312e-05,0.2200325438437895,0.018286001334737956,0.17142857142857137,0.8285714285714286,0.11078005230095918,0.248093083387201,,,,,,False,True,False,False,False
epilepsiae_1073,epilepsiae,20260726,constant_stop,27655,6,0.2484360875067799,0.0887999891475279,0.1170359817099688,0.32406887545432,-0.0419815584885192,-0.0419815584885192,0.24843608750678,0.0998149970248999,0.1165185546782807,-0.178708560013038,-0.0419815584885192,-0.0419815584885192,0.2011510878081118,0.3139855365259911,0.1111673597300066,,0.2239378050985355,0.31386729343699143,0.001946948198213061,0.17142857142857137,0.8285714285714286,0.11007726912677085,0.20956690368455072,,,,,,False,True,False,False,False
epilepsiae_1073,epilepsiae,20260726,no_termination,27655,6,0.4137889471463871,0.1048995871714871,0.1116713573244608,0.300749195928264,2.482733682878322,2.482733682878322,0.4137889471463871,0.1335738268572436,0.1246279947831438,-0.164870555678737,2.482733682878322,2.482733682878322,0.4137889471463871,0.3519502552668882,0.1234978605436027,,0.0,0.23427951545832576,0.03876771094446149,0.2571428571428571,0.7428571428571429,0.11131145713560785,0.12010342598577892,,,,,,False,True,False,False,False
epilepsiae_1077,epilepsiae,20260726,full_constructive,6476,6,0.066064443071855,0.0702425278136733,0.1474287045104685,0.7261631453563822,-0.2472205064854846,-0.2472205064854846,0.066064443071855,0.1513386265135995,0.247520369798592,-0.0334250534730111,-0.2472205064854846,-0.2472205064854846,0.0412034177475808,0.0491398986709718,0.0379864113650401,0.095044424455436,0.0,0.05188387893761581,0.0554353492891595,0.1142857142857141,0.8857142857142859,0.08228820735359949,0.7559635415627896,0.06424864764084558,0.061862249211333986,0.0277949351451513,0.8296052346608019,0.25818406423718343,True,True,True,True,True
epilepsiae_1077,epilepsiae,20260726,static_only,6476,6,0.0576744904261889,0.0661925985220612,0.1314836906877877,0.7718084044922099,-0.2472205064854846,-0.2472205064854846,0.0576744904261889,0.1407453882427369,0.2099405191920689,-0.0435385511211083,-0.2472205064854846,-0.2472205064854846,0.0412034177475808,0.0491398986709718,0.054354539839407,0.1007131159098066,0.0,0.05914144533662752,0.06659167490857362,0.1142857142857141,0.8857142857142859,0.08688374051525541,0.7341952165481576,0.07407083132939055,0.05509878651851596,0.044008647313156235,0.83636869735362,0.27439777640518836,True,True,True,True,True
epilepsiae_1077,epilepsiae,20260726,static_shuffle,6476,6,0.0464535721638871,0.0671362308609365,0.1413276620601312,0.7652157963383118,-0.2472205064854846,-0.2472205064854846,0.0464535721638871,0.1525113422245505,0.252873408602041,-0.0333874212338043,-0.2472205064854846,-0.2472205064854846,0.0412034177475808,0.0491398986709718,0.0398394070413835,0.0969822760680012,0.0,0.06284743668931436,0.053445140753796694,0.1428571428571428,0.8571428571428572,0.07930498797117723,0.7626373626373626,0.06550898584744055,0.0641540470129236,0.02825818406423719,0.8273134368592123,0.2586473131562693,True,True,True,True,True
epilepsiae_1077,epilepsiae,20260726,history_h1,6476,6,0.0557185505456042,0.0709067629715958,0.1485688151266853,0.7167379239039562,-0.2472205064854846,-0.2472205064854846,0.0557185505456042,0.152250578762584,0.2470955162030824,-0.038576866122444,-0.2472205064854846,-0.2472205064854846,0.0412034177475808,0.0491398986709718,0.0426189005558986,0.0910547458432872,0.0,0.04894996911673871,0.06152249051386552,0.1428571428571428,0.8571428571428572,0.08096700554926824,0.7515676530023081,0.06429057090391202,0.058702122651476896,0.03350833848054352,0.832765361220659,0.26389746757257565,True,True,True,True,True
epilepsiae_1077,epilepsiae,20260726,history_h2,6476,6,0.0648805847230801,0.0707950501034203,0.1485206889722411,0.7224622092626504,-0.2472205064854846,-0.2472205064854846,0.0648805847230801,0.1520084895701852,0.248384365044573,-0.0270374919079987,-0.2472205064854846,-0.2472205064854846,0.0412034177475808,0.0491398986709718,0.0387584928968499,0.0932165566103475,0.0,0.05142063001852992,0.05558267172794132,0.1142857142857141,0.8857142857142859,0.0822540693599468,0.7455720749838396,0.06332501582537767,0.06050652517891508,0.02810376775787521,0.8309609586932208,0.25849289684990734,True,True,True,True,True
epilepsiae_1077,epilepsiae,20260726,constant_stop,6476,6,0.145177064031295,0.1020669740185116,0.1976449974477226,0.5144691716823996,-0.7716182828906732,-0.7716182828906732,0.145177064031295,0.1997758385059885,0.2861343231279573,0.0289431222456531,-0.7716182828906732,-0.7716182828906732,0.1703469219682932,0.2280123042578183,0.0917232859789993,0.2364043394730331,0.265904879555281,0.2396541074737492,0.11339828514667472,0.19999999999999996,0.8,0.0951487257034787,0.5847446670976082,0.05650279290825769,0.04650040270418565,0.032336996276078944,0.8449670811679503,0.2627261253681111,True,True,True,True,True
epilepsiae_1077,epilepsiae,20260726,no_termination,6476,6,0.3520691785052501,0.1826006620417302,0.2440665206188621,0.3599211791260104,2.112415071031501,2.112415071031501,0.3520691785052501,0.2562715569263338,0.3134748590495998,-0.0162385041267783,2.112415071031501,2.112415071031501,0.3520691785052501,0.2813980943331948,0.2618385834877496,0.0907810818302591,0.0,0.06825200741198267,0.18597203410995716,0.7714285714285714,0.2285714285714286,0.11812036836315852,0.39340659340659334,0.06447655703310581,0.013174980999943076,0.04632489190858552,0.8782925028721928,0.27671402100061765,True,True,True,True,True
epilepsiae_1084,epilepsiae,20260726,full_constructive,1464,11,0.0824639841033283,0.1127299756079708,0.1652606472449923,0.1670153186300694,0.6051912568306008,0.6051912568306008,0.0824639841033283,0.1384655802874907,0.1991226420136287,-0.3380995652931378,0.6051912568306008,0.6051912568306008,0.0555141579731743,0.0844022834027946,0.0719076005961251,0.0369316541409808,0.0006830601092896,0.09767759562841527,0.04147414744540276,0.359090909090909,0.640909090909091,0.0344322793325839,0.7440452584088375,0.09009929671047215,0.02695608810124628,0.13280219923878256,0.7017928111616377,0.5775803144224196,True,True,True,True,True
epilepsiae_1084,epilepsiae,20260726,static_only,1464,11,0.1351217088922007,0.1014904946036731,0.1453610024897342,0.3559974924989725,0.6051912568306008,0.6051912568306008,0.1351217088922006,0.1117275983135629,0.1551781202985921,-0.2587356547433419,0.6051912568306008,0.6051912568306008,0.0555141579731743,0.0844022834027946,0.0701689021361152,0.0463795404719398,0.0006830601092896,0.10109289617486339,0.0434716253641914,0.2727272727272727,0.7272727272727273,0.04241692524894808,0.6282687286163787,0.09053569778031068,0.01955534602432063,0.13416925323741546,0.6943920690847121,0.5762132604237867,True,True,True,True,True
epilepsiae_1084,epilepsiae,20260726,static_shuffle,1464,11,0.1269249875807253,0.1137804852407444,0.1603011290398386,0.1704845462117413,0.6051912568306008,0.6051912568306008,0.1269249875807252,0.1403062389623885,0.1965282395448049,-0.6772039274256185,0.6051912568306008,0.6051912568306008,0.0555141579731743,0.0844022834027946,0.0747640337804272,0.0392341633471843,0.0006830601092896,0.10928961748633881,0.04325442733827843,0.36363636363636365,0.6363636363636364,0.03797493224748759,0.6502020229448638,0.08615812316705704,0.039107992145865356,0.13143514524014954,0.7139447152062568,0.5789473684210527,True,True,True,True,True
epilepsiae_1084,epilepsiae,20260726,history_h1,1464,11,0.1000993541977148,0.1128986556443752,0.1643935536220475,0.1664443192613781,0.6051912568306008,0.6051912568306008,0.1000993541977148,0.1334319044823625,0.1893510655110913,-0.318507311319854,0.6051912568306008,0.6051912568306008,0.0555141579731743,0.0844022834027946,0.0704172876304023,0.0376661027938738,0.0006830601092896,0.08811475409836067,0.04339761618807128,0.36818181818181817,0.6318181818181818,0.036576964848616444,0.725725510269112,0.09213984625685029,0.024965558389844267,0.1403209962312637,0.6998022814502357,0.5700615174299385,True,True,True,True,True
epilepsiae_1084,epilepsiae,20260726,history_h2,1464,11,0.0895429706905116,0.1150881535155253,0.1678427783535016,0.1304734520471132,0.6051912568306008,0.6051912568306008,0.0895429706905116,0.1392445211593446,0.1984545867486742,-0.3524809229571408,0.6051912568306008,0.6051912568306008,0.0555141579731743,0.0844022834027946,0.0722801788375558,0.0373388181543785,0.0006830601092896,0.09904371584699456,0.04249987594730664,0.3909090909090909,0.6090909090909091,0.035545159685038775,0.7310942457400246,0.09073161937128155,0.024616603508850865,0.13211867223946605,0.6994533265692423,0.5782638414217361,True,True,True,True,True
epilepsiae_1084,epilepsiae,20260726,constant_stop,1464,11,0.1554272230501738,0.1258932300606703,0.213242485454673,-0.0773092167630879,-0.8654371584699456,-0.8654371584699456,0.1554272230501738,0.150095682307222,0.2393071280658553,-0.2664665579383966,-0.8654371584699456,-0.8654371584699456,0.2285767511177346,0.2576177423572934,0.0758817685047193,0.1388845963812923,0.1209016393442622,0.14617486338797814,0.035275830229692065,0.5318181818181817,0.46818181818181825,0.038745253550933056,0.6457571017223567,0.07375278828401416,0.013581725309351644,0.11830792158661008,0.6884184483697431,0.5920745920745921,True,True,True,True,True
epilepsiae_1084,epilepsiae,20260726,no_termination,1464,11,0.3543840039741679,0.1749765004102545,0.2485634510527853,-0.2415027200052937,3.898224043715847,3.898224043715847,0.3543840039741679,0.1822436457195722,0.2609200418760468,-0.3158075806149142,3.898224043715847,3.898224043715847,0.3543840039741679,0.2569566341742784,0.1399652260307997,0.0687318869853252,0.0,0.06830601092896171,0.06605817330662314,0.8,0.2,0.04724944988662766,0.48165849758773127,0.13139977450585233,0.006107254247610494,0.18784153005464477,0.6809439773080019,0.5225409836065574,True,True,True,True,True
epilepsiae_1096,epilepsiae,20260726,full_constructive,28068,7,0.0462397442944685,0.0464777028422732,0.0713209916981755,0.4854459260034154,0.2110944848225733,0.2110944848225733,0.0462397442944685,0.0621943365040541,0.0947481128571247,0.8095612323500744,0.2110944848225737,0.2110944848225737,0.0301563549746533,0.0258071596098519,0.0373582524074187,0.0592707998539574,0.0,0.04777682770414704,0.04069808432212513,0.05357142857142838,0.9464285714285716,0.030706619376429507,0.9200777732296357,0.026427535530934295,0.05907463740112395,0.04097192532421268,0.8508742075112321,0.4465227305116147,True,True,True,True,True
epilepsiae_1096,epilepsiae,20260726,static_only,28068,7,0.0649697672998228,0.037582643682524,0.0538345477519134,0.6420487936144403,0.2110944848225733,0.2110944848225733,0.0649697672998228,0.0578191939577269,0.0985776595861543,0.8266186393426894,0.2110944848225737,0.2110944848225737,0.0301563549746533,0.0258071596098519,0.0284513121195464,0.0594401188494757,0.0,0.048418127404873834,0.05052798104069722,0.035714285714285476,0.9642857142857145,0.03933198189818912,0.8385182153090461,0.025431128466959337,0.04705911375336669,0.03737352144791223,0.8388586838634748,0.4429243266353142,True,True,True,True,True
epilepsiae_1096,epilepsiae,20260726,static_shuffle,28068,7,0.0474103707323031,0.0448455747835007,0.0730527585034533,0.4179076129096318,0.2110944848225733,0.2110944848225733,0.0474103707323031,0.0609724768151925,0.0981564215986691,0.7861189452137324,0.2110944848225737,0.2110944848225737,0.0301563549746533,0.0258071596098519,0.0374295079297216,0.0608506488958231,0.0,0.06587573036910355,0.039095962227694236,0.017857142857142794,0.9821428571428572,0.031972486289814965,0.9087187883749488,0.03308274245453639,0.06012412804433309,0.05237280889268919,0.8519236981544412,0.4579236140800912,True,True,True,True,True
epilepsiae_1096,epilepsiae,20260726,history_h1,28068,7,0.0311539322868951,0.0401144678086688,0.0618064924867741,0.5610754521522162,0.2110944848225733,0.2110944848225733,0.0311539322868951,0.0589662614971833,0.0926480215620376,0.8116612290290965,0.2110944848225737,0.2110944848225737,0.0301563549746533,0.0258071596098519,0.0348032329648404,0.0566984092213034,0.0,0.05084081516317518,0.042380249259360764,0.05357142857142838,0.9464285714285716,0.02910465034052288,0.9339950880065492,0.026629258864363153,0.051302332071860635,0.040116859056576915,0.8431019021819688,0.4456676642439789,True,True,True,True,True
epilepsiae_1096,epilepsiae,20260726,history_h2,28068,7,0.041160243490299,0.0442145141060749,0.0673890628401616,0.5252993043283617,0.2110944848225733,0.2110944848225733,0.041160243490299,0.0609669280785991,0.0931086301285253,0.8132950520745506,0.2110944848225737,0.2110944848225737,0.0301563549746533,0.0258071596098519,0.0368594637512978,0.0560785907183523,0.0,0.049273193672509596,0.04078244501528702,0.05357142857142838,0.9464285714285716,0.029892924416718716,0.9223291035611951,0.026542955751174057,0.054504044442195254,0.040045603534273944,0.8463036145523034,0.44559640872167594,True,True,True,True,True
epilepsiae_1096,epilepsiae,20260726,constant_stop,28068,7,0.1287790875221401,0.0486900290545522,0.0946520620938646,0.6226441691902621,-0.8759441356705144,-0.8759441356705144,0.1287790875221401,0.0675183557481297,0.097275806675223,0.8358628796935222,-0.8759441356705144,-0.8759441356705144,0.2059488181762657,0.237377937694839,0.019697062236609,0.1623994728237654,0.1958458030497363,0.15433946130825138,0.05348186430740884,0.1071428571428571,0.8928571428571429,0.03530106825684317,0.7946172738436348,0.03255891195186317,0.0029457387968735427,0.038381674543225774,0.7888538313132346,0.44393247973062777,True,True,True,True,True
epilepsiae_1096,epilepsiae,20260726,no_termination,28068,7,0.3002351432235998,0.1129337411714263,0.1336303742180256,0.5677998669309163,2.1016460025651984,2.1016460025651984,0.3002351432235998,0.1104451159526382,0.1169422667559298,0.8159065127000263,2.101646002565199,2.101646002565199,0.3002351432235998,0.2455385280721317,0.1494431889900038,0.1038763033381391,0.0,0.0990451760011401,0.08495204752074557,0.4821428571428571,0.5178571428571429,0.050078709473442985,0.6205485059353254,0.06743683680937707,0.18988998633617793,0.07777540259370103,0.6019095837739302,0.483326207781103,True,True,True,True,True
epilepsiae_1125,epilepsiae,20260726,full_constructive,7195,8,0.0693189715079916,0.036534055390977,0.0512163617479805,0.8617422998176837,0.0119527449617793,0.0119527449617793,0.0693189715079916,0.0546989178104886,0.0773244441704536,0.901657427830259,0.0119527449617793,0.0119527449617793,0.0121959694232105,0.0214074115665671,0.0386031966643502,,0.0,0.08533703961084083,0.07445580019385656,0.08333333333333326,0.9166666666666667,0.04339000144808808,0.804234382041861,,,,,,False,True,False,False,False
epilepsiae_1125,epilepsiae,20260726,static_only,7195,8,0.1304725503822099,0.0461166584129487,0.0481951438481945,0.8241488090447112,0.0119527449617793,0.0119527449617793,0.1304725503822099,0.0768910833950321,0.1190706667456679,0.94012384213151,0.0119527449617793,0.0119527449617793,0.0121959694232105,0.0214074115665671,0.0348158443363446,,0.0,0.039054899235580254,0.09166300325549376,0.05952380952380942,0.9404761904761906,0.05735175620753157,0.6000619330371377,,,,,,False,True,False,False,False
epilepsiae_1125,epilepsiae,20260726,static_shuffle,7195,8,0.1157400972897846,0.0446907820610599,0.0479704991095293,0.8209549661839057,0.0119527449617793,0.0119527449617793,0.1157400972897845,0.0734989022387702,0.1077531185390601,0.7841736614468209,0.0119527449617793,0.0119527449617793,0.0121959694232105,0.0214074115665671,0.039402362751911,,0.0,0.05267546907574705,0.07881392059770317,0.09523809523809512,0.9047619047619049,0.05156243360976928,0.7214423341590971,,,,,,False,True,False,False,False
epilepsiae_1125,epilepsiae,20260726,history_h1,7195,8,0.0909312022237665,0.0392805796335634,0.0485079831591643,0.8532152103648213,0.0119527449617793,0.0119527449617793,0.0909312022237665,0.0574662826875315,0.0823108207935783,0.9021096460663252,0.0119527449617793,0.0119527449617793,0.0121959694232105,0.0214074115665671,0.0381167477414871,,0.0,0.07991660875608064,0.0781581014902391,0.07142857142857129,0.9285714285714287,0.04613933793033026,0.7972382471192185,,,,,,False,True,False,False,False
epilepsiae_1125,epilepsiae,20260726,history_h2,7195,8,0.0763377345378735,0.0374309695706516,0.0508293740275077,0.860676503805994,0.0119527449617793,0.0119527449617793,0.0763377345378735,0.0551106281862454,0.0791050680054124,0.8998460661497388,0.0119527449617793,0.0119527449617793,0.0121959694232105,0.0214074115665671,0.0383947185545517,,0.0,0.08603196664350243,0.07481011025076167,0.07142857142857129,0.9285714285714287,0.04371475116312937,0.8176761363522494,,,,,,False,True,False,False,False
epilepsiae_1125,epilepsiae,20260726,constant_stop,7195,8,0.2105107713690062,0.053800175259047,0.0659256473090952,0.8725767392662055,-1.3149409312022238,-1.3149409312022238,0.2105107713690062,0.0633651654611167,0.0743895304704427,0.9079097990677047,-1.314940931202223,-1.314940931202223,0.202449617790132,0.1635826905044812,0.038498957609451,,0.1630298818624044,0.01820708825573314,0.094786478189882,0.13095238095238093,0.8690476190476191,0.04499092914596615,0.8057161207450224,,,,,,False,True,False,False,False
epilepsiae_1125,epilepsiae,20260726,no_termination,7195,8,0.261761640027797,0.0880338076339324,0.0933607984601525,0.8811714973792591,2.094093120222377,2.094093120222377,0.2617616400277971,0.0768714341248767,0.0807806235307721,0.9087550948595026,2.094093120222377,2.094093120222377,0.2617616400277971,0.186676629740896,0.1204308547602502,,0.0,0.24211257817929122,0.08744033252682351,0.29761904761904756,0.7023809523809524,0.05069194999534502,0.7324525185796861,,,,,,False,True,False,False,False
epilepsiae_1146,epilepsiae,20260726,full_constructive,2486,15,0.0633681952266023,0.0700948338901516,0.1037592993468864,0.5482733140975727,0.2449718423169748,0.2449718423169748,0.0633681952266023,0.078258096383855,0.1120357177461441,0.2626391420719384,0.2449718423169748,0.2449718423169748,0.0168677929739876,0.0081550564914317,0.0381871815500134,0.1152930226087938,0.0,0.16814159292035397,0.13098688537749015,0.1178571428571431,0.8821428571428569,0.026326234203346916,0.6137215207482664,0.10484029464150704,0.05274095548850721,0.07361222847948512,0.7731911051122566,0.6271118262268705,True,True,True,True,True
epilepsiae_1146,epilepsiae,20260726,static_only,2486,15,0.0605256100831322,0.0734573404948615,0.1063446807663618,0.5811280864765376,0.2449718423169748,0.2449718423169748,0.0605256100831322,0.0829326172107148,0.116158693451369,-0.0196763009432075,0.2449718423169748,0.2449718423169748,0.0168677929739876,0.0081550564914317,0.0388307857334406,0.1204718872379277,0.0,0.1878519710378117,0.13805937512400868,0.0642857142857145,0.9357142857142855,0.030600991367309434,0.4002859590036855,0.1135213862372853,0.06062417712831447,0.09251810136765892,0.7653078834724494,0.6082059533386966,True,True,True,True,True
epilepsiae_1146,epilepsiae,20260726,static_shuffle,2486,15,0.0744703673907213,0.0640445744408399,0.0950234630017865,0.6685312858457628,0.2449718423169748,0.2449718423169748,0.0744703673907213,0.0711686425945329,0.1014795211713745,0.4121801046508417,0.2449718423169748,0.2449718423169748,0.0168677929739876,0.0081550564914317,0.0361491016358273,0.1148503423558254,0.0,0.15366049879324212,0.13124892286190865,0.07500000000000018,0.9249999999999998,0.026153164618047745,0.6202534480281824,0.10345198984189861,0.051467730220790986,0.07079646017699115,0.7744643303799729,0.6299275945293644,True,True,True,True,True
epilepsiae_1146,epilepsiae,20260726,history_h1,2486,15,0.0578439259855189,0.0698699706286683,0.1031765269068167,0.5822010179180155,0.2449718423169748,0.2449718423169748,0.0578439259855188,0.0784089003418992,0.1117878255993836,0.2104118948142414,0.2449718423169748,0.2449718423169748,0.0168677929739876,0.0081550564914317,0.0376508447304907,0.1190162743851672,0.0,0.1757843925985519,0.13395708294858522,0.08928571428571441,0.9107142857142856,0.026280406550828708,0.6278013661993707,0.1083991961517312,0.054842538107514605,0.08286403861625102,0.7710895224932492,0.6178600160901045,True,True,True,True,True
epilepsiae_1146,epilepsiae,20260726,history_h2,2486,15,0.0610083132207025,0.0689642206690341,0.1023377313409582,0.5736668262592243,0.2449718423169748,0.2449718423169748,0.0610083132207025,0.0772065239281232,0.1102603294638041,0.2654420308610945,0.2449718423169748,0.2449718423169748,0.0168677929739876,0.0081550564914317,0.0379726468222043,0.1173681298348411,0.0,0.1749798873692679,0.13142547237095936,0.08928571428571441,0.9107142857142856,0.02605874645584798,0.6268932208708213,0.10620399963851763,0.05335285770080622,0.07884151246983107,0.7725792028999576,0.6218825422365245,True,True,True,True,True
epilepsiae_1146,epilepsiae,20260726,constant_stop,2486,15,0.1844194153928667,0.0688560142065654,0.1095047534723795,0.4975182038487858,-2.664119066773935,-2.664119066773935,0.1844194153928667,0.0804502569511341,0.1193534571800334,0.266857493435098,-2.6641190667739343,-2.6641190667739343,0.2044247787610619,0.1084783766454717,0.0385626173236792,0.1659781220188324,0.080852775543041,0.20957361222847948,0.12603894934421944,0.09464285714285725,0.9053571428571427,0.02589698840614122,0.6569513448810442,0.10284025974255664,0.04925697430004827,0.07402821225558975,0.7766750863007156,0.6266958424507658,True,True,True,True,True
epilepsiae_1146,epilepsiae,20260726,no_termination,2486,15,0.2404934298739608,0.0810828989815333,0.122652886094996,0.3845663572681176,3.607401448109412,3.607401448109412,0.2404934298739608,0.0860017058453734,0.1288488616698251,0.2322888297997559,3.607401448109412,3.607401448109412,0.2404934298739608,0.1119961541511951,0.0603378921962992,0.1406284722720839,0.0,0.1737731295253419,0.1417195753954961,0.2321428571428572,0.7678571428571428,0.0267884859695579,0.5726191802896518,0.09580092250173117,0.02126609055904971,0.03137570394207556,0.8046659700417141,0.66934835076428,True,True,True,True,True
epilepsiae_1150,epilepsiae,20260726,full_constructive,1713,9,0.0814036453265875,0.0889310205065268,0.1227864914860207,0.5262823527716157,-0.1640396964389952,-0.1640396964389952,0.0814036453265875,0.0799355478735906,0.1025402603505543,0.8216773765187242,-0.1640396964389952,-0.1640396964389952,0.0184860867873127,0.0359065730323053,0.0666796393591489,0.0830890689064775,0.0,0.05487448920023352,0.05705649514759173,0.44999999999999996,0.55,0.05753839749173265,0.7230231690818073,0.06713158834696273,0.032959227226898036,0.05837711617046121,0.8241869781249834,0.4711033274956217,True,True,True,True,True
epilepsiae_1150,epilepsiae,20260726,static_only,1713,9,0.057014983459817,0.0684514949765358,0.0953138728632282,0.6884587990919268,-0.1640396964389952,-0.1640396964389952,0.057014983459817,0.0985726181234132,0.133447192724945,0.7867482063596098,-0.1640396964389952,-0.1640396964389952,0.0184860867873127,0.0359065730323053,0.0561717584484659,0.0531525899135063,0.0,0.06129597197898423,0.0542817169384191,0.21666666666666667,0.7833333333333333,0.059388574416275194,0.6324564527993343,0.0539637425233501,0.0034261238482684586,0.06479859894921192,0.7946538747463538,0.47752481027437244,True,True,True,True,True
epilepsiae_1150,epilepsiae,20260726,static_shuffle,1713,9,0.0807550107024712,0.0898024195117405,0.1272337532012585,0.4938993132552174,-0.1640396964389952,-0.1640396964389952,0.0807550107024712,0.0801186668002956,0.0990875305140116,0.8370062134547972,-0.1640396964389952,-0.1640396964389952,0.0184860867873127,0.0359065730323053,0.0657715508853862,0.0782678822794056,0.0,0.05662580268534734,0.050531252210856636,0.3999999999999999,0.6000000000000001,0.0566048524712025,0.7078970578258214,0.0640133514955067,0.030352620162298227,0.06479859894921192,0.8215803710603836,0.47752481027437244,True,True,True,True,True
epilepsiae_1150,epilepsiae,20260726,history_h1,1713,9,0.0577933450087565,0.0685917390580717,0.0932863164666517,0.7084940312677815,-0.1640396964389952,-0.1640396964389952,0.0577933450087565,0.0820580172661322,0.1063834087442594,0.8160904743086163,-0.1640396964389952,-0.1640396964389952,0.0184860867873127,0.0359065730323053,0.0613608354413958,0.0721629545214319,0.0,0.06771745475773494,0.05879944325575162,0.25,0.75,0.05482669235873662,0.7279995027531357,0.06613391868451653,0.011672745257624184,0.05545826036193813,0.8029004961557096,0.46818447168709865,True,True,True,True,True
epilepsiae_1150,epilepsiae,20260726,history_h2,1713,9,0.0741389375364856,0.079329605907671,0.1080039464923326,0.6386157904963073,-0.1640396964389952,-0.1640396964389952,0.0741389375364857,0.0765437236339725,0.1001673823314629,0.8245969724285218,-0.1640396964389952,-0.1640396964389952,0.0184860867873127,0.0359065730323053,0.06512291626127,0.0794276040526468,0.0,0.05837711617046115,0.05846284252083109,0.41666666666666674,0.5833333333333333,0.05648842141896254,0.721616961142275,0.06707276823725153,0.02408022018662126,0.057209573847052,0.8153079710847067,0.4699357851722125,True,True,True,True,True
epilepsiae_1150,epilepsiae,20260726,constant_stop,1713,9,0.1311539209963027,0.0800564270498059,0.1340431776217735,0.8143339206048366,-1.1360186806771742,-1.1360186806771742,0.1311539209963027,0.1070892706150336,0.1395382054804769,0.8465992141509026,-1.1360186806771742,-1.1360186806771742,0.2345462800804306,0.2927688415938168,0.0538366738016475,0.1022396802589739,0.1961471103327495,0.1780502043199066,0.08001415675702213,0.3500000000000001,0.6499999999999999,0.046462662355795464,0.8317512367624098,0.044626722372751754,0.030283043280752597,0.07529121786873927,0.7609447076173328,0.4880174291938998,True,True,True,True,True
epilepsiae_1150,epilepsiae,20260726,no_termination,1713,9,0.3802296166569371,0.1559899313185204,0.1750121226552625,0.8062195334715624,3.4220665499124348,3.4220665499124348,0.3802296166569372,0.1607914858245248,0.1583784935798554,0.8469338463436066,3.4220665499124348,3.4220665499124348,0.3802296166569372,0.2957823470031827,0.1499643250956736,0.1416467869327563,0.0,0.028021015761821366,0.1367404411657392,0.42499999999999993,0.5750000000000001,0.05895135126247008,0.7086127161547081,0.11757852227332397,0.22578922956584369,0.12025685931115004,0.5654385213322417,0.5329830706363106,True,True,True,True,True
epilepsiae_139,epilepsiae,20260726,full_constructive,1837,7,0.054980947196516,0.0430815271800456,0.0915286967129053,-0.0186300838923832,0.1257485029940124,0.1257485029940124,0.054980947196516,0.0577661948176115,0.1131659675208451,-0.0527740010223702,0.1257485029940119,0.1257485029940119,0.0201415351115949,0.0353855797969766,0.0437047981958161,0.0326501426333934,0.0005443658138268,0.020685900925421885,0.05029403764509502,0.03571428571428559,0.9642857142857144,0.03300675428267206,0.8883772101047432,0.02783344876003419,0.00022323162053305978,0.00574697307701888,0.9973428885076573,0.44281045751633985,True,True,True,True,True
epilepsiae_139,epilepsiae,20260726,static_only,1837,7,0.1045960027995956,0.0497268494905364,0.0897257189476534,-0.1179945940191382,0.1257485029940124,0.1257485029940124,0.1045960027995956,0.0408346744792764,0.0728637835432709,-0.0899310340965263,0.1257485029940119,0.1257485029940119,0.0201415351115949,0.0353855797969766,0.0488373901547554,0.0490532533137461,0.0005443658138268,0.053892215568862256,0.06591370691679457,0.07142857142857117,0.9285714285714288,0.04875610010901035,0.7328267712890297,0.05330048658738083,0.0003656610998417076,0.03455803781622735,0.9972004590283486,0.4831154684095861,True,True,True,True,True
epilepsiae_139,epilepsiae,20260726,static_shuffle,1837,7,0.0865541643984757,0.0505900345200664,0.0909406373926272,-0.1106547693120231,0.1257485029940124,0.1257485029940124,0.0865541643984757,0.0458238477658676,0.0793626493476725,0.1141067360747508,0.1257485029940119,0.1257485029940119,0.0201415351115949,0.0353855797969766,0.050081654872074,0.0329264297034922,0.0005443658138268,0.0381056069678824,0.05266460053690547,0.05357142857142838,0.9464285714285716,0.04344590281889375,0.8103668832830169,0.034519419157366074,0.00031709517741085325,0.00514627311034499,0.9972490249507795,0.4537037037037037,True,True,True,True,True
epilepsiae_139,epilepsiae,20260726,history_h1,1837,7,0.0636908002177463,0.0477587856305038,0.0945232224621009,-0.2256360547082308,0.1257485029940124,0.1257485029940124,0.0636908002177463,0.058773215389143,0.1047989949352855,-0.1197738106875073,0.1257485029940119,0.1257485029940119,0.0201415351115949,0.0353855797969766,0.0421494672991678,0.0342110732740479,0.0005443658138268,0.03701687534022863,0.05000026935829785,0.03571428571428559,0.9642857142857144,0.03484413344953268,0.8956942208779824,0.03589702792895349,0.00030383788887511365,0.013316207750867837,0.9972622822393152,0.46187363834422657,True,True,True,True,True
epilepsiae_139,epilepsiae,20260726,history_h2,1837,7,0.058558208258807,0.046576017294446,0.0960853217122378,-0.1166530060215129,0.1257485029940124,0.1257485029940124,0.058558208258807,0.0610415236625593,0.1139390434788869,-0.089931983226824,0.1257485029940119,0.1257485029940119,0.0201415351115949,0.0353855797969766,0.0466599268994478,0.0309685978603992,0.0005443658138268,0.023952095808383256,0.049271078545727626,0.0535714285714286,0.9464285714285714,0.03300893680420593,0.8817765500365765,0.025942173250220798,0.00017990833259018402,0.0024229615635040225,0.9973862117956002,0.45098039215686275,True,True,True,True,True
epilepsiae_139,epilepsiae,20260726,constant_stop,1837,7,0.1472120693677579,0.0838025605473498,0.1535249420441944,-0.5124701372862286,-0.732172019597169,-0.732172019597169,0.147212069367758,0.1093164553438031,0.1686724147806057,-0.107765882383268,-0.7321720195971695,-0.7321720195971695,0.2168908935376001,0.2872880404361188,0.0575472431759856,0.1490307156488676,0.2101252041371802,0.15187806205770277,0.04887998226546822,0.17857142857142838,0.8214285714285716,0.039562204138147844,0.840731738793787,0.07180182698549294,0.00011824094594325985,0.07108419587114856,0.9974478791822471,0.5196416264645073,True,True,True,True,True
epilepsiae_139,epilepsiae,20260726,no_termination,1837,7,0.3412395987246285,0.1443413625270519,0.1952642937276341,-0.5226495754201623,2.388677191072401,2.388677191072401,0.3412395987246288,0.1577862002324462,0.1986070351867622,-0.0709076631257845,2.3886771910724005,2.3886771910724005,0.3412395987246286,0.2922281380386967,0.166420405941364,0.0587351039801131,0.0,0.241154055525313,0.06748789817444004,0.4642857142857142,0.5357142857142858,0.054422856194646596,0.6869291582568932,0.24228814890991804,0.00048704075117611545,0.29178007621121393,0.9980531608793665,0.7403375068045727,True,True,True,True,True
epilepsiae_253,epilepsiae,20260726,full_constructive,10150,8,0.082487684729064,0.0575217888500514,0.0772559182894728,0.739678059510246,-0.4029556650246304,-0.4029556650246304,0.082487684729064,0.1183156018563247,0.1957769536850193,0.1377925057804392,-0.4029556650246308,-0.4029556650246308,0.0503694581280788,0.052142749454513,0.0369211822660098,0.0442846081561201,9.852216748768474e-05,0.056157635467980305,0.03144287957128908,0.13095238095238093,0.8690476190476191,0.04500935967725714,0.7953481970823009,0.018982026486193206,0.030530612960463666,0.028825495195479056,0.5408968473242923,0.5787762341117352,True,True,True,True,True
epilepsiae_253,epilepsiae,20260726,static_only,10150,8,0.0915270935960591,0.065170221070441,0.078691844108647,0.7323499060354115,-0.4029556650246304,-0.4029556650246304,0.0915270935960591,0.1169985065973693,0.1863014503419777,0.2297088924329202,-0.4029556650246308,-0.4029556650246308,0.0503694581280788,0.052142749454513,0.0310591133004926,0.0297626869045407,9.852216748768474e-05,0.07241379310344825,0.04399616489429978,0.1428571428571428,0.8571428571428572,0.048035722221930366,0.7229103587485091,0.00485570845888994,0.04480304530226065,0.012666267685379484,0.5551692796660893,0.5626170066016356,True,True,True,True,True
epilepsiae_253,epilepsiae,20260726,static_shuffle,10150,8,0.0743349753694581,0.0576616170836749,0.0757315420833943,0.7540726942373007,-0.4029556650246304,-0.4029556650246304,0.0743349753694581,0.1164420201768276,0.1918025145810973,0.1675322070940234,-0.4029556650246308,-0.4029556650246308,0.0503694581280788,0.052142749454513,0.0370935960591133,0.0444769931610794,9.852216748768474e-05,0.046798029556650245,0.03144758584182386,0.13095238095238093,0.8690476190476191,0.044036760684045106,0.8092944306817138,0.019716649508672482,0.02884003762629106,0.03119026019695703,0.5392062719901197,0.5811409991132132,True,True,True,True,True
epilepsiae_253,epilepsiae,20260726,history_h1,10150,8,0.0837192118226601,0.060997539037067,0.0771393841838218,0.7229420772243391,-0.4029556650246304,-0.4029556650246304,0.0837192118226601,0.1213959603320482,0.1951054134582371,0.1783430931374853,-0.4029556650246308,-0.4029556650246308,0.0503694581280788,0.052142749454513,0.0342118226600985,0.0355723789321155,9.852216748768474e-05,0.0680788177339901,0.03518686682691888,0.11904761904761896,0.880952380952381,0.04299159816568052,0.8055877327318149,0.011503284369861784,0.036055957690625196,0.02173120019104513,0.5464221920544539,0.5716819391073013,True,True,True,True,True
epilepsiae_253,epilepsiae,20260726,history_h2,10150,8,0.0836453201970443,0.0578309537600095,0.0744904115224204,0.7379238743941082,-0.4029556650246304,-0.4029556650246304,0.0836453201970443,0.1192698633257114,0.1954619428321405,0.1666185691165716,-0.4029556650246308,-0.4029556650246308,0.0503694581280788,0.052142749454513,0.0358374384236453,0.0393175475446771,9.852216748768474e-05,0.05852216748768474,0.03232381086991301,0.13095238095238093,0.8690476190476191,0.04441158496551956,0.7995687677768601,0.015630453086639157,0.03359532104245777,0.026756325819185744,0.5439615554062864,0.5767070647354419,True,True,True,True,True
epilepsiae_253,epilepsiae,20260726,constant_stop,10150,8,0.1797044334975369,0.0878553123958897,0.164973526435225,-0.0804443866796524,-1.1584236453201973,-1.1584236453201973,0.1797044334975369,0.1457912985088621,0.2139907733840911,0.2221737173486316,-1.1584236453201973,-1.1584236453201973,0.2098275862068965,0.2526380144303101,0.0514778325123152,0.0895437371371075,0.2084729064039409,0.20285714285714285,0.06913545579210745,0.10714285714285698,0.892857142857143,0.0428639968554184,0.7776401504725203,0.028654973996187872,0.07196442150887272,0.020700054325765715,0.5823306558727014,0.5292506845904904,True,True,True,True,True
epilepsiae_253,epilepsiae,20260726,no_termination,10150,8,0.3512068965517241,0.1795336151310524,0.2278221110745286,-0.3584297153166957,2.809655172413793,2.809655172413793,0.3512068965517241,0.1770945538019758,0.2275258379831659,0.2260588022911544,2.809655172413793,2.809655172413793,0.3512068965517241,0.2806933575389355,0.1695073891625615,0.2145264647908113,0.0,0.27142857142857146,0.08971906554642209,0.6428571428571428,0.3571428571428572,0.05112580787595061,0.5559684374713276,0.18287378839878626,0.2249363679968347,0.16029556650246302,0.7353026023606634,0.3896551724137931,True,True,True,True,True
epilepsiae_384,epilepsiae,20260726,full_constructive,4299,9,0.1285828745703134,0.1109923408064723,0.1600916214793976,0.5408249817470453,0.0351244475459413,0.0351244475459413,0.1285828745703135,0.1435606562455399,0.2001447938883988,0.5404757296673094,0.0351244475459413,0.0351244475459413,0.0041094828254632,0.0153726081779804,0.1028662996562508,0.0253691430211109,0.0,0.042568039078855535,0.05617464614249676,0.125,0.875,0.04523684570233638,0.7580054274084126,0.09628381416209392,0.0195919207486992,0.1479413817166783,0.6137887766765338,0.6001395673412422,True,True,True,True,True
epilepsiae_384,epilepsiae,20260726,static_only,4299,9,0.1644051588224651,0.1104129347296531,0.1479646677680536,0.6008761431340849,0.0351244475459413,0.0351244475459413,0.1644051588224651,0.1559324099123647,0.2170111172364355,0.3501262609242122,0.0351244475459413,0.0351244475459413,0.0041094828254632,0.0153726081779804,0.0998164947920705,0.0287451317815029,0.0,0.05582693649685977,0.05421409326141449,0.10833333333333339,0.8916666666666666,0.05206936034179501,0.7759994120398329,0.07389164592591278,0.014786629393733763,0.10862991393347293,0.6185940680314992,0.5608280995580368,True,True,True,True,True
epilepsiae_384,epilepsiae,20260726,static_shuffle,4299,9,0.1258432193533379,0.1135743000187331,0.1624498195585088,0.5215060431418037,0.0351244475459413,0.0351244475459413,0.125843219353338,0.1479984256489714,0.2045598606332457,0.5042534689215447,0.0351244475459413,0.0351244475459413,0.0041094828254632,0.0153726081779804,0.1049339639709493,0.0251598381026408,0.0,0.04280065131425914,0.05681584922928788,0.125,0.875,0.04585692090507479,0.7469470827679785,0.09549457925213577,0.021608376770418602,0.14445219818562455,0.6117723206548143,0.5966503838101884,True,True,True,True,True
epilepsiae_384,epilepsiae,20260726,history_h1,4299,9,0.1324080535525057,0.1054705208474541,0.1504739326182429,0.5908385678677395,0.0351244475459413,0.0351244475459413,0.1324080535525057,0.1414848778412999,0.1971037791965006,0.5642584642919302,0.0351244475459413,0.0351244475459413,0.0041094828254632,0.0153726081779804,0.099764803184203,0.026131732025542,0.0,0.06234007908816008,0.05334033598832029,0.125,0.875,0.0456065814400214,0.7867480777928539,0.0828590079000457,0.020301062490729938,0.1249127704117236,0.613079634934503,0.5771109560362875,True,True,True,True,True
epilepsiae_384,epilepsiae,20260726,history_h2,4299,9,0.1274973508050968,0.1071775116096647,0.1543817552601937,0.580520619634515,0.0351244475459413,0.0351244475459413,0.1274973508050968,0.1397843029159833,0.1951756231129918,0.5862264288288674,0.0351244475459413,0.0351244475459413,0.0041094828254632,0.0153726081779804,0.0994546535369982,0.0247850784888814,0.0,0.04861595719934875,0.05440617112627358,0.09166666666666679,0.9083333333333332,0.044950644287399436,0.7661734858415403,0.08876131626743625,0.02045852481660848,0.1360781577110956,0.6129221726086245,0.5882763433356595,True,True,True,True,True
epilepsiae_384,epilepsiae,20260726,constant_stop,4299,9,0.1916724819725517,0.106083978021708,0.1516836981555761,0.5702039309131736,-1.1146778320539656,-1.1146778320539656,0.1916724819725517,0.1298608274373631,0.184520094763823,0.6376875226334934,-1.114677832053966,-1.114677832053966,0.2399524437207618,0.3041747192405903,0.0993512703212633,0.136142055523201,0.1793440334961619,0.15143056524773207,0.0545060237996748,0.07500000000000007,0.9249999999999999,0.05009860794689871,0.7274536408864769,0.06010493771250227,0.0017641998001701742,0.09513741528246561,0.6351448972254031,0.5473356009070295,True,True,True,True,True
epilepsiae_384,epilepsiae,20260726,no_termination,4299,9,0.3562844072264868,0.1277174227777698,0.1733211736731346,0.4947280094429915,3.206559665038381,3.206559665038381,0.3562844072264868,0.1276758621996261,0.1795654682216562,0.6434928367796962,3.206559665038381,3.206559665038381,0.3562844072264867,0.3029336685825364,0.0888061823163009,0.04302040756101,0.0,0.25377994882530824,0.042946741393145665,0.2250000000000001,0.7749999999999999,0.06071352988396848,0.4370897619346309,0.04142618285458551,0.012021524513993187,0.012793672947197021,0.6454022219392261,0.43940451267736685,True,True,True,True,True
epilepsiae_442,epilepsiae,20260726,full_constructive,534,15,0.0888888888888888,0.0598941472786561,0.1143011987341206,0.5145746533314748,0.8726591760299609,0.8726591760299609,0.0888888888888888,0.0748357721572694,0.1384803743606556,0.3740248582915783,0.8726591760299609,0.8726591760299609,0.0591760299625468,0.051631612508765,0.0284644194756554,0.0832423438821291,0.0,0.11423220973782772,0.029989293856172328,0.12321428571428594,0.8767857142857141,0.03478006567724554,0.5166186718864652,0.05712294062382646,0.000613371202082047,0.0018726591760299116,0.6625980600548735,0.352059925093633,True,False,True,True,False
epilepsiae_442,epilepsiae,20260726,static_only,534,15,0.1031210986267165,0.0700284320361278,0.1227441610351653,0.440983103954625,0.8726591760299609,0.8726591760299609,0.1031210986267166,0.0867170332390328,0.1470497024113795,0.1988940533638836,0.8726591760299609,0.8726591760299609,0.0591760299625468,0.051631612508765,0.0309612983770287,0.0962076615813586,0.0,0.11423220973782772,0.033784659350427765,0.15535714285714297,0.844642857142857,0.03850176736624776,0.2361913042618108,0.0727273959840801,0.02336141349359866,0.014981273408239737,0.6398500177633569,0.36891385767790263,True,False,True,True,False
epilepsiae_442,epilepsiae,20260726,static_shuffle,534,15,0.0851435705368289,0.0646370002794221,0.1147117339056364,0.509172809196789,0.8726591760299609,0.8726591760299609,0.0851435705368289,0.0803628437996193,0.1352589463606255,0.3532564241820564,0.8726591760299609,0.8726591760299609,0.0591760299625468,0.051631612508765,0.0292134831460674,0.0859092928082441,0.0,0.11235955056179775,0.0302466765427616,0.09464285714285725,0.9053571428571427,0.034124887312990786,0.5131784833194196,0.061249340800471966,0.004196456904410062,0.020599250936329583,0.6590149743525455,0.3333333333333333,True,False,True,True,False
epilepsiae_442,epilepsiae,20260726,history_h1,534,15,0.0886392009987515,0.065019790728031,0.1187173767266733,0.4685281760999863,0.8726591760299609,0.8726591760299609,0.0886392009987515,0.0797949895279382,0.1419216140303119,0.3380949565415503,0.8726591760299609,0.8726591760299609,0.0591760299625468,0.051631612508765,0.0262172284644194,0.0839784886016944,0.0,0.11985018726591762,0.029577791394819475,0.1357142857142859,0.8642857142857141,0.03377148404148779,0.5209963415264645,0.06078038886491347,0.009359951060770366,0.0037453183520598787,0.6538514801961852,0.350187265917603,True,False,True,True,False
epilepsiae_442,epilepsiae,20260726,history_h2,534,15,0.0848938826466916,0.0595503129241585,0.1125002389147763,0.5376636580747977,0.8726591760299609,0.8726591760299609,0.0848938826466916,0.0740111629734086,0.1346225702036297,0.4146426320939892,0.8726591760299609,0.8726591760299609,0.0591760299625468,0.051631612508765,0.0262172284644194,0.0863783749214531,0.0,0.11797752808988765,0.030009013233079133,0.11250000000000027,0.8874999999999997,0.03405236889245758,0.529859053350518,0.05797114214035107,0.00011857275101800901,0.0018726591760299116,0.6630928585059376,0.352059925093633,True,False,True,True,False
epilepsiae_442,epilepsiae,20260726,constant_stop,534,15,0.1071161048689138,0.064542100238296,0.1201538122812869,0.4552193867768191,-1.273408239700375,-1.273408239700375,0.1071161048689138,0.0800283925977777,0.1431814412260173,0.3787252404636888,-1.273408239700375,-1.273408239700375,0.2132334581772784,0.1914493657176851,0.0307116104868913,0.1246278250163953,0.0674157303370786,0.16853932584269665,0.025506494870244756,0.12500000000000022,0.8749999999999998,0.03350094436281781,0.5092641140359576,0.061969661424195056,0.00432626178294282,0.02558548801949373,0.6675376930398984,0.3795180722891566,True,False,True,True,False
epilepsiae_442,epilepsiae,20260726,no_termination,534,15,0.346816479400749,0.0807149478271335,0.1340779489009532,0.381075284820732,5.202247191011235,5.202247191011235,0.346816479400749,0.0913589186714135,0.1511797766907639,0.3654423985536064,5.202247191011235,5.202247191011235,0.346816479400749,0.1917880213854308,0.0534332084893882,0.0682759411018631,0.0,0.23220973782771537,0.021745294493636214,0.23750000000000016,0.7624999999999998,0.034371142875645355,0.41240137824814727,0.1479053471637306,0.0824226786602571,0.15355805243445692,0.7456341099172127,0.20037453183520598,True,False,True,True,False
epilepsiae_548,epilepsiae,20260726,full_constructive,1397,12,0.0529706513958482,0.0942551110149036,0.1682172424930459,0.6927936544398894,0.3035075161059417,0.3035075161059417,0.0529706513958482,0.119718477575211,0.2164560796984073,-0.0663561999416877,0.3035075161059417,0.3035075161059417,0.0252922930088284,0.0330732717740044,0.0523741350513004,,0.0,0.29634931997136726,0.06278752536019644,0.25174825174825166,0.7482517482517483,0.044952309032583355,0.42756220336161477,,,,,,False,True,False,False,False
epilepsiae_548,epilepsiae,20260726,static_only,1397,12,0.0481985206394654,0.0945847227938867,0.1681530215327107,0.6925492880840122,0.3035075161059417,0.3035075161059417,0.0481985206394654,0.1173315060850591,0.2078314248844278,0.1075685687175254,0.3035075161059417,0.3035075161059417,0.0252922930088284,0.0330732717740044,0.0522548317823908,,0.0,0.2992125984251969,0.06443758775653316,0.2832167832167831,0.7167832167832169,0.047413391588459974,0.27235117648671775,,,,,,False,True,False,False,False
epilepsiae_548,epilepsiae,20260726,static_shuffle,1397,12,0.0445001193032689,0.0955438215304103,0.1692943880897465,0.6550332195937281,0.3035075161059417,0.3035075161059417,0.0445001193032689,0.1189485379141504,0.2105367491426573,-0.0038290506743137,0.3035075161059417,0.3035075161059417,0.0252922930088284,0.0330732717740044,0.0518969219756621,,0.0,0.2956335003579098,0.06296936467553779,0.26923076923076916,0.7307692307692308,0.046001587464189794,0.42923366929091605,,,,,,False,True,False,False,False
epilepsiae_548,epilepsiae,20260726,history_h1,1397,12,0.0468861846814602,0.095623614934079,0.1711581042018659,0.6633193180565613,0.3035075161059417,0.3035075161059417,0.0468861846814602,0.1204100726003167,0.2158449682604715,-0.0764475562926133,0.3035075161059417,0.3035075161059417,0.0252922930088284,0.0330732717740044,0.0532092579336673,,0.0,0.30350751610594134,0.06362370286113818,0.28671328671328666,0.7132867132867133,0.044449634457873026,0.4635763986397698,,,,,,False,True,False,False,False
epilepsiae_548,epilepsiae,20260726,history_h2,1397,12,0.0504652827487473,0.0951206071485562,0.170347659049508,0.6695919281287298,0.3035075161059417,0.3035075161059417,0.0504652827487473,0.1204352550681338,0.2170954218141871,-0.0889418692934544,0.3035075161059417,0.3035075161059417,0.0252922930088284,0.0330732717740044,0.0540443808160343,,0.0,0.3006442376521117,0.06299029538806321,0.2552447552447552,0.7447552447552448,0.0446558008269379,0.42879490250199176,,,,,,False,True,False,False,False
epilepsiae_548,epilepsiae,20260726,constant_stop,1397,12,0.103853495585779,0.0971585877308789,0.1853593609885906,0.4592194165053676,-1.2462419470293489,-1.2462419470293489,0.103853495585779,0.1210241589621024,0.2263090543463572,-0.0623012302235184,-1.2462419470293489,-1.2462419470293489,0.2058577905034598,0.199979623894272,0.0579813886900501,,0.1188260558339298,0.33786685755189694,0.005045885571337394,0.34615384615384603,0.653846153846154,0.045850582182616874,0.4394909261451747,,,,,,False,True,False,False,False
epilepsiae_548,epilepsiae,20260726,no_termination,1397,12,0.3660820806490097,0.1160011128241083,0.2020120551687028,0.2996254254768366,4.392984967788117,4.392984967788117,0.3660820806490097,0.1287454902570659,0.2362274638278832,-0.0657045397221567,4.392984967788117,4.392984967788117,0.3660820806490097,0.2132645116785684,0.0734908136482939,,0.0,0.23979957050823197,0.08066383346633249,0.4755244755244754,0.5244755244755246,0.0458312766585027,0.45642391376840147,,,,,,False,True,False,False,False
epilepsiae_583,epilepsiae,20260726,full_constructive,1566,7,0.090676883780332,0.0940492317285246,0.1455534653494368,0.6247991409462886,0.1060025542784162,0.1060025542784162,0.090676883780332,0.1778746368114097,0.2519937642993715,-0.4556424052674413,0.1060025542784162,0.1060025542784162,0.0156905674147053,0.028634270749061,0.0932311621966794,0.1865485994964474,0.0,0.1123882503192849,0.08307611546518706,0.3928571428571428,0.6071428571428572,0.06930719948769946,0.6826310540264589,0.2473435966913725,0.23705737077684091,0.12835249042145602,0.46599092471785847,0.6845466155810983,True,True,True,True,True
epilepsiae_583,epilepsiae,20260726,static_only,1566,7,0.0784528370735267,0.0922093969464742,0.1506519440134322,0.6516865383535438,0.1060025542784162,0.1060025542784162,0.0784528370735267,0.1482924868517575,0.2034236567749455,-0.301643897221134,0.1060025542784162,0.1060025542784162,0.0156905674147053,0.028634270749061,0.0870279146141215,0.1999467500642055,0.0,0.0938697318007663,0.08240877019858922,0.357142857142857,0.642857142857143,0.07002892507890653,0.6068358575521898,0.24879527944841534,0.22455993357478915,0.13984674329501923,0.47848836191991023,0.6730523627075351,True,True,True,True,True
epilepsiae_583,epilepsiae,20260726,static_shuffle,1566,7,0.0987046159459952,0.0984455023769761,0.1581895184648768,0.5762426931598078,0.1060025542784162,0.1060025542784162,0.0987046159459952,0.1832145413973958,0.2724121822324222,-0.62359376157816,0.1060025542784162,0.1060025542784162,0.0156905674147053,0.028634270749061,0.0946907498631636,0.1997171801073589,0.0,0.09961685823754796,0.08607745118232221,0.4107142857142856,0.5892857142857144,0.07158678787652825,0.6205485059353254,0.26410906361776554,0.2352388832613389,0.1500638569604087,0.4678094122333605,0.6628352490421456,True,True,True,True,True
epilepsiae_583,epilepsiae,20260726,history_h1,1566,7,0.0649516511585476,0.0980403816776086,0.15870651418141,0.572762471968704,0.1060025542784162,0.1060025542784162,0.0649516511585477,0.1821170031874518,0.2527475924273494,-0.4706229218593025,0.1060025542784162,0.1060025542784162,0.0156905674147053,0.028634270749061,0.0910417806969531,0.200853205322169,0.0,0.10727969348659006,0.0853809593078744,0.3928571428571428,0.6071428571428572,0.06785471663519561,0.6753990994678674,0.25548476655656804,0.24333266365806472,0.13665389527458494,0.45971563183663466,0.6762452107279694,True,True,True,True,True
epilepsiae_583,epilepsiae,20260726,history_h2,1566,7,0.0842911877394635,0.0965697141200032,0.1497094123134939,0.596193953318617,0.1060025542784162,0.1060025542784162,0.0842911877394636,0.1821966498231787,0.2580282951302568,-0.4625280130138578,0.1060025542784162,0.1060025542784162,0.0156905674147053,0.028634270749061,0.0928662652800583,0.1942919563587835,0.0,0.11111111111111116,0.08435599129178134,0.3928571428571428,0.6071428571428572,0.0687149522044265,0.6723291035611952,0.253453780336302,0.23984405077455911,0.13409961685823757,0.46320424472014027,0.6787994891443168,True,True,True,True,True
epilepsiae_583,epilepsiae,20260726,constant_stop,1566,7,0.1068235723408137,0.1195728137625565,0.244310401959674,0.0105689828303007,-0.6915708812260539,-0.6915708812260539,0.1068235723408137,0.2106412067321735,0.3311427279487698,-0.4087787169519609,-0.6915708812260535,-0.6915708812260535,0.2151979565772669,0.3001774814213531,0.1080094873198321,0.361380517978254,0.2081736909323116,0.18326947637292468,0.0779969063323617,0.4642857142857142,0.5357142857142858,0.06874550573983224,0.6385591485878018,0.26249375471173575,0.20938391922110672,0.14515717051868338,0.49366437627359266,0.667741935483871,True,True,True,True,True
epilepsiae_583,epilepsiae,20260726,no_termination,1566,7,0.3505747126436781,0.2113733159488746,0.3105021432897798,-0.2588568285032522,2.4540229885057467,2.4540229885057467,0.3505747126436781,0.2551109020713695,0.3576914771317965,-0.4473784599084298,2.454022988505747,2.454022988505747,0.3505747126436782,0.3082803111301228,0.20069330414158,0.4308492246494272,0.0,0.007024265644955285,0.11628938034751249,0.9285714285714286,0.07142857142857144,0.07650517590085185,0.4771796970937372,0.44565459980813626,0.3043683730975973,0.2407407407407408,0.3986799223971021,0.5721583652618135,True,True,True,True,True
epilepsiae_590,epilepsiae,20260726,full_constructive,997,16,0.1943329989969909,0.0667098487243304,0.0798880884319891,0.4502207593456761,-0.062186559679036,-0.062186559679036,0.1943329989969909,0.0683116648838404,0.1148948066038012,-0.0632428771010825,-0.062186559679036,-0.062186559679036,0.0072216649949849,0.0395374859982554,0.027457372116349,0.0897910418969697,0.0010030090270812,0.0020060180541624506,0.0890726582232151,0.11911764705882355,0.8808823529411764,0.05745882239252457,0.3908562090872235,0.055324964044143554,0.05179738431254166,0.0737483534942176,0.5414590046621145,0.47289156626506024,True,True,True,True,True
epilepsiae_590,epilepsiae,20260726,static_only,997,16,0.0908976930792377,0.0516822003751176,0.075048596076195,0.513781645718074,-0.062186559679036,-0.062186559679036,0.0908976930792377,0.0643190051025664,0.1012031868185497,-0.1640804743851507,-0.062186559679036,-0.062186559679036,0.0072216649949849,0.0395374859982554,0.0239468405215646,0.100579868534091,0.0010030090270812,0.040120361083249734,0.10465326415018482,0.05441176470588238,0.9455882352941176,0.05882321681115131,0.24589883910442337,0.05311064115279397,0.07201078719073373,0.03057566273116541,0.5212456017839224,0.5160642570281124,True,True,True,True,True
epilepsiae_590,epilepsiae,20260726,static_shuffle,997,16,0.1955867602808425,0.0648294336627193,0.0812126710486828,0.4634178403875872,-0.062186559679036,-0.062186559679036,0.1955867602808425,0.0643874668988471,0.1139882877729176,-0.0362170878134833,-0.062186559679036,-0.062186559679036,0.0072216649949849,0.0395374859982554,0.0263289869608826,0.093049997553596,0.0010030090270812,0.004012036108325012,0.09058790392899911,0.12058823529411766,0.8794117647058823,0.05803954588351609,0.39993367512780337,0.05271606934013237,0.05704509384377432,0.0837885141367879,0.5362112951308818,0.46285140562248994,True,True,True,True,True
epilepsiae_590,epilepsiae,20260726,history_h1,997,16,0.1496990972918756,0.0557401449013692,0.0750874248252143,0.5096580472678367,-0.062186559679036,-0.062186559679036,0.1496990972918756,0.072971749804392,0.1198622611476,-0.0891343706876715,-0.062186559679036,-0.062186559679036,0.0072216649949849,0.0395374859982554,0.0240722166499498,0.096612993046576,0.0010030090270812,0.0020060180541624506,0.09550081789304299,0.05147058823529416,0.9485294117647058,0.055890117709441495,0.4346716667332068,0.0489798675257443,0.06590737718588369,0.042623855502249675,0.5273490117887725,0.5040160642570282,True,True,True,True,True
epilepsiae_590,epilepsiae,20260726,history_h2,997,16,0.176654964894684,0.0603054704149833,0.0730614987691438,0.5243874189287573,-0.062186559679036,-0.062186559679036,0.176654964894684,0.0739520046721367,0.122810691951765,-0.0568078165827577,-0.062186559679036,-0.062186559679036,0.0072216649949849,0.0395374859982554,0.0244483450351053,0.0882465801404749,0.0010030090270812,0.006018054162487463,0.09089123400255257,0.07941176470588251,0.9205882352941175,0.056886573692182904,0.40328673565356354,0.04668505559616386,0.0531717702479072,0.06571622498016139,0.540084618726749,0.48092369477911645,True,True,True,True,True
epilepsiae_590,epilepsiae,20260726,constant_stop,997,16,0.0982948846539619,0.0890482821214158,0.1667607215931823,0.0002002719098226,-1.4583751253761283,-1.4583751253761283,0.0982948846539618,0.1245923323092338,0.2168302343770836,-0.1381626323919373,-1.4583751253761283,-1.4583751253761283,0.2454864593781343,0.3349477603922252,0.024197592778335,0.1729233489206089,0.1143430290872617,0.07021063189568705,0.10836348147017774,0.38088235294117645,0.6191176470588236,0.046580471570702706,0.6054428546056365,0.07387415805474833,0.10649829079111778,0.017346490206747056,0.4867580981835384,0.5639864099660249,True,True,True,True,True
epilepsiae_590,epilepsiae,20260726,no_termination,997,16,0.429037111334002,0.1657689073802547,0.2185272924977404,-0.0479688396307886,6.864593781344032,6.864593781344032,0.429037111334002,0.1813180759224166,0.248667064584257,-0.1284899401098204,6.864593781344032,6.864593781344032,0.429037111334002,0.3464277399563801,0.091148445336008,0.1125051400477529,0.0,0.10030090270812442,0.13724815305795252,0.5573529411764706,0.4426470588235294,0.040245511995330996,0.6417870003184252,0.1783924535780347,0.16346613958603257,0.2708124373119358,0.4297902493886236,0.8174523570712137,True,True,True,True,True
epilepsiae_620,epilepsiae,20260726,full_constructive,4482,9,0.0565967573999702,0.0918991862084399,0.1576112815096583,0.2846395719020717,-0.0568942436412314,-0.0568942436412314,0.0565967573999702,0.1322261878633554,0.2155052381383717,-0.1353753496378209,-0.0568942436412314,-0.0568942436412314,0.0066190688680648,0.006044643387084,0.069413456294313,0.1122045958970973,0.0,0.18206157965194103,0.1020364037952936,0.2583333333333333,0.7416666666666667,0.04361276663378586,0.6773783207837835,0.18323294848026742,0.04033117993411495,0.22891566265060237,0.9338620410393935,0.5821062025881303,True,True,True,True,True
epilepsiae_620,epilepsiae,20260726,static_only,4482,9,0.1230353512816698,0.0603534844096816,0.1056652809123929,0.6194428297461619,-0.0568942436412314,-0.0568942436412314,0.1230353512816699,0.0782854155208591,0.1360257762065704,0.0406436866512429,-0.0568942436412314,-0.0568942436412314,0.0066190688680648,0.006044643387084,0.0570677772819673,0.1228602254953823,0.0,0.1305220883534136,0.11105491601668159,0.08333333333333337,0.9166666666666666,0.04399019741941713,0.647964721845319,0.1528903338931388,0.03927534938016042,0.1898705934850513,0.934917871593348,0.5430611334225792,True,True,True,True,True
epilepsiae_620,epilepsiae,20260726,static_shuffle,4482,9,0.0717685557042986,0.0812051427037639,0.1436596050023721,0.3315780060034614,-0.0568942436412314,-0.0568942436412314,0.0717685557042986,0.1184303405409703,0.1983082394830163,-0.1746332644590704,-0.0568942436412314,-0.0568942436412314,0.0066190688680648,0.006044643387084,0.0664881749219098,0.1076102228552818,0.0,0.1744756804997769,0.10335582270461638,0.16666666666666674,0.8333333333333333,0.04380491757374156,0.645002261420172,0.17481973575246884,0.040572630322751824,0.216421240517626,0.9336205906507566,0.5696117804551539,True,True,True,True,True
epilepsiae_620,epilepsiae,20260726,history_h1,4482,9,0.0676037483266399,0.0863086074859888,0.1428925299825754,0.3167556030916041,-0.0568942436412314,-0.0568942436412314,0.0676037483266398,0.1186377486002341,0.1879997478190395,-0.1594872331093857,-0.0568942436412314,-0.0568942436412314,0.0066190688680648,0.006044643387084,0.0695621994149437,0.1180305879568516,0.0,0.17157518964747875,0.1050463961377798,0.2666666666666666,0.7333333333333334,0.043180549454436855,0.6545680687471733,0.18057625978169495,0.04253566870688552,0.22936189201249435,0.931657552266623,0.5825524319500223,True,True,True,True,True
epilepsiae_620,epilepsiae,20260726,history_h2,4482,9,0.0566463384401804,0.0922251609011027,0.1569860224024327,0.2740289285707172,-0.0568942436412314,-0.0568942436412314,0.0566463384401804,0.1310238209798948,0.2122833036790642,-0.1573574505084915,-0.0568942436412314,-0.0568942436412314,0.0066190688680648,0.006044643387084,0.0708513064604095,0.1124121800188613,0.0,0.1840696117804551,0.1036522815294264,0.275,0.725,0.04417107801139371,0.6596788783355949,0.18793929498996104,0.04156362722858309,0.23672467648371265,0.9326295937449254,0.5899152164212406,True,True,True,True,True
epilepsiae_620,epilepsiae,20260726,constant_stop,4482,9,0.1834498487778273,0.103535908402254,0.1939270114333686,0.1820577926873661,-1.570281124497992,-1.570281124497992,0.1834498487778273,0.1431820552065935,0.2525835939357639,-0.1463872309823865,-1.570281124497992,-1.570281124497992,0.1945560017849174,0.1494769708341991,0.0650503247558133,0.1930289452513273,0.1508255243195002,0.23605533244087462,0.0952756282711634,0.2833333333333333,0.7166666666666667,0.049252133613476926,0.6270013568521032,0.17740347036867102,0.06410314428347408,0.22878528770303963,0.9100900766900344,0.5819758276405675,True,True,True,True,True
epilepsiae_620,epilepsiae,20260726,no_termination,4482,9,0.2511031781446775,0.1581234438377721,0.2257237914008163,0.0955499233371021,2.259928603302097,2.259928603302097,0.2511031781446775,0.1883209088426765,0.2717148075551032,-0.1341434141287895,2.259928603302097,2.259928603302097,0.2511031781446775,0.1493903637921537,0.1620308394070107,0.1229167625426446,0.0,0.20348058902275767,0.14045320650513704,0.375,0.625,0.05838101551462749,0.49626865671641796,0.3763873531617122,0.15936871756019966,0.5524319500223115,0.8148245034133088,0.9056224899598394,False,True,True,True,True
epilepsiae_635,epilepsiae,20260726,full_constructive,1023,10,0.0495601173020527,0.0854052860650708,0.1253075476102194,0.3091433119658409,0.075268817204301,0.075268817204301,0.0495601173020527,0.084009597393682,0.1334526031817356,0.6889665195301089,0.075268817204301,0.075268817204301,0.0120234604105571,0.044656249770745,0.0326490713587487,,0.0,0.03323558162267848,0.07108692870371483,0.36363636363636376,0.6363636363636362,0.04288383913893381,0.7871648705161284,,,,,,False,True,False,False,False
epilepsiae_635,epilepsiae,20260726,static_only,1023,10,0.0843597262952101,0.0636166641543952,0.0924935898604805,0.296058402758996,0.075268817204301,0.075268817204301,0.0843597262952101,0.0657548467354027,0.1005217857219769,0.6055860466159059,0.075268817204301,0.075268817204301,0.0120234604105571,0.044656249770745,0.0318670576735092,,0.0,0.0488758553274683,0.08010503904858035,0.19999999999999996,0.8,0.04503127857917977,0.757112306497527,,,,,,False,True,False,False,False
epilepsiae_635,epilepsiae,20260726,static_shuffle,1023,10,0.0976539589442815,0.0687084951613987,0.0900335179679499,0.3770185767479084,0.075268817204301,0.075268817204301,0.0976539589442815,0.0988264039861534,0.1629398250300274,0.4500948754215395,0.075268817204301,0.075268817204301,0.0120234604105571,0.044656249770745,0.0236559139784946,,0.0,0.0029325513196480912,0.07066759696948147,0.26060606060606073,0.7393939393939393,0.0479341136481128,0.7374746665135056,,,,,,False,True,False,False,False
epilepsiae_635,epilepsiae,20260726,history_h1,1023,10,0.0505376344086021,0.0712951896093001,0.1022683473041616,0.2891692416023694,0.075268817204301,0.075268817204301,0.0505376344086021,0.0850520401638065,0.1365442990438524,0.6450946857341203,0.075268817204301,0.075268817204301,0.0120234604105571,0.044656249770745,0.032258064516129,,0.0,0.032258064516129115,0.07315957715655863,0.2787878787878788,0.7212121212121212,0.04161984003867402,0.8020699434071951,,,,,,False,True,False,False,False
epilepsiae_635,epilepsiae,20260726,history_h2,1023,10,0.0489736070381231,0.0799137052684354,0.1165392669829427,0.2848014290933678,0.075268817204301,0.075268817204301,0.0489736070381231,0.0870914318581887,0.1461671492041043,0.6692097024257129,0.075268817204301,0.075268817204301,0.0120234604105571,0.044656249770745,0.0336265884652981,,0.0,0.03421309872922784,0.07156809072443618,0.3151515151515153,0.6848484848484847,0.04112580734011096,0.7963370317937344,,,,,,False,True,False,False,False
epilepsiae_635,epilepsiae,20260726,constant_stop,1023,10,0.1375366568914956,0.1190183035740949,0.2359158242875863,0.1872438827430989,-0.7653958944281527,-0.7653958944281527,0.1375366568914956,0.1505628416627718,0.2336340541407305,0.7214815003985702,-0.7653958944281527,-0.7653958944281527,0.2135874877810361,0.3293694933193349,0.0475073313782991,,0.1700879765395894,0.155425219941349,0.09137693758773381,0.6000000000000001,0.39999999999999997,0.04596557272816355,0.7565177570394822,,,,,,False,True,False,False,False
epilepsiae_635,epilepsiae,20260726,no_termination,1023,10,0.4326490713587487,0.2187990580015876,0.2799219356390164,0.1465988931652538,4.326490713587488,4.326490713587488,0.4326490713587487,0.2178192625726543,0.2478292480498287,0.7098245771145846,4.326490713587488,4.326490713587488,0.4326490713587487,0.3573327306113735,0.1714565004887585,,0.0,0.06842619745845557,0.1489433418843713,0.7272727272727273,0.2727272727272727,0.06563757062621935,0.6068231034177144,,,,,,False,True,False,False,False
epilepsiae_922,epilepsiae,20260726,full_constructive,16728,8,0.1390483022477283,0.1246366422291875,0.1835405784984506,0.6248511069261028,0.290530846484935,0.290530846484935,0.1390483022477283,0.1747129050066247,0.2362601119782081,0.233660342658008,0.290530846484935,0.290530846484935,0.0363910808225729,0.0273139170726839,0.1199934241989478,0.0803833218900015,0.0,0.2644667623146819,0.03088649954761241,0.23809523809523792,0.7619047619047621,0.05712123164882153,0.7208771547996226,0.0909693369319657,0.11904712147155305,0.18848637015781922,0.7777764193165504,0.2999163079866093,True,True,True,True,True
epilepsiae_922,epilepsiae,20260726,static_only,16728,8,0.1766499282639885,0.1208402282320537,0.1733635556158925,0.6790891066232297,0.290530846484935,0.290530846484935,0.1766499282639885,0.1812428584541263,0.2495303547790666,-0.1336077565220775,0.290530846484935,0.290530846484935,0.0363910808225729,0.0273139170726839,0.1192162840746054,0.0974823276782903,0.0,0.22387613582018168,0.048913977498011796,0.2499999999999999,0.7500000000000001,0.06171420620367225,0.7167024119933244,0.10492242834249942,0.10440724836646098,0.18418220946915348,0.7631365462114583,0.29561214729794355,True,True,True,True,True
epilepsiae_922,epilepsiae,20260726,static_shuffle,16728,8,0.2066146580583452,0.0989333184449337,0.1363540983136508,0.8360137891482593,0.290530846484935,0.290530846484935,0.2066146580583452,0.1441791671549525,0.1959030717462946,0.5907541475642898,0.290530846484935,0.290530846484935,0.0363910808225729,0.0273139170726839,0.1089490674318507,0.0820112050260181,0.0,0.20767575322812049,0.044852758688913835,0.23809523809523792,0.7619047619047621,0.06192473656483267,0.6728217362326193,0.08908904505090298,0.10615356907603757,0.15620516499282638,0.7648828669210349,0.26763510282161646,True,True,True,True,True
epilepsiae_922,epilepsiae,20260726,history_h1,16728,8,0.1514377092300334,0.1219754389822581,0.1834887483062259,0.6338684902382031,0.290530846484935,0.290530846484935,0.1514377092300334,0.1719242521920831,0.2427434723284083,0.169127916267983,0.290530846484935,0.290530846484935,0.0363910808225729,0.0273139170726839,0.1204716642754662,0.0834288328424576,0.0,0.25866810138689617,0.02937913435357481,0.23809523809523792,0.7619047619047621,0.05970815148952836,0.7002328222410054,0.09283774181832276,0.1174935375723748,0.18226924916307985,0.7762228354173721,0.2936991869918699,True,True,True,True,True
epilepsiae_922,epilepsiae,20260726,history_h2,16728,8,0.143203012912482,0.1244111083332635,0.1843332613251048,0.6247877850320962,0.290530846484935,0.290530846484935,0.143203012912482,0.1741548844472848,0.2380082246751502,0.2241500846325254,0.290530846484935,0.290530846484935,0.0363910808225729,0.0273139170726839,0.1212039693926351,0.0796155325294449,0.0,0.26829268292682923,0.029668620711073707,0.23809523809523792,0.7619047619047621,0.05802190219548328,0.7128258651017618,0.09072484329230965,0.12201251353516995,0.18735054997608797,0.7807418113801673,0.29878048780487804,True,True,True,True,True
epilepsiae_922,epilepsiae,20260726,constant_stop,16728,8,0.1995083094213295,0.1249238281428187,0.1972645078213298,0.5730957696328197,-0.8828909612625537,-0.8828909612625537,0.1995083094213295,0.1780158931392296,0.2453819921355838,0.2398019312750371,-0.8828909612625537,-0.8828909612625537,0.1799901362984218,0.2071007111458977,0.1364329268292682,0.1478993711712717,0.1759923481587757,0.329507412721186,0.025891124037368346,0.2499999999999999,0.7500000000000001,0.06394516801137157,0.6378869379139817,0.1085482689858406,0.10107533537530533,0.1542404045972111,0.7598046332203027,0.2656703424260012,True,True,True,True,True
epilepsiae_922,epilepsiae,20260726,no_termination,16728,8,0.3309421329507412,0.1580001569564155,0.2193054649446235,0.4924625099767004,2.64753706360593,2.64753706360593,0.3309421329507412,0.1893539219968598,0.2541227611395819,0.2241001769035764,2.64753706360593,2.64753706360593,0.3309421329507412,0.2293991315340355,0.1873953849832615,0.1795920963553633,0.0,0.3743424198947871,0.04166127140604778,0.488095238095238,0.511904761904762,0.07433621926899175,0.48296269113520385,0.17857721374898647,0.1686134127814064,0.12248923959827833,0.8273427106264037,0.2339191774270684,True,True,True,True,True
epilepsiae_958,epilepsiae,20260726,full_constructive,24684,16,0.082885168530222,0.0513765480267503,0.0767160629913636,0.5094893521609921,0.2738210986874083,0.2738210986874083,0.082885168530222,0.0622890614480104,0.0958171647260897,0.4531908267563272,0.2738210986874083,0.2738210986874083,0.0171442027224112,0.0103014273711366,0.0322273537514179,0.0875457065098462,0.0,0.022767784799870294,0.06895360986696988,0.08823529411764697,0.911764705882353,0.024347607524127526,0.5496295355625701,0.09754319342742152,0.010430562549068823,0.09423108086209692,0.7397874630645456,0.44312105007292174,True,True,True,True,True
epilepsiae_958,epilepsiae,20260726,static_only,24684,16,0.0548761343380327,0.0447257785175361,0.0726325068959509,0.7168867419284928,0.2738210986874083,0.2738210986874083,0.0548761343380327,0.0546334209602313,0.0894216915678947,0.7655881985339992,0.2738210986874083,0.2738210986874083,0.0171442027224112,0.0103014273711366,0.0297662453411116,0.0885021364207556,0.0,0.01259925457786415,0.06924069245214694,0.05294117647058827,0.9470588235294117,0.026045149014515663,0.44238063630944885,0.078000589085666,0.00844339139686634,0.0735294117647059,0.7378002919123431,0.46382271917031276,True,True,True,True,True
epilepsiae_958,epilepsiae,20260726,static_shuffle,24684,16,0.0881466739588397,0.0523801775414551,0.0771940914820537,0.483177696727226,0.2738210986874083,0.2738210986874083,0.0881466739588397,0.0637501699005886,0.0966489436864142,0.4167164039496381,0.2738210986874083,0.2738210986874083,0.0171442027224112,0.0103014273711366,0.0322121617241938,0.0873131477980779,0.0,0.01981040350024299,0.0687924848049988,0.09558823529411753,0.9044117647058825,0.024545083532457903,0.5323546577089447,0.09692367985131585,0.01056397595181846,0.09410954464430404,0.7399208764672952,0.4432425862907146,True,True,True,True,True
epilepsiae_958,epilepsiae,20260726,history_h1,24684,16,0.054734342083941,0.046232764086137,0.0726440550593125,0.6366992765540711,0.2738210986874083,0.2738210986874083,0.054734342083941,0.0568647215880545,0.0897646383466216,0.6449088046929278,0.2738210986874083,0.2738210986874083,0.0171442027224112,0.0103014273711366,0.0305106546750931,0.0875150479714456,0.0,0.026940528277426656,0.0685490853416437,0.08235294117647052,0.9176470588235295,0.023959292830892633,0.6343082230824724,0.08533706145791906,0.012262678037884722,0.08065953654188951,0.7416195785533615,0.45669259439312915,True,True,True,True,True
epilepsiae_958,epilepsiae,20260726,history_h2,24684,16,0.0685337668125101,0.0488016511126362,0.0745030606127577,0.5587064609696694,0.2738210986874083,0.2738210986874083,0.0685337668125101,0.0598225354652354,0.0930929804789111,0.5117251722563656,0.2738210986874083,0.2738210986874083,0.0171442027224112,0.0103014273711366,0.0312449359909252,0.0874584217233136,0.0,0.02685950413223137,0.06829370613041055,0.08676470588235285,0.9132352941176471,0.024114825166691133,0.586826906377651,0.09101273896088702,0.010393488797335815,0.08823529411764708,0.7397503893128126,0.4491168368173716,True,True,True,True,True
epilepsiae_958,epilepsiae,20260726,constant_stop,24684,16,0.1513303151839248,0.0486569789895991,0.072789326533113,0.5619740642007485,-2.421285042942797,-2.421285042942797,0.1513303151839248,0.060080249907193,0.0941968125736136,0.4720834985293241,-2.421285042942797,-2.421285042942797,0.2165699440933398,0.1518842144404902,0.0274013531032247,0.1339998339577954,0.0881542699724518,0.08807324582725651,0.06067976228609147,0.12352941176470589,0.8764705882352941,0.024110052931885884,0.5956636380842908,0.09800836534824653,0.004602948868748014,0.08689007300006218,0.7247539516467287,0.4504620579349565,True,True,True,True,True
epilepsiae_958,epilepsiae,20260726,no_termination,24684,16,0.3019795211473019,0.0593828540528213,0.0831801871913057,0.5425236590706761,4.83167233835683,4.83167233835683,0.3019795211473019,0.0682729378580301,0.1021804915708309,0.4566982308698048,4.83167233835683,4.83167233835683,0.3019795211473018,0.1567580404776373,0.0473535488575595,0.1064434003674581,0.0,0.18133203694701017,0.061389266461082184,0.33676470588235285,0.6632352941176471,0.024220058726962142,0.5640737354983153,0.17299144936235042,0.06426593105545853,0.15459406903257172,0.6650909694600182,0.38275806190244693,True,True,True,True,True
yuquan_chengshuai,yuquan,20260726,full_constructive,5516,8,0.1231417693981145,0.0542263960567765,0.0796041469939414,0.8823932531101388,0.5416968817984049,0.5416968817984049,0.1231417693981145,0.0446732367861694,0.0726567282901122,0.8630463212184126,0.5416968817984049,0.5416968817984049,0.0678027556200145,0.0770870805775831,0.0639503263234227,0.0776953019453913,0.0001812907904278,0.00942712110224797,0.01923717084196397,0.08333333333333326,0.9166666666666667,0.04092731252132785,0.7871544904009183,0.09841340363172223,0.003019054108138297,0.07171502073914049,0.991726545840253,0.5800543970988215,True,False,True,True,False
yuquan_chengshuai,yuquan,20260726,static_only,5516,8,0.1741298042059463,0.0451024750731336,0.0507892973723757,0.9185934528096472,0.5416968817984049,0.5416968817984049,0.1741298042059463,0.0394234580564378,0.0500309650386832,0.8697162682478891,0.5416968817984049,0.5416968817984049,0.0678027556200145,0.0770870805775831,0.0655819434372733,0.0674976311238315,0.0001812907904278,0.00580130529369105,0.02387650831742287,0.04761904761904767,0.9523809523809523,0.04321809240328607,0.9006973436711473,0.07772933056187287,0.003192492410908243,0.04506044231665629,0.991553107537483,0.5533998186763373,True,False,True,True,False
yuquan_chengshuai,yuquan,20260726,static_shuffle,5516,8,0.1227791878172588,0.0538560361884463,0.0795404302358792,0.8808926197110557,0.5416968817984049,0.5416968817984049,0.1227791878172588,0.0445127989739393,0.0733288997088345,0.8598533724678248,0.5416968817984049,0.5416968817984049,0.0678027556200145,0.0770870805775831,0.0637237128353879,0.0779424575397197,0.0001812907904278,0.013778100072516286,0.01953022270070215,0.13095238095238082,0.8690476190476192,0.041015210867116264,0.7850900334672405,0.09893451948048042,0.003007586415252672,0.07171502073914049,0.9917380135331386,0.5800543970988215,True,False,True,True,False
yuquan_chengshuai,yuquan,20260726,history_h1,5516,8,0.144941986947063,0.0549392002418917,0.0715432051282525,0.9005728658863565,0.5416968817984049,0.5416968817984049,0.1449419869470631,0.0400835219627501,0.0576763504768429,0.8815382773731862,0.5416968817984049,0.5416968817984049,0.0678027556200145,0.0770870805775831,0.0662617839013778,0.0776860391768831,0.0001812907904278,0.018672951414068162,0.019199577779869997,0.08333333333333326,0.9166666666666667,0.04550491179455668,0.7477921781987976,0.09551576375657109,0.00301500448193881,0.06319280859045506,0.9917305954664525,0.571532184950136,True,False,True,True,False
yuquan_chengshuai,yuquan,20260726,history_h2,5516,8,0.1303480783176214,0.0559742693438745,0.079094961200467,0.8900976950080682,0.5416968817984049,0.5416968817984049,0.1303480783176214,0.0446766663695871,0.0700754609052146,0.8702046319075892,0.5416968817984049,0.5416968817984049,0.0678027556200145,0.0770870805775831,0.0658085569253081,0.0819726228601769,0.0001812907904278,0.015409717186366911,0.019784067736402428,0.08333333333333326,0.9166666666666667,0.043148612112261966,0.7668857310486166,0.09993337622059742,0.002901386584167498,0.0668192818452148,0.9918442133642238,0.5751586582048958,True,False,True,True,False
yuquan_chengshuai,yuquan,20260726,constant_stop,5516,8,0.2071247280638143,0.0882878487498282,0.1046673051610899,0.9084065452913916,-0.486947063089195,-0.486947063089195,0.2071247280638143,0.0822639726301547,0.1012204767068871,0.895760305706574,-0.486947063089195,-0.486947063089195,0.1984227701232777,0.271629670397728,0.0571065989847715,0.0689845890681408,0.1865482233502538,0.09318346627991303,0.04435303960616757,0.1428571428571428,0.8571428571428572,0.05608755540423273,0.6644110564885942,0.07433821645431324,0.003085520162788069,0.007372680694029743,0.9916600797856032,0.5157120570537107,True,False,True,True,False
yuquan_chengshuai,yuquan,20260726,no_termination,5516,8,0.3927891588107324,0.134046526293372,0.1252515118605852,0.9073301811910977,3.142313270485859,3.142313270485859,0.3927891588107324,0.1328884783876532,0.1182116719537375,0.9076550519322572,3.142313270485859,3.142313270485859,0.3927891588107324,0.3080229648658019,0.187454677302393,0.1956366100230531,0.0,0.10369833212472807,0.0516626316372311,0.20238095238095233,0.7976190476190477,0.07500414120840648,0.4669449924301509,0.2052364269201966,0.006335105850050926,0.0500362581580856,0.9884104940983404,0.45830311820159536,True,False,True,True,False
yuquan_chenziyang,yuquan,20260726,full_constructive,1922,10,0.0514047866805411,0.0640111094268182,0.1163154225925753,0.5901240145539469,-0.1467221644120711,-0.1467221644120711,0.0514047866805411,0.09480618561113,0.1625353579899433,0.0706307080103887,-0.1467221644120711,-0.1467221644120711,0.014672216441207,0.0188498883429628,0.0477627471383975,,0.0005202913631633,0.010405827263267442,0.09392189173376041,0.10909090909090913,0.8909090909090909,0.06973114776063306,0.5511035827043635,,,,,,False,True,False,False,False
yuquan_chenziyang,yuquan,20260726,static_only,1922,10,0.0681581685744016,0.066253076303478,0.1189175548579162,0.5446402450822149,-0.1467221644120711,-0.1467221644120711,0.0681581685744016,0.095126379088403,0.1632246484469064,0.0527568592364287,-0.1467221644120711,-0.1467221644120711,0.014672216441207,0.0188498883429628,0.0530697190426638,,0.0005202913631633,0.013527575442247697,0.0960878904107808,0.13333333333333341,0.8666666666666666,0.07101787128646224,0.5193012911787964,,,,,,False,True,False,False,False
yuquan_chenziyang,yuquan,20260726,static_shuffle,1922,10,0.082726326742976,0.0645774336731378,0.1129751665189957,0.6245017044033488,-0.1467221644120711,-0.1467221644120711,0.082726326742976,0.0940465901244379,0.1592058701342703,0.163681731267458,-0.1467221644120711,-0.1467221644120711,0.014672216441207,0.0188498883429628,0.0499479708636836,,0.0005202913631633,0.019250780437044757,0.09383339492609918,0.07878787878787885,0.9212121212121211,0.07125701787014851,0.4489422026057102,,,,,,False,True,False,False,False
yuquan_chenziyang,yuquan,20260726,history_h1,1922,10,0.0566077003121748,0.0654536446700171,0.1183963125906197,0.5422120098642106,-0.1467221644120711,-0.1467221644120711,0.0566077003121748,0.0957638373387662,0.1639219195030955,0.0501573814109506,-0.1467221644120711,-0.1467221644120711,0.014672216441207,0.0188498883429628,0.050156087408949,,0.0005202913631633,0.012486992715920908,0.09467267612039809,0.10909090909090913,0.8909090909090909,0.0699719591843606,0.5454455353386427,,,,,,False,True,False,False,False
yuquan_chenziyang,yuquan,20260726,history_h2,1922,10,0.0533818938605619,0.0640848158730045,0.1164486480867614,0.5804098280403721,-0.1467221644120711,-0.1467221644120711,0.0533818938605619,0.0946153247638137,0.1625293832073024,0.0828634384144751,-0.1467221644120711,-0.1467221644120711,0.014672216441207,0.0188498883429628,0.0490114464099896,,0.0005202913631633,0.013007284079084303,0.09411235092296896,0.10909090909090913,0.8909090909090909,0.06984975057871169,0.5419073104682344,,,,,,False,True,False,False,False
yuquan_chenziyang,yuquan,20260726,constant_stop,1922,10,0.1139438085327783,0.0743158609197268,0.1258429266039606,0.3789490483982375,-1.1373569198751303,-1.1373569198751303,0.1139438085327783,0.1085092280168149,0.1643528652019857,0.0573659815758662,-1.1373569198751303,-1.1373569198751303,0.1997918834547346,0.239478066630822,0.0518210197710718,,0.1576482830385015,0.0655567117585848,0.09853227338392857,0.08484848484848495,0.915151515151515,0.07355735792137867,0.3961130232713416,,,,,,False,True,False,False,False
yuquan_chenziyang,yuquan,20260726,no_termination,1922,10,0.3764308012486993,0.0991849403343056,0.1418811570571597,0.2271393679474606,3.764308012486993,3.764308012486993,0.3764308012486993,0.1183557537936765,0.1765474708064768,-0.0116789998484047,3.764308012486993,3.764308012486993,0.3764308012486992,0.2621115349099977,0.0873048907388137,,0.0,0.11238293444328828,0.111969448459482,0.23030303030303045,0.7696969696969695,0.07290849433883582,0.30891076026085956,,,,,,False,True,False,False,False
yuquan_gaolan,yuquan,20260726,full_constructive,599,12,0.0350584307178631,0.0431845827605491,0.0617354239108196,0.8798767781687463,0.1669449081803007,0.1669449081803007,0.0350584307178631,0.0591358317461628,0.0767099638637943,0.8487656976660398,0.1669449081803007,0.1669449081803007,0.0186421814134668,0.0250743277354584,0.0286588759042849,,0.0,0.08180300500834725,0.03012442383827718,0.18181818181818177,0.8181818181818182,0.03808842406470022,0.6852439238978563,,,,,,False,True,False,False,False
yuquan_gaolan,yuquan,20260726,static_only,599,12,0.0584307178631051,0.0534493135768469,0.0783767528213402,0.8357114316680232,0.1669449081803007,0.1669449081803007,0.0584307178631052,0.0753519858648501,0.1112162932518383,0.6909985819717048,0.1669449081803007,0.1669449081803007,0.0186421814134668,0.0250743277354584,0.0292153589315525,,0.0,0.11519198664440733,0.04324073668454553,0.09090909090909083,0.9090909090909092,0.0470419478968382,0.4569838097465997,,,,,,False,True,False,False,False
yuquan_gaolan,yuquan,20260726,static_shuffle,599,12,0.0353366722314969,0.0436803762322629,0.0624857707783109,0.878689172605291,0.1669449081803007,0.1669449081803007,0.0353366722314969,0.0594289023852277,0.0770627092999056,0.849203550509019,0.1669449081803007,0.1669449081803007,0.0186421814134668,0.0250743277354584,0.0297718419588202,,0.0,0.08013355592654425,0.029555155599067143,0.18181818181818188,0.8181818181818181,0.0378215782008025,0.6935097942578442,,,,,,False,True,False,False,False
yuquan_gaolan,yuquan,20260726,history_h1,599,12,0.0386755703951029,0.0465698868838132,0.0654872983241178,0.8750469178395324,0.1669449081803007,0.1669449081803007,0.0386755703951029,0.0631002626779325,0.0853863862624009,0.8257566227089667,0.1669449081803007,0.1669449081803007,0.0186421814134668,0.0250743277354584,0.0292153589315525,,0.0,0.0767946577629382,0.03536382969104171,0.1748251748251748,0.8251748251748252,0.03938677513041201,0.6729923954865645,,,,,,False,True,False,False,False
yuquan_gaolan,yuquan,20260726,history_h2,599,12,0.0289371174179187,0.0456435959340341,0.0634965485871785,0.8640193908498341,0.1669449081803007,0.1669449081803007,0.0289371174179187,0.0622163767374949,0.0802783429155023,0.8255927484628859,0.1669449081803007,0.1669449081803007,0.0186421814134668,0.0250743277354584,0.0292153589315525,,0.0,0.0717863105175292,0.03080277501362781,0.17832167832167822,0.8216783216783218,0.038641628056046255,0.679570830861004,,,,,,False,True,False,False,False
yuquan_gaolan,yuquan,20260726,constant_stop,599,12,0.1035058430717863,0.045739042109587,0.0654195662502644,0.8966728730006087,-1.2420701168614352,-1.2420701168614352,0.1035058430717863,0.0589297678314548,0.0755493349464519,0.8784789333450372,-1.2420701168614352,-1.2420701168614352,0.1989426822481914,0.1926273193896266,0.0269894268224819,,0.1068447412353923,0.13856427378964942,0.014142489152154006,0.23426573426573416,0.7657342657342658,0.034685363251498263,0.7565077252967188,,,,,,False,True,False,False,False
yuquan_gaolan,yuquan,20260726,no_termination,599,12,0.3554535336672231,0.0866611520231288,0.0792232661594932,0.8879564653961627,4.265442404006678,4.265442404006678,0.3554535336672231,0.0822344540293795,0.0762339659359407,0.8948055582337999,4.265442404006678,4.265442404006678,0.3554535336672231,0.2112136640268005,0.062047857540345,,0.0,0.20868113522537562,0.014776780430447417,0.32167832167832155,0.6783216783216784,0.03729629620359506,0.7458320640774594,,,,,,False,True,False,False,False
yuquan_hanyuxuan,yuquan,20260726,full_constructive,1094,22,0.0404686720957287,0.0488838149269709,0.0714467218954566,0.6408042710927833,0.1170018281535636,0.1170018281535636,0.0404686720957287,0.0547195281820759,0.0791356321394677,0.6398544237788698,0.1170018281535636,0.1170018281535636,0.0073126142595977,0.0231544243628013,0.019029416652817,,0.0,0.08135283363802559,0.07860368829692482,0.14850367024280064,0.8514963297571994,0.023404473238671373,0.3669002292667793,,,,,,False,True,False,False,False
yuquan_hanyuxuan,yuquan,20260726,static_only,1094,22,0.0545122153897291,0.0562917412114661,0.0835714147613872,0.4880876501990434,0.1170018281535636,0.1170018281535636,0.054512215389729,0.0641475397499521,0.0963369808680256,0.4006961755782799,0.1170018281535636,0.1170018281535636,0.0073126142595977,0.0231544243628013,0.0214392554429117,,0.0,0.12157221206581359,0.0799043822357947,0.1987577639751552,0.8012422360248448,0.024113898614389357,0.24603275371329952,,,,,,False,True,False,False,False
yuquan_hanyuxuan,yuquan,20260726,static_shuffle,1094,22,0.0516868871530663,0.0506304883233656,0.0729758960625776,0.6256527611464218,0.1170018281535636,0.1170018281535636,0.0516868871530663,0.0564790309279308,0.0820640202846276,0.610109868028807,0.1170018281535636,0.1170018281535636,0.0073126142595977,0.0231544243628013,0.0187801229848761,,0.0,0.08135283363802559,0.07878831612385805,0.1586674195369846,0.8413325804630154,0.023283953105447862,0.3760673363414115,,,,,,False,True,False,False,False
yuquan_hanyuxuan,yuquan,20260726,history_h1,1094,22,0.0423799235499418,0.0525335921131162,0.0764420189243665,0.5827602396059982,0.1170018281535636,0.1170018281535636,0.0423799235499418,0.0594494579453253,0.0863083939278756,0.5592952600702888,0.1170018281535636,0.1170018281535636,0.0073126142595977,0.0231544243628013,0.0199434934352667,,0.0,0.11425959780621575,0.07991604955305898,0.15471485036702415,0.8452851496329759,0.023543537456382095,0.32941871844476067,,,,,,False,True,False,False,False
yuquan_hanyuxuan,yuquan,20260726,history_h2,1094,22,0.042130629882001,0.0495712735647712,0.0729547888089447,0.6277487357174081,0.1170018281535636,0.1170018281535636,0.042130629882001,0.0554494545355596,0.0814222575036765,0.6202219453712164,0.1170018281535636,0.1170018281535636,0.0073126142595977,0.0231544243628013,0.0192787103207578,,0.0,0.09323583180987205,0.07905706634183864,0.15358554488989262,0.8464144551101074,0.02341834209000919,0.35750628644887783,,,,,,False,True,False,False,False
yuquan_hanyuxuan,yuquan,20260726,constant_stop,1094,22,0.1808210071464185,0.0454675491080563,0.0605708342974186,0.731191259792971,-3.884826325411336,-3.884826325411336,0.1808210071464185,0.0495624446383923,0.0688728202837405,0.7183701426594306,-3.884826325411336,-3.884826325411336,0.2410669768987867,0.1589842483057784,0.0196941997673259,,0.0667276051188299,0.13802559414990867,0.05689726814198727,0.12252964426877455,0.8774703557312254,0.023745718405408983,0.34728135571365515,,,,,,False,True,False,False,False
yuquan_hanyuxuan,yuquan,20260726,no_termination,1094,22,0.3173508392886821,0.045294497373031,0.0617600227862952,0.7074684441915786,6.981718464351005,6.981718464351005,0.3173508392886821,0.0475715032217023,0.0661533157111202,0.7175687295185568,6.981718464351005,6.981718464351005,0.317350839288682,0.1628960918957558,0.0178660462024264,,0.0,0.13254113345521024,0.08275818066852758,0.2919254658385092,0.7080745341614908,0.023527175152440863,0.2922854043198585,,,,,,False,True,False,False,False
yuquan_huanghanwen,yuquan,20260726,full_constructive,92,10,0.1032608695652173,0.0856620216631818,0.1359959538440574,0.3157131894298628,0.0978260869565215,0.0978260869565215,0.1032608695652173,0.1037806143004028,0.185216143286942,0.0482864134046063,0.0978260869565215,0.0978260869565215,0.0122282608695652,0.0269648058973901,0.0565217391304347,0.0837926234513175,0.0,0.06521739130434778,0.009769114488791614,0.35757575757575766,0.6424242424242423,0.06621080451608978,0.3733669436802937,0.08850463776962553,0.03912613818921873,0.06521739130434778,0.6272816873685749,0.4782608695652174,True,True,True,True,True
yuquan_huanghanwen,yuquan,20260726,static_only,92,10,0.1315217391304347,0.0840811732902659,0.1389336883327231,0.2912201496452536,0.0978260869565215,0.0978260869565215,0.1315217391304348,0.1033353204685905,0.181883599820966,0.0633017893957687,0.0978260869565215,0.0978260869565215,0.0122282608695652,0.0269648058973901,0.0630434782608695,0.106246361942841,0.0,0.0,0.01555953367876918,0.4121212121212122,0.5878787878787878,0.06399352169658366,0.3518119554990411,0.08564204377583534,0.03927356253529268,0.054347826086956486,0.627134263022501,0.4891304347826087,True,True,True,True,True
yuquan_huanghanwen,yuquan,20260726,static_shuffle,92,10,0.1576086956521739,0.0875466337386883,0.1441633700611425,0.2474552290833763,0.0978260869565215,0.0978260869565215,0.1576086956521739,0.1075128169854464,0.2023454418231134,-0.182344621600879,0.0978260869565215,0.0978260869565215,0.0122282608695652,0.0269648058973901,0.05,0.0881390689537631,0.0,0.06521739130434778,0.00956459133617757,0.2787878787878788,0.7212121212121212,0.06406529776772187,0.3889449082108847,0.09370439015551724,0.06076435096991506,0.06521739130434778,0.6056434745878786,0.4782608695652174,True,True,True,True,True
yuquan_huanghanwen,yuquan,20260726,history_h1,92,10,0.1097826086956521,0.0864284223418372,0.1457647728102028,0.2256254684595608,0.0978260869565215,0.0978260869565215,0.1097826086956521,0.1061268514287572,0.1934715259338208,-0.108550673119807,0.0978260869565215,0.0978260869565215,0.0122282608695652,0.0269648058973901,0.0608695652173913,0.0875319635170373,0.0,0.021739130434782594,0.007597452148454226,0.23636363636363655,0.7636363636363634,0.0635076887157384,0.3840938462515956,0.0912549762762038,0.04783988120268434,0.054347826086956486,0.6185679443551093,0.4891304347826087,True,True,True,True,True
yuquan_huanghanwen,yuquan,20260726,history_h2,92,10,0.1010869565217391,0.0888130035355558,0.1435169151073958,0.248702717243512,0.0978260869565215,0.0978260869565215,0.1010869565217391,0.1079101909027591,0.1962614474478548,-0.0436908525613742,0.0978260869565215,0.0978260869565215,0.0122282608695652,0.0269648058973901,0.058695652173913,0.0812622959212883,0.0,0.054347826086956486,0.008928291200530555,0.3212121212121213,0.6787878787878787,0.06757082296111108,0.31627406305770583,0.09119277522555466,0.04401964103018663,0.06521739130434778,0.622388184527607,0.4782608695652174,True,True,True,True,True
yuquan_huanghanwen,yuquan,20260726,constant_stop,92,10,0.1260869565217391,0.0644833871166009,0.1312142330768476,0.4902373712202578,-0.3043478260869561,-0.3043478260869561,0.1260869565217391,0.0951342745400967,0.1545713146647107,0.4411256922817613,-0.3043478260869561,-0.3043478260869561,0.2434782608695652,0.3822636658921465,0.0347826086956521,0.1533119844120704,0.1630434782608695,0.06521739130434784,0.008512715852169353,0.21818181818181825,0.7818181818181817,0.059677254676189694,0.4482413177826996,0.08900875908421702,0.008649474906940124,0.07989836250705817,0.6750573004647338,0.6233766233766234,True,True,True,True,True
yuquan_huanghanwen,yuquan,20260726,no_termination,92,10,0.4608695652173913,0.10791292644305,0.1555134934260559,0.3091741020960783,4.608695652173913,4.608695652173913,0.4608695652173913,0.1100648323978502,0.1508975900763333,0.4924569790827531,4.608695652173913,4.608695652173913,0.4608695652173913,0.3948584423456187,0.1,0.0460099814165136,0.0,0.09782608695652173,0.029425174815462446,0.33939393939393947,0.6606060606060605,0.06161276344033485,0.3055328373401633,0.10666800207310377,0.015876133942785198,0.0652173913043479,0.6505316916150085,0.6086956521739131,True,True,True,True,True
yuquan_litengsheng,yuquan,20260726,full_constructive,129,24,0.0956072351421188,0.0924383698702131,0.1471252717408551,0.3754760800080614,0.1240310077519382,0.1240310077519382,0.0956072351421188,0.1080359424953689,0.1707084553986676,0.1067081229007008,0.1240310077519382,0.1240310077519382,0.0167958656330749,0.0690814835167044,0.0290697674418604,0.07347717220662,0.0,0.13953488372093026,0.048014456513692474,0.37,0.63,0.032854495503425014,0.3212602399925432,0.06348340590213293,0.07055030456200528,0.023255813953488302,0.6849452831324742,0.5271317829457365,True,True,True,True,True
yuquan_litengsheng,yuquan,20260726,static_only,129,24,0.1543927648578811,0.0853356838081152,0.1372633428704493,0.4711939952650619,0.1240310077519382,0.1240310077519382,0.1543927648578811,0.0971745533191232,0.1604521308771144,0.2127188585720336,0.1240310077519382,0.1240310077519382,0.0167958656330749,0.0690814835167044,0.026485788113695,0.0721477968635024,0.0,0.16279069767441867,0.0475328522310505,0.31434782608695655,0.6856521739130435,0.03647243924596398,0.07544959540159234,0.07347865472496333,0.05032649325403804,0.03875968992248058,0.7051690944404414,0.5116279069767442,True,True,True,True,True
yuquan_litengsheng,yuquan,20260726,static_shuffle,129,24,0.0917312661498708,0.0949699138476406,0.1506292286315503,0.3095116490820774,0.1240310077519382,0.1240310077519382,0.0917312661498708,0.1110890183320146,0.1764425277643433,-0.0112048313293826,0.1240310077519382,0.1240310077519382,0.0167958656330749,0.0690814835167044,0.0297157622739018,0.0855939103301701,0.0,0.16279069767441867,0.049280052072172696,0.4321739130434783,0.5678260869565217,0.03357602904902598,0.2513343244612439,0.07269059626643572,0.07851410627783129,0.007751937984496138,0.6769814814166482,0.5426356589147286,True,True,True,True,True
yuquan_litengsheng,yuquan,20260726,history_h1,129,24,0.1117571059431524,0.0947459243476145,0.1413121182419089,0.4086041894119688,0.1240310077519382,0.1240310077519382,0.1117571059431524,0.1080169543371635,0.1667404091617259,0.1449601659083302,0.1240310077519382,0.1240310077519382,0.0167958656330749,0.0690814835167044,0.0258397932816537,0.0873507968782555,0.0,0.13178294573643412,0.05120683684577778,0.34304347826086956,0.6569565217391304,0.0345823500723984,0.21488713202441287,0.07170064289310289,0.06571857056761943,0.06201550387596899,0.68977701712686,0.4883720930232558,True,True,True,True,True
yuquan_litengsheng,yuquan,20260726,history_h2,129,24,0.1027131782945736,0.089322113376352,0.1382980504138808,0.4784758811381293,0.1240310077519382,0.1240310077519382,0.1027131782945736,0.1035619794611011,0.1599662330610973,0.2733821069607714,0.1240310077519382,0.1240310077519382,0.0167958656330749,0.0690814835167044,0.0290697674418604,0.0737883204962422,0.0,0.11627906976744196,0.05042979020144874,0.3660869565217393,0.6339130434782607,0.03483519359712816,0.27025613881639265,0.06651954200040046,0.06153969577462082,0.0,0.6939558919198586,0.5503875968992248,True,True,True,True,True
yuquan_litengsheng,yuquan,20260726,constant_stop,129,24,0.1405038759689922,0.0932591550938348,0.1497111604224087,0.3349293574169386,-2.7984496124031004,-2.7984496124031004,0.1405038759689922,0.1085511547965494,0.1690770008047336,0.212478336227862,-2.7984496124031004,-2.7984496124031004,0.236111111111111,0.1962500622532249,0.0258397932816537,0.1525612032599823,0.0775193798449612,0.007751937984496138,0.041631380048600584,0.3856521739130435,0.6143478260869565,0.03339740761043965,0.27258226625803395,0.09440519926210257,0.0865699513219852,0.012637613184808827,0.6689256363724942,0.5630252100840336,True,True,True,True,True
yuquan_litengsheng,yuquan,20260726,no_termination,129,24,0.4043927648578811,0.1141081635374874,0.1614242071878496,0.2649012060802493,9.705426356589149,9.705426356589149,0.4043927648578811,0.1212296697794514,0.1733668183065708,0.1943101390009171,9.705426356589149,9.705426356589149,0.4043927648578811,0.2034899005042034,0.045219638242894,0.1283536131438467,0.0,0.03875968992248069,0.05132525539421454,0.4410311254608563,0.5589688745391437,0.03204433591893025,0.2608222087044447,0.20192984355041232,0.14727262912814842,0.14728682170542634,0.608222958566331,0.40310077519379844,True,True,True,True,True
yuquan_liyouran,yuquan,20260726,full_constructive,470,17,0.074217772215269,0.0963462057243652,0.1380288217272629,0.4098934970102224,0.104255319148935,0.104255319148935,0.0742177722152691,0.1117994817263672,0.1581161706745513,0.121013736298068,0.104255319148935,0.104255319148935,0.009136420525657,0.0309452762443777,0.0367959949937421,0.1050335214965027,0.0,0.17872340425531918,0.06267502672284561,0.2818627450980391,0.7181372549019609,0.027973282959195763,0.3862607765558521,0.10414866980071025,0.00911080009826859,0.13829787234042556,0.48876991561592203,0.5255319148936171,True,True,True,True,True
yuquan_liyouran,yuquan,20260726,static_only,470,17,0.0847309136420525,0.0859256464285871,0.127527165766871,0.6165286370125515,0.104255319148935,0.104255319148935,0.0847309136420525,0.0995408988336013,0.1483801828394402,0.3215198070826723,0.104255319148935,0.104255319148935,0.009136420525657,0.0309452762443777,0.0330413016270337,0.1037492029834173,0.0,0.1510638297872341,0.06277228548182831,0.18137254901960775,0.8186274509803922,0.027120227450243218,0.23465193080191651,0.09215036781482513,0.012404722670838697,0.12127659574468086,0.4854759930433519,0.5085106382978724,True,True,True,True,True
yuquan_liyouran,yuquan,20260726,static_shuffle,470,17,0.1105131414267834,0.0938262066612367,0.1367643003906686,0.43802470815315,0.104255319148935,0.104255319148935,0.1105131414267834,0.1094381720771547,0.1618378290850125,0.065793708915684,0.104255319148935,0.104255319148935,0.009136420525657,0.0309452762443777,0.0375469336670838,0.1098953830853076,0.0,0.16382978723404262,0.06520123939218968,0.3799019607843137,0.6200980392156863,0.029342766045889215,0.30358903823231004,0.1121589979123513,0.02753577398256979,0.14468085106382977,0.47034494173162084,0.5319148936170213,True,True,True,True,True
yuquan_liyouran,yuquan,20260726,history_h1,470,17,0.064956195244055,0.0919694125211532,0.1374083989731179,0.4367020138890007,0.104255319148935,0.104255319148935,0.064956195244055,0.1064924046878696,0.1579476011011159,0.1230562814362798,0.104255319148935,0.104255319148935,0.009136420525657,0.0309452762443777,0.0372966207759699,0.123654023339644,0.0,0.1510638297872341,0.06140469835316692,0.3039215686274509,0.6960784313725491,0.02736827612239858,0.3786480407969018,0.12336998929825928,0.027761605975796577,0.1680851063829787,0.47011910973839405,0.5553191489361702,True,True,True,True,True
yuquan_liyouran,yuquan,20260726,history_h2,470,17,0.0687108886107634,0.0958387676025662,0.136545419777551,0.4223463241620279,0.104255319148935,0.104255319148935,0.0687108886107634,0.1113525836236856,0.1573412053978702,0.1384570352536106,0.104255319148935,0.104255319148935,0.009136420525657,0.0309452762443777,0.0387984981226533,0.1139037476366895,0.0,0.16170212765957448,0.062207633809370354,0.33333333333333326,0.6666666666666667,0.02731246994603101,0.4041983081257178,0.122154440235665,0.02570551109670116,0.174468085106383,0.47217520461748946,0.5617021276595745,True,True,True,True,True
yuquan_liyouran,yuquan,20260726,constant_stop,470,17,0.151063829787234,0.0827000494106851,0.1317809454141013,0.4941945987847907,-2.470212765957447,-2.470212765957447,0.151063829787234,0.0965612498729647,0.1470625508933973,0.368184175414065,-2.470212765957447,-2.470212765957447,0.2346683354192741,0.20016413708625,0.0317897371714643,0.1470374699414484,0.0851063829787234,0.21276595744680848,0.04272850132030516,0.31862745098039214,0.6813725490196079,0.029326576533101677,0.282364498992843,0.09927588247228766,0.030423424800459065,0.11974270163285505,0.46745729091373156,0.5069767441860465,True,True,True,True,True
yuquan_liyouran,yuquan,20260726,no_termination,470,17,0.3237797246558198,0.1080951706079363,0.1519653271776804,0.3857970374611648,5.504255319148935,5.504255319148935,0.3237797246558198,0.116840049496255,0.1655188405113674,0.2852024870831974,5.504255319148935,5.504255319148935,0.3237797246558198,0.2026101579248288,0.0540675844806007,0.2080367906219911,0.0,0.05106382978723406,0.07099010520966242,0.5919117647058824,0.40808823529411764,0.031154973867547654,0.2216152242062453,0.21156184433312625,0.14346118423844834,0.10638297872340424,0.3544195314757423,0.49361702127659574,True,True,True,True,True
yuquan_pengzihang,yuquan,20260726,full_constructive,4525,12,0.101841620626151,0.1224937254642274,0.1835036754206002,0.2220939525006498,0.669613259668508,0.669613259668508,0.101841620626151,0.1562115504713139,0.2300769461187619,-0.0562211553840729,0.6696132596685089,0.6696132596685089,0.0561694290976058,0.0613624993990121,0.0537016574585635,0.0546633202669893,0.0002209944751381,0.029613259668508307,0.03315243947372601,0.388111888111888,0.611888111888112,0.03633696279897668,0.6662987191206404,0.0903260524297108,0.09242323326882385,0.08828084470302039,0.5212531856747818,0.4708222811671088,True,True,True,True,True
yuquan_pengzihang,yuquan,20260726,static_only,4525,12,0.1589318600368324,0.1182340256638589,0.162335857557914,0.38824339690216,0.669613259668508,0.669613259668508,0.1589318600368324,0.1447349293192287,0.201568720968306,-0.0356178347392508,0.6696132596685089,0.6696132596685089,0.0561694290976058,0.0613624993990121,0.0537016574585635,0.0522100485409392,0.0002209944751381,0.024751381215469603,0.042015400290736846,0.325174825174825,0.674825174825175,0.034972297737344664,0.7268928978976564,0.08907889960708448,0.09736538702169484,0.09933301092760038,0.5261953394276528,0.4818744473916888,True,True,True,True,True
yuquan_pengzihang,yuquan,20260726,static_shuffle,4525,12,0.1865193370165745,0.1216750364663478,0.171171200279762,0.2791644518136217,0.669613259668508,0.669613259668508,0.1865193370165745,0.1582095664723153,0.2334991896204342,-0.3104923768017926,0.6696132596685089,0.6696132596685089,0.0561694290976058,0.0613624993990121,0.0543646408839779,0.0639730914415291,0.0002209944751381,0.009502762430939227,0.03743862365684256,0.423076923076923,0.576923076923077,0.04130406631177544,0.5018648726367481,0.10159282051924903,0.10323535064574896,0.10773265725828118,0.532065303051707,0.4902740937223696,True,True,True,True,True
yuquan_pengzihang,yuquan,20260726,history_h1,4525,12,0.1241620626151012,0.1239054605654408,0.1766598808835335,0.2562051340756928,0.669613259668508,0.669613259668508,0.1241620626151013,0.1539780199825686,0.2187281006629548,-0.0462152228823804,0.6696132596685089,0.6696132596685089,0.0561694290976058,0.0613624993990121,0.0550644567219152,0.0585749020182843,0.0002209944751381,0.013701657458563554,0.03775041737221983,0.4475524475524475,0.5524475524475525,0.0370619808247665,0.63896403664629,0.09699003010094762,0.10078011318002089,0.1055222240133652,0.5296100655859789,0.4880636604774536,True,True,True,True,True
yuquan_pengzihang,yuquan,20260726,history_h2,4525,12,0.1099447513812154,0.1238437090666059,0.1824828568742794,0.2310740023177474,0.669613259668508,0.669613259668508,0.1099447513812154,0.1561310374266132,0.2268460707013548,-0.050461751062088,0.6696132596685089,0.6696132596685089,0.0561694290976058,0.0613624993990121,0.054659300184162,0.059073491041158,0.0002209944751381,0.028729281767955805,0.035066191723229875,0.40909090909090895,0.590909090909091,0.03710687417504382,0.6455475286178006,0.0977366091700679,0.09453556478203684,0.09491214443776835,0.5233655171879948,0.47745358090185674,True,True,True,True,True
yuquan_pengzihang,yuquan,20260726,constant_stop,4525,12,0.181049723756906,0.1398413215074005,0.225738116943018,0.0597403575572578,-1.0256353591160217,-1.0256353591160217,0.181049723756906,0.1741806373685533,0.2633894629699728,-0.0798632439853905,-1.0256353591160217,-1.0256353591160217,0.2179189686924493,0.2396398080068185,0.065598526703499,0.0683007122252225,0.1334806629834254,0.07955801104972376,0.03445571694246309,0.5419580419580419,0.4580419580419581,0.04221951099334045,0.4930220587801736,0.10130070862583623,0.10647417240521817,0.14206963214085938,0.5353041248111762,0.5246110686049478,True,True,True,True,True
yuquan_pengzihang,yuquan,20260726,no_termination,4525,12,0.3841804788213627,0.1936395276431796,0.2578692460269269,-0.0190002816196601,4.610165745856354,4.610165745856354,0.3841804788213627,0.2046503097021088,0.2827558392570488,-0.0932482355387209,4.610165745856354,4.610165745856354,0.3841804788213627,0.2445120071292716,0.1170902394106813,0.1273089738883878,0.0,0.12685082872928172,0.060804740127988754,0.7482517482517482,0.2517482517482518,0.05181931513007548,0.2889557316439038,0.29481534411991533,0.2300080098286632,0.34408839779005523,0.6588379622346212,0.7266298342541436,True,True,True,True,True
yuquan_songzishuo,yuquan,20260726,full_constructive,90,38,0.1222222222222222,0.1289914876541442,0.1897827476028244,0.4181411717279461,-1.3555555555555578,-1.3555555555555578,0.1222222222222222,0.1359818087967931,0.2041714915128157,0.2951039151438759,-1.3555555555555578,-1.3555555555555578,0.0387301587301587,0.0613197181378029,0.0298245614035087,0.1019666649434676,0.0,0.4222222222222223,0.02949776777769699,0.5671298829193567,0.4328701170806433,0.027743458578035042,0.06756664217315649,0.0448793601769005,0.0053774453439484615,0.0888888888888889,0.5813871278955811,0.43333333333333335,True,True,True,True,True
yuquan_songzishuo,yuquan,20260726,static_only,90,38,0.0888888888888888,0.1426709762286544,0.1995194156437671,0.3257170227893279,-1.3555555555555578,-1.3555555555555578,0.0888888888888888,0.1507245004441858,0.2160614208197932,0.151420473263967,-1.3555555555555578,-1.3555555555555578,0.0387301587301587,0.0613197181378029,0.0263157894736842,0.083269130842219,0.0,0.5,0.022266427276045594,0.5912572491519861,0.4087427508480139,0.026432307037324368,0.048376679887454886,0.035524390033174716,0.08094895771194999,0.13333333333333336,0.6677135309514796,0.4777777777777778,True,True,True,True,True
yuquan_songzishuo,yuquan,20260726,static_shuffle,90,38,0.1327485380116959,0.1294511675007446,0.1858130734941471,0.4293539791213449,-1.3555555555555578,-1.3555555555555578,0.1327485380116959,0.1366813932221689,0.1999027818980722,0.31055020280607,-1.3555555555555578,-1.3555555555555578,0.0387301587301587,0.0613197181378029,0.0304093567251462,0.0805127317451722,0.0,0.43333333333333335,0.030270792152461853,0.47401247401247404,0.525987525987526,0.027085548918466748,0.09257428551229602,0.025982017084305344,0.03618241441068537,0.0888888888888889,0.622946987650215,0.43333333333333335,True,True,True,True,True
yuquan_songzishuo,yuquan,20260726,history_h1,90,38,0.1052631578947368,0.1372334705544683,0.1984934304326676,0.3284785309721166,-1.3555555555555578,-1.3555555555555578,0.1052631578947368,0.1441777124071372,0.2132968120319071,0.1760434929472137,-1.3555555555555578,-1.3555555555555578,0.0387301587301587,0.0613197181378029,0.0298245614035087,0.0566463184548507,0.0,0.4666666666666667,0.02432049591539718,0.5023525549841339,0.49764744501586605,0.025264319172884863,0.14696059996486163,0.03771754412177009,0.0608474929022349,0.1111111111111111,0.6476120661417645,0.45555555555555555,True,True,True,True,True
yuquan_songzishuo,yuquan,20260726,history_h2,90,38,0.1187134502923976,0.132230785509054,0.1910593914787866,0.4041299228105095,-1.3555555555555578,-1.3555555555555578,0.1187134502923976,0.139529407545378,0.2058947884767698,0.2684402688392361,-1.3555555555555578,-1.3555555555555578,0.0387301587301587,0.0613197181378029,0.0309941520467836,0.0907998223373072,0.0,0.4555555555555556,0.026101040921368793,0.550060181639129,0.44993981836087105,0.026749731594709347,0.0959527457968282,0.03824878122895446,0.022979843992267712,0.07777777777777778,0.6097444172317973,0.4222222222222222,True,True,True,True,True
yuquan_songzishuo,yuquan,20260726,constant_stop,90,38,0.1269005847953216,0.1226416292751086,0.1869485578150869,0.4854592372597291,-4.422222222222224,-4.422222222222224,0.1269005847953216,0.1325775396714817,0.1990114573393704,0.4251761309895676,-4.422222222222224,-4.422222222222224,0.260233918128655,0.136083349186589,0.0257309941520467,0.0809586415104983,0.0111111111111111,0.4444444444444445,0.004831382262042855,0.48375095743516794,0.5162490425648321,0.026784387657509852,0.12948160156136637,0.04646694366914226,0.03746554215577269,0.14993757802746566,0.6242301153953023,0.4943820224719101,True,True,True,True,True
yuquan_songzishuo,yuquan,20260726,no_termination,90,38,0.372514619883041,0.1272669410090111,0.1840849268660289,0.5023895871787663,14.155555555555557,14.155555555555557,0.372514619883041,0.131760650022815,0.1927559002473484,0.4554244725554877,14.155555555555557,14.155555555555557,0.3725146198830409,0.1293122215476821,0.0269005847953216,0.0342122130879214,0.0,0.38888888888888895,0.047859735872805995,0.46153846153846145,0.5384615384615385,0.024907135086965022,0.09699773236107848,0.11498778631816506,0.07285834679832293,0.21111111111111114,0.6596229200378525,0.5555555555555556,True,True,True,True,True
yuquan_sunyuanxin,yuquan,20260726,full_constructive,257,12,0.0528534370946822,0.1187940357742329,0.1813775186021096,0.5606968531377923,-0.1439688715953311,-0.1439688715953311,0.0528534370946822,0.1677339340110905,0.2426766309429089,-0.0131824792205266,-0.1439688715953311,-0.1439688715953311,0.0152399481193255,0.0372090312539128,0.046692607003891,,0.0,0.2957198443579767,0.09841112725157276,0.2902097902097901,0.7097902097902099,0.046568220234808846,0.5463278032893586,,,,,,False,True,False,False,False
yuquan_sunyuanxin,yuquan,20260726,static_only,257,12,0.0833333333333333,0.1166752533148554,0.1760430056025171,0.5996672025913845,-0.1439688715953311,-0.1439688715953311,0.0833333333333333,0.1558690251167625,0.2214415021910719,0.0896684177917908,-0.1439688715953311,-0.1439688715953311,0.0152399481193255,0.0372090312539128,0.0415045395590142,,0.0,0.2568093385214008,0.10447154454015303,0.2622377622377621,0.7377622377622379,0.04552891660132991,0.539659131762578,,,,,,False,True,False,False,False
yuquan_sunyuanxin,yuquan,20260726,static_shuffle,257,12,0.1105706874189364,0.1171033540402839,0.1809730107400111,0.644145411448144,-0.1439688715953311,-0.1439688715953311,0.1105706874189364,0.1596693881228681,0.2330448197355344,0.024732638167384,-0.1439688715953311,-0.1439688715953311,0.0152399481193255,0.0372090312539128,0.0460440985732814,,0.0,0.24902723735408566,0.10599107469539829,0.29020979020979,0.70979020979021,0.05003368919295092,0.44381907093790257,,,,,,False,True,False,False,False
yuquan_sunyuanxin,yuquan,20260726,history_h1,257,12,0.0496108949416342,0.1219312433241032,0.1867999727298636,0.5063127101040575,-0.1439688715953311,-0.1439688715953311,0.0496108949416342,0.1669980380158122,0.2402268222330363,-0.0214959683506151,-0.1439688715953311,-0.1439688715953311,0.0152399481193255,0.0372090312539128,0.0492866407263294,,0.0,0.28404669260700394,0.10158269610787372,0.3706293706293706,0.6293706293706294,0.04677585182759419,0.5090974469950573,,,,,,False,True,False,False,False
yuquan_sunyuanxin,yuquan,20260726,history_h2,257,12,0.0489623865110246,0.1208352750438347,0.1840707383650779,0.5201226172601866,-0.1439688715953311,-0.1439688715953311,0.0489623865110246,0.1684514099578597,0.240223113194095,-0.0191291983546312,-0.1439688715953311,-0.1439688715953311,0.0152399481193255,0.0372090312539128,0.049935149156939,,0.0,0.30350194552529186,0.1008929049273794,0.3356643356643355,0.6643356643356645,0.047770731180031646,0.5267202968077677,,,,,,False,True,False,False,False
yuquan_sunyuanxin,yuquan,20260726,constant_stop,257,12,0.1527237354085603,0.1311099730093151,0.2319297102687412,0.2986721729863488,-1.3891050583657591,-1.3891050583657591,0.1527237354085603,0.1677765595222084,0.2692143753337281,0.0357106407094022,-1.3891050583657591,-1.3891050583657591,0.2110894941634241,0.2301501939414773,0.0577172503242542,,0.1206225680933852,0.3190661478599222,0.07369492160758673,0.5419580419580419,0.45804195804195813,0.05699591569692489,0.37594361379753605,,,,,,False,True,False,False,False
yuquan_sunyuanxin,yuquan,20260726,no_termination,257,12,0.3540856031128405,0.1827871751022472,0.2545153020597438,0.1827869756063866,4.249027237354086,4.249027237354086,0.3540856031128405,0.2050286966736364,0.2842282581900344,-0.0395847292097902,4.249027237354086,4.249027237354086,0.3540856031128405,0.2398684725405468,0.1212710765239948,,0.0,0.33852140077821014,0.14273618847309294,0.7482517482517482,0.2517482517482518,0.059367133547092305,0.2868298214788286,,,,,,False,True,False,False,False
yuquan_wangyiyang,yuquan,20260726,full_constructive,384,22,0.0420217803030303,0.0347266898362614,0.0567901483873556,0.6685968309466571,-0.7734375,-0.7734375,0.0420217803030302,0.0389122228514712,0.0644830046190558,0.5919861489322109,-0.7734375,-0.7734375,0.0358664772727272,0.0574520045324727,0.0194128787878787,,0.0026041666666666,0.02864583333333337,0.09256510606154995,0.16770186335403725,0.8322981366459627,0.026710623297268515,0.22795284547387898,,,,,,False,True,False,False,False
yuquan_wangyiyang,yuquan,20260726,static_only,384,22,0.0545691287878787,0.040518058750558,0.0675117157323784,0.4722975051775404,-0.7734375,-0.7734375,0.0545691287878787,0.0471582328653965,0.0782134153610986,0.2605910882080897,-0.7734375,-0.7734375,0.0358664772727272,0.0574520045324727,0.0213068181818181,,0.0026041666666666,0.06770833333333337,0.10006332762600405,0.19424054206662889,0.8057594579333711,0.0264855913371392,0.1925360693714573,,,,,,False,True,False,False,False
yuquan_wangyiyang,yuquan,20260726,static_shuffle,384,22,0.063091856060606,0.0375151647961786,0.0582991565243948,0.6129932674059426,-0.7734375,-0.7734375,0.063091856060606,0.0442345811995645,0.0680267726258727,0.4775447580691185,-0.7734375,-0.7734375,0.0358664772727272,0.0574520045324727,0.0196496212121212,,0.0026041666666666,0.01041666666666663,0.09456407013489977,0.1953698475437604,0.8046301524562396,0.02733359855353962,0.180697138976024,,,,,,False,True,False,False,False
yuquan_wangyiyang,yuquan,20260726,history_h1,384,22,0.0363399621212121,0.0347951838047049,0.055917342420175,0.653448360982294,-0.7734375,-0.7734375,0.0363399621212121,0.0391922365100522,0.063492631092851,0.5533104224947308,-0.7734375,-0.7734375,0.0358664772727272,0.0574520045324727,0.0208333333333333,,0.0026041666666666,0.02083333333333337,0.09421524445022701,0.173348390739695,0.826651609260305,0.02605378309101361,0.29102084493061053,,,,,,False,True,False,False,False
yuquan_wangyiyang,yuquan,20260726,history_h2,384,22,0.0384706439393939,0.0338280138336738,0.056182047984366,0.670617981659632,-0.7734375,-0.7734375,0.0384706439393939,0.0382832743644416,0.0636324598717994,0.5869462582650938,-0.7734375,-0.7734375,0.0358664772727272,0.0574520045324727,0.0208333333333333,,0.0026041666666666,0.00520833333333337,0.09326211787951173,0.17617165443252403,0.823828345567476,0.026395362004349686,0.2519491998366749,,,,,,False,True,False,False,False
yuquan_wangyiyang,yuquan,20260726,constant_stop,384,22,0.1553030303030302,0.0388759857298404,0.0561307718160856,0.7349239120500471,-3.416666666666666,-3.416666666666666,0.1553030303030303,0.0430813093765664,0.0631978212911053,0.6838167141435174,-3.416666666666666,-3.416666666666666,0.2180397727272727,0.1235332412330654,0.0189393939393939,,0.0546875,0.03645833333333337,0.08574513249145407,0.13664596273291907,0.8633540372670809,0.026966201258910714,0.2366737772110602,,,,,,False,True,False,False,False
yuquan_wangyiyang,yuquan,20260726,no_termination,384,22,0.3025568181818181,0.0449287711071891,0.05896498015531,0.7697366869020996,6.65625,6.65625,0.3025568181818182,0.0493429346354971,0.0651386601516374,0.7234384383269749,6.65625,6.65625,0.3025568181818182,0.1264946144016774,0.0260416666666666,,0.0,0.234375,0.08917756938869693,0.28289102202145666,0.7171089779785433,0.025617980619733752,0.27780829878541585,,,,,,False,True,False,False,False
yuquan_xuxinyi,yuquan,20260726,full_constructive,1333,15,0.090372593148287,0.1388450626415132,0.1991168823054651,0.3623120262353605,-0.182295573893473,-0.182295573893473,0.090372593148287,0.1719676369943827,0.2450888068380879,-0.1828235005242889,-0.182295573893473,-0.182295573893473,0.0121530382595648,0.0214707216011881,0.0651162790697674,0.3249779374789822,0.0,0.078019504876219,0.05081491499810412,0.4928571428571429,0.5071428571428571,0.03317517479192421,0.4843259552151762,0.3703162901636435,0.222872574930302,0.277569392348087,0.5451973917466402,0.4988747186796699,True,True,True,True,True
yuquan_xuxinyi,yuquan,20260726,static_only,1333,15,0.0650662665666416,0.1335217230715195,0.1876189921121621,0.721412121522086,-0.182295573893473,-0.182295573893473,0.0650662665666416,0.1562061856660919,0.2158683621438987,0.0729543104915525,-0.182295573893473,-0.182295573893473,0.0121530382595648,0.0214707216011881,0.0660165041260315,0.3391391972844402,0.0,0.08777194298574642,0.050424715183067695,0.3339285714285716,0.6660714285714284,0.03412350950770609,0.4043781985879518,0.3822764802874761,0.2346840910555107,0.2813203300825206,0.5333858756214315,0.4951237809452363,True,True,True,True,True
yuquan_xuxinyi,yuquan,20260726,static_shuffle,1333,15,0.0922730682670667,0.1444059710181849,0.20327073915717,0.2913174750972802,-0.182295573893473,-0.182295573893473,0.0922730682670667,0.178312738431094,0.2514018348477231,-0.2799898661826798,-0.182295573893473,-0.182295573893473,0.0121530382595648,0.0214707216011881,0.0669167291822955,0.3290192328385038,0.0,0.09677419354838701,0.04911347232738418,0.5178571428571429,0.4821428571428571,0.033622374154073195,0.4742509284372793,0.37614737025102146,0.2262937735368713,0.2873218304576144,0.5417761931400709,0.4891222805701425,True,True,True,True,True
yuquan_xuxinyi,yuquan,20260726,history_h1,1333,15,0.0619654913728432,0.1384513330231145,0.1956976374964885,0.4928641810921547,-0.182295573893473,-0.182295573893473,0.0619654913728432,0.1667109115571239,0.2334931960252811,-0.1375071550930313,-0.182295573893473,-0.182295573893473,0.0121530382595648,0.0214707216011881,0.0634158539634908,0.3315773415693145,0.0,0.07201800450112528,0.050258845640880775,0.4178571428571429,0.5821428571428571,0.03164783966921313,0.502822989229827,0.3781423517432703,0.22917705725032156,0.2873218304576144,0.5388929094266206,0.4891222805701425,True,True,True,True,True
yuquan_xuxinyi,yuquan,20260726,history_h2,1333,15,0.0767691922980745,0.1416978859997782,0.2008565908720828,0.356323935049631,-0.182295573893473,-0.182295573893473,0.0767691922980745,0.1741762699714609,0.2442106814785875,-0.2011552935210324,-0.182295573893473,-0.182295573893473,0.0121530382595648,0.0214707216011881,0.0655163790947736,0.326991394487468,0.0,0.09002250562640657,0.04994694092408234,0.48750000000000004,0.5125,0.0317683466337716,0.5083262572375924,0.37174278383527315,0.2264760609806592,0.2798199549887471,0.541593905696283,0.4966241560390098,True,True,True,True,True
yuquan_xuxinyi,yuquan,20260726,constant_stop,1333,15,0.1821955488872218,0.1525835808736898,0.261090040837903,-0.123959253301838,-2.674418604651162,-2.674418604651162,0.1821955488872218,0.1944433814714461,0.297462339420848,-0.2027787677286272,-2.674418604651162,-2.674418604651162,0.2547136784196049,0.1858047335753366,0.067716929232308,0.3869026907393013,0.1125281320330082,0.03675918979744941,0.04583474753536148,0.5892857142857143,0.4107142857142857,0.0326772797791122,0.45942864881173295,0.39678153891146817,0.23070591170489563,0.3022260214250519,0.5373640549720465,0.474218089602705,True,True,True,True,True
yuquan_xuxinyi,yuquan,20260726,no_termination,1333,15,0.2817704426106527,0.1979006661268808,0.2936532189102731,-0.2287466350563013,4.22655663915979,4.22655663915979,0.2817704426106527,0.2145598365043152,0.313635397192408,-0.2165356031981442,4.22655663915979,4.22655663915979,0.2817704426106527,0.1791625210368548,0.0972243060765191,0.4334024375003836,0.0,0.10502625656414111,0.04562268833965944,0.7714285714285715,0.22857142857142854,0.0337889408175699,0.3912418620596932,0.4316984768142275,0.18036956422226358,0.1732933233308327,0.5877004024546786,0.6031507876969242,True,True,True,True,True
yuquan_zhangbichen,yuquan,20260726,full_constructive,1675,52,0.0528587830080367,0.086896707776891,0.1329841157110956,0.2972170599007465,-0.3020895522388045,-0.3020895522388045,0.0528587830080367,0.0926663687901371,0.1416091102098212,0.1107811301466461,-0.3020895522388045,-0.3020895522388045,0.0091848450057405,0.0331528692019238,0.0151320321469575,0.1504340328950505,0.0,0.25134328358208957,0.05353005482120183,0.3317254332792624,0.6682745667207376,0.008228234932380618,0.33933662774231876,0.17763229445249876,0.1460838071197021,0.10029850746268654,0.4109886447708448,0.43044776119402983,True,False,True,True,False
yuquan_zhangbichen,yuquan,20260726,static_only,1675,52,0.037451205510907,0.0853356905263256,0.1299602766066582,0.5010249740079001,-0.3020895522388045,-0.3020895522388045,0.0374512055109069,0.090330623373509,0.1377192232588057,0.3066422465025422,-0.3020895522388045,-0.3020895522388045,0.0091848450057405,0.0331528692019238,0.0151549942594718,0.1508163436012415,0.0,0.25671641791044775,0.05456611789357321,0.23943481601639216,0.7605651839836078,0.008864175906007632,0.11815757227072601,0.1787332842365211,0.14783269777805824,0.10507462686567165,0.40923975411248864,0.43522388059701494,True,False,True,True,False
yuquan_zhangbichen,yuquan,20260726,static_shuffle,1675,52,0.0648220436280137,0.0896264196881537,0.1369439572749145,0.1872293393484053,-0.3020895522388045,-0.3020895522388045,0.0648220436280137,0.096276687160929,0.1464559197065486,-0.0587447872404469,-0.3020895522388045,-0.3020895522388045,0.0091848450057405,0.0331528692019238,0.0156371986222732,0.1527428810998815,0.0,0.2674626865671642,0.05289872906693708,0.33684794672586027,0.6631520532741397,0.00835325082724709,0.3054659400969312,0.18019887266312434,0.1508710922407317,0.10089552238805971,0.4062013596498152,0.431044776119403,True,False,True,True,False
yuquan_zhangbichen,yuquan,20260726,history_h1,1675,52,0.0376349024110218,0.0868714691659701,0.1317304820416827,0.3688902386194706,-0.3020895522388045,-0.3020895522388045,0.0376349024110218,0.0921019235335888,0.139754001345425,0.1695044102523744,-0.3020895522388045,-0.3020895522388045,0.0091848450057405,0.0331528692019238,0.0147416762342135,0.1512820392804177,0.0,0.25671641791044775,0.05413114480772637,0.27900623239136,0.72099376760864,0.008239348423718339,0.3181962352897386,0.17758159050179992,0.1434271052063837,0.10686567164179106,0.4136453466841632,0.43701492537313436,True,False,True,True,False
yuquan_zhangbichen,yuquan,20260726,history_h2,1675,52,0.0429391504018369,0.0871228409314912,0.1326623443831281,0.3114216536033944,-0.3020895522388045,-0.3020895522388045,0.0429391504018369,0.0927000983901752,0.1410092662945825,0.1180529758683102,-0.3020895522388045,-0.3020895522388045,0.0091848450057405,0.0331528692019238,0.0147646383467278,0.1522182210451733,0.0,0.2585074626865672,0.05363430188705967,0.309442499786562,0.690557500213438,0.00819575383155594,0.3377081464017648,0.17922553079408535,0.14714625937435594,0.10388059701492536,0.40992619251619095,0.43402985074626865,True,False,True,True,False
yuquan_zhangbichen,yuquan,20260726,constant_stop,1675,52,0.130654420206659,0.0884060260680752,0.1382102324781217,0.1532289867945983,-6.777313432835822,-6.777313432835822,0.130654420206659,0.0943914916506621,0.1460891255473579,0.0613342871888565,-6.777313432835822,-6.777313432835822,0.2384615384615384,0.1080172726735414,0.0156831228473019,0.1673984446794713,0.026865671641791,0.32835820895522394,0.03774996495291709,0.37577904892000347,0.6242209510799965,0.00838877631330707,0.3101644702174104,0.18778667269753216,0.15721736674069453,0.12015749473491438,0.39985508514985235,0.4503067484662577,True,False,True,True,False
yuquan_zhangbichen,yuquan,20260726,no_termination,1675,52,0.3330769230769231,0.096167811601938,0.1475453572166478,0.0204775259551912,17.32,17.32,0.3330769230769231,0.0997995292467867,0.1540528365308399,-0.0314890306138993,17.32,17.32,0.3330769230769231,0.1079219549766735,0.0184385763490241,0.1608938242117673,0.0,0.28716417910447767,0.059395213718376985,0.5809784000683003,0.4190215999316998,0.008188515860406798,0.3000339285340912,0.20282976007170678,0.1727271286109841,0.1295522388059701,0.3843453232795628,0.4597014925373134,True,False,True,True,False
yuquan_zhangjiaqi,yuquan,20260726,full_constructive,9656,7,0.0712806249260267,0.0463957340280913,0.0704227193484608,0.8054012652818742,-0.0741507870753928,-0.0741507870753928,0.0712806249260267,0.0775525443143265,0.1244176726233809,0.5762864249626536,-0.0741507870753928,-0.0741507870753928,0.010592969582199,0.0091324158454933,0.0389099301692508,0.0214486750385686,0.0,0.09134217067108535,0.009014210718752191,0.07142857142857129,0.9285714285714287,0.023898809914787225,0.9231477691363078,0.058174072377347286,3.0146400170849574e-05,0.07694697597348799,0.9995688846057112,0.3630903065451533,True,True,True,True,True
yuquan_zhangjiaqi,yuquan,20260726,static_only,9656,7,0.0555982956562906,0.020109661127795,0.034672076424747,0.8493044662665094,-0.0741507870753928,-0.0741507870753928,0.0555982956562906,0.0257091581180542,0.0451811585348074,0.6636672208346629,-0.0741507870753928,-0.0741507870753928,0.010592969582199,0.0091324158454933,0.023553083205113,0.0142615892923813,0.0,0.03013670256835127,0.031489978319468315,0.035714285714285476,0.9642857142857145,0.03915971802335921,0.6224575948003803,0.03791985712897098,8.625505035630976e-05,0.04877796188898098,0.9994524831551841,0.3912593206296603,True,True,True,True,True
yuquan_zhangjiaqi,yuquan,20260726,static_shuffle,9656,7,0.0638832997987927,0.0393665215516973,0.064006545026576,0.7655544300340539,-0.0741507870753928,-0.0741507870753928,0.0638832997987927,0.0666253267413922,0.1163247711883589,0.4687712422353179,-0.0741507870753928,-0.0741507870753928,0.010592969582199,0.0091324158454933,0.0351520890046159,0.0207010041608316,0.0,0.07653272576636289,0.005100307930290315,0.08928571428571408,0.9107142857142859,0.026596452975318687,0.902067130577159,0.052503106871010785,2.574102921193422e-05,0.06855840927920465,0.9995644792347523,0.3714788732394366,True,True,True,True,True
yuquan_zhangjiaqi,yuquan,20260726,history_h1,9656,7,0.0567522783761391,0.0434837845830415,0.0650859077006215,0.7989548302403999,-0.0741507870753928,-0.0741507870753928,0.0567522783761392,0.0690090651037498,0.1094387970555491,0.5427079858899736,-0.0741507870753928,-0.0741507870753928,0.010592969582199,0.0091324158454933,0.0386436264646703,0.0217789912431501,0.0,0.09113504556752278,0.005114410377867973,0.07142857142857129,0.9285714285714287,0.023276888889866582,0.9204871060171919,0.06295298255090177,2.190392095036131e-06,0.07705053852526927,0.9995409285976354,0.362986743993372,True,True,True,True,True
yuquan_zhangjiaqi,yuquan,20260726,history_h2,9656,7,0.0692093738904012,0.0473204238091613,0.0705571029745207,0.8046770852597936,-0.0741507870753928,-0.0741507870753928,0.0692093738904012,0.077990133130637,0.1228690125696029,0.5667814332041838,-0.0741507870753928,-0.0741507870753928,0.010592969582199,0.0091324158454933,0.041099538406912,0.0278170018643268,0.0,0.09320629660314833,0.010111329589463841,0.07142857142857129,0.9285714285714287,0.02500210117422935,0.9194637740483013,0.06220921197049739,3.837734361278322e-05,0.07829328914664457,0.9995771155491532,0.3617439933719967,True,True,True,True,True
yuquan_zhangjiaqi,yuquan,20260726,constant_stop,9656,7,0.1675937980826133,0.0570518381469684,0.093265227098813,0.8130867329077304,-1.1731565865782931,-1.1731565865782931,0.1675937980826133,0.0872218350004196,0.1459506610395284,0.6099751522521231,-1.1731565865782931,-1.1731565865782931,0.194963901053379,0.1827452340113566,0.025387619836667,0.1212129553470864,0.2004971002485501,0.062241093620546806,0.02914725576260438,0.07142857142857129,0.9285714285714287,0.028496040130102603,0.9235571019238641,0.05171992464430907,0.0001560763151222666,0.0627056763010247,0.9993826618904181,0.3773316062176166,True,True,True,True,True
yuquan_zhangjiaqi,yuquan,20260726,no_termination,9656,7,0.2621612025091727,0.1019632705276559,0.1277007714010764,0.7919802011102706,1.835128417564209,1.835128417564209,0.2621612025091727,0.1284490655269892,0.1662591368075928,0.5998292741100905,1.835128417564209,1.835128417564209,0.2621612025091727,0.1890226469708218,0.1135341460527873,0.0788527692446097,0.0,0.23187655343827673,0.0045684228615713585,0.12499999999999989,0.8750000000000001,0.03469618836888675,0.8867171510437986,0.23318908684190898,0.00022703286514580423,0.2603562551781276,0.9993117053403946,0.17968102734051367,True,True,True,True,True
yuquan_zhangkexuan,yuquan,20260726,full_constructive,1590,26,0.0624576681180455,0.1562895071543837,0.2367288200219784,0.1079697402960637,-0.1660377358490556,-0.1660377358490556,0.0624576681180454,0.1751980626803158,0.2599262430159234,-0.2879764103148148,-0.1660377358490556,-0.1660377358490556,0.0107402031930333,0.0117659970853848,0.0285921625544267,0.1100895442881725,0.0,0.589937106918239,0.05321618930844105,0.37435897435897436,0.6256410256410256,0.022622444331635305,0.33402202377214313,0.17348861717745126,0.08052790037929936,0.13962264150943404,0.7368137723782883,0.7088050314465408,True,True,True,True,True
yuquan_zhangkexuan,yuquan,20260726,static_only,1590,26,0.0637155297532656,0.1337395947936312,0.2118322082357344,0.4820998417152372,-0.1660377358490556,-0.1660377358490556,0.0637155297532656,0.1487910899302301,0.2331842042050811,-0.2493251979371482,-0.1660377358490556,-0.1660377358490556,0.0107402031930333,0.0117659970853848,0.0268988872762457,0.1047581457009733,0.0,0.5062893081761006,0.07644130236257839,0.37059829059829064,0.6294017094017094,0.023794868918560814,0.2702181975620739,0.15172919339793364,0.0713267874110931,0.11886792452830197,0.7460148853464945,0.7295597484276729,True,True,True,True,True
yuquan_zhangkexuan,yuquan,20260726,static_shuffle,1590,26,0.0531204644412191,0.1480703980610558,0.2272327512820148,0.1868024875020377,-0.1660377358490556,-0.1660377358490556,0.0531204644412191,0.1664996197563094,0.2519523255503516,-0.3297541481094811,-0.1660377358490556,-0.1660377358490556,0.0107402031930333,0.0117659970853848,0.0275761973875181,0.1161350357962559,0.0,0.5540880503144654,0.06188400503147516,0.3422222222222222,0.6577777777777778,0.022738758510403696,0.3347561960727812,0.17677552395157947,0.08403994237584944,0.13270440251572335,0.7333017303817382,0.7157232704402515,True,True,True,True,True
yuquan_zhangkexuan,yuquan,20260726,history_h1,1590,26,0.0498790517658442,0.1482963296161308,0.2259696420334407,0.2062395914173716,-0.1660377358490556,-0.1660377358490556,0.0498790517658442,0.1651040619477282,0.2479780340385412,-0.3193232378383889,-0.1660377358490556,-0.1660377358490556,0.0107402031930333,0.0117659970853848,0.0277697145621673,0.1125711436351542,0.0,0.5647798742138365,0.06485136113227255,0.3876923076923078,0.6123076923076922,0.022737777994018406,0.33792782858495435,0.16915619894108694,0.07798074021684476,0.13459119496855354,0.7393609325407429,0.7138364779874213,True,True,True,True,True
yuquan_zhangkexuan,yuquan,20260726,history_h2,1590,26,0.0525399129172714,0.1530389110470296,0.2323753154652112,0.1388740785600955,-0.1660377358490556,-0.1660377358490556,0.0525399129172714,0.1712048505401386,0.2551426670537877,-0.3052913596419379,-0.1660377358490556,-0.1660377358490556,0.0107402031930333,0.0117659970853848,0.0291243347847121,0.1116754835860723,0.0,0.5779874213836478,0.057989399092549104,0.35931623931623935,0.6406837606837607,0.02240036583967773,0.3460012746623511,0.1706591908674617,0.08715268322137915,0.13144654088050323,0.7301889895362085,0.7169811320754716,True,True,True,True,True
yuquan_zhangkexuan,yuquan,20260726,constant_stop,1590,26,0.1839864537977745,0.1571334167802583,0.2533372096688324,-0.0328714808626036,-4.723270440251572,-4.723270440251572,0.1839864537977745,0.1826469161477781,0.2759449162896953,-0.3406269293775574,-4.723270440251572,-4.723270440251572,0.241025641025641,0.1125086758742834,0.0297048863086598,0.1381789286711714,0.0528301886792452,0.5974842767295597,0.036653034212388885,0.36786324786324787,0.6321367521367521,0.022105492450115297,0.3733502987888249,0.17672350514398127,0.09833905713290492,0.12930416697987923,0.7190026156246827,0.7191235059760956,True,True,True,True,True
yuquan_zhangkexuan,yuquan,20260726,no_termination,1590,26,0.2574987905176584,0.1931631227358735,0.2771123941317486,-0.1549503069401777,6.69496855345912,6.69496855345912,0.2574987905176584,0.2070409204138615,0.2932165005992331,-0.3532810281958618,6.69496855345912,6.69496855345912,0.2574987905176584,0.1148761116068787,0.0441702951136913,0.1998855360270917,0.0,0.6666666666666666,0.03891128302277118,0.5517623409901105,0.44823765900988954,0.022638587999296855,0.3383238609928722,0.36487153286402485,0.1976840639741838,0.24905660377358496,0.6196576087834038,0.5993710691823899,True,True,True,True,True
yuquan_zhaochenxi,yuquan,20260726,full_constructive,763,26,0.0718822461941728,0.0458525324093535,0.0653776772793985,0.3486570698392138,0.1231979030144163,0.1231979030144163,0.0718822461941728,0.0524745646701074,0.0735632612735925,0.2719991843771143,0.1231979030144163,0.1231979030144163,0.008670228853715,0.0654150533456478,0.0170380078636959,0.0752102422422754,0.0,0.07732634338138927,0.062016864108725554,0.33162393162393167,0.6683760683760683,0.018520107607945358,0.442071267666875,0.1044519168594275,0.08403358583110199,0.09043250327654001,0.5823280122165672,0.42988204456094364,True,True,True,True,True
yuquan_zhaochenxi,yuquan,20260726,static_only,763,26,0.0484927916120576,0.0404650434872991,0.0550825513631293,0.3950884403560195,0.1231979030144163,0.1231979030144163,0.0484927916120576,0.0449532471395603,0.0618749264109815,0.2810544467607138,0.1231979030144163,0.1231979030144163,0.008670228853715,0.0654150533456478,0.0163322915616493,0.0795201506677443,0.0,0.13892529488859767,0.0639701952497521,0.2249572649572651,0.7750427350427349,0.019511367216793824,0.2863913665841931,0.10954044629101081,0.08700984947788792,0.10353866317169075,0.5793517485697812,0.4167758846657929,True,True,True,True,True
yuquan_zhaochenxi,yuquan,20260726,static_shuffle,763,26,0.0960782336929126,0.0434577555099054,0.0611506951712726,0.3682959931799483,0.1231979030144163,0.1231979030144163,0.0960782336929126,0.0505213123254917,0.0710747252810092,0.256622725639777,0.1231979030144163,0.1231979030144163,0.008670228853715,0.0654150533456478,0.0172396410928521,0.0788001117428272,0.0,0.0812581913499345,0.06272312359367588,0.251965811965812,0.748034188034188,0.018600194781632558,0.4022365108305255,0.11028164222627848,0.08718894463141136,0.09960681520314552,0.5791726534162578,0.42070773263433814,True,True,True,True,True
yuquan_zhaochenxi,yuquan,20260726,history_h1,763,26,0.0481903417683234,0.0426047560241639,0.06316483633103,0.4122713635235771,0.1231979030144163,0.1231979030144163,0.0481903417683234,0.0487981004765814,0.0700766569564622,0.318813132719011,0.1231979030144163,0.1231979030144163,0.008670228853715,0.0654150533456478,0.0169371912491178,0.084218918684576,0.0,0.11533420707732633,0.06419782417330508,0.2964102564102564,0.7035897435897436,0.018305304436929817,0.4244037520751553,0.11481886687308879,0.0934541684544562,0.09305373525557015,0.572907429593213,0.4272608125819135,True,True,True,True,True
yuquan_zhaochenxi,yuquan,20260726,history_h2,763,26,0.0576671035386631,0.0437659011238105,0.0623312506781027,0.4268171797183527,0.1231979030144163,0.1231979030144163,0.0576671035386631,0.0501195021245626,0.0695482010201115,0.3401355188056367,0.1231979030144163,0.1231979030144163,0.008670228853715,0.0654150533456478,0.0164331081762274,0.0767139680799212,0.0,0.09305373525557015,0.0644393497790206,0.2806837606837608,0.7193162393162392,0.01833721355946303,0.439543776966613,0.11357970832534067,0.09643595571505781,0.09567496723460028,0.5699256423326113,0.42463958060288337,True,True,True,True,True
yuquan_zhaochenxi,yuquan,20260726,constant_stop,763,26,0.1072184696037907,0.0564799465826226,0.0964718304192879,0.427270388294903,-2.5674967234600263,-2.5674967234600263,0.1072184696037907,0.0655929127347653,0.1079108573542449,0.3582695379026454,-2.5674967234600263,-2.5674967234600263,0.2381792519407198,0.1816898906785448,0.017138824478274,0.0989192826963606,0.055045871559633,0.1402359108781127,0.0410820616844047,0.30974358974358984,0.6902564102564102,0.018564375811156712,0.39555839157243083,0.11141177374134079,0.07891050960677959,0.10145185713013277,0.5874510884408896,0.4188626907073509,True,True,True,True,True
yuquan_zhaochenxi,yuquan,20260726,no_termination,763,26,0.410827704405686,0.0956682632337146,0.1309024092357865,0.4098084360000373,10.681520314547836,10.681520314547836,0.410827704405686,0.1020389344570725,0.1387435856404169,0.3553267064913238,10.681520314547836,10.681520314547836,0.4108277044056861,0.1854068023437719,0.0438552273414658,0.1161156297215746,0.0,0.09567496723460023,0.07681743276020084,0.5935042735042735,0.40649572649572646,0.018696437653356837,0.31417851793026585,0.13854852637710935,0.021768538243730595,0.15596330275229364,0.6881301362913997,0.36435124508519,True,True,True,True,True
epilepsiae_1073,epilepsiae,20260727,full_constructive,27655,6,0.2304526004941842,0.0926703707236857,0.13449062395421,0.1460069300652929,0.9022238293256186,0.9022238293256186,0.2304526004941843,0.1108313737234888,0.1607289806149489,-0.3250109994784854,0.9022238293256192,0.9022238293256192,0.1503826914964141,0.1699353199793518,0.1099740854577231,,0.0,0.21312601699511835,0.01551295765435573,0.17142857142857137,0.8285714285714286,0.1126040419028809,0.3522947640594699,,,,,,False,True,False,False,False
epilepsiae_1073,epilepsiae,20260727,static_only,27655,6,0.2534140902790333,0.0844473065664492,0.1138055336121858,0.3354958727892562,0.9022238293256186,0.9022238293256186,0.2534140902790333,0.086803966945254,0.1011418419058908,-0.1702842973422384,0.9022238293256192,0.9022238293256192,0.1503826914964141,0.1699353199793518,0.1072862050262158,,0.0,0.21963478575302836,0.01848913289461504,0.17142857142857137,0.8285714285714286,0.10845952660945889,0.20065938370197525,,,,,,False,True,False,False,False
epilepsiae_1073,epilepsiae,20260727,static_shuffle,27655,6,0.230585186524438,0.0940999326273091,0.1319622986620612,0.1284576251685901,0.9022238293256186,0.9022238293256186,0.230585186524438,0.1169903441187984,0.1691973502691015,-0.4016817631272515,0.9022238293256192,0.9022238293256192,0.1503826914964141,0.1699353199793518,0.1096727535707828,,0.0,0.2151871271017899,0.015059077805306464,0.17142857142857137,0.8285714285714286,0.11343695585496688,0.35100193923723333,,,,,,False,True,False,False,False
epilepsiae_1073,epilepsiae,20260727,history_h1,27655,6,0.2355390827457362,0.092259884205022,0.1326678977813912,0.1642998669242908,0.9022238293256186,0.9022238293256186,0.2355390827457361,0.1080196226755939,0.1497431058153031,-0.3322985695662986,0.9022238293256192,0.9022238293256192,0.1503826914964141,0.1699353199793518,0.1103959500994395,,0.0,0.21616344241547636,0.015383126360124927,0.17142857142857137,0.8285714285714286,0.11113628109299196,0.3597931480284421,,,,,,False,True,False,False,False
epilepsiae_1073,epilepsiae,20260727,history_h2,27655,6,0.2317543542457662,0.0929550530177985,0.1345657205026566,0.145927807899344,0.9022238293256186,0.9022238293256186,0.2317543542457663,0.1107300338496929,0.1589203179025718,-0.3270102589293212,0.9022238293256192,0.9022238293256192,0.1503826914964141,0.1699353199793518,0.1099861387332007,,0.0,0.21457241005243172,0.015420368451401045,0.17142857142857137,0.8285714285714286,0.1122704467358411,0.3582417582417582,,,,,,False,True,False,False,False
epilepsiae_1073,epilepsiae,20260727,constant_stop,27655,6,0.2319592599288857,0.09963359864053,0.1455846901995113,0.0542286372047726,-0.0405351654312062,-0.0405351654312062,0.2319592599288856,0.1282809871662414,0.1788115588516483,-0.3141399206070696,-0.0405351654312062,-0.0405351654312062,0.2029952389561863,0.3162638116274919,0.1183631651901404,,0.2277707467004158,0.3257277165069607,0.0010032490352422652,0.17142857142857137,0.8285714285714286,0.11143285168465494,0.34324499030381384,,,,,,False,True,False,False,False
epilepsiae_1073,epilepsiae,20260727,no_termination,27655,6,0.4137889471463871,0.1391050412554536,0.1579535245033917,-0.1112734955336492,2.482733682878322,2.482733682878322,0.4137889471463871,0.1713807918675576,0.195394625460988,-0.3225970488231238,2.482733682878322,2.482733682878322,0.4137889471463871,0.3519502552668882,0.170095823540047,,0.0,0.3329235219670945,0.03083728883331835,0.19999999999999996,0.8,0.11145920520821101,0.2568842921784098,,,,,,False,True,False,False,False
epilepsiae_1077,epilepsiae,20260727,full_constructive,6476,6,0.0972565369569693,0.0627658375210408,0.1182822181311303,0.8351718982042049,-0.2836627547869055,-0.2836627547869055,0.0972565369569693,0.1285947194569495,0.2161680703181248,0.0033993773361127,-0.2836627547869055,-0.2836627547869055,0.0472771257978176,0.0564221986918906,0.0366996088120238,0.0494046466439527,0.0001544163063619,0.035824583075972805,0.05509008544673677,0.1428571428571428,0.8571428571428572,0.0684742666397011,0.8329670329670328,0.0327452459760926,0.048663113126091284,0.016026194729097776,0.8428043707460446,0.21436293436293435,True,True,True,True,True
epilepsiae_1077,epilepsiae,20260727,static_only,6476,6,0.06091723285979,0.0619573519003762,0.1200360643477203,0.8108722588656658,-0.2836627547869055,-0.2836627547869055,0.0609172328597899,0.1332151587061479,0.1835605865519115,0.1507236689206308,-0.2836627547869055,-0.2836627547869055,0.0472771257978176,0.0564221986918906,0.0503911879761169,0.0903420277272123,0.0001544163063619,0.05172946263125383,0.06424089436513325,0.1142857142857141,0.8857142857142859,0.08001556852107616,0.7990950226244343,0.06735058495515557,0.04827382584639239,0.050383071680168645,0.8431936580257435,0.2807722007722008,True,True,True,True,True
epilepsiae_1077,epilepsiae,20260727,static_shuffle,6476,6,0.1044626312538603,0.0641710427044681,0.113356922556226,0.8479890957477793,-0.2836627547869055,-0.2836627547869055,0.1044626312538603,0.1277999800244344,0.2236779683309294,-0.0121493384414561,-0.2836627547869055,-0.2836627547869055,0.0472771257978176,0.0564221986918906,0.0404570722668313,0.0503725469613554,0.0001544163063619,0.0336627547869055,0.056604786060449414,0.1428571428571428,0.8571428571428572,0.07254296023323555,0.8130575307045894,0.03366945879400521,0.05148709609248636,0.017416156119059167,0.8399803877796496,0.21297297297297296,True,True,True,True,True
epilepsiae_1077,epilepsiae,20260727,history_h1,6476,6,0.0888151122091826,0.0619580294015041,0.1233217019937681,0.8199781731340626,-0.2836627547869055,-0.2836627547869055,0.0888151122091826,0.1372627329098161,0.2210871771454255,-0.0738001994989549,-0.2836627547869055,-0.2836627547869055,0.0472771257978176,0.0564221986918906,0.0387070207947292,0.0482436867732627,0.0001544163063619,0.040148239654107465,0.0536719928881014,0.1142857142857141,0.8857142857142859,0.06666235772347885,0.8329670329670328,0.03164072380157751,0.035843080406768424,0.011464152761249735,0.8556244034653675,0.24185328185328187,True,True,True,True,True
epilepsiae_1077,epilepsiae,20260727,history_h2,6476,6,0.0963300391187976,0.0621420338325773,0.1189742347328067,0.8326807242736225,-0.2836627547869055,-0.2836627547869055,0.0963300391187976,0.1301813726176686,0.2180808538832014,-0.0247686866987553,-0.2836627547869055,-0.2836627547869055,0.0472771257978176,0.0564221986918906,0.0362878319950586,0.0494573599362627,0.0001544163063619,0.035824583075972805,0.05499846153767826,0.1428571428571428,0.8571428571428572,0.06797340980216277,0.8355526826115061,0.03233091815407076,0.046308290440372435,0.01062078932369237,0.8451591934317635,0.21976833976833976,True,True,True,True,True
epilepsiae_1077,epilepsiae,20260727,constant_stop,6476,6,0.1727403747169034,0.0982921430494137,0.1953296308917783,0.4358943151908575,-0.8159357628165531,-0.8159357628165531,0.1727403747169034,0.1815243236837765,0.3000933091316879,-0.2956130397922935,-0.8159357628165531,-0.8159357628165531,0.1749022030059707,0.2313164780628977,0.0932674490426189,0.2533821759068301,0.2831995058678196,0.25756639901173567,0.11656411244760712,0.22857142857142854,0.7714285714285715,0.08593289361516815,0.6623141564318034,0.0736269025454921,0.038636590959896355,0.07098958697862706,0.8528308929122396,0.3013787160706592,True,True,True,True,True
epilepsiae_1077,epilepsiae,20260727,no_termination,6476,6,0.3520691785052501,0.1625324020062054,0.245553156038935,0.1887607881984443,2.112415071031501,2.112415071031501,0.3520691785052501,0.232278022979248,0.3209255974656214,-0.3308180743592571,2.112415071031501,2.112415071031501,0.3520691785052501,0.2813980943331948,0.2245213094502779,0.2068459604615744,0.0,0.11102532427424333,0.15664292397669033,0.5714285714285714,0.4285714285714286,0.10140687510124512,0.5338073691014867,0.19608989853297987,0.01567583856743926,0.3097591105620754,0.9071433224395752,0.5401482396541075,True,True,True,True,True
epilepsiae_1084,epilepsiae,20260727,full_constructive,1464,11,0.070789865871833,0.1200107781611499,0.1912552777298891,-0.0002034280344233,0.5081967213114753,0.5081967213114753,0.0707898658718331,0.1652265344748245,0.2568866691691917,-0.4090528929872505,0.5081967213114753,0.5081967213114753,0.0461997019374068,0.0796173618769148,0.0689269746646795,0.0422461008822401,0.0,0.10928961748633881,0.03654266341129769,0.38181818181818183,0.6181818181818182,0.03222846573126365,0.7630866227316346,0.07587890036331041,0.02836500896658245,0.11680327868852458,0.7032017320269739,0.5935792349726776,True,True,True,True,True
epilepsiae_1084,epilepsiae,20260727,static_only,1464,11,0.1341281669150521,0.099658045268604,0.1418650343757158,0.4103181187968627,0.5081967213114753,0.5081967213114753,0.1341281669150521,0.108634496889937,0.1472914535384144,-0.2892761147298831,0.5081967213114753,0.5081967213114753,0.0461997019374068,0.0796173618769148,0.0653253849975161,0.0406369716416399,0.0,0.0853825136612022,0.040559589176452485,0.28181818181818175,0.7181818181818183,0.04079599013760355,0.6935314934565099,0.08169623798999343,0.015523354088528785,0.12841530054644812,0.6903600771489202,0.5819672131147541,True,True,True,True,True
epilepsiae_1084,epilepsiae,20260727,static_shuffle,1464,11,0.118107302533532,0.1107697541904373,0.1777841000400043,0.0528489991335624,0.5081967213114753,0.5081967213114753,0.118107302533532,0.1479720088686063,0.2307629519176885,-0.6166940780528022,0.5081967213114753,0.5081967213114753,0.0461997019374068,0.0796173618769148,0.0711624441132637,0.0401721208528689,0.0,0.09972677595628421,0.036235499665795284,0.4136363636363636,0.5863636363636364,0.03497071828209451,0.7345302380074543,0.06155516475225506,0.037286674933324604,0.10314207650273222,0.712123397993716,0.60724043715847,True,True,True,True,True
epilepsiae_1084,epilepsiae,20260727,history_h1,1464,11,0.0849478390461997,0.1208323078822775,0.1829921793397258,0.0520581147858204,0.5081967213114753,0.5081967213114753,0.0849478390461997,0.1536629222951533,0.2251203269914838,-0.3874228936402457,0.5081967213114753,0.5081967213114753,0.0461997019374068,0.0796173618769148,0.0696721311475409,0.0371757241414006,0.0,0.10724043715846998,0.03856415464606963,0.3909090909090909,0.6090909090909091,0.03364088334696242,0.7827380196665024,0.07873843833529032,0.020239575937603727,0.12568306010928965,0.6950762989979952,0.5846994535519126,True,True,True,True,True
epilepsiae_1084,epilepsiae,20260727,history_h2,1464,11,0.0731495280675608,0.1218355750449343,0.1891444735161621,0.0195960219363075,0.5081967213114753,0.5081967213114753,0.0731495280675608,0.1630435915129902,0.2451367890252243,-0.3974520152711134,0.5081967213114753,0.5081967213114753,0.0461997019374068,0.0796173618769148,0.0690511674118231,0.0432353124482378,0.0,0.11133879781420764,0.037238081791771835,0.3772727272727272,0.6227272727272728,0.03228736432408539,0.7668478435977916,0.0707091914476956,0.025257986174996083,0.11612021857923494,0.7000947092353875,0.5942622950819673,True,True,True,True,True
epilepsiae_1084,epilepsiae,20260727,constant_stop,1464,11,0.1396547441629408,0.1423162619094334,0.2621800709948984,-0.3021743692868354,-1.011612021857924,-1.011612021857924,0.1396547441629408,0.1845111341950769,0.3084272748038693,-0.4326570442203057,-1.011612021857924,-1.011612021857924,0.2291977148534525,0.2550601843677924,0.071659215101838,0.1539115039387303,0.1297814207650273,0.22336065573770492,0.03935742901781854,0.55,0.45,0.03878410721101769,0.6374004077834238,0.10780365294152747,0.02226732608070059,0.15151281193435762,0.697104049141092,0.5588697017268446,True,True,True,True,True
epilepsiae_1084,epilepsiae,20260727,no_termination,1464,11,0.3543840039741679,0.2153475121714026,0.3058336027990056,-0.4209961159672695,3.898224043715847,3.898224043715847,0.3543840039741679,0.2259200885285314,0.3261024982479231,-0.4256874702904992,3.898224043715847,3.898224043715847,0.3543840039741679,0.2569566341742784,0.1547441629408842,0.1040628463726425,0.0,0.25,0.06549382953924346,0.7863636363636364,0.21363636363636365,0.049526667202897355,0.4917775506774232,0.1765296558274707,0.013286012149638093,0.25887978142076506,0.6881227352100295,0.45150273224043713,True,True,True,True,True
epilepsiae_1096,epilepsiae,20260727,full_constructive,28068,7,0.0642521223966285,0.0571828415987903,0.0914284305650724,0.2144413864153034,0.210560068405301,0.210560068405301,0.0642521223966286,0.0693817094173095,0.1061347221798771,0.759489587997872,0.2105600684053015,0.2105600684053015,0.0300800097721859,0.0258877136539184,0.0435269447667908,0.068862952828241,0.0,0.07492518170158191,0.042215010585910845,0.10714285714285698,0.892857142857143,0.03634468724729504,0.8573475235366352,0.0400255793659178,0.06647400264974057,0.06113723813595556,0.8582735727598487,0.46668804332335756,True,True,True,True,True
epilepsiae_1096,epilepsiae,20260727,static_only,28068,7,0.0653922107534762,0.0373604711574033,0.0527987973634188,0.664596843522642,0.210560068405301,0.210560068405301,0.0653922107534762,0.0573033823713259,0.0974713837072233,0.8505161188363501,0.2105600684053015,0.2105600684053015,0.0300800097721859,0.0258877136539184,0.0284818502005334,0.059055091416691,0.0,0.04745617785378364,0.05151329116401837,0.035714285714285476,0.9642857142857145,0.03986097569885707,0.8226565697912402,0.024908655229290498,0.0452491649158846,0.03484395040615651,0.8370487350259928,0.4403947555935585,True,True,True,True,True
epilepsiae_1096,epilepsiae,20260727,static_shuffle,28068,7,0.0732201388464749,0.061297065773534,0.0925462913168212,0.1947756492923063,0.210560068405301,0.210560068405301,0.0732201388464749,0.0762307149675463,0.1019409117073261,0.7716427682949115,0.2105600684053015,0.2105600684053015,0.0300800097721859,0.0258877136539184,0.0458987357234471,0.0749727796433987,0.0,0.07670656975915635,0.04287734465770135,0.14285714285714257,0.8571428571428574,0.039453079115697134,0.8183585755218993,0.04106988487438713,0.06838251569158282,0.06462875872880153,0.860182085801691,0.4701795639162035,True,True,True,True,True
epilepsiae_1096,epilepsiae,20260727,history_h1,28068,7,0.0483316028420774,0.0479665115151423,0.0765172417236344,0.3466887908804313,0.210560068405301,0.210560068405301,0.0483316028420773,0.0652765767992617,0.1007591588134074,0.764445304374439,0.2105600684053015,0.2105600684053015,0.0300800097721859,0.0258877136539184,0.0381624218734094,0.0648105088950924,0.0,0.0762077811030355,0.04532616344742463,0.03571428571428559,0.9642857142857144,0.03472536536617186,0.8742325010233318,0.035386673664281956,0.058170318831620826,0.05518740202365685,0.849969888941729,0.46073820721105885,True,True,True,True,True
epilepsiae_1096,epilepsiae,20260727,history_h2,28068,7,0.059447464321342,0.0539619285671794,0.0859181301807238,0.2640755178328132,0.210560068405301,0.210560068405301,0.059447464321342,0.0677667211873007,0.1049760616286141,0.7608803121524491,0.2105600684053015,0.2105600684053015,0.0300800097721859,0.0258877136539184,0.0419898613571123,0.0664719652949815,0.0,0.07802479692176145,0.04297055779211789,0.0714285714285714,0.9285714285714286,0.03558851607364111,0.8624641833810887,0.03916901341310801,0.062434122461096364,0.060032777540259374,0.8542336925712045,0.46558358272766137,True,True,True,True,True
epilepsiae_1096,epilepsiae,20260727,constant_stop,28068,7,0.1296188847492823,0.0553389016100455,0.1176861420992359,0.4796814354140671,-0.9073321932449768,-0.9073321932449768,0.1296188847492823,0.0870498360875966,0.1389423032636117,0.7703444951633619,-0.9073321932449764,-0.9073321932449764,0.2087125145055884,0.2415341455457929,0.0215700645371444,0.1599303662606958,0.1951332478267065,0.18052586575459595,0.05420844895051807,0.14285714285714257,0.8571428571428574,0.04122896698377168,0.7512279983626688,0.03410109384826505,0.01488265176919601,0.03493434376572091,0.7769169183409121,0.4404851489531229,True,True,True,True,True
epilepsiae_1096,epilepsiae,20260727,no_termination,28068,7,0.3002351432235998,0.1322613891896368,0.1620443949605201,0.4116667542956777,2.1016460025651984,2.1016460025651984,0.3002351432235998,0.1354903388034035,0.1563210210015589,0.7539362578317944,2.101646002565199,2.101646002565199,0.3002351432235998,0.2455385280721317,0.1767951301940186,0.1251909351398828,0.0,0.2224241128687473,0.08361141049881828,0.4999999999999999,0.5000000000000001,0.05566287600933922,0.6196275071633238,0.09892780446604109,0.24941712287279372,0.10894969360125412,0.5423824472373144,0.5145004987886561,True,True,True,True,True
epilepsiae_1125,epilepsiae,20260727,full_constructive,7195,8,0.1078700486448922,0.0541324176324469,0.0744114350184807,0.7549689487525277,-0.0048644892286304,-0.0048644892286304,0.1078700486448923,0.0794289875213015,0.1329471779447309,0.6901756027826896,-0.0048644892286304,-0.0048644892286304,0.0115531619179985,0.019769631114635,0.0453439888811674,,0.0,0.14676858929812375,0.06763712817092954,0.11904761904761907,0.8809523809523809,0.04845018120694963,0.7187292122546909,,,,,,False,True,False,False,False
epilepsiae_1125,epilepsiae,20260727,static_only,7195,8,0.1312543432939541,0.0450851251217379,0.048724525324123,0.8207161781202991,-0.0048644892286304,-0.0048644892286304,0.1312543432939541,0.0784116135192731,0.1228641576598023,0.9478522067999324,-0.0048644892286304,-0.0048644892286304,0.0115531619179985,0.019769631114635,0.0326963168867268,,0.0,0.027241139680333593,0.08889714053234082,0.05952380952380942,0.9404761904761906,0.05715279199443449,0.6499753415344164,,,,,,False,True,False,False,False
epilepsiae_1125,epilepsiae,20260727,static_shuffle,7195,8,0.1278839471855455,0.0563120036208616,0.068164044000973,0.735198263500756,-0.0048644892286304,-0.0048644892286304,0.1278839471855455,0.0840131630661688,0.1309137015371859,0.661850672497675,-0.0048644892286304,-0.0048644892286304,0.0115531619179985,0.019769631114635,0.0405489923558026,,0.0,0.12189020152883945,0.07290162415829829,0.13095238095238082,0.8690476190476192,0.05271061178519894,0.678961372602991,,,,,,False,True,False,False,False
epilepsiae_1125,epilepsiae,20260727,history_h1,7195,8,0.1078353022932592,0.0484992971001509,0.0644111126750871,0.7761650463661187,-0.0048644892286304,-0.0048644892286304,0.1078353022932592,0.0714108965219279,0.1200913406842455,0.7230940990488235,-0.0048644892286304,-0.0048644892286304,0.0115531619179985,0.019769631114635,0.0403057678943711,,0.0,0.12439193884642108,0.0737784218848852,0.07142857142857129,0.9285714285714287,0.050270968311762414,0.7164500923731636,,,,,,False,True,False,False,False
epilepsiae_1125,epilepsiae,20260727,history_h2,7195,8,0.1079742876997915,0.0530393092295596,0.0732075829905894,0.7580000107581719,-0.0048644892286304,-0.0048644892286304,0.1079742876997915,0.0789606725620391,0.1321112084182272,0.6923097402850596,-0.0048644892286304,-0.0048644892286304,0.0115531619179985,0.019769631114635,0.0450312717164697,,0.0,0.14440583738707435,0.06857180632424331,0.10714285714285698,0.892857142857143,0.04883129064143989,0.7108073081404749,,,,,,False,True,False,False,False
epilepsiae_1125,epilepsiae,20260727,constant_stop,7195,8,0.2282314107018763,0.0582804218232979,0.0806797350999681,0.8160694559600419,-1.3813759555246694,-1.3813759555246694,0.2282314107018763,0.0841387857845457,0.1348019245844138,0.7262698116147176,-1.38137595552467,-1.38137595552467,0.2098853370396108,0.1679328366554299,0.026997915218902,,0.1753995830437804,0.0029186935371785516,0.08688610524237067,0.0714285714285714,0.9285714285714286,0.04458857001413617,0.7874575649142123,,,,,,False,True,False,False,False
epilepsiae_1125,epilepsiae,20260727,no_termination,7195,8,0.261761640027797,0.1092881742162634,0.1180044046618058,0.7922606542338219,2.094093120222377,2.094093120222377,0.2617616400277971,0.1195961002281316,0.1551249365224995,0.7087097219407121,2.094093120222377,2.094093120222377,0.2617616400277971,0.186676629740896,0.1078179291174426,,0.0,0.34829742876997916,0.0708077795350944,0.29761904761904745,0.7023809523809526,0.04924172084724386,0.6748784292136892,,,,,,False,True,False,False,False
epilepsiae_1146,epilepsiae,20260727,full_constructive,2486,15,0.0857334406006972,0.0656045507306693,0.0956328804994742,0.6274581857897812,0.2168141592920349,0.2168141592920349,0.0857334406006972,0.0703702215050208,0.1008708182278784,0.4603888762600171,0.2168141592920349,0.2168141592920349,0.0148297130598015,0.0065454666926949,0.0389916867792974,0.1262307898206381,0.0,0.14400643604183422,0.13493041456669325,0.13035714285714295,0.869642857142857,0.028364430907575733,0.5126650311118747,0.10256205345749747,0.047842198430259386,0.06677393403057119,0.7780898621705045,0.6339501206757844,True,True,True,True,True
epilepsiae_1146,epilepsiae,20260727,static_only,2486,15,0.0661571466881201,0.0753363764571213,0.1107357610332787,0.4809138831723508,0.2168141592920349,0.2168141592920349,0.0661571466881201,0.0860032681297344,0.121880982359789,-0.1684813019153149,0.2168141592920349,0.2168141592920349,0.0148297130598015,0.0065454666926949,0.0397961920085813,0.1190648835956294,0.0,0.1991150442477876,0.1400048855735698,0.08035714285714313,0.9196428571428569,0.030233807078303202,0.36158634469899886,0.11322114509299418,0.05683814171130652,0.09613837489943677,0.7690939188894573,0.6045856798069188,True,True,True,True,True
epilepsiae_1146,epilepsiae,20260727,static_shuffle,2486,15,0.0799410029498525,0.0684686133011644,0.0939624729455421,0.6333283447897398,0.2168141592920349,0.2168141592920349,0.0799410029498525,0.0752631152120572,0.1028454717622324,0.4037024232068514,0.2168141592920349,0.2168141592920349,0.0148297130598015,0.0065454666926949,0.038508983641727,0.1293288970889448,0.0,0.17135961383748993,0.13497459862615657,0.11964285714285738,0.8803571428571426,0.029099135719875765,0.4366195030900959,0.10543131653580502,0.0514863260380678,0.06194690265486724,0.774445734562696,0.6387771520514883,True,True,True,True,True
epilepsiae_1146,epilepsiae,20260727,history_h1,2486,15,0.0707160096540627,0.066917865114696,0.09777564248776,0.611362845489512,0.2168141592920349,0.2168141592920349,0.0707160096540627,0.0727412039835735,0.1030135346179192,0.3773935203585458,0.2168141592920349,0.2168141592920349,0.0148297130598015,0.0065454666926949,0.0393134888710109,0.1262800872735613,0.0,0.16693483507642798,0.1369965540528641,0.1160714285714286,0.8839285714285714,0.02790941814073058,0.5359401082529692,0.1050777776665881,0.048811512168824844,0.07280772325020113,0.777120548431939,0.6279163314561544,True,True,True,True,True
epilepsiae_1146,epilepsiae,20260727,history_h2,2486,15,0.0770447841244301,0.0656591968823031,0.0962108872414096,0.6267227026244812,0.2168141592920349,0.2168141592920349,0.0770447841244301,0.0705725953684642,0.1008765382815581,0.4433607266774592,0.2168141592920349,0.2168141592920349,0.0148297130598015,0.0065454666926949,0.0384553499597747,0.1248471250146807,0.0,0.1544650040225261,0.1357423317179699,0.11250000000000016,0.8874999999999998,0.02792071326171879,0.5178721647500061,0.10126597912806304,0.04637669441790426,0.06516492357200321,0.7795553661828596,0.6355591311343524,True,True,True,True,True
epilepsiae_1146,epilepsiae,20260727,constant_stop,2486,15,0.2054170018771789,0.0678858543042035,0.1052783672079519,0.5696802151358565,-2.8865647626709574,-2.8865647626709574,0.2054170018771788,0.0759787321809338,0.11500449578776,0.4037988598052437,-2.8865647626709583,-2.8865647626709583,0.2182890855457227,0.112969935010303,0.0423169750603378,0.1768766903282065,0.0925181013676589,0.22807723250201123,0.13164330043015432,0.13035714285714306,0.8696428571428569,0.028096394875867618,0.5253968693109002,0.10432022367153945,0.04821940419202486,0.06020987030919245,0.777712656408739,0.6405141843971631,True,True,True,True,True
epilepsiae_1146,epilepsiae,20260727,no_termination,2486,15,0.2404934298739608,0.0754161635918681,0.1091633498961768,0.5717673629270082,3.607401448109412,3.607401448109412,0.2404934298739608,0.0804334299031683,0.1156440891727098,0.4534856620024013,3.607401448109412,3.607401448109412,0.2404934298739608,0.1119961541511951,0.0705819254491821,0.1652536636350129,0.0,0.1126307320997586,0.1452647755515469,0.26250000000000007,0.7374999999999999,0.02776766302238096,0.5494264356775325,0.10440960968510847,0.01452518191557084,0.01810136765888981,0.811406878685193,0.7188254223652454,True,True,True,True,True
epilepsiae_1150,epilepsiae,20260727,full_constructive,1713,9,0.0814685087889991,0.0934173622381178,0.1348453489134072,0.4082790520703562,-0.1716287215411558,-0.1716287215411558,0.0814685087889991,0.1032048350423561,0.1158176873471089,0.7392702722763586,-0.1716287215411558,-0.1716287215411558,0.0190698579490173,0.0452567923493156,0.0764091587208925,0.096668917027737,0.0,0.13309982486865146,0.06831082696077809,0.5166666666666667,0.4833333333333333,0.05219591278064905,0.7889990727967614,0.10208619683117305,0.01053706213123251,0.0729713952130765,0.7806906887668529,0.485697606538237,True,True,True,True,True
epilepsiae_1150,epilepsiae,20260727,static_only,1713,9,0.0496854122073036,0.0690168762995316,0.0976259113449393,0.6865944668586557,-0.1716287215411558,-0.1716287215411558,0.0496854122073036,0.1012061695973853,0.1394604922393926,0.7993600447118571,-0.1716287215411558,-0.1716287215411558,0.0190698579490173,0.0452567923493156,0.0585068430952844,0.0572292372720225,0.0,0.06654991243432573,0.05997475336819011,0.44166666666666665,0.5583333333333333,0.0599621620515674,0.6338791017435943,0.05749910313240335,0.004737725938622095,0.07122008172796268,0.7959654768367075,0.4839462930531232,True,True,True,True,True
epilepsiae_1150,epilepsiae,20260727,static_shuffle,1713,9,0.1183109554388013,0.0949617413934643,0.1290268721563456,0.406970448982861,-0.1716287215411558,-0.1716287215411558,0.1183109554388013,0.1080030145895103,0.117429016289052,0.7369551954202034,-0.1716287215411558,-0.1716287215411558,0.0190698579490173,0.0452567923493156,0.0777064279691249,0.0991804476961924,0.0,0.15995329830706362,0.0647111110713115,0.41666666666666674,0.5833333333333333,0.055764760603622655,0.7197697822203124,0.10036509153409826,0.00660349769680868,0.0630472854640981,0.7846242532012767,0.4757734967892586,True,True,True,True,True
epilepsiae_1150,epilepsiae,20260727,history_h1,1713,9,0.0695336317052604,0.0762466317721542,0.1048911752761863,0.6332739174169375,-0.1716287215411558,-0.1716287215411558,0.0695336317052604,0.0896273098404287,0.1084921729352776,0.7853666154328394,-0.1716287215411558,-0.1716287215411558,0.0190698579490173,0.0452567923493156,0.064085100862684,0.0807548757519912,0.0,0.11967308814944544,0.06577535771403781,0.35,0.65,0.04823599856840012,0.8145099282918759,0.08440413242212495,0.008533584744092049,0.06713368359603039,0.7826941661539933,0.4798598949211909,True,True,True,True,True
epilepsiae_1150,epilepsiae,20260727,history_h2,1713,9,0.0787442433677109,0.0872930981368386,0.1253427411268746,0.4876333602121532,-0.1716287215411558,-0.1716287215411558,0.0787442433677109,0.0974026634716162,0.1099566851618219,0.766416913980326,-0.1716287215411558,-0.1716287215411558,0.0190698579490173,0.0452567923493156,0.0721281702017253,0.0908738913393915,0.0,0.12434325744308228,0.0678476692872726,0.5083333333333333,0.4916666666666667,0.05061913516504525,0.8001537800493,0.0964901671802631,0.011928971883514938,0.06538237011091652,0.7792987790145705,0.47810858143607704,True,True,True,True,True
epilepsiae_1150,epilepsiae,20260727,constant_stop,1713,9,0.1417266653693974,0.0797128235839601,0.1351518468605781,0.7938457121862047,-0.9556333917104488,-0.9556333917104488,0.1417266653693974,0.1024238635042597,0.1364812063000558,0.8094788171798851,-0.9556333917104493,-0.9556333917104493,0.2314976973470844,0.3007422135156106,0.0529285853278847,0.0723423040411237,0.1722124927028605,0.18680677174547577,0.07844201609183167,0.3833333333333333,0.6166666666666667,0.04530461408011295,0.8272951367038379,0.04942843563936126,0.015664439564093358,0.03156151787089023,0.775563311333992,0.44428772919605075,True,True,True,True,True
epilepsiae_1150,epilepsiae,20260727,no_termination,1713,9,0.3802296166569371,0.1417785747151305,0.1663460980968535,0.7773730615269938,3.4220665499124348,3.4220665499124348,0.3802296166569372,0.1419071194982377,0.1532649653623854,0.7955270749508976,3.4220665499124348,3.4220665499124348,0.3802296166569372,0.2957823470031827,0.1364727249140559,0.2777429061941652,0.0,0.16287215411558664,0.13640023737785362,0.5666666666666667,0.43333333333333335,0.05785419285615692,0.6889476868216192,0.38283057467143217,0.05442026749222906,0.22942206654991243,0.7368074834058563,0.1833041447752481,True,True,True,True,True
epilepsiae_139,epilepsiae,20260727,full_constructive,1837,7,0.0613578038727739,0.0451394987507213,0.0859465203716671,0.0235713080232919,0.0952640174197059,0.0952640174197059,0.0613578038727739,0.0487232830638174,0.08707999414808,-0.0044125830415421,0.0952640174197059,0.0952640174197059,0.0157866086009798,0.0260684481995984,0.0424605334784975,0.0385491082840619,0.0,0.022318998366902543,0.05680421293614685,0.05357142857142838,0.9464285714285716,0.03927175139093511,0.8723616550556255,0.026716015247641375,9.240662637233221e-05,0.002721829069134485,0.997473713501818,0.4512792596624932,True,True,True,True,True
epilepsiae_139,epilepsiae,20260727,static_only,1837,7,0.105995800606579,0.0499503720177353,0.0864215544677273,-0.0025731537949334,0.0952640174197059,0.0952640174197059,0.105995800606579,0.0414300602998155,0.0678130468832662,-0.0161941296878116,0.0952640174197059,0.0952640174197059,0.0157866086009798,0.0260684481995984,0.0404386033128548,0.0451741343684095,0.0,0.029940119760479056,0.06365485284509251,0.05357142857142838,0.9464285714285716,0.04565882187340348,0.7896945197769022,0.04061764741088139,0.00020733291709396084,0.025585193249863913,0.9973587872110964,0.47414262384322264,True,True,True,True,True
epilepsiae_139,epilepsiae,20260727,static_shuffle,1837,7,0.1195271794074189,0.0554044612413444,0.0943163705186976,-0.1230849338449861,0.0952640174197059,0.0952640174197059,0.1195271794074189,0.0569435815764137,0.088076785002629,-0.070174033733124,0.0952640174197059,0.0952640174197059,0.0157866086009798,0.0260684481995984,0.0508593203203981,0.0367523424015424,0.0,0.032661948829613485,0.06100363580306434,0.07142857142857117,0.9285714285714288,0.0507958016115676,0.6376544633294154,0.0329577917047434,0.00022045950880378307,0.013064779531845427,0.9973456606193866,0.46162221012520416,True,True,True,True,True
epilepsiae_139,epilepsiae,20260727,history_h1,1837,7,0.0759779143012675,0.0483734080403896,0.0879927369961401,-0.1181066676920124,0.0952640174197059,0.0952640174197059,0.0759779143012676,0.0480984436439434,0.0821770669940159,-0.046551588556068,0.0952640174197059,0.0952640174197059,0.0157866086009798,0.0260684481995984,0.0398164709541954,0.0416686777832333,0.0,0.040827436037016884,0.056762787946399273,0.05357142857142838,0.9464285714285716,0.03862348655491562,0.873487349020739,0.03499565455228628,0.00011850417408654224,0.020685900925421885,0.9974476159541038,0.4692433315187806,True,True,True,True,True
epilepsiae_139,epilepsiae,20260727,history_h2,1837,7,0.0646239987557353,0.0457631474821481,0.0866697257456569,-0.0381669790449991,0.0952640174197059,0.0952640174197059,0.0646239987557353,0.0485400581607724,0.0871178034902824,-0.0213019235724574,0.0952640174197059,0.0952640174197059,0.0157866086009798,0.0260684481995984,0.0413718018508437,0.0373174579020213,0.0,0.027762656505171457,0.05606957581240585,0.05357142857142838,0.9464285714285716,0.03901972300407595,0.8714629279025737,0.029302864091248874,9.95902867476639e-05,0.015786608600979857,0.9974665298414427,0.4643440391943386,True,True,True,True,True
epilepsiae_139,epilepsiae,20260727,constant_stop,1837,7,0.1598880161754413,0.0771399196522161,0.1245540682129631,-0.4861800131999215,-0.8230811105062599,-0.8230811105062599,0.1598880161754413,0.0920852071660289,0.1382721612366338,-0.1581824486516287,-0.8230811105062603,-0.8230811105062603,0.2197682556963994,0.2856771853955017,0.0544365813826891,0.1517452851762906,0.2112139357648339,0.11976047904191617,0.04849868055996559,0.08928571428571419,0.9107142857142858,0.03989853660215288,0.8866375012495675,0.06363773457634131,0.0003494955724472337,0.058688946218235505,0.9972166245557431,0.5072463768115942,True,True,True,True,True
epilepsiae_139,epilepsiae,20260727,no_termination,1837,7,0.3412395987246285,0.1243709138140883,0.1695837737453949,-0.5279910638561875,2.388677191072401,2.388677191072401,0.3412395987246288,0.1313780514948073,0.1644299742307712,-0.1042712397516149,2.3886771910724005,2.3886771910724005,0.3412395987246286,0.2922281380386967,0.1460455711952717,0.0518699670912821,0.0,0.21012520413718017,0.07124562715348065,0.3214285714285713,0.6785714285714287,0.05319312551771805,0.6524931565059143,0.20998952842492088,0.0004551129469483328,0.2574850299401198,0.9980212330751387,0.7060424605334785,True,True,True,True,True
epilepsiae_253,epilepsiae,20260727,full_constructive,10150,8,0.1523275862068965,0.0706736035825045,0.0963575252267655,0.6695557833337642,-0.4207881773399018,-0.4207881773399018,0.1523275862068965,0.117997665448965,0.1995410331719319,0.0473112604662372,-0.4207881773399018,-0.4207881773399018,0.0529679802955664,0.0538571422809719,0.0411822660098522,0.0296908286409085,0.0,0.05261083743842365,0.041436151349099976,0.13095238095238093,0.8690476190476191,0.055041346739389006,0.6765758326451967,0.013453778905473958,0.05555192077333038,0.03083743842364539,0.565918155137159,0.5807881773399015,True,True,True,True,True
epilepsiae_253,epilepsiae,20260727,static_only,10150,8,0.0928694581280788,0.0633719367284536,0.0772160469799987,0.7769488833255459,-0.4207881773399018,-0.4207881773399018,0.0928694581280788,0.113913736551715,0.1814658489056175,0.3120569767527582,-0.4207881773399018,-0.4207881773399018,0.0529679802955664,0.0538571422809719,0.0291379310344827,0.0295804107814762,0.0,0.07152709359605908,0.04179588655349292,0.10714285714285698,0.892857142857143,0.046818480542183995,0.7470037045599169,0.004994447235540902,0.041960929061802155,0.007980295566502482,0.5523271634256308,0.5579310344827586,True,True,True,True,True
epilepsiae_253,epilepsiae,20260727,static_shuffle,10150,8,0.1523275862068965,0.0706736035825045,0.0963575252267655,0.6695557833337642,-0.4207881773399018,-0.4207881773399018,0.1523275862068965,0.117997665448965,0.1995410331719319,0.0473112604662372,-0.4207881773399018,-0.4207881773399018,0.0529679802955664,0.0538571422809719,0.0411822660098522,0.0296908286409085,0.0,0.05261083743842365,0.041436151349099976,0.13095238095238093,0.8690476190476191,0.055041346739389006,0.6765758326451967,0.013453778905473958,0.05555192077333038,0.03083743842364539,0.565918155137159,0.5807881773399015,True,True,True,True,True
epilepsiae_253,epilepsiae,20260727,history_h1,10150,8,0.124371921182266,0.0664125905151016,0.0858402138368985,0.675156895309194,-0.4207881773399018,-0.4207881773399018,0.124371921182266,0.1295788485982736,0.2091434879740489,-0.0431726721566191,-0.4207881773399018,-0.4207881773399018,0.0529679802955664,0.0538571422809719,0.0361083743842364,0.0294537301900681,0.0,0.07773399014778326,0.041667566410766854,0.13095238095238093,0.8690476190476191,0.05069443406856941,0.7052481879071474,0.008220241713879242,0.0511939404234808,0.01418719211822661,0.5615601747873095,0.5641379310344827,True,True,True,True,True
epilepsiae_253,epilepsiae,20260727,history_h2,10150,8,0.1453325123152709,0.0687745898262387,0.0905184285376556,0.6730584421808227,-0.4207881773399018,-0.4207881773399018,0.1453325123152709,0.1237426221787173,0.2064810305667649,-0.0148184981750057,-0.4207881773399018,-0.4207881773399018,0.0529679802955664,0.0538571422809719,0.0383004926108374,0.0286804591709481,0.0,0.060985221674876855,0.04141421211932472,0.13095238095238093,0.8690476190476191,0.053670780586809796,0.6890999174236168,0.010998142658098552,0.0532598114833811,0.025812807881773425,0.5636260458472098,0.5757635467980295,True,True,True,True,True
epilepsiae_253,epilepsiae,20260727,constant_stop,10150,8,0.198731527093596,0.0914041772996568,0.1653280257712284,-0.2164386504750212,-1.1983251231527094,-1.1983251231527094,0.198731527093596,0.164967916509571,0.265963973211487,-0.0822368245068827,-1.1983251231527094,-1.1983251231527094,0.2149137931034482,0.2559422043825979,0.052807881773399,0.101933308330376,0.2192118226600985,0.2323152709359606,0.07103437745869005,0.0714285714285714,0.9285714285714286,0.0492131038888204,0.6752913111294613,0.01891296719770692,0.06200909736976312,0.010140013364205669,0.5723753317335918,0.5398107255520505,True,True,True,True,True
epilepsiae_253,epilepsiae,20260727,no_termination,10150,8,0.3512068965517241,0.1747576928038805,0.2321063560874086,-0.6032370038577735,2.809655172413793,2.809655172413793,0.3512068965517241,0.1992581717478003,0.290000179843069,-0.1065730386290907,2.809655172413793,2.809655172413793,0.3512068965517241,0.2806933575389355,0.1397044334975369,0.0819947801891773,0.0,0.37339901477832516,0.07128212948029879,0.7857142857142856,0.21428571428571436,0.04865233553349657,0.6167997063950821,0.06439621590220937,0.08385049214781792,0.13871921182266006,0.5942167265116466,0.41123152709359606,True,True,True,True,True
epilepsiae_384,epilepsiae,20260727,full_constructive,4299,9,0.1882866816572329,0.1126818400515402,0.1577727433108379,0.5441272467069299,0.0500116306117703,0.0500116306117703,0.1882866816572329,0.1412896726967041,0.1951822630238537,0.6127824989157148,0.0500116306117703,0.0500116306117703,0.0055568478457522,0.0175041508713315,0.109482825463286,0.025693368998442,0.0,0.07862293556641081,0.05009676900040595,0.1166666666666667,0.8833333333333333,0.05534558924291188,0.504025327905925,0.08293849862779704,0.02303487632749157,0.12840195394277737,0.6103458210977414,0.5806001395673412,True,True,True,True,True
epilepsiae_384,epilepsiae,20260727,static_only,4299,9,0.1656974490191517,0.109275954275934,0.1471678851947896,0.5894143193284699,0.0500116306117703,0.0500116306117703,0.1656974490191517,0.1514494132696066,0.210847644537602,0.4639963345257231,0.0500116306117703,0.0500116306117703,0.0055568478457522,0.0175041508713315,0.0994029619291308,0.03044299585819,0.0,0.05838567108629916,0.051498757255039634,0.09999999999999998,0.9,0.05280349691422837,0.7658116565684158,0.06729330239555117,0.0071120639469736124,0.1016515468713654,0.6262686334782593,0.5538497324959293,True,True,True,True,True
epilepsiae_384,epilepsiae,20260727,static_shuffle,4299,9,0.2059652115479052,0.1072915238069554,0.1502759474187264,0.5932701971559338,0.0500116306117703,0.0500116306117703,0.2059652115479052,0.1352854964254455,0.1873670736754741,0.6843950052746599,0.0500116306117703,0.0500116306117703,0.0055568478457522,0.0175041508713315,0.1097412835026233,0.0287886716881794,0.0,0.06559665038381024,0.05159546955781141,0.125,0.875,0.05920394177676562,0.4356198305125618,0.08368128465980332,0.02318495374776286,0.12909979064898808,0.6101957436774701,0.581297976273552,True,True,True,True,True
epilepsiae_384,epilepsiae,20260727,history_h1,4299,9,0.1755705461218371,0.1047682826046324,0.145319162308847,0.6253248522864472,0.0500116306117703,0.0500116306117703,0.1755705461218371,0.1349276088575104,0.189484676466778,0.6654429194074543,0.0500116306117703,0.0500116306117703,0.0055568478457522,0.0175041508713315,0.1033832157349254,0.0263292224320216,0.0,0.07187718073970695,0.047188955613664235,0.1166666666666667,0.8833333333333333,0.05214864154274178,0.5914777899110238,0.07619902954512853,0.016371252941806635,0.11770179111421258,0.6170094444834263,0.5698999767387765,True,True,True,True,True
epilepsiae_384,epilepsiae,20260727,history_h2,4299,9,0.1813600062029929,0.1080797391611247,0.1514264417366067,0.5925365757292418,0.0500116306117703,0.0500116306117703,0.1813600062029929,0.136119053150117,0.1905848233794911,0.6518862774549772,0.0500116306117703,0.0500116306117703,0.0055568478457522,0.0175041508713315,0.1067948618541779,0.0253156163533449,0.0,0.07955338450802518,0.047809883430325495,0.13333333333333341,0.8666666666666666,0.05431842477486108,0.5360365455134933,0.08223653408969248,0.02015665656743948,0.12816934170737376,0.6132240408577935,0.5803675273319376,True,True,True,True,True
epilepsiae_384,epilepsiae,20260727,constant_stop,4299,9,0.2194308753973791,0.0908899365853542,0.1090528027066229,0.7838749717462631,-1.0569899976738777,-1.0569899976738777,0.2194308753973792,0.1065627717664561,0.1437671223068145,0.7800196333539912,-1.0569899976738777,-1.0569899976738777,0.2401075185443643,0.3057600266580663,0.0946990256131917,0.1340609024395681,0.1709699930216329,0.14142823912537805,0.054209774624236165,0.06666666666666676,0.9333333333333332,0.05612276364412592,0.5086443763823164,0.0656671123901537,0.007007886418991638,0.08904760562122732,0.6263728110062413,0.5412457912457912,True,True,True,True,True
epilepsiae_384,epilepsiae,20260727,no_termination,4299,9,0.3562844072264868,0.0953837711298072,0.1193658806103635,0.7430336293941644,3.206559665038381,3.206559665038381,0.3562844072264868,0.0951301653909983,0.1390214186608682,0.7806682376077869,3.206559665038381,3.206559665038381,0.3562844072264867,0.3029336685825364,0.0375797989196453,0.0223159492027898,0.0,0.12537799488253087,0.0448802002964577,0.19166666666666665,0.8083333333333333,0.0622058491923892,0.3774310266847581,0.037569520095050685,0.009987427097074786,0.023726448011165358,0.6233932703281582,0.47592463363572923,True,True,True,True,True
epilepsiae_442,epilepsiae,20260727,full_constructive,534,15,0.0883895131086142,0.0584453494129142,0.1137952329897478,0.5260925909060085,1.026217228464418,1.026217228464418,0.0883895131086142,0.0714435682876282,0.1343890944885116,0.4239734191051995,1.026217228464418,1.026217228464418,0.0699126092384519,0.0546376375027401,0.0262172284644194,0.0850835818225646,0.0,0.14232209737827717,0.028307787463897463,0.09642857142857175,0.9035714285714282,0.03333698609203547,0.5435397458501372,0.060524265592894394,0.00493031633723684,0.01872659176029967,0.6582811149197187,0.37265917602996257,True,False,True,True,False
epilepsiae_442,epilepsiae,20260727,static_only,534,15,0.1023720349563046,0.0697710869307622,0.1226059199173597,0.4227578625249055,1.026217228464418,1.026217228464418,0.1023720349563046,0.0850837065349835,0.1465451827547375,0.180410645990996,1.026217228464418,1.026217228464418,0.0699126092384519,0.0546376375027401,0.0282147315855181,0.0849911101349281,0.0,0.0842696629213483,0.03342416059622226,0.1535714285714287,0.8464285714285713,0.036973237707237205,0.33035316499636763,0.0704943679343672,0.01248679804831443,0.02808988764044945,0.6507246332086412,0.38202247191011235,True,False,True,True,False
epilepsiae_442,epilepsiae,20260727,static_shuffle,534,15,0.0901373283395755,0.0632378196969362,0.1218146594631381,0.4205536907887049,1.026217228464418,1.026217228464418,0.0901373283395755,0.0777280617639054,0.1454527281112632,0.2858484485246865,1.026217228464418,1.026217228464418,0.0699126092384519,0.0546376375027401,0.0277153558052434,0.084090703463677,0.0,0.13857677902621723,0.024549432125002033,0.08571428571428585,0.9142857142857141,0.03345651338543954,0.5372304521675928,0.058294019189837114,0.001586788391474414,0.005617977528089846,0.66479821964843,0.34831460674157305,True,False,True,True,False
epilepsiae_442,epilepsiae,20260727,history_h1,534,15,0.0886392009987515,0.0618586527918605,0.114608251193774,0.5028811911204885,1.026217228464418,1.026217228464418,0.0886392009987515,0.0748279980904875,0.1357935047005357,0.3766677202754925,1.026217228464418,1.026217228464418,0.0699126092384519,0.0546376375027401,0.0277153558052434,0.0829812987493959,0.0,0.11985018726591762,0.02961881391078002,0.09107142857142869,0.9089285714285713,0.033197777442030035,0.5508067251206276,0.06232560251183474,0.011983722946352304,0.0074906367041198685,0.6512277083106033,0.36142322097378277,True,False,True,True,False
epilepsiae_442,epilepsiae,20260727,history_h2,534,15,0.0876404494382022,0.0612128146627379,0.1139800085442111,0.5155597383395927,1.026217228464418,1.026217228464418,0.0876404494382022,0.0742495622260481,0.1350350559495705,0.4069963619587921,1.026217228464418,1.026217228464418,0.0699126092384519,0.0546376375027401,0.0262172284644194,0.0831595828887306,0.0,0.14794007490636707,0.02863587889213997,0.12857142857142878,0.8714285714285712,0.03275059467993058,0.5471966499919524,0.058656342243904876,0.005419238697744744,0.01310861423220977,0.6577921925592108,0.36704119850187267,True,False,True,True,False
epilepsiae_442,epilepsiae,20260727,constant_stop,534,15,0.1196004993757802,0.0662287418830937,0.1232256246682539,0.4488456985731512,-1.5617977528089888,-1.5617977528089888,0.1196004993757802,0.0807848898959781,0.1439437750971009,0.4028369618901643,-1.5617977528089897,-1.5617977528089897,0.2242197253433208,0.1924724867484412,0.030461922596754,0.1397675346072021,0.0823970037453183,0.16104868913857678,0.01938036584903112,0.10000000000000009,0.8999999999999999,0.03429908523328611,0.4745117249849226,0.06964699181206319,0.0022530284752213525,0.03586333409768405,0.6609584027817342,0.38979591836734695,True,False,True,True,False
epilepsiae_442,epilepsiae,20260727,no_termination,534,15,0.346816479400749,0.0910827392459971,0.1418436045386888,0.356028166573905,5.202247191011235,5.202247191011235,0.346816479400749,0.1031259445016048,0.156813197287303,0.3503877910498354,5.202247191011235,5.202247191011235,0.346816479400749,0.1917880213854308,0.0594257178526841,0.0784951413008455,0.0,0.27715355805243447,0.014544572230504454,0.23750000000000004,0.7625,0.0331252522274064,0.5121785172592483,0.12027345885330455,0.08105444073441292,0.1385767790262172,0.7442658719913685,0.2153558052434457,True,False,True,True,False
epilepsiae_548,epilepsiae,20260727,full_constructive,1397,12,0.085063230732522,0.0852206818231905,0.1597932878114609,0.7453468786110823,0.3249821045096634,0.3249821045096634,0.085063230732522,0.109742593897339,0.2084457332476829,0.2388023100377948,0.3249821045096634,0.3249821045096634,0.0270818420424719,0.0289181878380107,0.0443808160343593,,0.0,0.24552612741589125,0.05880861161992658,0.32867132867132853,0.6713286713286715,0.03894387141792992,0.6607106952463606,,,,,,False,True,False,False,False
epilepsiae_548,epilepsiae,20260727,static_only,1397,12,0.0470054879503698,0.0967512471259011,0.1728166355224248,0.6406568695865656,0.3249821045096634,0.3249821045096634,0.0470054879503698,0.1209670469279273,0.2147451470487029,-0.1341401147987704,0.3249821045096634,0.3249821045096634,0.0270818420424719,0.0289181878380107,0.049152946790742,,0.0,0.3113815318539728,0.063626638429549,0.2657342657342656,0.7342657342657344,0.04860072069252815,0.2050550981775056,,,,,,False,True,False,False,False
epilepsiae_548,epilepsiae,20260727,static_shuffle,1397,12,0.0634693390598902,0.0868507256179179,0.1606603929390886,0.7489384269078865,0.3249821045096634,0.3249821045096634,0.0634693390598902,0.1076918178081217,0.2009232207225857,0.3612387384963365,0.3249821045096634,0.3249821045096634,0.0270818420424719,0.0289181878380107,0.0456931519923645,,0.0,0.2648532569792413,0.058593153861019445,0.3356643356643356,0.6643356643356644,0.037359108786972225,0.700537866852863,,,,,,False,True,False,False,False
epilepsiae_548,epilepsiae,20260727,history_h1,1397,12,0.0555953233118587,0.0859693546641273,0.1644411703283227,0.7053416648624474,0.3249821045096634,0.3249821045096634,0.0555953233118587,0.1107272258455726,0.2106569043832495,0.1639002642940983,0.3249821045096634,0.3249821045096634,0.0270818420424719,0.0289181878380107,0.044738725841088,,0.0,0.2519685039370079,0.059926209243287606,0.34615384615384603,0.653846153846154,0.03819940376123912,0.6946930724555338,,,,,,False,True,False,False,False
epilepsiae_548,epilepsiae,20260727,history_h2,1397,12,0.0726556907659269,0.0849678244789706,0.1627643035098316,0.7235293029737309,0.3249821045096634,0.3249821045096634,0.0726556907659269,0.1094622480642496,0.2110559049086576,0.1927622851408364,0.3249821045096634,0.3249821045096634,0.0270818420424719,0.0289181878380107,0.044738725841088,,0.0,0.24838940586972086,0.05832541162477824,0.3076923076923077,0.6923076923076923,0.03881525615218536,0.6773207007694954,,,,,,False,True,False,False,False
epilepsiae_548,epilepsiae,20260727,constant_stop,1397,12,0.0925196850393701,0.0941939984147192,0.1803030898028041,0.5220287202424525,-1.007158196134574,-1.007158196134574,0.09251968503937,0.1203839988339205,0.224426547549729,0.1091762964597317,-1.007158196134574,-1.007158196134574,0.2020400858983536,0.1982086087693344,0.0583392984967788,,0.1252684323550465,0.3013600572655691,0.0007623739563344112,0.4545454545454545,0.5454545454545455,0.03691629494571441,0.7029503990738252,,,,,,False,True,False,False,False
epilepsiae_548,epilepsiae,20260727,no_termination,1397,12,0.3660820806490097,0.1163843700066754,0.1919988416000132,0.4068813824992313,4.392984967788117,4.392984967788117,0.3660820806490097,0.1275405767616414,0.2268402752068443,0.1127542390289505,4.392984967788117,4.392984967788117,0.3660820806490097,0.2132645116785684,0.0720591744213791,,0.0,0.11811023622047245,0.0703479663195488,0.6888111888111887,0.3111888111888112,0.03661722947212084,0.6777187529026948,,,,,,False,True,False,False,False
epilepsiae_583,epilepsiae,20260727,full_constructive,1566,7,0.0554643313264003,0.0874880053356155,0.1462345887923461,0.6298794998352865,0.0945083014048524,0.0945083014048524,0.0554643313264003,0.1583461300278639,0.2265450344231767,-0.2643133356625132,0.0945083014048533,0.0945083014048533,0.0145958766648421,0.030229448689275,0.0852034300310162,0.1742321014419302,0.0,0.10664112388250324,0.08480304262189425,0.3928571428571428,0.6071428571428572,0.06708713191228793,0.6767294310274252,0.23507902640933687,0.22502236244678575,0.13665389527458494,0.47802593304791363,0.6762452107279694,True,True,True,True,True
epilepsiae_583,epilepsiae,20260727,static_only,1566,7,0.0859332238642583,0.0879518603373867,0.1449384376239806,0.6890930497457912,0.0945083014048524,0.0945083014048524,0.0859332238642583,0.1362333665781433,0.1928193399184654,-0.1923924200349489,0.0945083014048533,0.0945083014048533,0.0145958766648421,0.030229448689275,0.0830140485312899,0.1874611208850616,0.0,0.0938697318007663,0.08019838649954406,0.3928571428571428,0.6071428571428572,0.07065168278623077,0.6154318460908719,0.2384425035755573,0.21212194818167612,0.1468710089399745,0.49092634731302326,0.6660280970625798,True,True,True,True,True
epilepsiae_583,epilepsiae,20260727,static_shuffle,1566,7,0.1404853128991059,0.0805812789495024,0.1280061569847474,0.7883031202346945,0.0945083014048524,0.0945083014048524,0.140485312899106,0.1197899606419508,0.1617119768707763,0.2260971491441288,0.0945083014048533,0.0945083014048533,0.0145958766648421,0.030229448689275,0.0852034300310162,0.1932018551515778,0.0,0.08429118773946365,0.08029521696316244,0.23214285714285698,0.767857142857143,0.07330748762929236,0.5032363703133366,0.24324620712590678,0.21990993118345203,0.1277139208173691,0.48313836431124735,0.6851851851851852,True,True,True,True,True
epilepsiae_583,epilepsiae,20260727,history_h1,1566,7,0.0487137383689108,0.0897769123496622,0.1522310069198644,0.608012765808466,0.0945083014048524,0.0945083014048524,0.0487137383689107,0.1584009905151812,0.2258904770838397,-0.2654961699212735,0.0945083014048533,0.0945083014048533,0.0145958766648421,0.030229448689275,0.0842911877394636,0.1825297018915362,0.0,0.09833971902937422,0.08431380248214165,0.4642857142857142,0.5357142857142858,0.06769147612469599,0.6766270978305362,0.23848671252497544,0.2195286147170059,0.14367816091954033,0.4835196807776935,0.669220945083014,True,True,True,True,True
epilepsiae_583,epilepsiae,20260727,history_h2,1566,7,0.0538222952016055,0.0897921137930061,0.1499346456563428,0.6037648015278093,0.0945083014048524,0.0945083014048524,0.0538222952016055,0.1617187381951967,0.2311844794387688,-0.2876372598124901,0.0945083014048533,0.0945083014048533,0.0145958766648421,0.030229448689275,0.0870279146141215,0.1795652267943177,0.0,0.10472541507024269,0.08538778088460944,0.4464285714285714,0.5535714285714286,0.06820030419462432,0.6645687826771342,0.24203770292199137,0.22826858480276147,0.1424010217113666,0.4747797106919379,0.6704980842911877,True,True,True,True,True
epilepsiae_583,epilepsiae,20260727,constant_stop,1566,7,0.1146688560481663,0.1116902884831623,0.2229891696585931,0.1595295175045698,-0.7848020434227334,-0.7848020434227334,0.1146688560481663,0.1886832809229168,0.2798585624020969,-0.270254457076317,-0.784802043422733,-0.784802043422733,0.2310709724502828,0.3147498753741297,0.1081919357781426,0.375621703522574,0.231162196679438,0.20370370370370372,0.07344654033756673,0.3928571428571428,0.6071428571428572,0.06959795780488576,0.6436228751209587,0.26755441270580865,0.21217059892469758,0.14346389005571047,0.4908776965700018,0.6694352159468439,True,True,True,True,True
epilepsiae_583,epilepsiae,20260727,no_termination,1566,7,0.3505747126436781,0.1861310915866298,0.2789258797110964,-0.0761712613553387,2.4540229885057467,2.4540229885057467,0.3505747126436781,0.2239421838196645,0.3102991779341251,-0.2844430933742414,2.454022988505747,2.454022988505747,0.3505747126436782,0.3082803111301228,0.1902937420178799,0.4211299922719578,0.0,0.040868454661558085,0.11476573629484596,0.75,0.25000000000000006,0.07429605711186797,0.49733933688088416,0.4428706069459303,0.2540183630450609,0.3014048531289911,0.44902993244963846,0.5114942528735632,True,True,True,True,True
epilepsiae_590,epilepsiae,20260727,full_constructive,997,16,0.184679037111334,0.0655745124947259,0.0732608157162992,0.4719746756210176,-0.0020060180541623,-0.0020060180541623,0.184679037111334,0.0790910403897229,0.1267441759818621,-0.1365932654032804,-0.0020060180541623,-0.0020060180541623,0.0045135406218656,0.0703491463447376,0.0239468405215646,0.1061421868511791,0.0,0.0461384152457372,0.09749189578628992,0.06323529411764695,0.936764705882353,0.056819157820717565,0.35100896233453616,0.059347232919674,0.08612228966568458,0.061183550651955854,0.5071340993089716,0.485456369107322,True,True,True,True,True
epilepsiae_590,epilepsiae,20260727,static_only,997,16,0.0892678034102307,0.0529975812241749,0.0799606161149551,0.4211180692618131,-0.0020060180541623,-0.0020060180541623,0.0892678034102307,0.0681158144530169,0.113070314246946,-0.1733933538542609,-0.0020060180541623,-0.0020060180541623,0.0045135406218656,0.0703491463447376,0.0235707121364092,0.102836575044087,0.0,0.004012036108325012,0.10707681186384624,0.08235294117647052,0.9176470588235295,0.05921745991271132,0.23657301422396432,0.05677293674943798,0.08002182144905423,0.03610832497492478,0.5132345675256019,0.5105315947843531,True,True,True,True,True
epilepsiae_590,epilepsiae,20260727,static_shuffle,997,16,0.1786609829488465,0.0634361193825453,0.0785540769763407,0.4473100154516893,-0.0020060180541623,-0.0020060180541623,0.1786609829488465,0.0729348076311366,0.1201503577545045,-0.0535430464851661,-0.0020060180541623,-0.0020060180541623,0.0045135406218656,0.0703491463447376,0.0268304914744232,0.1040797199387656,0.0,0.033099297893681046,0.0979086440429447,0.07352941176470584,0.9264705882352942,0.05651884481175614,0.3322432200006582,0.057594546633910226,0.0812080078068711,0.06318956870611836,0.5120483811677851,0.4834503510531595,True,True,True,True,True
epilepsiae_590,epilepsiae,20260727,history_h1,997,16,0.1453109327983952,0.06113178336654,0.085246289380619,0.3491840540351705,-0.0020060180541623,-0.0020060180541623,0.1453109327983952,0.0826747554414153,0.1289064724562312,-0.1869950182381093,-0.0020060180541623,-0.0020060180541623,0.0045135406218656,0.0703491463447376,0.0244483450351053,0.1051274115853133,0.0,0.03109327983951854,0.0990312534403703,0.0676470588235295,0.9323529411764705,0.0549320523834399,0.37764346724601755,0.06118464368677003,0.08920695997294015,0.051153460381143434,0.504049429001716,0.4954864593781344,True,True,True,True,True
epilepsiae_590,epilepsiae,20260727,history_h2,997,16,0.1685055165496489,0.0635020024175601,0.0768428203553773,0.446860683830685,-0.0020060180541623,-0.0020060180541623,0.1685055165496489,0.0837578270543914,0.1296754834829795,-0.1413730096840019,-0.0020060180541623,-0.0020060180541623,0.0045135406218656,0.0703491463447376,0.0233199598796389,0.1050159514160149,0.0,0.03610832497492478,0.09849129344996427,0.055882352941176605,0.9441176470588234,0.05568179400157651,0.3751376131200028,0.060182164564764704,0.08707833734947623,0.051153460381143434,0.5061780516251799,0.4954864593781344,True,True,True,True,True
epilepsiae_590,epilepsiae,20260727,constant_stop,997,16,0.0954739217652959,0.0891011008848498,0.1706335518924208,-0.0164263598590041,-1.2587763289869605,-1.2587763289869605,0.0954739217652958,0.1256090181593618,0.2125806083828312,-0.1523010063050396,-1.2587763289869605,-1.2587763289869605,0.2430416248746238,0.3354509923950122,0.0268304914744232,0.1433375300899414,0.1093279839518555,0.12337011033099299,0.10659459041555645,0.3323529411764705,0.6676470588235295,0.04780077186558337,0.5806387452647102,0.05515786113450775,0.08467444413157543,0.0006573775380194213,0.5085819448430807,0.5472972972972973,True,True,True,True,True
epilepsiae_590,epilepsiae,20260727,no_termination,997,16,0.429037111334002,0.1677989987547056,0.2208903763737137,-0.0898052271227397,6.864593781344032,6.864593781344032,0.429037111334002,0.1825133392256777,0.2495812579365117,-0.1529958901032985,6.864593781344032,6.864593781344032,0.429037111334002,0.3464277399563801,0.0875125376128385,0.1088111505775747,0.0,0.19157472417251753,0.1369000151215752,0.5985294117647059,0.40147058823529413,0.041159623090307004,0.6425602561937165,0.1745353233445702,0.1705538466266877,0.24774322968906715,0.42270254234796845,0.794383149448345,True,True,True,True,True
epilepsiae_620,epilepsiae,20260727,full_constructive,4482,9,0.072289156626506,0.0682028693172511,0.1206021300377055,0.4702052013983004,-0.054439982150825,-0.054439982150825,0.072289156626506,0.0906973277675389,0.1529791538402932,-0.0013259767092453,-0.054439982150825,-0.054439982150825,0.0060488869056472,0.0049234614955362,0.060092220734791,0.1128337127408134,0.0,0.13141454707719769,0.10595889428785507,0.16666666666666663,0.8333333333333334,0.03849839337424043,0.7285545486013573,0.16324805407082077,0.03958618068358288,0.19901829540383753,0.9346070402899256,0.5522088353413654,True,True,True,True,True
epilepsiae_620,epilepsiae,20260727,static_only,4482,9,0.1229609797213545,0.0604324543791654,0.1053440538504868,0.6040490835663084,-0.054439982150825,-0.054439982150825,0.1229609797213545,0.0781502122140888,0.1335172183202525,0.0383073114642642,-0.054439982150825,-0.054439982150825,0.0060488869056472,0.0049234614955362,0.0572661014428082,0.1226127876695048,0.0,0.12985274431057559,0.11102079586619241,0.1166666666666667,0.8833333333333333,0.045652643738857204,0.620728646215853,0.1536963135647246,0.03749620196449921,0.18585452922802315,0.9366970190090093,0.5390450691655511,True,True,True,True,True
epilepsiae_620,epilepsiae,20260727,static_shuffle,4482,9,0.1075908572561852,0.0570511482686258,0.1073543274417682,0.5848856048917701,-0.054439982150825,-0.054439982150825,0.1075908572561852,0.0804615750582075,0.1448034292653323,-0.0078012044031329,-0.054439982150825,-0.054439982150825,0.0060488869056472,0.0049234614955362,0.0566215479200753,0.1106685240187211,0.0,0.12583668005354753,0.10688102101086526,0.10000000000000009,0.8999999999999999,0.04170657681736447,0.6370646766169156,0.14996935619805166,0.0379489221703474,0.1818384649709951,0.9362442988031611,0.535029004908523,True,True,True,True,True
epilepsiae_620,epilepsiae,20260727,history_h1,4482,9,0.092468639992067,0.0668146988132654,0.116870327500479,0.4958821418263547,-0.054439982150825,-0.054439982150825,0.092468639992067,0.086481448675818,0.1461279702395835,-0.004911544966264,-0.054439982150825,-0.054439982150825,0.0060488869056472,0.0049234614955362,0.0601913828152114,0.1178594797628162,0.0,0.13743864346273982,0.1063409737374513,0.16666666666666663,0.8333333333333334,0.03988751062848609,0.7102668475802806,0.16312715987839943,0.03913194624523009,0.20325747434181163,0.9350612747282784,0.5564480142793395,True,True,True,True,True
epilepsiae_620,epilepsiae,20260727,history_h2,4482,9,0.0798254747384599,0.0686473856138685,0.1205312454579707,0.4714641146135434,-0.054439982150825,-0.054439982150825,0.07982547473846,0.0900503088941832,0.1518438062042381,-0.0004487480781633,-0.054439982150825,-0.054439982150825,0.0060488869056472,0.0049234614955362,0.060984679458575,0.1138116589821152,0.0,0.13431503792949573,0.10578272934394131,0.16666666666666663,0.8333333333333334,0.03922119943715256,0.7120533695160562,0.16534071701078157,0.04001203452717583,0.20392681838464966,0.9341811864463326,0.5571173583221776,True,True,True,True,True
epilepsiae_620,epilepsiae,20260727,constant_stop,4482,9,0.2023898061381328,0.0786482911920795,0.1391894132663731,0.3681078813717195,-1.6541722445336902,-1.6541722445336902,0.2023898061381328,0.1008502331722095,0.173048661517749,-0.0241066199061331,-1.6541722445336902,-1.6541722445336902,0.2021914819772919,0.1512648600682157,0.0639595418711884,0.1986923375463761,0.1543953592146363,0.20348058902275767,0.09402813893218101,0.2333333333333334,0.7666666666666666,0.04208470330238504,0.6413989224374466,0.16935292751196462,0.0519143331105385,0.21567489541867257,0.92227888786297,0.5688654353562005,True,True,True,True,True
epilepsiae_620,epilepsiae,20260727,no_termination,4482,9,0.2511031781446775,0.1066128949097179,0.1570209904320883,0.2980128059750572,2.259928603302097,2.259928603302097,0.2511031781446775,0.1211355106758411,0.1830671920604172,0.0239010437451731,2.259928603302097,2.259928603302097,0.2511031781446775,0.1493903637921537,0.1240517626059794,0.1219419465769704,0.0,0.11311914323962513,0.1272649572641254,0.3416666666666667,0.6583333333333333,0.049450731419325385,0.49450754471360586,0.2963694450247529,0.12030425896232677,0.4268183846497099,0.8538889620111817,0.7800089245872378,True,True,True,True,True
epilepsiae_635,epilepsiae,20260727,full_constructive,1023,10,0.0589442815249266,0.0803718951290496,0.1167299604326991,0.2760576853785404,0.0791788856304984,0.0791788856304984,0.0589442815249266,0.0763644189499051,0.1139672785045973,0.637289036396216,0.0791788856304984,0.0791788856304984,0.0128054740957966,0.0425906128991365,0.0402737047898338,,0.0009775171065493,0.07624633431085048,0.0744883361510964,0.3030303030303032,0.6969696969696968,0.040405483861524275,0.8201987013681042,,,,,,False,True,False,False,False
epilepsiae_635,epilepsiae,20260727,static_only,1023,10,0.0843597262952101,0.0523291475375037,0.0700403773985705,0.4902112978372462,0.0791788856304984,0.0791788856304984,0.0843597262952101,0.059603195125122,0.0760160790492875,0.7188190340571079,0.0791788856304984,0.0791788856304984,0.0128054740957966,0.0425906128991365,0.0304985337243401,,0.0009775171065493,0.06842619745845557,0.07750291117673996,0.20000000000000018,0.7999999999999998,0.044274583711893536,0.761502883284168,,,,,,False,True,False,False,False
epilepsiae_635,epilepsiae,20260727,static_shuffle,1023,10,0.1437927663734115,0.0683198300980169,0.0839546047286972,0.383040606622445,0.0791788856304984,0.0791788856304984,0.1437927663734115,0.0981023204575662,0.1293858687093509,0.3505675649572846,0.0791788856304984,0.0791788856304984,0.0128054740957966,0.0425906128991365,0.0365591397849462,,0.0009775171065493,0.07526881720430112,0.08053552467122907,0.22424242424242435,0.7757575757575756,0.051282528454626296,0.7057964921220511,,,,,,False,True,False,False,False
epilepsiae_635,epilepsiae,20260727,history_h1,1023,10,0.0560117302052785,0.069262428788902,0.0906319030819916,0.3972268163604683,0.0791788856304984,0.0791788856304984,0.0560117302052785,0.079583538655475,0.1092502731786097,0.7352151568664952,0.0791788856304984,0.0791788856304984,0.0128054740957966,0.0425906128991365,0.0359726295210166,,0.0009775171065493,0.07917888563049857,0.07612181929582396,0.23636363636363644,0.7636363636363636,0.03946672913502302,0.8239410610243219,,,,,,False,True,False,False,False
epilepsiae_635,epilepsiae,20260727,history_h2,1023,10,0.0564027370478983,0.0736262068352979,0.1083037535420173,0.2963558497653514,0.0791788856304984,0.0791788856304984,0.0564027370478983,0.074249456650369,0.1117575893208692,0.6741934767007828,0.0791788856304984,0.0791788856304984,0.0128054740957966,0.0425906128991365,0.0379276637341153,,0.0009775171065493,0.07233626588465303,0.0748547098436407,0.2727272727272728,0.7272727272727272,0.04041698986854038,0.820183987903398,,,,,,False,True,False,False,False
epilepsiae_635,epilepsiae,20260727,constant_stop,1023,10,0.1469208211143695,0.1179783182713413,0.2323700347142198,0.2294988140558963,-0.7458455522971654,-0.7458455522971654,0.1469208211143695,0.140669048403685,0.2160551316206037,0.7432966394284697,-0.7458455522971654,-0.7458455522971654,0.2251221896383186,0.3424253600448191,0.0492668621700879,,0.1798631476050831,0.14956011730205282,0.09757342117499372,0.4787878787878789,0.5212121212121211,0.04701123256543618,0.7119911101698585,,,,,,False,True,False,False,False
epilepsiae_635,epilepsiae,20260727,no_termination,1023,10,0.4326490713587487,0.2101187060954293,0.2682487963314576,0.1954009538313673,4.326490713587488,4.326490713587488,0.4326490713587487,0.2067508755573933,0.2328798710531066,0.7374519899650581,4.326490713587488,4.326490713587488,0.4326490713587487,0.3573327306113735,0.170674486803519,,0.0,0.06256109481915939,0.14728253932616803,0.6727272727272727,0.32727272727272727,0.065610518729797,0.5809982040720129,,,,,,False,True,False,False,False
epilepsiae_922,epilepsiae,20260727,full_constructive,16728,8,0.141035987565758,0.1246892744400605,0.1979391591206826,0.5822798913870065,0.3224533715925393,0.3224533715925393,0.141035987565758,0.1808355104083496,0.2695965456930226,0.0308477134072525,0.3224533715925393,0.3224533715925393,0.0403365614538498,0.0316669167625771,0.1226536346245815,0.1085032672339793,0.0,0.23326159732185553,0.03936305973003329,0.33333333333333326,0.6666666666666667,0.05364587817804734,0.7402369511101479,0.11583680247599365,0.1036468891784994,0.1844811095169775,0.7623761870234967,0.29591104734576756,True,True,True,True,True
epilepsiae_922,epilepsiae,20260727,static_only,16728,8,0.1754244380679101,0.1212383952312926,0.1737983034747892,0.6756507410730735,0.3224533715925393,0.3224533715925393,0.17542443806791,0.1810613354278557,0.2466476877200614,-0.112134357512124,0.3224533715925393,0.3224533715925393,0.0403365614538498,0.0316669167625771,0.118812769010043,0.0934138093755143,0.0,0.22196317551410805,0.04876028740768487,0.23809523809523792,0.7619047619047621,0.062353401649951554,0.7105779266676013,0.10065077329123334,0.10228349885936638,0.17874222859875655,0.7610127967043637,0.2901721664275466,True,True,True,True,True
epilepsiae_922,epilepsiae,20260727,static_shuffle,16728,8,0.2092150884744141,0.1013910411545211,0.1421646672469955,0.8092923402249621,0.3224533715925393,0.3224533715925393,0.2092150884744141,0.144263581130515,0.1918459223804968,0.6327508331070838,0.3224533715925393,0.3224533715925393,0.0403365614538498,0.0316669167625771,0.1105481826877092,0.075108419196922,0.0,0.2464729794356767,0.046453583640750556,0.19047619047619047,0.8095238095238095,0.06087663184781065,0.5564794531911682,0.08401134824714925,0.10719929125511019,0.1599115255858441,0.7659285891001075,0.27134146341463417,True,True,True,True,True
epilepsiae_922,epilepsiae,20260727,history_h1,16728,8,0.150511119081779,0.123859141349083,0.1943553704875768,0.593371536102483,0.3224533715925393,0.3224533715925393,0.150511119081779,0.1810137523882288,0.2660826274750714,-0.0035440457426043,0.3224533715925393,0.3224533715925393,0.0403365614538498,0.0316669167625771,0.1231169296987087,0.1074127061274586,0.0,0.22865853658536583,0.037748903781062576,0.2738095238095237,0.7261904761904763,0.054380234230584995,0.7341124657844249,0.11451541429314374,0.10289416166758292,0.1835246293639407,0.7616234595125803,0.2949545671927308,True,True,True,True,True
epilepsiae_922,epilepsiae,20260727,history_h2,16728,8,0.1444135581061693,0.12474155497993,0.1978485338287517,0.5833980451265338,0.3224533715925393,0.3224533715925393,0.1444135581061693,0.1802625566896313,0.2695256586793547,0.0256631155052408,0.3224533715925393,0.3224533715925393,0.0403365614538498,0.0316669167625771,0.1231019846963175,0.1080972217379504,0.0,0.23774509803921567,0.03911951615731149,0.33333333333333326,0.6666666666666667,0.053996239914000654,0.7333555069239421,0.11537352161486701,0.10444299478195807,0.18394308943089427,0.7631722926269554,0.29537302725968434,True,True,True,True,True
epilepsiae_922,epilepsiae,20260727,constant_stop,16728,8,0.2079074007651841,0.1277142419944721,0.2187220384266233,0.4939664359354546,-0.9042922046867528,-0.9042922046867528,0.2079074007651841,0.1865213862857466,0.2847641326552158,0.0170916233553257,-0.9042922046867528,-0.9042922046867528,0.1809167264466762,0.208383171410833,0.1356408417025346,0.1420758721974589,0.1773075083692013,0.306312769010043,0.033752298533866965,0.33333333333333326,0.6666666666666667,0.060748210231033106,0.6164627083475946,0.10381233279461813,0.10386056166762303,0.17624627202442894,0.7625898595126204,0.287676209853219,True,True,True,True,True
epilepsiae_922,epilepsiae,20260727,no_termination,16728,8,0.3309421329507412,0.168225999921198,0.2455251682030773,0.3829728757832919,2.64753706360593,2.64753706360593,0.3309421329507412,0.2072392753168238,0.2979838833011987,0.0019332022806576,2.64753706360593,2.64753706360593,0.3309421329507412,0.2293991315340355,0.1769787183165949,0.1964398654351043,0.0,0.22895743663318985,0.0754593514794358,0.47619047619047616,0.5238095238095238,0.07297607054239594,0.3873106169469446,0.204603395015721,0.11726980190427494,0.26093974175035867,0.7759990997492723,0.37236967957914874,True,True,True,True,True
epilepsiae_958,epilepsiae,20260727,full_constructive,24684,16,0.0482524104683195,0.0432677229185783,0.0715422996121335,0.6524697082632591,0.2586695835358927,0.2586695835358927,0.0482524104683195,0.0524220686818822,0.0874706960108141,0.619950763317491,0.2586695835358927,0.2586695835358927,0.0161972330254415,0.0086536429276348,0.0296092610597958,0.0786861745192619,0.0,0.004577864203532567,0.07088079724355968,0.05882352941176472,0.9411764705882353,0.023010367752145197,0.569229764861508,0.07592399089245541,0.01764381640315915,0.06680440771349866,0.7470007169186359,0.47054772322152,True,True,True,True,True
epilepsiae_958,epilepsiae,20260727,static_only,24684,16,0.0547799181656133,0.0448287979225102,0.0727805379381071,0.6834159519546091,0.2586695835358927,0.2586695835358927,0.0547799181656133,0.0547511519876483,0.0900087565640924,0.7071705309853777,0.2586695835358927,0.2586695835358927,0.0161972330254415,0.0086536429276348,0.0295687489871981,0.0880771892055033,0.0,0.009601361205639258,0.06903728462989013,0.05147058823529416,0.9485294117647058,0.02610851705153599,0.41251557202676864,0.07650177821483883,0.00865026818297987,0.06862745098039219,0.7380071686984566,0.46872467995462647,True,True,True,True,True
epilepsiae_958,epilepsiae,20260727,static_shuffle,24684,16,0.0632418773294441,0.0449835983460862,0.0734324625778095,0.6397816840302855,0.2586695835358927,0.2586695835358927,0.0632418773294441,0.0550752923286538,0.0902140806359439,0.5823788170833233,0.2586695835358927,0.2586695835358927,0.0161972330254415,0.0086536429276348,0.0293611246151353,0.0789298806001933,0.0,0.016083292821260642,0.07057650605897209,0.06323529411764706,0.9367647058823529,0.023308852771814246,0.5556946491648481,0.07284950519144731,0.017191734858309715,0.06174039863879438,0.7465486353737865,0.4756117322962243,True,True,True,True,True
epilepsiae_958,epilepsiae,20260727,history_h1,24684,16,0.0446468360071301,0.043048925981991,0.0712711114738611,0.6807115168756545,0.2586695835358927,0.2586695835358927,0.0446468360071301,0.0526249554585769,0.0876591731155172,0.6646812367133502,0.2586695835358927,0.2586695835358927,0.0161972330254415,0.0086536429276348,0.0295282369146005,0.0862622508619346,0.0,0.01158645276292325,0.06974644965737259,0.055882352941176605,0.9441176470588234,0.023343144422004802,0.5572244608571393,0.0774452458680774,0.010316178119152641,0.06793874574623238,0.7396730786346294,0.4694133851887863,True,True,True,True,True
epilepsiae_958,epilepsiae,20260727,history_h2,24684,16,0.0444442756441419,0.0430638581852752,0.0712503740744202,0.6542984025937537,0.2586695835358927,0.2586695835358927,0.0444442756441419,0.0524914476004737,0.0876933668369442,0.6204721102133974,0.2586695835358927,0.2586695835358927,0.0161972330254415,0.0086536429276348,0.0300093177766974,0.0843345331143516,0.0,0.0089126559714795,0.07024365891354488,0.05882352941176472,0.9411764705882353,0.023247946306584368,0.5626016149647702,0.07788884138360125,0.013789980999438844,0.06818181818181818,0.7431468815149156,0.4691703127532005,True,True,True,True,True
epilepsiae_958,epilepsiae,20260727,constant_stop,24684,16,0.1517354359099011,0.0414229674786452,0.0639637106203716,0.6563841444502683,-2.427766974558418,-2.427766974558418,0.1517354359099011,0.0504402927841912,0.0804321620073086,0.6262109839327471,-2.427766974558419,-2.427766974558419,0.2164838559390698,0.151367643652247,0.0278469859017987,0.1401948278191813,0.0890455355695997,0.07352941176470584,0.062414588841670435,0.0808823529411764,0.9191176470588236,0.02319229339521887,0.5670173161737582,0.0873025306667694,0.007620927122635179,0.07350796122942405,0.7217359733928416,0.4638441697055946,True,True,True,True,True
epilepsiae_958,epilepsiae,20260727,no_termination,24684,16,0.3019795211473019,0.0476584164712848,0.0703032357036668,0.6050414163400918,4.83167233835683,4.83167233835683,0.3019795211473019,0.0518328422154928,0.082439042044668,0.5920634312478079,4.83167233835683,4.83167233835683,0.3019795211473018,0.1567580404776373,0.040547520661157,0.1298566070003772,0.0,0.10764057689191375,0.066902247913471,0.3279411764705883,0.6720588235294117,0.023841382635744684,0.5026535693333524,0.12047683939998192,0.053731240912516576,0.06494085237400749,0.6756256596029602,0.47241127856101117,True,True,True,True,True
yuquan_chengshuai,yuquan,20260727,full_constructive,5516,8,0.1134653734590283,0.0665773842846067,0.1044685477197334,0.8822834470136508,0.5563814358230603,0.5563814358230603,0.1134653734590282,0.0668418691825201,0.1102998234083079,0.849650490247805,0.5563814358230603,0.5563814358230603,0.0696836475707034,0.0793400769547137,0.0681200145032632,0.0858793841777547,0.0001812907904278,0.013778100072516286,0.01927808062797673,0.1428571428571428,0.8571428571428572,0.04663922598940315,0.7541002410517014,0.11187653408466171,0.003324365820151054,0.08803415038555928,0.9914212341282402,0.5963735267452402,True,False,True,True,False
yuquan_chengshuai,yuquan,20260727,static_only,5516,8,0.1771890862944162,0.0454281976713201,0.0497321805452776,0.9178546205486422,0.5563814358230603,0.5563814358230603,0.1771890862944162,0.039089067381868,0.0511406500226043,0.8702463769493746,0.5563814358230603,0.5563814358230603,0.0696836475707034,0.0793400769547137,0.0671229151559101,0.0714346379106134,0.0001812907904278,0.00398839738941259,0.022024226144480796,0.04761904761904767,0.9523809523809523,0.04420725493439225,0.8670459237509749,0.08536431053268626,0.003663349682426209,0.0530386834771277,0.9910822502659651,0.5613780598368087,True,False,True,True,False
yuquan_chengshuai,yuquan,20260727,static_shuffle,5516,8,0.1237989485134155,0.0514422192800088,0.0856865684583197,0.8237491469075,0.5563814358230603,0.5563814358230603,0.1237989485134155,0.0544756025560125,0.0933717887702917,0.7432559641166226,0.5563814358230603,0.5563814358230603,0.0696836475707034,0.0793400769547137,0.0688451776649746,0.0839076239293534,0.0001812907904278,0.046410442349528624,0.02081716045227014,0.08333333333333326,0.9166666666666667,0.04973344642783532,0.6988186720498886,0.09442708523004452,0.003123711297478904,0.04832426824594005,0.9916218886509124,0.556663644605621,True,False,True,True,False
yuquan_chengshuai,yuquan,20260727,history_h1,5516,8,0.1394352791878172,0.0645766753242043,0.0911677932212119,0.8942523011588718,0.5563814358230603,0.5563814358230603,0.1394352791878172,0.0570948460544789,0.0886531858218401,0.8615535468768921,0.5563814358230603,0.5563814358230603,0.0696836475707034,0.0793400769547137,0.0723803480783176,0.0836954609575352,0.0001812907904278,0.0168600435097897,0.020474170236917555,0.11904761904761907,0.8809523809523809,0.04818845686907033,0.7461864894726037,0.10925247491947308,0.003536228725857904,0.0836823824798476,0.9912093712225334,0.5920217588395286,True,False,True,True,False
yuquan_chengshuai,yuquan,20260727,history_h2,5516,8,0.1217594271211022,0.0678086433270807,0.1041878543575645,0.8854682445538398,0.5563814358230603,0.5563814358230603,0.1217594271211022,0.0669238224693506,0.1088738369173414,0.8519883041824651,0.5563814358230603,0.5563814358230603,0.0696836475707034,0.0793400769547137,0.0708393763596809,0.0872833042803112,0.0001812907904278,0.017766497461928932,0.020056068322657716,0.1428571428571428,0.8571428571428572,0.04760811560747623,0.7485577309556565,0.1128752559079726,0.0033098485379527975,0.08749017939734538,0.9914357514104385,0.5958295557570263,True,False,True,True,False
yuquan_chengshuai,yuquan,20260727,constant_stop,5516,8,0.1986947063089195,0.1017018334208243,0.1379855123159863,0.8890392584065566,-0.4981870920957219,-0.4981870920957219,0.1986947063089195,0.103790880896038,0.1489788086513246,0.8646174064371278,-0.4981870920957219,-0.4981870920957219,0.1962472806381436,0.2700250118196188,0.0586475707034082,0.0683284400618024,0.1892675852066715,0.09118926758520673,0.045468211773910736,0.13095238095238093,0.8690476190476191,0.061623319593399686,0.614015368896485,0.07817506125570838,0.0029146686555099333,0.02443955525055752,0.9918309312928814,0.48389982110912344,True,False,True,True,False
yuquan_chengshuai,yuquan,20260727,no_termination,5516,8,0.3927891588107324,0.1548787518376726,0.1602677667895975,0.8870353206840216,3.142313270485859,3.142313270485859,0.3927891588107324,0.1588401181062683,0.1640071347200088,0.8746967264779395,3.142313270485859,3.142313270485859,0.3927891588107324,0.3080229648658019,0.1938451776649746,0.189019492178655,0.0,0.11802030456852791,0.05973267214482972,0.24999999999999978,0.7500000000000002,0.07949629906476266,0.4506480102114594,0.2323309387760066,0.003506936824153817,0.14104423495286444,0.9912386631242375,0.3672951414068165,True,False,True,True,False
yuquan_chenziyang,yuquan,20260727,full_constructive,1922,10,0.027627471383975,0.0627416487196633,0.1151746230542859,0.6117714271322557,-0.1253902185223729,-0.1253902185223729,0.027627471383975,0.0936479792719016,0.1594521885498656,0.1310891373575956,-0.1253902185223729,-0.1253902185223729,0.0125390218522372,0.0139385675794198,0.045993756503642,,0.0,0.010405827263267442,0.09219758567324295,0.08484848484848484,0.9151515151515152,0.06823802885130084,0.5083808614245015,,,,,,False,True,False,False,False
yuquan_chenziyang,yuquan,20260727,static_only,1922,10,0.0773673257023933,0.0649899798104474,0.1179406827629526,0.5922582833757841,-0.1253902185223729,-0.1253902185223729,0.0773673257023933,0.0937297982202083,0.1661917490164862,0.0286105627077638,-0.1253902185223729,-0.1253902185223729,0.0125390218522372,0.0139385675794198,0.0474505723204994,,0.0,0.0078043704474505815,0.09652375673056744,0.06060606060606066,0.9393939393939393,0.07193827240804614,0.3772649321236642,,,,,,False,True,False,False,False
yuquan_chenziyang,yuquan,20260727,static_shuffle,1922,10,0.0482310093652445,0.0633064814094567,0.114579198000253,0.6285134811780059,-0.1253902185223729,-0.1253902185223729,0.0482310093652445,0.0941757907239672,0.1621204493323541,0.1353783102593334,-0.1253902185223729,-0.1253902185223729,0.0125390218522372,0.0139385675794198,0.0476586888657648,,0.0,0.005202913631633721,0.09395680396110578,0.07878787878787885,0.9212121212121211,0.06994172261406086,0.47962542500547745,,,,,,False,True,False,False,False
yuquan_chenziyang,yuquan,20260727,history_h1,1922,10,0.0440686784599375,0.0638204295341736,0.1156001615740321,0.5780586853016392,-0.1253902185223729,-0.1253902185223729,0.0440686784599375,0.0940133569596191,0.1612536532548679,0.120652143528203,-0.1253902185223729,-0.1253902185223729,0.0125390218522372,0.0139385675794198,0.04630593132154,,0.0,0.02289281997918835,0.09390469519021452,0.06666666666666665,0.9333333333333333,0.06941307831265439,0.47578373249135913,,,,,,False,True,False,False,False
yuquan_chenziyang,yuquan,20260727,history_h2,1922,10,0.0308532778355879,0.0627690249842935,0.11437736732094,0.6010067084202497,-0.1253902185223729,-0.1253902185223729,0.0308532778355879,0.0933951236288678,0.1588082758562197,0.1449557661634744,-0.1253902185223729,-0.1253902185223729,0.0125390218522372,0.0139385675794198,0.0474505723204994,,0.0,0.018210197710718024,0.0929328792155861,0.07272727272727275,0.9272727272727272,0.0688345996383451,0.5060337215749533,,,,,,False,True,False,False,False
yuquan_chenziyang,yuquan,20260727,constant_stop,1922,10,0.1136836628511966,0.0762724667858568,0.1358489652784279,0.3395391666617073,-1.1368366285119669,-1.1368366285119669,0.1136836628511966,0.1074812491594736,0.1787506160322541,0.1070424591069999,-1.1368366285119669,-1.1368366285119669,0.2015088449531737,0.2420723253142524,0.0522372528616025,,0.155567117585848,0.055150884495317354,0.09596235818460275,0.09696969696969693,0.9030303030303031,0.0698922079112378,0.4404138697918166,,,,,,False,True,False,False,False
yuquan_chenziyang,yuquan,20260727,no_termination,1922,10,0.3764308012486993,0.1056665986097553,0.1461640487194017,0.2926655233088796,3.764308012486993,3.764308012486993,0.3764308012486993,0.1248705039275019,0.1827169801589072,0.1330795811892267,3.764308012486993,3.764308012486993,0.3764308012486992,0.2621115349099977,0.0920915712799167,,0.0,0.18730489073881373,0.10689388977988523,0.3272727272727274,0.6727272727272726,0.07116961240892315,0.3714188748849197,,,,,,False,True,False,False,False
yuquan_gaolan,yuquan,20260727,full_constructive,599,12,0.1029493600445186,0.035112619160189,0.0473440370527015,0.9038721498305564,0.1135225375626047,0.1135225375626047,0.1029493600445186,0.0458725582975438,0.0651714498445265,0.8912731509047007,0.1135225375626047,0.1135225375626047,0.0164162493043962,0.0242031222437721,0.0278241513633834,,0.0,0.06176961602671116,0.03379493838792422,0.18881118881118886,0.8111888111888111,0.0371299374721845,0.6621820522669549,,,,,,False,True,False,False,False
yuquan_gaolan,yuquan,20260727,static_only,599,12,0.0445186421814134,0.0497991341097434,0.0782318300008309,0.8423691740154796,0.1135225375626047,0.1135225375626047,0.0445186421814134,0.0668685858744402,0.1114193715412783,0.7302379130276881,0.1135225375626047,0.1135225375626047,0.0164162493043962,0.0242031222437721,0.030050083472454,,0.0,0.10684474123539234,0.04603657405720017,0.1678321678321677,0.8321678321678323,0.045377594268105864,0.46843600662057683,,,,,,False,True,False,False,False
yuquan_gaolan,yuquan,20260727,static_shuffle,599,12,0.1048970506399554,0.0364046143788518,0.0496867467246367,0.909664292469633,0.1135225375626047,0.1135225375626047,0.1048970506399554,0.0462779603202717,0.0653842364490378,0.8907419703428477,0.1135225375626047,0.1135225375626047,0.0164162493043962,0.0242031222437721,0.025041736227045,,0.0,0.06844741235392321,0.03537237539218001,0.14335664335664333,0.8566433566433567,0.03821973738561732,0.6458628028925226,,,,,,False,True,False,False,False
yuquan_gaolan,yuquan,20260727,history_h1,599,12,0.0648302726766833,0.0343229408249037,0.0525980591659261,0.8983424996435946,0.1135225375626047,0.1135225375626047,0.0648302726766833,0.0440845632357425,0.0627904500393974,0.8826773105316897,0.1135225375626047,0.1135225375626047,0.0164162493043962,0.0242031222437721,0.0294936004451864,,0.0,0.041736227045075125,0.03563655896468031,0.1853146853146852,0.8146853146853148,0.03862268591922475,0.6318924653955731,,,,,,False,True,False,False,False
yuquan_gaolan,yuquan,20260727,history_h2,599,12,0.0890372843628269,0.034281000908076,0.0502643045682813,0.904618751787362,0.1135225375626047,0.1135225375626047,0.0890372843628269,0.0457127124408514,0.0648137291341142,0.8908341565702246,0.1135225375626047,0.1135225375626047,0.0164162493043962,0.0242031222437721,0.028380634390651,,0.0,0.05008347245409012,0.033459688696766104,0.1923076923076923,0.8076923076923077,0.03751468170723029,0.6334253241581955,,,,,,False,True,False,False,False
yuquan_gaolan,yuquan,20260727,constant_stop,599,12,0.1336950473010573,0.0480789503713566,0.0822794395500877,0.8995393692585975,-1.6043405676126872,-1.6043405676126872,0.1336950473010573,0.0633802183015808,0.0999358134798694,0.9057424675800124,-1.6043405676126872,-1.6043405676126872,0.216332776850306,0.2079108700907775,0.0325542570951585,,0.1419031719532554,0.1552587646076795,0.007179732988644327,0.1433566433566431,0.8566433566433569,0.030599558628064745,0.8274958629931045,,,,,,False,True,False,False,False
yuquan_gaolan,yuquan,20260727,no_termination,599,12,0.3554535336672231,0.1336746047352813,0.1243967207858869,0.8886968216459301,4.265442404006678,4.265442404006678,0.3554535336672231,0.126441340944157,0.1259138642455895,0.913476044974903,4.265442404006678,4.265442404006678,0.3554535336672231,0.2112136640268005,0.0762381747356705,,0.0,0.31886477462437396,0.020025607395123712,0.4405594405594405,0.5594405594405595,0.03372203649625097,0.7691304654053545,,,,,,False,True,False,False,False
yuquan_hanyuxuan,yuquan,20260727,full_constructive,1094,22,0.0491939504736579,0.0418006135548121,0.0636392629796395,0.698515989784195,0.1809872029250456,0.1809872029250456,0.0491939504736579,0.045591246719356,0.0685199689102682,0.7042613672786544,0.1809872029250456,0.1809872029250456,0.0098886488283197,0.0186204717193727,0.0165364799734086,,0.0,0.05667276051188297,0.07970378787533255,0.12252964426877466,0.8774703557312253,0.02320474979144337,0.43953772014130177,,,,,,False,True,False,False,False
yuquan_hanyuxuan,yuquan,20260727,static_only,1094,22,0.0564234668439421,0.0531645536081489,0.0822955711678344,0.5607755437421813,0.1809872029250456,0.1809872029250456,0.0564234668439421,0.0605241070305763,0.0952355863278255,0.4892660609594558,0.1809872029250456,0.1809872029250456,0.0098886488283197,0.0186204717193727,0.0181984377596809,,0.0,0.13528336380255945,0.07988592163049991,0.11970638057594563,0.8802936194240544,0.02407011539095732,0.23646792065226183,,,,,,False,True,False,False,False
yuquan_hanyuxuan,yuquan,20260727,static_shuffle,1094,22,0.0502742230347349,0.0445755085352813,0.0660094703532163,0.682248007645433,0.1809872029250456,0.1809872029250456,0.0502742230347349,0.049319425745741,0.071977023014997,0.6729936160187888,0.1809872029250456,0.1809872029250456,0.0098886488283197,0.0186204717193727,0.0153731095230181,,0.0,0.06672760511883002,0.08032770665973687,0.12309429700734031,0.8769057029926597,0.02322301982261898,0.44488700984988006,,,,,,False,True,False,False,False
yuquan_hanyuxuan,yuquan,20260727,history_h1,1094,22,0.032075785275054,0.0468949874462477,0.0696083934071818,0.6763985281778863,0.1809872029250456,0.1809872029250456,0.032075785275054,0.0520619802966734,0.0773040363556707,0.6688794023574184,0.1809872029250456,0.1809872029250456,0.0098886488283197,0.0186204717193727,0.0166195778627222,,0.0,0.08043875685557589,0.08114743617628405,0.14342179559570845,0.8565782044042916,0.023646142492908733,0.3735496741334387,,,,,,False,True,False,False,False
yuquan_hanyuxuan,yuquan,20260727,history_h2,1094,22,0.0407179657636695,0.0433800630166485,0.0646884043232263,0.6863282178680777,0.1809872029250456,0.1809872029250456,0.0407179657636696,0.0477884526444992,0.0707077470079976,0.684992844544235,0.1809872029250456,0.1809872029250456,0.0098886488283197,0.0186204717193727,0.0158716968588997,,0.0,0.058500914076782484,0.0802326385403144,0.14059853190287963,0.8594014680971204,0.02327213242537363,0.42229689186737257,,,,,,False,True,False,False,False
yuquan_hanyuxuan,yuquan,20260727,constant_stop,1094,22,0.1570965597473823,0.0435127631282408,0.0669149700890999,0.7101243880921556,-3.403107861060329,-3.403107861060329,0.1570965597473823,0.0466813184880407,0.0727443212166903,0.7133849968753662,-3.403107861060329,-3.403107861060329,0.2356240651487452,0.1606544845293508,0.0188632208741897,,0.0603290676416819,0.1243144424131627,0.055940359613789195,0.1428571428571428,0.8571428571428572,0.02242369884481809,0.4416552599678134,,,,,,False,True,False,False,False
yuquan_hanyuxuan,yuquan,20260727,no_termination,1094,22,0.3173508392886821,0.0633169508468051,0.0800710477890482,0.7026077404420148,6.981718464351005,6.981718464351005,0.3173508392886821,0.0626854571238068,0.0815411501293976,0.7213563819832872,6.981718464351005,6.981718464351005,0.317350839288682,0.1628960918957558,0.032075785275054,,0.0,0.2705667276051188,0.0735864861558145,0.36533032185206094,0.6346696781479391,0.022951277317532062,0.399618690110102,,,,,,False,True,False,False,False
yuquan_huanghanwen,yuquan,20260727,full_constructive,92,10,0.075,0.0691801647826964,0.1511165876729504,0.1891275426952684,-0.0760869565217392,-0.0760869565217392,0.075,0.0894413678606589,0.1952408452230334,0.1260618724190781,-0.0760869565217392,-0.0760869565217392,0.0095108695652173,0.0156478890846257,0.0478260869565217,0.0835882046905736,0.0,0.04347826086956519,0.0012739728226611596,0.296969696969697,0.703030303030303,0.062207894292195184,0.51121883066769,0.07961619990420604,0.0508448146553222,0.054347826086956486,0.6155630109024715,0.4891304347826087,True,True,True,True,True
yuquan_huanghanwen,yuquan,20260727,static_only,92,10,0.092391304347826,0.0669967806400958,0.1140407498788935,0.6093971847966184,-0.0760869565217392,-0.0760869565217392,0.092391304347826,0.0831372311973777,0.160850391607556,0.3365198400007766,-0.0760869565217392,-0.0760869565217392,0.0095108695652173,0.0156478890846257,0.0369565217391304,0.0788442390754877,0.0,0.03260869565217389,0.011289983158656966,0.39393939393939403,0.606060606060606,0.0609495046228258,0.503124907943791,0.06818902773658306,0.044386751645406286,0.032608695652173836,0.6220210739123874,0.5108695652173914,True,True,True,True,True
yuquan_huanghanwen,yuquan,20260727,static_shuffle,92,10,0.0815217391304347,0.0648059232938934,0.1201743760476769,0.4461158219380802,-0.0760869565217392,-0.0760869565217392,0.0815217391304347,0.0902724905807484,0.1734733069972327,0.2932588194613524,-0.0760869565217392,-0.0760869565217392,0.0095108695652173,0.0156478890846257,0.0434782608695652,0.068765411822221,0.0,0.07608695652173914,0.006180937471352288,0.20000000000000007,0.7999999999999999,0.06356383847359152,0.5134804647384852,0.07440466805844159,0.06157257028027463,0.04347826086956519,0.604835255277519,0.5,True,True,True,True,True
yuquan_huanghanwen,yuquan,20260727,history_h1,92,10,0.0619565217391304,0.0631955602693489,0.1212416873174043,0.5652603947360584,-0.0760869565217392,-0.0760869565217392,0.0619565217391304,0.0826330637127816,0.1397517479060845,0.5121846976919884,-0.0760869565217392,-0.0760869565217392,0.0095108695652173,0.0156478890846257,0.0456521739130434,0.0781966456444936,0.0,0.0,0.004072763700824669,0.21818181818181825,0.7818181818181817,0.05938249837984979,0.547137520222396,0.06839293796257503,0.043459801934273457,0.032608695652173836,0.6229480236235202,0.5108695652173914,True,True,True,True,True
yuquan_huanghanwen,yuquan,20260727,history_h2,92,10,0.0728260869565217,0.0703546783092906,0.1450602257728165,0.3166635809373625,-0.0760869565217392,-0.0760869565217392,0.0728260869565217,0.0931175840617523,0.1876618961362585,0.2140810746290209,-0.0760869565217392,-0.0760869565217392,0.0095108695652173,0.0156478890846257,0.0543478260869565,0.0952494292314568,0.0,0.03260869565217389,0.00137476066708056,0.1515151515151516,0.8484848484848484,0.06361262405984411,0.4890092174575534,0.08306091411845698,0.05781073715878815,0.04347826086956519,0.6085970883990055,0.5,True,True,True,True,True
yuquan_huanghanwen,yuquan,20260727,constant_stop,92,10,0.125,0.0775340236034514,0.1571205044327538,0.4235398912032188,-0.5760869565217392,-0.5760869565217392,0.125,0.0911442120327043,0.1643871827672014,0.5123171009693362,-0.5760869565217392,-0.5760869565217392,0.2184782608695652,0.3643006090484257,0.0543478260869565,0.1619455570188237,0.2282608695652173,0.03260869565217395,0.009948159275283683,0.37575757575757585,0.6242424242424242,0.06806710072527408,0.3512822769278563,0.05276203958652816,0.012021010585574476,0.019902020820575683,0.6784288361433681,0.5633802816901409,True,True,True,True,True
yuquan_huanghanwen,yuquan,20260727,no_termination,92,10,0.4608695652173913,0.1239594086732242,0.1739643638668534,0.3846778059147603,4.608695652173913,4.608695652173913,0.4608695652173913,0.1267251839448712,0.1612947970144457,0.5957822416182597,4.608695652173913,4.608695652173913,0.4608695652173913,0.3948584423456187,0.1152173913043478,0.0568298445027693,0.0,0.28260869565217395,0.01093325945526373,0.4242424242424243,0.5757575757575757,0.06161381663252107,0.46325171743708193,0.1956095133812344,0.007038681769813704,0.21739130434782616,0.65936914378798,0.7608695652173914,True,True,True,True,True
yuquan_litengsheng,yuquan,20260727,full_constructive,129,24,0.1527777777777777,0.0889388622631185,0.1331822146628193,0.5230438947354676,0.1627906976744189,0.1627906976744189,0.1527777777777777,0.101789551161427,0.1563341303384097,0.3419129451042151,0.1627906976744189,0.1627906976744189,0.0247323735695828,0.0511912941046756,0.0271317829457364,0.0923142749719743,0.0,0.10852713178294582,0.04312530387913537,0.2691304347826089,0.7308695652173911,0.033808746274266374,0.2670728847132919,0.08815153829092347,0.0867916451663252,0.07751937984496121,0.6687039425281542,0.4728682170542636,True,True,True,True,True
yuquan_litengsheng,yuquan,20260727,static_only,129,24,0.1540697674418604,0.0961402984095152,0.1438770909084924,0.3964854322667577,0.1627906976744189,0.1627906976744189,0.1540697674418605,0.1100701575898606,0.1674573393153527,0.1494323771907839,0.1627906976744189,0.1627906976744189,0.0247323735695828,0.0511912941046756,0.0284237726098191,0.1026175754958273,0.0,0.11627906976744196,0.045645475027127784,0.3847826086956523,0.6152173913043477,0.03782785930540426,0.062173685289719546,0.095584334386882,0.08917165235829494,0.054263565891472854,0.6663239353361845,0.49612403100775193,True,True,True,True,True
yuquan_litengsheng,yuquan,20260727,static_shuffle,129,24,0.1521317829457364,0.0901404826520466,0.1399148543687007,0.4498099981494468,0.1627906976744189,0.1627906976744189,0.1521317829457364,0.1007801794315646,0.1588852289219792,0.2843510229480938,0.1627906976744189,0.1627906976744189,0.0247323735695828,0.0511912941046756,0.0258397932816537,0.1022784525314021,0.0,0.10077519379844968,0.04623129068948881,0.2760869565217392,0.7239130434782608,0.03406437221223664,0.23607594663320192,0.08775301459249929,0.05931162033473403,0.06976744186046507,0.6961839673597454,0.4806201550387597,True,True,True,True,True
yuquan_litengsheng,yuquan,20260727,history_h1,129,24,0.1469638242894057,0.0936162253687101,0.1393928252227383,0.4372845546940919,0.1627906976744189,0.1627906976744189,0.1469638242894056,0.1095682274724956,0.1676053096868643,0.1775185704790654,0.1627906976744189,0.1627906976744189,0.0247323735695828,0.0511912941046756,0.0290697674418604,0.1181726884935288,0.0,0.1705426356589148,0.04498690090672412,0.35086956521739143,0.6491304347826086,0.03396303010689819,0.2345356539512914,0.09795510369596998,0.08625921348079124,0.054263565891472854,0.6692363742136882,0.49612403100775193,True,True,True,True,True
yuquan_litengsheng,yuquan,20260727,history_h2,129,24,0.1508397932816537,0.0864456486517712,0.1331920231763476,0.5196739928726418,0.1627906976744189,0.1627906976744189,0.1508397932816537,0.0990492075637578,0.1559122709476707,0.3210540052443406,0.1627906976744189,0.1627906976744189,0.0247323735695828,0.0511912941046756,0.026485788113695,0.09270914241269,0.0,0.10852713178294582,0.04493155703393246,0.27086956521739136,0.7291304347826086,0.034501597805256634,0.2398446545580241,0.08220841939191367,0.07617068274740224,0.07751937984496121,0.6793249049470772,0.4728682170542636,True,True,True,True,True
yuquan_litengsheng,yuquan,20260727,constant_stop,129,24,0.151485788113695,0.0787458848861799,0.1227684892805499,0.5982050585988302,-2.4108527131782957,-2.4108527131782957,0.1514857881136951,0.0945042356627208,0.14026850985009,0.5018800911904241,-2.4108527131782957,-2.4108527131782957,0.230297157622739,0.2046083616096773,0.0297157622739018,0.1328976948072376,0.0387596899224806,0.03100775193798455,0.04033567892110641,0.2843478260869565,0.7156521739130435,0.0352484926310912,0.21404552990125336,0.10944091410156634,0.12093937020154155,0.06651662915728929,0.6345562174929379,0.4838709677419355,True,True,True,True,True
yuquan_litengsheng,yuquan,20260727,no_termination,129,24,0.4043927648578811,0.0844773550622275,0.1227812492881959,0.6067838719750782,9.705426356589149,9.705426356589149,0.4043927648578811,0.0897071729620547,0.136290706092576,0.5554715314290656,9.705426356589149,9.705426356589149,0.4043927648578811,0.2034899005042034,0.0348837209302325,0.0952661116584673,0.0,0.16279069767441867,0.05422395960758897,0.3152173913043479,0.6847826086956521,0.03233224785032353,0.25235191563186027,0.08226731916235847,0.054968748446369786,0.03100775193798455,0.7005268392481097,0.5813953488372093,True,True,True,True,True
yuquan_liyouran,yuquan,20260727,full_constructive,470,17,0.0927409261576971,0.1295824465893297,0.1761048199526838,0.0170743868454129,0.1255319148936156,0.1255319148936156,0.0927409261576971,0.1518112481356386,0.1998152895722396,-0.1374768172906125,0.1255319148936156,0.1255319148936156,0.0096370463078848,0.0320414355845081,0.0485607008760951,0.1683878074792024,0.0,0.20000000000000007,0.06460292721946359,0.5674019607843137,0.43259803921568635,0.02763591884015289,0.4073775425530226,0.18276789205837266,0.07136844669130915,0.20425531914893613,0.4265122690228815,0.5914893617021276,True,True,True,True,True
yuquan_liyouran,yuquan,20260727,static_only,470,17,0.0877346683354192,0.0894501439389035,0.1283821965752351,0.6114859737132189,0.1255319148936156,0.1255319148936156,0.0877346683354192,0.1036210089649982,0.1494766770377031,0.3294821700718849,0.1255319148936156,0.1255319148936156,0.0096370463078848,0.0320414355845081,0.0357947434292866,0.1080039914609065,0.0,0.20851063829787242,0.06292422360475178,0.2463235294117646,0.7536764705882354,0.02598893090165068,0.31021394900579086,0.09986988616122303,0.013877104367805315,0.12127659574468086,0.4840036113463853,0.5085106382978724,True,True,True,True,True
yuquan_liyouran,yuquan,20260727,static_shuffle,470,17,0.1027534418022528,0.1302699404337352,0.1745008070486235,-0.0295419366194332,0.1255319148936156,0.1255319148936156,0.1027534418022528,0.1533690693040183,0.1991522986535165,-0.2039910857066339,0.1255319148936156,0.1255319148936156,0.0096370463078848,0.0320414355845081,0.0505632040050062,0.1685353511082856,0.0,0.20425531914893624,0.06480460432796226,0.5196078431372548,0.4803921568627451,0.027094445750969923,0.4344408266032229,0.18279156180949102,0.07350770618388852,0.21702127659574466,0.4243730095303021,0.6042553191489362,True,True,True,True,True
yuquan_liyouran,yuquan,20260727,history_h1,470,17,0.0854818523153942,0.1131776088865447,0.1578464409958407,0.2015847719258098,0.1255319148936156,0.1255319148936156,0.0854818523153942,0.132217159960032,0.1807021127669223,-0.0111917476315097,0.1255319148936156,0.1255319148936156,0.0096370463078848,0.0320414355845081,0.0450563204005006,0.1419701434797716,0.0,0.2021276595744681,0.06575735347282308,0.5208333333333333,0.4791666666666667,0.0271997348323653,0.37475623005262243,0.15969425319731562,0.04898915101451823,0.17872340425531918,0.4488915646996724,0.5659574468085107,True,True,True,True,True
yuquan_liyouran,yuquan,20260727,history_h2,470,17,0.0862327909887359,0.1205306261166049,0.1660054844159698,0.1337056196736946,0.1255319148936156,0.1255319148936156,0.0862327909887359,0.1420948545011054,0.1897982672956493,-0.0282405140930473,0.1255319148936156,0.1255319148936156,0.0096370463078848,0.0320414355845081,0.0453066332916145,0.1528098691167041,0.0,0.19148936170212771,0.06522435185904965,0.5441176470588235,0.4558823529411765,0.027061983376667313,0.4055319163686927,0.16975402533217226,0.06126345532734262,0.18085106382978722,0.436617260386848,0.5680851063829787,True,True,True,True,True
yuquan_liyouran,yuquan,20260727,constant_stop,470,17,0.146433041301627,0.111372289994974,0.180860623111993,0.2143127530587929,-2.3702127659574472,-2.3702127659574472,0.146433041301627,0.1347167964029002,0.2061808063600671,0.0755276204413529,-2.3702127659574472,-2.3702127659574472,0.2245306633291614,0.1949320748562578,0.0335419274092615,0.1780477302944007,0.0936170212765957,0.20638297872340428,0.04459866053576565,0.6017156862745097,0.3982843137254903,0.03101263040789826,0.2921077798034924,0.1206606322867574,0.06370576044858423,0.10572370392568176,0.4341749552656064,0.49295774647887325,True,True,True,True,True
yuquan_liyouran,yuquan,20260727,no_termination,470,17,0.3237797246558198,0.1446468119099053,0.2066097579163876,0.1214386542871638,5.504255319148935,5.504255319148935,0.3237797246558198,0.1564178024846329,0.2257356611672754,0.0514541037193473,5.504255319148935,5.504255319148935,0.3237797246558198,0.2026101579248288,0.0613266583229036,0.2095929676424366,0.0,0.09999999999999998,0.07719172831266904,0.8192247881965661,0.18077521180343392,0.03248830050053274,0.18728422339168327,0.21636309027940848,0.1541662910322142,0.046808510638297884,0.34371442468197644,0.4340425531914894,True,True,True,True,True
yuquan_pengzihang,yuquan,20260727,full_constructive,4525,12,0.0829834254143646,0.1242749712694492,0.1947887242208137,0.2246705512099897,0.6674033149171281,0.6674033149171281,0.0829834254143646,0.1588470528239345,0.24011278089677,0.0265378092117308,0.6674033149171272,0.6674033149171272,0.0562062615101289,0.0589867051228942,0.0576427255985267,0.0584066776162943,0.0,0.04044198895027623,0.0345717049394042,0.4930069930069929,0.5069930069930071,0.03616967795886325,0.6793505197114487,0.09248718243766318,0.0974675171431777,0.07889502762430939,0.5262974695491357,0.4614364640883978,True,True,True,True,True
yuquan_pengzihang,yuquan,20260727,static_only,4525,12,0.1575322283609576,0.1184172445295205,0.1633163516066379,0.3761474629045583,0.6674033149171281,0.6674033149171281,0.1575322283609576,0.1460750415565715,0.2054031130325895,-0.1052503186260085,0.6674033149171272,0.6674033149171272,0.0562062615101289,0.0589867051228942,0.0533701657458563,0.0514831937325745,0.0,0.03580110497237571,0.04112601135059743,0.34615384615384615,0.6538461538461539,0.034454897139097024,0.7418080993236402,0.08865857467586785,0.09573771658693286,0.10828729281767957,0.5245676689928909,0.49082872928176796,True,True,True,True,True
yuquan_pengzihang,yuquan,20260727,static_shuffle,4525,12,0.1324493554327808,0.1200017037995524,0.1737113499861095,0.3091481153076671,0.6674033149171281,0.6674033149171281,0.1324493554327808,0.154028426522046,0.2172536819920727,0.0751574859835005,0.6674033149171272,0.6674033149171272,0.0562062615101289,0.0589867051228942,0.0531860036832412,0.0558272197875162,0.0,0.0019889502762430733,0.03442208262127629,0.3776223776223775,0.6223776223776225,0.0392430087864314,0.6015833840211133,0.09278231325388084,0.09607717227562729,0.09966850828729285,0.5249071246815853,0.48220994475138124,True,True,True,True,True
yuquan_pengzihang,yuquan,20260727,history_h1,4525,12,0.1050460405156537,0.1252150664672523,0.1830022288167887,0.2619621518113331,0.6674033149171281,0.6674033149171281,0.1050460405156537,0.1551560589087199,0.2216715126346562,0.0229957036671765,0.6674033149171272,0.6674033149171272,0.0562062615101289,0.0589867051228942,0.0567219152854512,0.0645701362249904,0.0,0.026961325966850802,0.03789313686175323,0.47902097902097895,0.520979020979021,0.03581777449915586,0.6750403133381857,0.10434245973473406,0.10761456522735202,0.09790055248618784,0.53644451763331,0.48044198895027623,True,True,True,True,True
yuquan_pengzihang,yuquan,20260727,history_h2,4525,12,0.0905340699815837,0.1256995711778835,0.191393693986747,0.2380357956247359,0.6674033149171281,0.6674033149171281,0.0905340699815838,0.1584655335703036,0.2339401237927151,0.0339064350432065,0.6674033149171272,0.6674033149171272,0.0562062615101289,0.0589867051228942,0.0579005524861878,0.0666525450567192,0.0,0.039116022099447534,0.03599507975267248,0.4825174825174824,0.5174825174825176,0.03617023708448718,0.6672765621212113,0.10411426212062916,0.10686759953182401,0.08928176795580112,0.535697551937782,0.4718232044198895,True,True,True,True,True
yuquan_pengzihang,yuquan,20260727,constant_stop,4525,12,0.1669797421731123,0.1386102260803302,0.2334914043583392,0.1037237110953885,-0.9801104972375692,-0.9801104972375692,0.1669797421731123,0.1719240309229159,0.2696441760511354,-0.0111183864666977,-0.9801104972375692,-0.9801104972375692,0.2133149171270718,0.2329015992675266,0.0608103130755064,0.0592603243168996,0.1215469613259668,0.07801104972375689,0.03594505935965524,0.5839160839160839,0.41608391608391615,0.04338595790793162,0.4795924009538795,0.06900094744157796,0.08380731596136348,0.11783592202647769,0.5126372683673215,0.5003773584905661,True,True,True,True,True
yuquan_pengzihang,yuquan,20260727,no_termination,4525,12,0.3841804788213627,0.1958017713698697,0.2659182922839398,0.0570489192538366,4.610165745856354,4.610165745856354,0.3841804788213627,0.2053229269081583,0.2883780127309028,0.0065090234898697,4.610165745856354,4.610165745856354,0.3841804788213627,0.2445120071292716,0.1058931860036832,0.076413905733335,0.0,0.14187845303867402,0.06650312956783166,0.7832167832167832,0.2167832167832168,0.053286575991956346,0.2750340301561999,0.1730573076391896,0.15713899446698987,0.20906077348066304,0.5859689468729479,0.5916022099447514,True,True,True,True,True
yuquan_songzishuo,yuquan,20260727,full_constructive,90,38,0.1429824561403508,0.1294494583813179,0.1905050852696043,0.4142401764016644,-1.0777777777777793,-1.0777777777777793,0.1429824561403508,0.1405254628229885,0.2062204962861158,0.3108870137663522,-1.0777777777777793,-1.0777777777777793,0.0333333333333333,0.0565335593229246,0.0286549707602339,0.0525905538996998,0.0,0.38888888888888895,0.02759080030770892,0.5806433964328701,0.41935660356712984,0.02730255634200993,0.09772602824958489,0.09982682373719784,0.06394595102008949,0.21111111111111114,0.6507105242596191,0.5555555555555556,True,True,True,True,True
yuquan_songzishuo,yuquan,20260727,static_only,90,38,0.0827485380116958,0.1309431543977376,0.1884291264363053,0.4166362793808634,-1.0777777777777793,-1.0777777777777793,0.0827485380116958,0.1407548057122841,0.20557125646245,0.2265438927827285,-1.0777777777777793,-1.0777777777777793,0.0333333333333333,0.0565335593229246,0.0292397660818713,0.0432251340301692,0.0,0.4444444444444445,0.02403543422020618,0.5340846919794289,0.46591530802057113,0.025918804776333716,0.07903317930976492,0.10158132755289757,0.06869468773578136,0.23333333333333328,0.6554592609753109,0.5777777777777777,True,True,True,True,True
yuquan_songzishuo,yuquan,20260727,static_shuffle,90,38,0.1342105263157894,0.1275781773842663,0.1821161765247692,0.4756707022435529,-1.0777777777777793,-1.0777777777777793,0.1342105263157894,0.1375527123084066,0.1983582327749261,0.3655491793370924,-1.0777777777777793,-1.0777777777777793,0.0333333333333333,0.0565335593229246,0.0292397660818713,0.054279290003346,0.0,0.34444444444444444,0.032626300377059825,0.5293795820111611,0.47062041798883897,0.026627304387068493,0.11804849332107223,0.12243344691341702,0.034984839369050724,0.24444444444444446,0.6217494126085803,0.5888888888888889,True,True,True,True,True
yuquan_songzishuo,yuquan,20260727,history_h1,90,38,0.1131578947368421,0.1295813469727302,0.1866364481085317,0.4327895108368154,-1.0777777777777793,-1.0777777777777793,0.1131578947368421,0.1386247533540339,0.2008646361814704,0.3021021414428133,-1.0777777777777793,-1.0777777777777793,0.0333333333333333,0.0565335593229246,0.0292397660818713,0.0416230460008431,0.0,0.4,0.024955024550586742,0.512856986541197,0.48714301345880295,0.026071600538550108,0.12941613239500965,0.10655165879318654,0.10305675585900853,0.23333333333333328,0.6898213290985381,0.5777777777777777,True,True,True,True,True
yuquan_songzishuo,yuquan,20260727,history_h2,90,38,0.1271929824561403,0.1367015558854739,0.1943546911488027,0.3745610321761525,-1.0777777777777793,-1.0777777777777793,0.1271929824561403,0.1466977927971793,0.2110541596686919,0.2579544162250877,-1.0777777777777793,-1.0777777777777793,0.0333333333333333,0.0565335593229246,0.0309941520467836,0.0606378381509015,0.0,0.38888888888888895,0.022919578600973524,0.5228143122879965,0.47718568771200354,0.026749291984767165,0.10480277401681547,0.14087943257281074,0.03628761791720192,0.2666666666666667,0.6230521911567315,0.6111111111111112,True,True,True,True,True
yuquan_songzishuo,yuquan,20260727,constant_stop,90,38,0.1178362573099415,0.1259367772765406,0.1851350437395159,0.4924107269440628,-3.900000000000002,-3.900000000000002,0.1178362573099415,0.1357389724875956,0.197866074681676,0.4318009763121694,-3.900000000000002,-3.900000000000002,0.2494152046783625,0.1364308876358468,0.0245614035087719,0.1142320730234378,0.0555555555555555,0.4222222222222223,0.004072179564849801,0.5243462085567349,0.47565379144326514,0.026897086784267468,0.10504917409705827,0.060197408900584885,0.059848896113886774,0.1261437908496732,0.6466134693534163,0.47058823529411764,True,True,True,True,True
yuquan_songzishuo,yuquan,20260727,no_termination,90,38,0.372514619883041,0.1348115359256564,0.1904291784796528,0.4897320657748485,14.155555555555557,14.155555555555557,0.372514619883041,0.1400712801782285,0.1995132299487394,0.4487486419957479,14.155555555555557,14.155555555555557,0.3725146198830409,0.1293122215476821,0.0327485380116959,0.0304496082577574,0.0,0.2777777777777778,0.049408334548410066,0.5509355509355509,0.44906444906444903,0.02379586451246212,0.1586872043855989,0.09531603650274277,0.019145092268996855,0.23333333333333328,0.6059096655085264,0.5777777777777777,True,True,True,True,True
yuquan_sunyuanxin,yuquan,20260727,full_constructive,257,12,0.0457198443579766,0.1265442500055245,0.1934169175309128,0.5326289713089861,-0.1284046692607008,-0.1284046692607008,0.0457198443579766,0.1673973856050847,0.2419651501189637,0.0029679164171792,-0.1284046692607008,-0.1284046692607008,0.0145914396887159,0.0421564107085944,0.0505836575875486,,0.0038910505836575,0.30739299610894943,0.0992760744743863,0.34615384615384603,0.653846153846154,0.047899625894599694,0.5211546007310782,,,,,,False,True,False,False,False
yuquan_sunyuanxin,yuquan,20260727,static_only,257,12,0.0839818417639429,0.1217557972020023,0.1905504813263663,0.6158761911941615,-0.1284046692607008,-0.1284046692607008,0.0839818417639429,0.155611096412334,0.2365499795184675,0.0239797844556684,-0.1284046692607008,-0.1284046692607008,0.0145914396887159,0.0421564107085944,0.0421530479896238,,0.0038910505836575,0.27626459143968873,0.10355877589555447,0.3006993006993006,0.6993006993006994,0.04693372520804614,0.5247436284044519,,,,,,False,True,False,False,False
yuquan_sunyuanxin,yuquan,20260727,static_shuffle,257,12,0.0988975356679636,0.1198993665838513,0.1783709519685925,0.6814084392405707,-0.1284046692607008,-0.1284046692607008,0.0988975356679637,0.1573551529916547,0.2357075569223405,0.0416249054814736,-0.1284046692607008,-0.1284046692607008,0.0145914396887159,0.0421564107085944,0.0421530479896238,,0.0038910505836575,0.28404669260700394,0.10300672032036597,0.25874125874125864,0.7412587412587414,0.04942879855678289,0.46792526483913277,,,,,,False,True,False,False,False
yuquan_sunyuanxin,yuquan,20260727,history_h1,257,12,0.0509079118028534,0.1239170946496591,0.1864382712147611,0.5830104969837846,-0.1284046692607008,-0.1284046692607008,0.0509079118028534,0.1610972432314835,0.2304689934427453,0.0980646962680749,-0.1284046692607008,-0.1284046692607008,0.0145914396887159,0.0421564107085944,0.0453955901426718,,0.0038910505836575,0.27626459143968873,0.09894409564521872,0.2832167832167831,0.7167832167832169,0.04762444836493908,0.5272912073638146,,,,,,False,True,False,False,False
yuquan_sunyuanxin,yuquan,20260727,history_h2,257,12,0.0437743190661478,0.1244230963536768,0.186240388602263,0.5583895132459019,-0.1284046692607008,-0.1284046692607008,0.0437743190661478,0.1632476384807014,0.232781488560083,0.0528847038958877,-0.1284046692607008,-0.1284046692607008,0.0145914396887159,0.0421564107085944,0.0460440985732814,,0.0038910505836575,0.28015564202334636,0.09991648760938611,0.3356643356643355,0.6643356643356645,0.047945252987723855,0.5111508192651748,,,,,,False,True,False,False,False
yuquan_sunyuanxin,yuquan,20260727,constant_stop,257,12,0.1339169909208819,0.1299726577607184,0.2217190400561477,0.3380802082704366,-1.2412451361867705,-1.2412451361867705,0.1339169909208819,0.1707441259639494,0.2554433476166234,0.0690858149684619,-1.2412451361867705,-1.2412451361867705,0.1961738002594033,0.2120997056665491,0.0577172503242542,,0.0778210116731517,0.31517509727626464,0.08553882436324435,0.46153846153846145,0.5384615384615385,0.05482558624657264,0.36361401121490783,,,,,,False,True,False,False,False
yuquan_sunyuanxin,yuquan,20260727,no_termination,257,12,0.3540856031128405,0.1871582834747656,0.2574714927093393,0.2293993101944708,4.249027237354086,4.249027237354086,0.3540856031128405,0.2117543050222836,0.281898756686301,0.0385972467715747,4.249027237354086,4.249027237354086,0.3540856031128405,0.2398684725405468,0.125810635538262,,0.0,0.37743190661478604,0.13879037100309755,0.6713286713286712,0.3286713286713287,0.06213892157335163,0.25750734932194325,,,,,,False,True,False,False,False
yuquan_wangyiyang,yuquan,20260727,full_constructive,384,22,0.049124053030303,0.0375731084571159,0.0624383616700587,0.5983880656916166,-0.7161458333333339,-0.7161458333333339,0.049124053030303,0.0419723282928019,0.0717886403845677,0.4959078771153871,-0.7161458333333339,-0.7161458333333339,0.0325520833333333,0.0369539566640014,0.0153882575757575,,0.0026041666666666,0.0026041666666666297,0.09239941957561344,0.15471485036702415,0.8452851496329759,0.027100577559250896,0.23509203800514536,,,,,,False,True,False,False,False
yuquan_wangyiyang,yuquan,20260727,static_only,384,22,0.0638020833333333,0.0398431677505611,0.0712401003587215,0.4342602550037066,-0.7161458333333339,-0.7161458333333339,0.0638020833333333,0.0464931000328799,0.08165195447239,0.1991245640748402,-0.7161458333333339,-0.7161458333333339,0.0325520833333333,0.0369539566640014,0.0158617424242424,,0.0026041666666666,0.078125,0.09518431768082217,0.1733483907396951,0.8266516092603049,0.02834779096882639,0.1400192396143354,,,,,,False,True,False,False,False
yuquan_wangyiyang,yuquan,20260727,static_shuffle,384,22,0.053622159090909,0.0370860508600393,0.0623955685837036,0.5580703783114371,-0.7161458333333339,-0.7161458333333339,0.053622159090909,0.0411005715223833,0.0696750918487353,0.4503981815470929,-0.7161458333333339,-0.7161458333333339,0.0325520833333333,0.0369539566640014,0.0175189393939393,,0.0026041666666666,0.0026041666666666297,0.09320464996323931,0.14680971202710325,0.8531902879728968,0.0274302079051825,0.22502769230981337,,,,,,False,True,False,False,False
yuquan_wangyiyang,yuquan,20260727,history_h1,384,22,0.0441524621212121,0.0359532811269859,0.0637114076311012,0.5813804716347934,-0.7161458333333339,-0.7161458333333339,0.0441524621212121,0.0403948016796404,0.0719012125603641,0.4622554394400345,-0.7161458333333339,-0.7161458333333339,0.0325520833333333,0.0369539566640014,0.0144412878787878,,0.0026041666666666,0.02604166666666663,0.09338122175825389,0.17447769621682663,0.8255223037831734,0.027440294521143518,0.209224364505107,,,,,,False,True,False,False,False
yuquan_wangyiyang,yuquan,20260727,history_h2,384,22,0.0401278409090909,0.0350340407938866,0.0620247834044916,0.5997046707563457,-0.7161458333333339,-0.7161458333333339,0.0401278409090909,0.0388504731535863,0.0702639964248915,0.4923952978764812,-0.7161458333333339,-0.7161458333333339,0.0325520833333333,0.0369539566640014,0.0142045454545454,,0.0026041666666666,0.0078125,0.09225145309183115,0.160361377752682,0.839638622247318,0.027083874421208357,0.23556717825347492,,,,,,False,True,False,False,False
yuquan_wangyiyang,yuquan,20260727,constant_stop,384,22,0.1747159090909091,0.0450115091974845,0.0710134062750642,0.6133463875121837,-3.84375,-3.84375,0.1747159090909091,0.0498842194463326,0.078707100046853,0.5337240862121839,-3.84375,-3.84375,0.234375,0.1321031692847002,0.0189393939393939,,0.0572916666666666,0.05729166666666663,0.0885386784226028,0.23037831733483893,0.7696216826651611,0.027450231524177113,0.22856267073039058,,,,,,False,True,False,False,False
yuquan_wangyiyang,yuquan,20260727,no_termination,384,22,0.3025568181818181,0.0599767827012751,0.0808280724705342,0.6375203317961483,6.65625,6.65625,0.3025568181818182,0.064269924524098,0.0896911539254517,0.5534260251656812,6.65625,6.65625,0.3025568181818182,0.1264946144016774,0.0388257575757575,,0.0,0.25,0.09106324441351717,0.35516657255787676,0.6448334274421232,0.025907366130135907,0.26902395169001375,,,,,,False,True,False,False,False
yuquan_xuxinyi,yuquan,20260727,full_constructive,1333,15,0.1142785696424106,0.1293269905318769,0.1846456948417959,0.5050484711029554,-0.3818454613653408,-0.3818454613653408,0.1142785696424105,0.1604530553740341,0.2294503342326678,-0.021678417890291,-0.3818454613653408,-0.3818454613653408,0.0254563640910227,0.0314351267334501,0.0657164291072768,0.327961282517356,0.0,0.06226556639159786,0.0505948369344194,0.40535714285714297,0.594642857142857,0.03124693870594087,0.4653151672083958,0.3812444164340226,0.23062067770733785,0.2850712678169542,0.5374492889696043,0.4913728432108027,True,True,True,True,True
yuquan_xuxinyi,yuquan,20260727,static_only,1333,15,0.0719679919979994,0.1344741820208123,0.1857732660013052,0.7143887019712496,-0.3818454613653408,-0.3818454613653408,0.0719679919979994,0.1584321823047484,0.2153189815598681,0.0890473645398921,-0.3818454613653408,-0.3818454613653408,0.0254563640910227,0.0314351267334501,0.066116529132283,0.3325121461753633,0.0,0.08777194298574642,0.04955227533911002,0.330357142857143,0.669642857142857,0.034142355834771786,0.3873833690142592,0.3808071142640893,0.22535229369424226,0.2993248312078019,0.5427176729826999,0.477119279819955,True,True,True,True,True
yuquan_xuxinyi,yuquan,20260727,static_shuffle,1333,15,0.1211802950737684,0.1353748678227478,0.1924695780086912,0.4702724359133434,-0.3818454613653408,-0.3818454613653408,0.1211802950737684,0.1678571602087968,0.2400375458428936,-0.2057848538650563,-0.3818454613653408,-0.3818454613653408,0.0254563640910227,0.0314351267334501,0.0665166291572893,0.3382750540543234,0.0,0.07126781695423856,0.048918701319717595,0.42500000000000004,0.575,0.032551166269133125,0.4395721823699861,0.38932857667382065,0.23378856762232902,0.2955738934733683,0.5342813990546131,0.4808702175543886,True,True,True,True,True
yuquan_xuxinyi,yuquan,20260727,history_h1,1333,15,0.0837709427356839,0.1339712456366581,0.1908875716629681,0.5425030030079651,-0.3818454613653408,-0.3818454613653408,0.0837709427356839,0.1633295698117272,0.2310119609084393,-0.0415568376386513,-0.3818454613653408,-0.3818454613653408,0.0254563640910227,0.0314351267334501,0.0666166541635408,0.3313551271084797,0.0,0.06676669167291815,0.04961563109436932,0.36964285714285716,0.6303571428571428,0.030670214013436094,0.4764397340225809,0.37968952611455875,0.2243162548359826,0.28282070517629404,0.5437537118409596,0.49362340585146286,True,True,True,True,True
yuquan_xuxinyi,yuquan,20260727,history_h2,1333,15,0.0982745686421605,0.1299794797986146,0.1885081188388235,0.5141144869613288,-0.3818454613653408,-0.3818454613653408,0.0982745686421605,0.1609525863366206,0.233089222303867,-0.0286653315681631,-0.3818454613653408,-0.3818454613653408,0.0254563640910227,0.0314351267334501,0.0663165791447862,0.3333225312283696,0.0,0.059264816204050996,0.04975402485668453,0.3964285714285716,0.6035714285714284,0.03077577164098061,0.4740978986934474,0.382744708067668,0.23055510287250058,0.2888222055513878,0.5375148638044416,0.4876219054763691,True,True,True,True,True
yuquan_xuxinyi,yuquan,20260727,constant_stop,1333,15,0.1865466366591648,0.1434979800225388,0.2476140119148026,-0.0337794841441109,-2.6376594148537134,-2.6376594148537134,0.1865466366591648,0.1801029258737458,0.2843346706407554,-0.1494224579652213,-2.6376594148537134,-2.6376594148537134,0.2466616654163541,0.1799197608970217,0.0650162540635158,0.3728365350917166,0.0960240060015003,0.041260315078769705,0.045882108714076074,0.5410714285714286,0.45892857142857135,0.031137103312803893,0.47701767200033984,0.3749223231129447,0.2108241983844139,0.251962783226927,0.5572457682925283,0.5244813278008299,True,True,True,True,True
yuquan_xuxinyi,yuquan,20260727,no_termination,1333,15,0.2817704426106527,0.1789200714677867,0.2822280164156974,-0.1554655786115509,4.22655663915979,4.22655663915979,0.2817704426106527,0.1932926970610956,0.3021414266455457,-0.1439869740233867,4.22655663915979,4.22655663915979,0.2817704426106527,0.1791625210368548,0.0978244561140285,0.4406844567509534,0.0,0.14028507126781697,0.03934047440514607,0.7178571428571429,0.28214285714285714,0.03204205822693329,0.3889178548953129,0.42392892208832855,0.16253009084502446,0.1005251312828207,0.6055398758319177,0.6759189797449362,True,True,True,True,True
yuquan_zhangbichen,yuquan,20260727,full_constructive,1675,52,0.0803329506314581,0.0861430474639987,0.1317329623001746,0.2412181116023587,-0.5582089552238827,-0.5582089552238827,0.080332950631458,0.0917957391999861,0.1397022713377815,0.1533999955446235,-0.5582089552238827,-0.5582089552238827,0.0111251435132032,0.0236175079396414,0.0148335246842709,0.1501438895054048,0.0,0.32358208955223877,0.04964818033629771,0.33159737044309745,0.6684026295569025,0.008242080532768292,0.36394437037935623,0.1781762578952915,0.14044185679126653,0.08776119402985072,0.41663059509928035,0.417910447761194,True,False,True,True,False
yuquan_zhangbichen,yuquan,20260727,static_only,1675,52,0.0396670493685419,0.085411401493673,0.130590502635025,0.4542924282184783,-0.5582089552238827,-0.5582089552238827,0.0396670493685419,0.0905333615145009,0.1383890326241247,0.2437344369526039,-0.5582089552238827,-0.5582089552238827,0.0111251435132032,0.0236175079396414,0.0155912743972445,0.154091360569578,0.0,0.25731343283582087,0.053664738707631804,0.2644497566806113,0.7355502433193887,0.008783194649951257,0.15251659635429085,0.18188999493817648,0.1425164694190038,0.09731343283582089,0.41455598247154307,0.4274626865671642,True,False,True,True,False
yuquan_zhangbichen,yuquan,20260727,static_shuffle,1675,52,0.0934213547646383,0.0890890820961621,0.1349708083077756,0.1890964354022608,-0.5582089552238827,-0.5582089552238827,0.0934213547646383,0.0950581825275048,0.1435488502981562,0.0876141184346694,-0.5582089552238827,-0.5582089552238827,0.0111251435132032,0.0236175079396414,0.0151779563719862,0.1497214632943979,0.0,0.324179104477612,0.05034357023355651,0.32993255357295315,0.6700674464270469,0.00837894547721413,0.3421569661221652,0.17810714669518102,0.1386322689865585,0.09014925373134325,0.4184401829039884,0.42029850746268654,True,False,True,True,False
yuquan_zhangbichen,yuquan,20260727,history_h1,1675,52,0.0455912743972445,0.084295875206462,0.1291597442304872,0.3307876510587246,-0.5582089552238827,-0.5582089552238827,0.0455912743972445,0.0894968290619687,0.1366979035100259,0.2039270848779141,-0.5582089552238827,-0.5582089552238827,0.0111251435132032,0.0236175079396414,0.0150401836969001,0.1533495051866382,0.0,0.3002985074626866,0.0509402722323938,0.2661145735507555,0.7338854264492445,0.008153387373605159,0.3569831645573062,0.1810992617903896,0.1347752620541206,0.10686567164179106,0.4222971898364263,0.43701492537313436,True,False,True,True,False
yuquan_zhangbichen,yuquan,20260727,history_h2,1675,52,0.0617566016073478,0.085395927699998,0.1306504707706794,0.2618324001134973,-0.5582089552238827,-0.5582089552238827,0.0617566016073478,0.0907670874405935,0.1384760289889406,0.1553120111645857,-0.5582089552238827,-0.5582089552238827,0.0111251435132032,0.0236175079396414,0.0156601607347876,0.1498097991300307,0.0,0.3098507462686567,0.0508780656771714,0.3052591138051738,0.6947408861948262,0.00825285907455107,0.3643910243165219,0.17887810593262285,0.13513361977726784,0.10029850746268654,0.42193883211327904,0.43044776119402983,True,False,True,True,False
yuquan_zhangbichen,yuquan,20260727,constant_stop,1675,52,0.1553042479908151,0.0886554874272665,0.1411020296881707,0.1522561113355844,-8.075820895522387,-8.075820895522387,0.1553042479908151,0.0953314503713462,0.1486912705972757,0.1112220714807248,-8.075820895522387,-8.075820895522387,0.2403788748564867,0.1060144798679848,0.0150172215843857,0.1598754171726337,0.0292537313432835,0.36179104477611945,0.03683625177225038,0.4257235550243319,0.5742764449756681,0.008560679845797866,0.31137369444740215,0.17555719089987784,0.14407032719684237,0.09666501441133812,0.4130021246937045,0.4268142681426814,True,False,True,True,False
yuquan_zhangbichen,yuquan,20260727,no_termination,1675,52,0.3330769230769231,0.1061752499627045,0.1587462222474004,0.0858843320276495,17.32,17.32,0.3330769230769231,0.1087003653723244,0.1644187357228448,0.0676545948227047,17.32,17.32,0.3330769230769231,0.1079219549766735,0.0198392652123995,0.1689011304162183,0.0,0.3779104477611941,0.051469722464292406,0.6378382993255357,0.3621617006744643,0.00833533803537977,0.2971358422543547,0.20040985769463376,0.17133076306652972,0.031044776119402984,0.38574168882401716,0.3611940298507463,True,False,True,True,False
yuquan_zhangjiaqi,yuquan,20260727,full_constructive,9656,7,0.0495324890519588,0.0308684296853119,0.0492873082724784,0.8235414822960466,-0.0426677713338854,-0.0426677713338854,0.0495324890519588,0.0471288256159665,0.0819732824746006,0.6447660985148875,-0.0426677713338854,-0.0426677713338854,0.0065096461119659,0.006165107822143,0.0268079062610959,0.013851632751723,0.0001035625517812,0.0518848384424192,0.02322499725829838,0.07142857142857129,0.9285714285714287,0.030956581924621824,0.771694637740483,0.043628945975149894,6.077438537654967e-05,0.05836975274132383,0.9994779638201639,0.38166752977731744,True,True,True,True,True
yuquan_zhangjiaqi,yuquan,20260727,static_only,9656,7,0.0575807787903893,0.0211265900791764,0.0359715569300589,0.8437862337026351,-0.0426677713338854,-0.0426677713338854,0.0575807787903893,0.0271053991118946,0.0462704797658493,0.6366309868087398,-0.0426677713338854,-0.0426677713338854,0.0065096461119659,0.006165107822143,0.0247958338264883,0.0217624540595006,0.0001035625517812,0.03231151615575806,0.03351461496156108,0.08928571428571419,0.9107142857142858,0.03877207298447577,0.6079615227179697,0.03726038990231099,0.00010155536026057455,0.04977317065950093,0.9994371828452798,0.39026411185914034,True,True,True,True,True
yuquan_zhangjiaqi,yuquan,20260727,static_shuffle,9656,7,0.0656882471298378,0.032304929361454,0.0502971008959589,0.735812898009323,-0.0426677713338854,-0.0426677713338854,0.0656882471298378,0.0527629278797298,0.087373340163855,0.3460706519962276,-0.0426677713338854,-0.0426677713338854,0.0065096461119659,0.006165107822143,0.0279322996804355,0.0160054298660361,0.0001035625517812,0.04960646230323118,0.023712652763414804,0.0714285714285714,0.9285714285714286,0.033283731880440835,0.69934506753991,0.041662303462846974,6.308469424853858e-05,0.05329466211470546,0.9994756535112919,0.3867426204039358,True,True,True,True,True
yuquan_zhangjiaqi,yuquan,20260727,history_h1,9656,7,0.0401230914901171,0.0298252970448028,0.0467676944814998,0.8189151014938492,-0.0426677713338854,-0.0426677713338854,0.0401230914901171,0.0434264745079967,0.0728807424862074,0.6346949067040726,-0.0426677713338854,-0.0426677713338854,0.0065096461119659,0.006165107822143,0.0276659959758551,0.0162980120062029,0.0001035625517812,0.05364540182270089,0.025629153634014717,0.07142857142857129,0.9285714285714287,0.029468738168152597,0.8227589029881294,0.04525567107526879,7.571873520806349e-05,0.0605447915813031,0.9994630194703323,0.37949249093733817,True,True,True,True,True
yuquan_zhangjiaqi,yuquan,20260727,history_h2,9656,7,0.04615930879394,0.0311919802424052,0.0496427066521054,0.8204592500316596,-0.0426677713338854,-0.0426677713338854,0.0461593087939401,0.0472434469988907,0.0813015926167786,0.6390729902585872,-0.0426677713338854,-0.0426677713338854,0.0065096461119659,0.006165107822143,0.0284057284885785,0.0131695200085741,0.0001035625517812,0.053956089478044755,0.02352393425040053,0.07142857142857129,0.9285714285714287,0.030418343311025563,0.7751426307958043,0.04589334077096974,6.165483885500755e-05,0.06033764502511463,0.9994770833666854,0.37969963749352664,True,True,True,True,True
yuquan_zhangjiaqi,yuquan,20260727,constant_stop,9656,7,0.1690140845070422,0.0522925511454935,0.0802588997470483,0.8151447833210725,-1.1830985915492955,-1.1830985915492955,0.1690140845070422,0.0699672213628008,0.1143265049958424,0.6645329716138509,-1.1830985915492955,-1.1830985915492955,0.1965617232808616,0.1843775897112974,0.0280210675819623,0.1101193102244968,0.1998757249378624,0.061619718309859184,0.04313170109962583,0.07142857142857129,0.9285714285714287,0.02676679411848926,0.8659366536434862,0.06695883350475161,0.00013488776646497502,0.0778835160159232,0.9994038504390754,0.3621537665027181,True,True,True,True,True
yuquan_zhangjiaqi,yuquan,20260727,no_termination,9656,7,0.2621612025091727,0.0844426195544796,0.1060297685851669,0.7953975491545026,1.835128417564209,1.835128417564209,0.2621612025091727,0.1067872584094048,0.1311014309820672,0.6617415985205893,1.835128417564209,1.835128417564209,0.2621612025091727,0.1890226469708218,0.1323529411764706,0.1008564595832218,0.0,0.195940347970174,0.036248248485404005,0.17857142857142838,0.8214285714285716,0.031751317220544445,0.8351412198117067,0.25649655349709977,0.0002793353504275675,0.27765120132560067,0.9992594028551128,0.1623860811930406,True,True,True,True,True
yuquan_zhangkexuan,yuquan,20260727,full_constructive,1590,26,0.0715045960328979,0.1501961443604404,0.2259893138489574,0.1726071648288868,-0.1622641509433968,-0.1622641509433968,0.0715045960328979,0.1679454381388327,0.2493180874159986,-0.3019639939214128,-0.1622641509433968,-0.1622641509433968,0.0129172714078374,0.0144499914922909,0.026318335752298,0.1251941208342068,0.0,0.549685534591195,0.06629468786124204,0.36136752136752137,0.6386324786324786,0.021726186638922375,0.5259402459431947,0.1838695773722857,0.08345585378129361,0.12578616352201266,0.733885818976294,0.7226415094339622,True,True,True,True,True
yuquan_zhangkexuan,yuquan,20260727,static_only,1590,26,0.0633284954039671,0.1377088719932321,0.2150245097502472,0.4496161875139474,-0.1622641509433968,-0.1622641509433968,0.0633284954039671,0.1533149582208775,0.2368811557528027,-0.3878325894139685,-0.1622641509433968,-0.1622641509433968,0.0129172714078374,0.0144499914922909,0.0265602322206095,0.1044087461439707,0.0,0.5207547169811321,0.07626134639351953,0.4211965811965812,0.5788034188034188,0.02369128959933032,0.30775388036568857,0.14923734930345112,0.06847332273662854,0.10062893081761015,0.7488683500209591,0.7477987421383647,True,True,True,True,True
yuquan_zhangkexuan,yuquan,20260727,static_shuffle,1590,26,0.0853410740203193,0.1507811418244458,0.2271764110138735,0.167796998794347,-0.1622641509433968,-0.1622641509433968,0.0853410740203193,0.1690011235557661,0.2519803055544103,-0.3124377880608541,-0.1622641509433968,-0.1622641509433968,0.0129172714078374,0.0144499914922909,0.0259313014029995,0.1251029073040136,0.0,0.539622641509434,0.06951284704225454,0.3630769230769232,0.6369230769230768,0.02172138521060194,0.5183339837298659,0.18069685452068002,0.08398630166585852,0.1201257861635221,0.7333553710917291,0.7283018867924528,True,True,True,True,True
yuquan_zhangkexuan,yuquan,20260727,history_h1,1590,26,0.0644895984518626,0.143842466726338,0.2195146880544632,0.2833263433582939,-0.1622641509433968,-0.1622641509433968,0.0644895984518626,0.1604783238319166,0.241912574628818,-0.3252203765269776,-0.1622641509433968,-0.1622641509433968,0.0129172714078374,0.0144499914922909,0.0271891630382196,0.1132804167300841,0.0,0.5377358490566038,0.07053808170133559,0.3634188034188035,0.6365811965811965,0.02165100360157884,0.5572106609313519,0.16244903625450363,0.07617725183730162,0.10880503144654097,0.741164420920286,0.7396226415094339,True,True,True,True,True
yuquan_zhangkexuan,yuquan,20260727,history_h2,1590,26,0.0679245283018868,0.1473231437344806,0.2216451505971396,0.2272987881937994,-0.1622641509433968,-0.1622641509433968,0.0679245283018867,0.1642557000301089,0.2440639496849015,-0.2896492420133414,-0.1622641509433968,-0.1622641509433968,0.0129172714078374,0.0144499914922909,0.0265118529269472,0.1220729963578108,0.0,0.5477987421383648,0.06833288831215423,0.3452991452991453,0.6547008547008547,0.02157496809975289,0.5414675743541258,0.17495673545112542,0.0814705256422219,0.1201257861635221,0.7358711471153657,0.7283018867924528,True,True,True,True,True
yuquan_zhangkexuan,yuquan,20260727,constant_stop,1590,26,0.1853168843734881,0.1511852166853667,0.237232554600562,0.0625429357719193,-4.730188679245282,-4.730188679245282,0.1853168843734881,0.1735906406718559,0.2585782903863178,-0.2666437860968474,-4.730188679245282,-4.730188679245282,0.2467102080309627,0.1141525860512952,0.0278180938558297,0.1377561141745572,0.050314465408805,0.5811320754716981,0.04183392890240806,0.384957264957265,0.615042735042735,0.021617400355768975,0.5166952029820943,0.17052055404539546,0.09400376833754309,0.11332833520763053,0.7233379044200445,0.7350993377483444,True,True,True,True,True
yuquan_zhangkexuan,yuquan,20260727,no_termination,1590,26,0.2574987905176584,0.1829051729243034,0.2580721911973958,-0.0801417764125187,6.69496855345912,6.69496855345912,0.2574987905176584,0.1955819833680685,0.273941749988026,-0.2975584359587659,6.69496855345912,6.69496855345912,0.2574987905176584,0.1148761116068787,0.0396710208030962,0.1803288399409738,0.0,0.6276729559748427,0.05736667729783555,0.4505982905982907,0.5494017094017093,0.021390787864775013,0.5463320995796094,0.2943572180943219,0.17941056043189452,0.15094339622641517,0.6379311123256931,0.6974842767295597,True,True,True,True,True
yuquan_zhaochenxi,yuquan,20260727,full_constructive,763,26,0.0780320596834358,0.0472933484104472,0.0653822800281217,0.3339105371140694,-0.0550458715596331,-0.0550458715596331,0.0780320596834358,0.0539632768483816,0.0710353719068104,0.300181180649998,-0.0550458715596331,-0.0550458715596331,0.0053432805726383,0.0579382319887254,0.0188527069261014,0.0698351152316145,0.0,0.10747051114023592,0.05744310716710277,0.24376068376068383,0.7562393162393162,0.017251095164881956,0.5242744961738924,0.11319179672417184,0.08233715878513415,0.11009174311926612,0.584024439262535,0.41022280471821754,True,True,True,True,True
yuquan_zhaochenxi,yuquan,20260727,static_only,763,26,0.0537352555701179,0.0442461250427029,0.0623239090376533,0.2667651906898313,-0.0550458715596331,-0.0550458715596331,0.0537352555701179,0.0499588369498845,0.0697248255590962,0.1154998584477154,-0.0550458715596331,-0.0550458715596331,0.0053432805726383,0.0579382319887254,0.0202641395301945,0.0818016149315519,0.0,0.13892529488859767,0.06056607917915561,0.23487179487179488,0.7651282051282051,0.019429991654750643,0.28589751384479334,0.11988113993438,0.08293537435079867,0.11533420707732639,0.5834262236968705,0.40498034076015726,True,True,True,True,True
yuquan_zhaochenxi,yuquan,20260727,static_shuffle,763,26,0.102732130255066,0.0438490613478734,0.0640840051116096,0.2211187992169929,-0.0550458715596331,-0.0550458715596331,0.102732130255066,0.0523321602267372,0.0727666622840797,0.1273021072641103,-0.0550458715596331,-0.0550458715596331,0.0053432805726383,0.0579382319887254,0.0188527069261014,0.0733003745503409,0.0,0.12450851900393184,0.05892051611586001,0.24957264957264969,0.7504273504273503,0.017860577449851072,0.4318991082144475,0.12374169913028119,0.0808656875179471,0.12188728702490176,0.585495910529722,0.3984272608125819,True,True,True,True,True
yuquan_zhaochenxi,yuquan,20260727,history_h1,763,26,0.0536344389555398,0.0427106489860814,0.0611148897035817,0.3264349377715454,-0.0550458715596331,-0.0550458715596331,0.0536344389555398,0.0476783808602583,0.0673196895728664,0.2593925691544401,-0.0550458715596331,-0.0550458715596331,0.0053432805726383,0.0579382319887254,0.0189535235406795,0.0680667755164455,0.0,0.1231979030144168,0.05860784205213378,0.2335042735042736,0.7664957264957264,0.017109059022022574,0.49731182041636657,0.11440006266568921,0.08953410621539393,0.11009174311926612,0.5768274918322752,0.41022280471821754,True,True,True,True,True
yuquan_zhaochenxi,yuquan,20260727,history_h2,763,26,0.067244681923581,0.0433510441092717,0.0615588347562022,0.3691257757661148,-0.0550458715596331,-0.0550458715596331,0.067244681923581,0.0488533926551309,0.0673051529334889,0.3320342878577027,-0.0550458715596331,-0.0550458715596331,0.0053432805726383,0.0579382319887254,0.0189535235406795,0.0653708000727337,0.0,0.10484927916120579,0.05863209409368621,0.23760683760683765,0.7623931623931623,0.017023280874839005,0.5160691912736505,0.11300496297358355,0.08725775750202469,0.11009174311926612,0.5791038405456445,0.41022280471821754,True,True,True,True,True
yuquan_zhaochenxi,yuquan,20260727,constant_stop,763,26,0.1065631616090332,0.0557767283583401,0.0934420176022117,0.4190333681402351,-2.3538663171690697,-2.3538663171690697,0.1065631616090331,0.0629565908202523,0.102029424366835,0.3843272462441819,-2.3538663171690697,-2.3538663171690697,0.2455892731122089,0.1834796265204304,0.018348623853211,0.0894021958608569,0.0484927916120576,0.12712975098296203,0.03999221164116168,0.31179487179487175,0.6882051282051282,0.017529546598296416,0.4522598254021475,0.12150486129022081,0.06825024498085197,0.12637515389808973,0.5981113530668172,0.3939393939393939,True,True,True,True,True
yuquan_zhaochenxi,yuquan,20260727,no_termination,763,26,0.410827704405686,0.0861342197985783,0.1198076569945538,0.4382987097089687,10.681520314547836,10.681520314547836,0.410827704405686,0.0914724490472756,0.1263153038366539,0.4126226284379721,10.681520314547836,10.681520314547836,0.4108277044056861,0.1854068023437719,0.0432503276539973,0.10034926156208,0.0,0.12450851900393178,0.07287742865436389,0.5558974358974359,0.4441025641025641,0.01770030169209807,0.3951810653693562,0.1764166760422755,0.022357043973403434,0.23460026212319796,0.6887186420210726,0.2857142857142857,True,True,True,True,True
