{
  "first_half": {
    "n_events": 223,
    "labels": [
      1,
      1,
      1,
      0,
      1,
      1,
      0,
      1,
      1,
      1,
      1,
      1,
      1,
      1,
      1,
      1,
      1,
      1,
      1,
      0,
      0,
      1,
      0,
      1,
      1,
      0,
      1,
      1,
      0,
      1,
      1,
      1,
      0,
      0,
      1,
      1,
      1,
      1,
      1,
      1,
      0,
      0,
      0,
      0,
      0,
      0,
      0,
      1,
      0,
      0,
      1,
      1,
      1,
      0,
      1,
      0,
      0,
      0,
      0,
      1,
      1,
      1,
      0,
      1,
      0,
      0,
      1,
      0,
      1,
      0,
      1,
      1,
      0,
      1,
      1,
      0,
      1,
      0,
      1,
      0,
      1,
      0,
      0,
      1,
      0,
      0,
      1,
      1,
      0,
      1,
      0,
      0,
      1,
      0,
      0,
      1,
      0,
      0,
      0,
      1,
      1,
      0,
      0,
      0,
      0,
      0,
      1,
      0,
      0,
      0,
      0,
      1,
      1,
      1,
      1,
      1,
      1,
      0,
      1,
      1,
      0,
      1,
      0,
      0,
      1,
      1,
      0,
      1,
      1,
      1,
      0,
      1,
      0,
      1,
      1,
      1,
      0,
      1,
      1,
      1,
      1,
      1,
      1,
      0,
      1,
      0,
      1,
      0,
      1,
      0,
      0,
      0,
      0,
      1,
      1,
      1,
      1,
      1,
      0,
      1,
      1,
      1,
      1,
      1,
      0,
      1,
      1,
      1,
      1,
      0,
      0,
      0,
      1,
      0,
      0,
      1,
      1,
      0,
      1,
      0,
      0,
      0,
      1,
      1,
      1,
      0,
      0,
      1,
      1,
      1,
      1,
      0,
      0,
      0,
      1,
      0,
      1,
      0,
      0,
      1,
      0,
      0,
      0,
      0,
      0,
      1,
      1,
      1,
      1,
      1,
      0,
      0,
      0,
      1,
      0,
      0,
      1,
      1,
      0,
      0,
      1,
      1,
      1
    ],
    "templates": [
      [
        4.375,
        0.46153846153846156,
        1.125,
        11.0,
        34.93333333333334,
        31.916666666666668,
        34.0,
        33.111111111111114,
        13.999999999999998,
        8.200000000000001,
        19.0,
        31.0,
        8.0,
        0.9285714285714286,
        4.846153846153847,
        2.888888888888889,
        7.8181818181818175,
        21.1,
        7.0,
        1.08,
        3.7222222222222223,
        25.125,
        0.7272727272727273,
        17.3,
        20.94736842105263,
        28.909090909090907,
        35.18181818181818,
        36.294117647058826,
        27.1875,
        21.90909090909091,
        26.3,
        36.77777777777777,
        18.923076923076923,
        30.90909090909091,
        33.0,
        1.0909090909090908,
        19.90909090909091,
        24.07692307692308
      ],
      [
        17.3,
        0.6944444444444444,
        1.1578947368421053,
        8.95,
        32.0,
        24.14285714285714,
        25.083333333333336,
        17.22222222222222,
        3.4285714285714284,
        5.0,
        10.0,
        13.928571428571427,
        4.0476190476190474,
        0.8888888888888888,
        4.142857142857142,
        1.8076923076923077,
        18.81818181818182,
        20.909090909090907,
        18.11111111111111,
        18.11111111111111,
        22.066666666666666,
        24.875,
        32.0,
        31.866666666666667,
        34.047619047619044,
        36.238095238095234,
        5.807692307692308,
        11.130434782608695,
        36.13793103448276,
        34.1578947368421,
        34.94444444444444,
        36.875,
        26.157894736842103,
        22.76190476190476,
        27.999999999999996,
        18.789473684210524,
        18.07692307692308,
        25.142857142857142
      ]
    ],
    "endpoints": {
      "0": {
        "top": [
          "B'1",
          "C'6",
          "D'3"
        ],
        "bottom": [
          "D3",
          "D4",
          "E10"
        ]
      },
      "1": {
        "top": [
          "B'1",
          "B'2",
          "C'6"
        ],
        "bottom": [
          "D'8",
          "E'2",
          "E10"
        ]
      }
    },
    "swap_class": "none",
    "decision_k": 19,
    "p_fw": 1.0,
    "T_obs": 0.15151515151515152
  },
  "second_half": {
    "n_events": 224,
    "n_assignable": 224,
    "n_unassignable": 0,
    "templates_projected": [
      [
        2.375,
        1.4444444444444444,
        12.5,
        9.0,
        34.875,
        34.11111111111111,
        5.142857142857142,
        31.333333333333332,
        25.799999999999997,
        16.142857142857142,
        26.375,
        18.285714285714285,
        24.999999999999996,
        14.888888888888888,
        13.166666666666666,
        21.714285714285715,
        1.3333333333333335,
        9.625,
        6.333333333333333,
        5.0,
        1.8333333333333333,
        4.333333333333333,
        13.11111111111111,
        20.857142857142858,
        8.0,
        33.800000000000004,
        26.0,
        26.999999999999996,
        33.142857142857146,
        6.166666666666666,
        17.714285714285715,
        37.0,
        13.142857142857142,
        29.22222222222222,
        28.5,
        6.875,
        7.5,
        29.0
      ],
      [
        14.2,
        0.7428571428571429,
        1.1428571428571428,
        9.91304347826087,
        27.111111111111107,
        28.083333333333336,
        24.15,
        10.133333333333333,
        15.266666666666667,
        7.0,
        6.0588235294117645,
        7.9375,
        7.692307692307693,
        1.8974358974358974,
        6.0,
        1.9705882352941178,
        18.06896551724138,
        23.052631578947366,
        11.157894736842104,
        12.083333333333334,
        12.965517241379311,
        33.75,
        32.15625,
        34.0,
        36.03225806451613,
        29.88888888888889,
        4.888888888888889,
        6.1,
        35.0,
        36.05555555555556,
        33.120000000000005,
        37.0,
        27.17391304347826,
        21.210526315789473,
        30.93333333333333,
        16.809523809523807,
        21.266666666666666,
        28.961538461538463
      ]
    ],
    "swap_class_projected": "none",
    "decision_k_projected": 19,
    "p_fw_projected": 0.7312687312687313,
    "T_obs_projected": 0.3103448275862069
  },
  "validation": {
    "template_spearman": 0.7768867688561064,
    "endpoint_position_recall": 0.5,
    "cluster_assignment_purity": 1.0,
    "swap_class_concordant": true,
    "tier": "moderate",
    "hungarian_match_corrs": [
      0.6174636174636174,
      0.9363099202485954
    ]
  },
  "h1_descriptive": {
    "0": {
      "frac_soz_endpoint": 0.3333333333333333,
      "frac_soz_middle": 0.3125,
      "delta": 0.020833333333333315,
      "n_endpoint": 6,
      "n_middle": 32
    },
    "1": {
      "frac_soz_endpoint": 0.5,
      "frac_soz_middle": 0.28125,
      "delta": 0.21875,
      "n_endpoint": 6,
      "n_middle": 32
    }
  },
  "split_info": {
    "median_t": 1603606750.319,
    "n_first": 223,
    "n_second": 224
  },
  "channel_names": [
    "A8",
    "B'1",
    "B'2",
    "B'4",
    "B3",
    "B5",
    "B6",
    "B7",
    "C'1",
    "C'2",
    "C'3",
    "C'4",
    "C'5",
    "C'6",
    "C'7",
    "C'8",
    "C1",
    "C2",
    "C4",
    "C5",
    "C6",
    "D'2",
    "D'3",
    "D'4",
    "D'5",
    "D'8",
    "D3",
    "D4",
    "E'2",
    "E'3",
    "E'4",
    "E10",
    "F'13",
    "F'7",
    "F'8",
    "F3",
    "F4",
    "G8"
  ],
  "params": {
    "chosen_k": 2,
    "endpoint_top_n": 3,
    "min_shared_channels": 3,
    "balance_day_night": false,
    "n_valid_channels": 38,
    "swap_n_perm": 1000,
    "swap_seed": 0
  },
  "subject": "songzishuo",
  "dataset": "yuquan",
  "stem": "yuquan_songzishuo",
  "stable_k": 2,
  "valid_mask_provenance": "pr6_union",