{
  "first_half": {
    "n_events": 242,
    "labels": [
      1,
      0,
      1,
      1,
      0,
      0,
      1,
      1,
      0,
      0,
      1,
      0,
      1,
      1,
      0,
      0,
      0,
      1,
      1,
      0,
      0,
      1,
      0,
      0,
      1,
      0,
      1,
      1,
      1,
      1,
      1,
      1,
      1,
      0,
      0,
      0,
      0,
      0,
      1,
      0,
      0,
      0,
      1,
      0,
      1,
      0,
      1,
      1,
      0,
      0,
      0,
      1,
      0,
      0,
      1,
      0,
      1,
      0,
      0,
      0,
      0,
      1,
      0,
      0,
      0,
      0,
      0,
      1,
      1,
      0,
      1,
      1,
      0,
      1,
      1,
      1,
      0,
      0,
      0,
      0,
      1,
      1,
      1,
      0,
      1,
      0,
      1,
      0,
      0,
      0,
      0,
      0,
      0,
      0,
      1,
      0,
      1,
      0,
      1,
      0,
      0,
      0,
      0,
      1,
      0,
      0,
      0,
      0,
      1,
      0,
      0,
      1,
      1,
      0,
      0,
      1,
      0,
      0,
      1,
      1,
      1,
      1,
      1,
      0,
      1,
      1,
      0,
      1,
      0,
      1,
      1,
      0,
      1,
      1,
      1,
      0,
      1,
      1,
      0,
      0,
      0,
      1,
      1,
      1,
      0,
      1,
      1,
      0,
      0,
      1,
      0,
      0,
      0,
      1,
      1,
      1,
      1,
      1,
      1,
      1,
      0,
      0,
      1,
      0,
      0,
      0,
      1,
      1,
      1,
      1,
      0,
      0,
      0,
      0,
      1,
      0,
      1,
      0,
      1,
      0,
      0,
      0,
      0,
      1,
      1,
      0,
      1,
      1,
      1,
      0,
      0,
      1,
      1,
      0,
      0,
      1,
      1,
      0,
      0,
      0,
      0,
      1,
      0,
      0,
      0,
      0,
      0,
      1,
      0,
      0,
      1,
      1,
      1,
      0,
      0,
      1,
      1,
      0,
      1,
      1,
      0,
      1,
      1,
      0,
      1,
      0,
      1,
      0,
      0,
      0,
      1,
      0,
      0,
      0,
      0,
      0,
      1,
      1,
      0,
      0,
      0,
      0
    ],
    "templates": [
      [
        6.114285714285714,
        7.078431372549019,
        7.96774193548387,
        8.293103448275861,
        8.148936170212766,
        0.5714285714285714,
        1.0,
        3.8333333333333335,
        0.8095238095238095,
        0.8666666666666667
      ],
      [
        0.9666666666666667,
        2.0952380952380953,
        1.0833333333333333,
        2.9615384615384617,
        8.074074074074073,
        8.318181818181818,
        8.176470588235293,
        0.6785714285714286,
        7.999999999999999,
        2.0476190476190474
      ]
    ],
    "endpoints": {
      "0": {
        "top": [
          "F6",
          "G5",
          "G7"
        ],
        "bottom": [
          "D11",
          "D12",
          "D13"
        ]
      },
      "1": {
        "top": [
          "D11",
          "D9",
          "F9"
        ],
        "bottom": [
          "D13",
          "F6",
          "F8"
        ]
      }
    },
    "swap_class": "none",
    "decision_k": 5,
    "p_fw": 0.5224775224775224,
    "T_obs": 0.42857142857142855
  },
  "second_half": {
    "n_events": 242,
    "n_assignable": 242,
    "n_unassignable": 0,
    "templates_projected": [
      [
        4.948717948717949,
        5.981132075471698,
        8.015384615384615,
        8.136363636363637,
        8.0,
        1.7666666666666666,
        0.6521739130434783,
        8.315789473684209,
        0.6829268292682927,
        0.8979591836734694
      ],
      [
        1.0909090909090908,
        2.0,
        1.0,
        1.9166666666666665,
        5.0,
        8.193548387096774,
        6.75,
        3.7777777777777777,
        7.111111111111111,
        0.9545454545454546
      ]
    ],
    "swap_class_projected": "none",
    "decision_k_projected": 4,
    "p_fw_projected": 0.21578421578421578,
    "T_obs_projected": 0.4666666666666667
  },
  "validation": {
    "template_spearman": 0.709090909090909,
    "endpoint_position_recall": 0.6666666666666666,
    "swap_class_concordant": true,
    "tier": "strong",
    "hungarian_match_corrs": [
      0.6969696969696969,
      0.7212121212121211
    ],
    "assignment_coverage": 1.0
  },
  "h1_descriptive": {
    "0": {
      "frac_soz_endpoint": 0.5,
      "frac_soz_middle": 0.5,
      "delta": 0.0,
      "n_endpoint": 6,
      "n_middle": 4
    },
    "1": {
      "frac_soz_endpoint": 0.5,
      "frac_soz_middle": 0.5,
      "delta": 0.0,
      "n_endpoint": 6,
      "n_middle": 4
    }
  },
  "split_info": {
    "median_t": 1555841902.866,
    "n_first": 242,
    "n_second": 242
  },
  "channel_names": [
    "D9",
    "D10",
    "D11",
    "D12",
    "D13",
    "F6",
    "F8",
    "F9",
    "G5",
    "G7"
  ],
  "params": {
    "chosen_k": 2,
    "endpoint_top_n": 3,
    "min_shared_channels": 3,
    "balance_day_night": false,
    "n_valid_channels": 10,
    "swap_n_perm": 1000,
    "swap_seed": 0
  },
  "subject": "huanghanwen",
  "dataset": "yuquan",
  "stem": "yuquan_huanghanwen",
  "stable_k": 2,
  "valid_mask_provenance": "pr6_union",
  "n_valid_channels_pr2": 10,
  "n_valid_channels_lagpat_aligned": 10,
  "soz_channels": [
    "C5",
    "C6",
    "C7",
    "F5",
    "F6",
    "F7",
    "F8",
    "F9",
    "G1",
    "G2",
    "G3",
    "G4",
    "G5",
    "G6",
    "G7",
    "G8"
  ]
}