{
  "provenance": {
    "git_commit": "626c3c58142cb712a623c3bc8ce39452e0676394",
    "metric_version": "2026-06-08c",
    "engine_versions": {
      "results/topic4_sef_hfo/lif_snn/engine/kick_probe.py": "64e3893227f7916ab4a1302e079aa30ef24651a0766d20d2488bccabc7539b4a",
      "results/topic4_sef_hfo/lif_snn/engine/params.py": "d7f7b7e3453fb0220ab3ed391481779c4d359d047b1eefe334a5a9a2277b14b4",
      "results/topic4_sef_hfo/lif_snn/engine/model.py": "e77aad35cbfa2e48dbd597559bd63dbed142b3782ed7eddda94be411154da349",
      "results/topic4_sef_hfo/lif_snn/engine/connectivity.py": "5ad75ec5066b7fe9acbb66f6a3baa9cdcea7865dd8ab2124402d18e99ccaabe0",
      "results/topic4_sef_hfo/lif_snn/engine/connectivity_rot.py": "9694171ae636b5b9fde667079005c65e269c66aa04aa4d94f64a290ee3e5c107",
      "results/topic4_sef_hfo/lif_snn/engine/lfp.py": "7f079081de4ef0215477df1ced4acb2ee60196e6e58c85416758c0064c365c47"
    },
    "config": {
      "L": 3.0,
      "density": 1800.0,
      "drive": 0.6,
      "g": 3.6,
      "dt": 0.1,
      "T": 450.0,
      "theta_EE": 45.0,
      "AR": 2.0,
      "patch_r": 0.5,
      "V_th": 18.0,
      "V_reset": 11.0,
      "std_wide": 1.5,
      "std_narrow": 0.5,
      "core_mean_shift": 2.0
    },
    "seeds": {
      "network_seed": 1
    },
    "paf_window": [
      150.0,
      350.0
    ],
    "self_limit": "rest[20,50] / decay-ratio[peak+120,+200] / burst-duration; pre-kick ignition split [20,150]@10Hz"
  },
  "cells": [
    {
      "idx": 0,
      "sweep": 1,
      "kname": "end",
      "pname": "mid",
      "cond": "matched",
      "patch": [
        1.5,
        1.5
      ],
      "kick": [
        2.136396103067893,
        2.1363961030678924
      ],
      "n_core": 1167,
      "d_core_paf": 0.045415595544130216,
      "d_axis_deg": 18.717553592346974,
      "d_event_t": -1.9000000000000057,
      "core_prekick_ignited": false,
      "core_ignition_latency": NaN,
      "base_prekick_ignited": false,
      "evoked_clean": true,
      "core_returned": true,
      "base_returned": true,
      "core_decay_ratio": 0.35937499999999994,
      "core_rest_rate": 0.0617283950617284,
      "core_burst_ms": 17.400000000000002,
      "base_rest_rate": 0.10545267489711932,
      "kick_on_patch": false
    },
    {
      "idx": 1,
      "sweep": 1,
      "kname": "nearcore",
      "pname": "mid",
      "cond": "matched",
      "patch": [
        1.5,
        1.5
      ],
      "kick": [
        1.7651650429449552,
        1.7651650429449552
      ],
      "n_core": 1167,
      "d_core_paf": -0.06083976006855185,
      "d_axis_deg": 10.541978125955993,
      "d_event_t": 0.5,
      "core_prekick_ignited": false,
      "core_ignition_latency": NaN,
      "base_prekick_ignited": false,
      "evoked_clean": true,
      "core_returned": true,
      "base_returned": true,
      "core_decay_ratio": 0.453125,
      "core_rest_rate": 0.0617283950617284,
      "core_burst_ms": 11.3,
      "base_rest_rate": 0.10545267489711932,
      "kick_on_patch": true
    },
    {
      "idx": 2,
      "sweep": 1,
      "kname": "opp",
      "pname": "mid",
      "cond": "matched",
      "patch": [
        1.5,
        1.5
      ],
      "kick": [
        0.8636038969321073,
        0.8636038969321074
      ],
      "n_core": 1167,
      "d_core_paf": 0.1645244215938303,
      "d_axis_deg": 13.428196071826903,
      "d_event_t": -0.30000000000001137,
      "core_prekick_ignited": false,
      "core_ignition_latency": NaN,
      "base_prekick_ignited": false,
      "evoked_clean": true,
      "core_returned": true,
      "base_returned": true,
      "core_decay_ratio": 0.171875,
      "core_rest_rate": 0.0617283950617284,
      "core_burst_ms": 12.9,
      "base_rest_rate": 0.10545267489711932,
      "kick_on_patch": false
    },
    {
      "idx": 3,
      "sweep": 1,
      "kname": "offaxis",
      "pname": "mid",
      "cond": "matched",
      "patch": [
        1.5,
        1.5
      ],
      "kick": [
        0.9696699141100894,
        2.0303300858899105
      ],
      "n_core": 1167,
      "d_core_paf": -0.05826906598114828,
      "d_axis_deg": 0.11245547268183032,
      "d_event_t": 0.30000000000001137,
      "core_prekick_ignited": false,
      "core_ignition_latency": NaN,
      "base_prekick_ignited": false,
      "evoked_clean": true,
      "core_returned": true,
      "base_returned": true,
      "core_decay_ratio": 0.828125,
      "core_rest_rate": 0.0617283950617284,
      "core_burst_ms": 11.700000000000001,
      "base_rest_rate": 0.10545267489711932,
      "kick_on_patch": false
    },
    {
      "idx": 4,
      "sweep": 2,
      "kname": "end",
      "pname": "nearseed",
      "cond": "matched",
      "patch": [
        1.8181980515339464,
        1.8181980515339462
      ],
      "kick": [
        2.136396103067893,
        2.1363961030678924
      ],
      "n_core": 1112,
      "d_core_paf": 0.06384892086330937,
      "d_axis_deg": 23.781522660896457,
      "d_event_t": -10.299999999999983,
      "core_prekick_ignited": false,
      "core_ignition_latency": NaN,
      "base_prekick_ignited": false,
      "evoked_clean": true,
      "core_returned": true,
      "base_returned": true,
      "core_decay_ratio": 0.24405506883604505,
      "core_rest_rate": 0.051440329218107,
      "core_burst_ms": 17.400000000000002,
      "base_rest_rate": 0.10545267489711933,
      "kick_on_patch": true
    },
    {
      "idx": 5,
      "sweep": 2,
      "kname": "end",
      "pname": "nearseed",
      "cond": "mean_only",
      "patch": [
        1.8181980515339464,
        1.8181980515339462
      ],
      "kick": [
        2.136396103067893,
        2.1363961030678924
      ],
      "n_core": 1112,
      "d_core_paf": -0.0071942446043165575,
      "d_axis_deg": 45.70891126203981,
      "d_event_t": 157.90000000000003,
      "core_prekick_ignited": true,
      "core_ignition_latency": 31.700000000000003,
      "base_prekick_ignited": false,
      "evoked_clean": false,
      "core_returned": true,
      "base_returned": true,
      "core_decay_ratio": 0.0,
      "core_rest_rate": 56.42489711934156,
      "core_burst_ms": 24.400000000000002,
      "base_rest_rate": 0.10545267489711933,
      "kick_on_patch": true
    },
    {
      "idx": 6,
      "sweep": 2,
      "kname": "end",
      "pname": "nearseed",
      "cond": "unmatched",
      "patch": [
        1.8181980515339464,
        1.8181980515339462
      ],
      "kick": [
        2.136396103067893,
        2.1363961030678924
      ],
      "n_core": 1112,
      "d_core_paf": 0.48381294964028776,
      "d_axis_deg": 27.07245633330306,
      "d_event_t": 147.3,
      "core_prekick_ignited": true,
      "core_ignition_latency": 49.2,
      "base_prekick_ignited": false,
      "evoked_clean": false,
      "core_returned": true,
      "base_returned": true,
      "core_decay_ratio": 0.0,
      "core_rest_rate": 0.7458847736625513,
      "core_burst_ms": 16.5,
      "base_rest_rate": 0.10545267489711933,
      "kick_on_patch": true
    },
    {
      "idx": 7,
      "sweep": 2,
      "kname": "end",
      "pname": "mid",
      "cond": "matched",
      "patch": [
        1.5,
        1.5
      ],
      "kick": [
        2.136396103067893,
        2.1363961030678924
      ],
      "n_core": 1167,
      "d_core_paf": 0.045415595544130216,
      "d_axis_deg": 18.717553592346974,
      "d_event_t": -1.9000000000000057,
      "core_prekick_ignited": false,
      "core_ignition_latency": NaN,
      "base_prekick_ignited": false,
      "evoked_clean": true,
      "core_returned": true,
      "base_returned": true,
      "core_decay_ratio": 0.35937499999999994,
      "core_rest_rate": 0.0617283950617284,
      "core_burst_ms": 17.400000000000002,
      "base_rest_rate": 0.10545267489711932,
      "kick_on_patch": false
    },
    {
      "idx": 8,
      "sweep": 2,
      "kname": "end",
      "pname": "mid",
      "cond": "mean_only",
      "patch": [
        1.5,
        1.5
      ],