{
  "seeds": [
    1,
    2,
    3
  ],
  "patch": "mid",
  "kick": "end",
  "d_core_matched": {
    "mean": -0.012567837760639819,
    "std": 0.04905736019691347,
    "vals": [
      0.045415595544130216,
      -0.07455012853470433,
      -0.00856898029134534
    ]
  },
  "d_core_unmatched": {
    "mean": 0.5152813481862325,
    "std": 0.041653432331333166,
    "vals": [
      0.5389888603256212,
      0.4567266495287061,
      0.5501285347043701
    ]
  },
  "d_event_t_matched": {
    "mean": 0.16666666666666666,
    "std": 1.5173075568988126,
    "vals": [
      -1.9000000000000057,
      1.700000000000017,
      0.6999999999999886
    ]
  },
  "d_event_t_unmatched": {
    "mean": 80.26666666666668,
    "std": 72.64490499837015,
    "vals": [
      118.30000000000001,
      143.90000000000003,
      -21.400000000000006
    ]
  },
  "per_seed": [
    {
      "seed": 1,
      "d_core_matched": 0.045415595544130216,
      "d_core_unmatched": 0.5389888603256212,
      "d_event_t_matched": -1.9000000000000057,
      "d_event_t_unmatched": 118.30000000000001
    },
    {
      "seed": 2,
      "d_core_matched": -0.07455012853470433,
      "d_core_unmatched": 0.4567266495287061,
      "d_event_t_matched": 1.700000000000017,
      "d_event_t_unmatched": 143.90000000000003
    },
    {
      "seed": 3,
      "d_core_matched": -0.00856898029134534,
      "d_core_unmatched": 0.5501285347043701,
      "d_event_t_matched": 0.6999999999999886,
      "d_event_t_unmatched": -21.400000000000006
    }
  ]
}