candidate_id,topology_seed,dynamics_seed,primary_local_index,detected_event_index,window_start_ms,window_stop_ms,mode,support_state,assigned_patient_distance,distance_to_mode0,distance_to_mode1,relative_distance_mode0_minus_mode1,upper_SCL_n,upper_SCL_ms,right_ICL_n,right_ICL_ms,middle_ICL_n,middle_ICL_ms,left_ICL_n,left_ICL_ms,middle_before_both_ICL_ends,right_before_upper_and_left,upper_and_left_before_right,t10_t50_t90_ms,left_10ms_mass_fraction,right_10ms_mass_fraction,native_mapping_status,native_overlapping_worker_events,native_worker_event_index,native_source_evaluable,native_arrival_finite_bins,native_arrival_span_p10_p90_ms,native_arrival_total_span_ms,native_early_quartile_components_4_neighbor,native_early_quartile_extent_mm
v2_anchor_historical__baseline,6101,7101,0,0,518.0,768.0,0,1,0.29630175261724606,0.29630175261724606,0.6076511581925917,-0.3113494055753457,4,638.40087890625,2,621.2374877929688,4,650.6195068359375,3,676.3883666992188,False,True,False,"[-1.71466064453125, 24.28533935546875, 58.28533935546875]",5.4530986991393896e-05,1.946019497296453e-24,NOT_ESTIMABLE_NO_OVERLAPPING_PHYSICAL_EVENT,0,,False,0,,,,
v2_anchor_historical__baseline,6101,7101,1,3,1352.0,1602.0,1,-1,0.9535780061213774,1.2099775654242824,0.9535780061213774,0.2563995593029049,0,,2,1475.1234130859375,4,1473.02734375,3,1358.265380859375,False,,,"[0.8912353515625, 110.8912353515625, 124.8912353515625]",0.16256558793889003,1.5125115393344012e-11,UNIQUE_OVERLAPPING_PHYSICAL_EVENT,1,3,True,104,42.0,88.0,1,9.219544457292887
v2_anchor_historical__baseline,6101,7101,2,4,1628.0,1878.0,0,1,0.4763012280962352,0.4763012280962352,0.8071522089224075,-0.33085098082617226,2,1802.1165771484375,2,1723.3673706054688,4,1749.4214477539062,3,1777.1729736328125,False,True,False,"[-0.8353271484375, 23.1646728515625, 61.1646728515625]",9.85019075242455e-05,2.4228172821474945e-14,UNIQUE_OVERLAPPING_PHYSICAL_EVENT,1,4,True,185,73.19999999999999,144.0,1,10.63014581273465
v2_anchor_historical__baseline,6101,7101,3,5,1896.0,2146.0,0,1,0.3238787775128086,0.3238787775128086,0.6052820857006551,-0.28140330818784653,0,,2,2005.173828125,4,2021.6875,3,2047.7244873046875,False,,,"[-4.6102294921875, 13.3897705078125, 45.3897705078125]",0.00012367790682645528,5.727491960538701e-41,UNIQUE_OVERLAPPING_PHYSICAL_EVENT,1,5,True,168,61.800000000000026,174.0,1,10.0
v2_anchor_historical__baseline,6101,7101,4,8,2682.0,2932.0,0,0,0.5505951158238833,0.5505951158238833,0.6940020156263964,-0.1434068998025131,2,2767.06689453125,2,2791.0535888671875,4,2817.440673828125,3,2843.048828125,False,False,False,"[19.79248046875, 43.79248046875, 81.79248046875]",2.0853931009472433e-08,2.069521924544511e-09,AMBIGUOUS_OVERLAP_CHOSEN_MAXIMUM_FOR_DESCRIPTION,2,10,True,181,62.0,130.0,1,10.0
v2_anchor_historical__baseline,6101,7101,5,16,4654.0,4904.0,0,0,0.8230248457266794,0.8230248457266794,0.9499104659080034,-0.126885620181324,3,4704.44140625,2,4758.0078125,4,4788.415283203125,3,4812.900390625,False,False,False,"[20.1826171875, 78.1826171875, 116.1826171875]",0.0006522457833915805,4.579045309021726e-16,UNIQUE_OVERLAPPING_PHYSICAL_EVENT,1,17,True,190,66.0,128.0,1,10.0
v2_anchor_historical__baseline,6101,7101,6,17,4918.0,5168.0,0,1,0.40054935827758253,0.40054935827758253,0.8124231683164437,-0.41187381003886114,4,5073.17138671875,2,5008.220947265625,4,5033.0751953125,3,5059.48046875,False,True,False,"[-1.533203125, 26.466796875, 66.466796875]",3.083628166191757e-06,1.7370359797865264e-06,NOT_ESTIMABLE_NO_OVERLAPPING_PHYSICAL_EVENT,0,,False,0,,,,
v2_anchor_historical__baseline,6101,7101,7,18,5278.0,5528.0,0,-1,0.9388262959886724,0.9388262959886724,1.1209116721858456,-0.18208537619717324,4,5510.944091796875,2,5404.69091796875,4,5406.6982421875,2,5389.051513671875,False,False,False,"[7.10009765625, 23.10009765625, 129.10009765625]",0.00011606389531798657,0.07161457393419977,NOT_ESTIMABLE_NO_OVERLAPPING_PHYSICAL_EVENT,0,,False,0,,,,
v2_anchor_historical__baseline,6101,7101,8,19,5892.0,6142.0,0,-1,0.9922870206863396,0.9922870206863396,0.827972377482778,0.1643146432035616,4,5921.984619140625,2,5995.7919921875,4,6022.44189453125,0,,,,,"[5.18896484375, 87.18896484375, 113.18896484375]",0.01087473973737492,7.503878335718754e-06,AMBIGUOUS_OVERLAP_CHOSEN_MAXIMUM_FOR_DESCRIPTION,3,19,True,104,40.0,86.0,1,8.246211251235321
v2_anchor_historical__baseline,6101,7101,9,20,6198.0,6448.0,1,-1,0.9581107504766481,1.3840904182446652,0.9581107504766481,0.4259796677680171,2,6203.361328125,2,6341.719482421875,4,6313.956787109375,0,,,,,"[107.5361328125, 127.5361328125, 147.5361328125]",0.025969897414813366,1.0220508787010439e-21,AMBIGUOUS_OVERLAP_CHOSEN_MAXIMUM_FOR_DESCRIPTION,3,21,True,135,50.0,104.0,1,9.486832980505138
v2_anchor_historical__baseline,6101,7101,10,23,6968.0,7218.0,0,1,0.5030482219153283,0.5030482219153283,0.5648647535752529,-0.06181653165992462,4,7068.46240234375,2,7098.89404296875,3,7124.685546875,3,7107.6142578125,False,False,False,"[3.22607421875, 33.22607421875, 57.22607421875]",9.326357421002251e-05,6.362603830366994e-25,NOT_ESTIMABLE_NO_OVERLAPPING_PHYSICAL_EVENT,0,,False,0,,,,
v2_anchor_historical__baseline,6101,7101,11,30,9570.0,9820.0,1,1,0.2945882428128018,0.6579412478053273,0.2945882428128018,0.36335300499252543,0,,2,9726.01611328125,4,9691.458984375,3,9666.646484375,False,,,"[6.044921875, 36.044921875, 68.044921875]",0.00021526728778431902,1.0057626224791626e-11,AMBIGUOUS_OVERLAP_CHOSEN_MAXIMUM_FOR_DESCRIPTION,2,33,True,147,62.80000000000001,102.0,1,7.810249675906654
v2_anchor_historical__baseline,6101,7101,12,40,12126.0,12376.0,1,1,0.26766716225385806,0.5468732691925521,0.26766716225385806,0.279206106938694,2,12243.28515625,2,12285.35595703125,4,12249.8447265625,3,12242.5009765625,False,False,True,"[-3.3046875, 10.6953125, 44.6953125]",4.005468960847881e-06,6.780104061407858e-07,UNIQUE_OVERLAPPING_PHYSICAL_EVENT,1,39,True,153,52.0,118.0,1,10.0
v2_anchor_historical__baseline,6101,7101,13,41,12558.0,12808.0,1,1,0.3523758612626736,0.36742224595374295,0.3523758612626736,0.015046384691069337,4,12686.9287109375,2,12685.3193359375,3,12678.45703125,0,,,,,"[1.8740234375, 13.8740234375, 25.8740234375]",0.0002673410918118614,6.40149017624482e-22,NOT_ESTIMABLE_NO_OVERLAPPING_PHYSICAL_EVENT,0,,False,0,,,,
v2_anchor_historical__baseline,6101,7101,14,48,14712.0,14962.0,1,-1,0.9922132137462162,1.2021752638466086,0.9922132137462162,0.20996205010039237,4,14868.8671875,0,,4,14898.140625,3,14812.671875,,,,"[2.8154296875, 56.8154296875, 144.8154296875]",0.0005204673152781319,0.12917743002208384,NOT_ESTIMABLE_NO_OVERLAPPING_PHYSICAL_EVENT,0,,False,0,,,,
v2_anchor_historical__baseline,6101,7101,15,51,15592.0,15842.0,0,1,0.5084705411336904,0.5084705411336904,0.9135079627043252,-0.4050374215706348,4,15739.5146484375,2,15682.31689453125,4,15656.90576171875,3,15722.6005859375,True,True,False,"[4.3046875, 36.3046875, 94.3046875]",0.0002040429130230006,2.8263904374252682e-06,UNIQUE_OVERLAPPING_PHYSICAL_EVENT,1,46,True,165,56.0,82.0,1,9.433981132056603
v2_anchor_historical__baseline,6101,7101,16,52,16052.0,16302.0,1,1,0.4381990282748494,0.7146863171086661,0.4381990282748494,0.27648728883381674,4,16126.20263671875,2,16215.6513671875,4,16180.95947265625,0,,,,,"[-0.5087890625, 57.4912109375, 87.4912109375]",2.413973357265186e-05,0.00021106820299402436,UNIQUE_OVERLAPPING_PHYSICAL_EVENT,1,47,True,143,44.0,104.0,1,8.94427190999916
v2_anchor_historical__baseline,6101,7101,17,53,16530.0,16780.0,0,-1,1.0300664887483184,1.0300664887483184,1.2400729851308758,-0.21000649638255742,3,16775.64453125,2,16673.240234375,4,16653.1259765625,1,16763.1875,True,True,False,"[6.509765625, 24.509765625, 110.509765625]",1.158230950765036e-06,0.04798021044172671,AMBIGUOUS_OVERLAP_CHOSEN_MAXIMUM_FOR_DESCRIPTION,2,49,True,79,62.800000000000004,102.0,1,5.830951894845301
v2_anchor_historical__baseline,6101,7101,18,54,17216.0,17466.0,1,1,0.4438589627881647,0.5019024761631455,0.4438589627881647,0.058043513374980815,1,17421.17578125,2,17356.6611328125,2,17334.244140625,3,17346.1484375,True,False,False,"[5.32421875, 19.32421875, 33.32421875]",1.1222686706454111e-05,3.2212852187752484e-16,UNIQUE_OVERLAPPING_PHYSICAL_EVENT,1,51,True,74,33.4,90.0,1,5.830951894845301
v2_anchor_historical__baseline,6101,7101,19,60,18814.0,19064.0,1,1,0.24878506025260966,0.503218859126184,0.24878506025260966,0.25443379887357437,0,,2,18961.138671875,4,18929.81640625,1,18913.1484375,False,,,"[7.8515625, 29.8515625, 51.8515625]",2.4951178056039627e-07,0.0,AMBIGUOUS_OVERLAP_CHOSEN_MAXIMUM_FOR_DESCRIPTION,3,59,True,167,56.8,98.0,1,8.48528137423857
v2_anchor_historical__baseline,6101,7101,20,63,19792.0,20042.0,1,-1,0.9935963011460498,1.1402301557483523,0.9935963011460498,0.1466338546023025,2,19801.0751953125,2,19884.7275390625,4,19901.744140625,1,19923.357421875,False,False,False,"[42.212890625, 110.212890625, 132.212890625]",0.027988974559147357,9.086036925243242e-06,UNIQUE_OVERLAPPING_PHYSICAL_EVENT,1,66,True,143,49.19999999999999,100.0,1,9.486832980505138
v2_anchor_historical__baseline,6101,7101,21,67,20984.0,21234.0,0,1,0.2723339162451325,0.2723339162451325,0.43564462100142026,-0.16331070475628778,0,,2,21098.1494140625,3,21114.69921875,1,21113.4453125,False,,,"[-5.72265625, 6.27734375, 20.27734375]",1.1127243325217365e-11,0.0,UNIQUE_OVERLAPPING_PHYSICAL_EVENT,1,70,True,111,42.0,92.0,1,7.211102550927978
v2_anchor_historical__baseline,6101,7101,22,71,22430.0,22680.0,0,-1,1.2192677108582062,1.2192677108582062,1.312237422420791,-0.09296971156258493,3,22434.744140625,2,22536.447265625,4,22558.2919921875,3,22584.03125,False,False,False,"[12.130859375, 116.130859375, 152.130859375]",0.08277851817193589,4.589468354959365e-05,AMBIGUOUS_OVERLAP_CHOSEN_MAXIMUM_FOR_DESCRIPTION,2,77,True,165,65.19999999999999,128.0,1,10.0
v2_anchor_historical__baseline,6101,7102,0,0,660.0,910.0,0,1,0.4471283167635418,0.4471283167635418,0.589554676323566,-0.14242635956002414,3,760.1521606445312,2,780.5972290039062,4,795.8914794921875,3,821.7003784179688,False,False,False,"[7.775146484375, 37.775146484375, 71.775146484375]",3.7993715581277823e-19,7.291237232037814e-35,NOT_ESTIMABLE_NO_OVERLAPPING_PHYSICAL_EVENT,0,,False,0,,,,
v2_anchor_historical__baseline,6101,7102,1,1,940.0,1190.0,1,0,0.4903248414769338,0.6004916848436332,0.4903248414769338,0.11016684336669946,3,1024.0447998046875,2,1075.16796875,4,1069.0570678710938,0,,,,,"[14.38751220703125, 56.38751220703125, 76.38751220703125]",5.236825003651536e-06,9.315377379419283e-23,NOT_ESTIMABLE_NO_OVERLAPPING_PHYSICAL_EVENT,0,,False,0,,,,
v2_anchor_historical__baseline,6101,7102,2,2,1448.0,1698.0,1,1,0.3767881950567838,0.46259410947346036,0.3767881950567838,0.08580591441667657,4,1583.8784790039062,2,1585.3085327148438,4,1558.5202026367188,0,,,,,"[11.5760498046875, 31.5760498046875, 47.5760498046875]",0.0001417140801026728,0.0,NOT_ESTIMABLE_NO_OVERLAPPING_PHYSICAL_EVENT,0,,False,0,,,,
v2_anchor_historical__baseline,6101,7102,3,5,2546.0,2796.0,0,0,0.5815601186538217,0.5815601186538217,0.6485624488363871,-0.0670023301825654,4,2688.4752197265625,2,2660.2762451171875,3,2633.8466796875,1,2699.668212890625,True,True,False,"[3.9609375, 25.9609375, 69.9609375]",0.0005788063890225916,4.85421969657378e-26,NOT_ESTIMABLE_NO_OVERLAPPING_PHYSICAL_EVENT,0,,False,0,,,,
v2_anchor_historical__baseline,6101,7102,4,6,3172.0,3422.0,0,0,0.6714241727352053,0.6714241727352053,0.7184546301425501,-0.047030457407344795,4,3350.7960205078125,2,3305.2606201171875,4,3274.0068359375,0,,,,,"[9.431396484375, 33.431396484375, 89.431396484375]",1.547083735160568e-05,5.167910276180326e-32,UNIQUE_OVERLAPPING_PHYSICAL_EVENT,1,7,True,137,40.0,70.0,1,8.94427190999916
v2_anchor_historical__baseline,6101,7102,5,7,3426.0,3676.0,1,-1,0.8896617430269839,0.8450454927684928,0.8896617430269839,-0.04461625025849103,4,3634.897705078125,2,3573.1876220703125,4,3540.1568603515625,3,3539.60791015625,False,False,False,"[0.39208984375, 24.39208984375, 108.39208984375]",8.129363689918539e-07,8.997586076910514e-05,AMBIGUOUS_OVERLAP_CHOSEN_MAXIMUM_FOR_DESCRIPTION,2,8,True,122,46.0,72.0,1,8.06225774829855
v2_anchor_historical__baseline,6101,7102,6,11,4952.0,5202.0,1,-1,0.7748805427498867,1.1370578087713368,0.7748805427498867,0.36217726602145006,0,,2,5099.70458984375,4,5067.494140625,1,4974.40234375,False,,,"[88.59765625, 110.59765625, 128.59765625]",0.002894108183617333,8.714375406563576e-07,NOT_ESTIMABLE_NO_OVERLAPPING_PHYSICAL_EVENT,0,,False,0,,,,
v2_anchor_historical__baseline,6101,7102,7,12,5418.0,5668.0,1,1,0.2711717393024851,0.433529862328197,0.2711717393024851,0.1623581230257119,0,,2,5565.02490234375,4,5533.613525390625,0,,,,,"[5.9560546875, 25.9560546875, 43.9560546875]",1.5189633802072402e-09,5.112897733086377e-26,UNIQUE_OVERLAPPING_PHYSICAL_EVENT,1,17,True,160,60.0,118.0,1,9.899494936611665
v2_anchor_historical__baseline,6101,7102,8,18,7566.0,7816.0,0,1,0.334338574281495,0.334338574281495,0.6235165911301118,-0.2891780168486168,0,,2,7671.445068359375,4,7694.65283203125,3,7720.77294921875,False,,,"[-3.380859375, 14.619140625, 52.619140625]",0.0006416576855341102,3.06126046177874e-20,UNIQUE_OVERLAPPING_PHYSICAL_EVENT,1,24,True,195,66.0,108.0,1,10.63014581273465
v2_anchor_historical__baseline,6101,7102,9,26,10020.0,10270.0,0,1,0.3240022494655557,0.3240022494655557,0.6115969786260195,-0.28759472916046375,0,,2,10131.5458984375,4,10146.49169921875,3,10172.4462890625,False,,,"[-2.4990234375, 13.5009765625, 47.5009765625]",2.9506116451412497e-25,2.69108516030474e-25,AMBIGUOUS_OVERLAP_CHOSEN_MAXIMUM_FOR_DESCRIPTION,2,34,True,181,62.0,116.0,1,10.295630140987
v2_anchor_historical__baseline,6101,7102,10,30,10974.0,11224.0,0,1,0.2843397626327181,0.2843397626327181,0.4055441348192429,-0.1212043721865248,4,11094.81396484375,2,11092.68017578125,4,11112.5986328125,0,,,,,"[-0.6201171875, 11.3798828125, 27.3798828125]",1.713918627182067e-06,6.640963851347698e-13,NOT_ESTIMABLE_NO_OVERLAPPING_PHYSICAL_EVENT,0,,False,0,,,,
v2_anchor_historical__baseline,6101,7102,11,31,11242.0,11492.0,1,-1,0.8841657092157214,0.9632169173210314,0.8841657092157214,0.07905120810531008,4,11303.97802734375,2,11405.28076171875,3,11367.9189453125,3,11367.205078125,False,False,True,"[3.2783203125, 63.2783203125, 87.2783203125]",1.0758714354778463e-09,0.00012384152908937062,UNIQUE_OVERLAPPING_PHYSICAL_EVENT,1,36,True,163,58.0,98.0,1,10.0
v2_anchor_historical__baseline,6101,7102,12,32,11686.0,11936.0,0,0,0.8207460987672464,0.8207460987672464,0.9671522791022349,-0.14640618033498853,0,,2,11831.5087890625,4,11801.73876953125,2,11930.01123046875,True,,,"[5.2705078125, 25.2705078125, 47.2705078125]",3.513661746643858e-22,0.05113349163199584,AMBIGUOUS_OVERLAP_CHOSEN_MAXIMUM_FOR_DESCRIPTION,3,38,True,112,42.0,68.0,1,6.708203932499369
v2_anchor_historical__baseline,6101,7102,13,33,11946.0,12196.0,1,-1,1.1578354918453377,1.5831228155857675,1.1578354918453377,0.42528732374042977,2,12069.98828125,2,12093.2314453125,4,12062.4150390625,1,11948.9267578125,False,False,True,"[112.0732421875, 130.0732421875, 148.0732421875]",0.009654327293161543,9.80805930572447e-07,UNIQUE_OVERLAPPING_PHYSICAL_EVENT,1,39,True,62,39.4,62.0,1,6.324555320336759
v2_anchor_historical__baseline,6101,7102,14,34,12262.0,12512.0,1,0,0.4830441664649531,0.5583903946365861,0.4830441664649531,0.07534622817163306,4,12408.29296875,2,12397.20263671875,4,12366.224609375,1,12355.669921875,False,False,False,"[7.330078125, 35.330078125, 59.330078125]",8.068091927407389e-05,0.0003026015311937293,NOT_ESTIMABLE_NO_OVERLAPPING_PHYSICAL_EVENT,0,,False,0,,,,
v2_anchor_historical__baseline,6101,7102,15,38,13186.0,13436.0,1,0,0.48318153636854255,0.7879000377556318,0.48318153636854255,0.3047185013870892,4,13265.80078125,2,13345.62060546875,4,13314.86181640625,1,13297.943359375,False,False,True,"[9.4521484375, 61.4521484375, 91.4521484375]",4.037537301241606e-06,1.1005436398655146e-07,UNIQUE_OVERLAPPING_PHYSICAL_EVENT,1,41,True,71,56.0,108.0,1,5.830951894845301
v2_anchor_historical__baseline,6101,7102,16,39,13458.0,13708.0,1,-1,1.1129277807124027,1.647849743896535,1.1129277807124027,0.5349219631841322,4,13568.2392578125,2,13604.17529296875,2,13579.02001953125,1,13461.189453125,False,False,True,"[97.810546875, 121.810546875, 145.810546875]",0.003102297337657776,9.367949475828277e-09,UNIQUE_OVERLAPPING_PHYSICAL_EVENT,1,41,True,71,56.0,108.0,1,5.830951894845301
v2_anchor_historical__baseline,6101,7102,17,45,15324.0,15574.0,0,-1,0.9746733527861828,0.9746733527861828,0.8918489895302969,0.08282436325588594,0,,2,15447.5849609375,4,15447.9951171875,3,15393.2353515625,False,,,"[-7.0322265625, 98.9677734375, 114.9677734375]",0.047322804464083136,9.432199197036912e-13,NOT_ESTIMABLE_NO_OVERLAPPING_PHYSICAL_EVENT,0,,False,0,,,,
v2_anchor_historical__baseline,6101,7102,18,52,17612.0,17862.0,0,0,0.6765871701176469,0.6765871701176469,0.9841974627944946,-0.3076102926768477,4,17764.888671875,2,17730.5166015625,2,17712.2119140625,2,17823.396484375,True,True,False,"[5.21484375, 39.21484375, 77.21484375]",0.00017808211183470876,1.2534848953238837e-08,NOT_ESTIMABLE_NO_OVERLAPPING_PHYSICAL_EVENT,0,,False,0,,,,
v2_anchor_historical__baseline,6101,7102,19,53,18442.0,18692.0,1,1,0.3405486475435514,0.4109109009442138,0.3405486475435514,0.07036225340066238,4,18571.1455078125,2,18584.2109375,3,18556.583984375,0,,,,,"[5.72265625, 21.72265625, 37.72265625]",8.426325970193877e-07,8.279090717322862e-37,NOT_ESTIMABLE_NO_OVERLAPPING_PHYSICAL_EVENT,0,,False,0,,,,
v2_anchor_historical__baseline,6101,7102,20,54,18704.0,18954.0,1,0,0.5541763155947219,0.5107429831589397,0.5541763155947219,-0.04343333243578218,0,,2,18836.158203125,4,18828.7998046875,1,18910.419921875,True,,,"[3.607421875, 15.607421875, 27.607421875]",6.864821804820153e-11,0.0,NOT_ESTIMABLE_NO_OVERLAPPING_PHYSICAL_EVENT,0,,False,0,,,,
v2_anchor_historical__baseline,6101,7102,21,59,20294.0,20544.0,0,1,0.3216614175496588,0.3216614175496588,0.36295832507481574,-0.04129690752515691,4,20432.33984375,2,20420.5302734375,4,20399.037109375,3,20421.23046875,True,False,False,"[4.9453125, 26.9453125, 44.9453125]",0.000360382174726731,1.354644806171081e-14,NOT_ESTIMABLE_NO_OVERLAPPING_PHYSICAL_EVENT,0,,False,0,,,,
v2_anchor_historical__baseline,6101,7102,22,60,20548.0,20798.0,0,1,0.43175965475430933,0.43175965475430933,0.8095129333845643,-0.377753278630255,4,20706.2421875,2,20641.982421875,4,20663.9638671875,3,20690.06640625,False,True,False,"[-3.556640625, 18.443359375, 64.443359375]",1.9862691241126723e-15,1.4627124251458166e-06,UNIQUE_OVERLAPPING_PHYSICAL_EVENT,1,56,True,57,53.599999999999994,82.0,1,6.082762530298219
v2_anchor_historical__baseline,6101,7102,23,61,20828.0,21078.0,1,1,0.32104694867149625,0.3415468040643696,0.32104694867149625,0.020499855392873356,3,20953.708984375,2,20964.8720703125,2,20942.6982421875,1,20945.673828125,True,False,True,"[0.572265625, 14.572265625, 30.572265625]",0.001434780582221637,6.253153296676034e-10,UNIQUE_OVERLAPPING_PHYSICAL_EVENT,1,56,True,57,53.599999999999994,82.0,1,6.082762530298219
v2_anchor_historical__baseline,6101,7102,24,62,21088.0,21338.0,0,1,0.31200457238460777,0.31200457238460777,0.5603831839708651,-0.2483786115862573,4,21207.3037109375,2,21195.0615234375,4,21219.99609375,3,21244.55859375,False,True,False,"[2.029296875, 22.029296875, 52.029296875]",3.1902467942732526e-08,1.4442831818089374e-06,NOT_ESTIMABLE_NO_OVERLAPPING_PHYSICAL_EVENT,0,,False,0,,,,
v2_anchor_historical__baseline,6101,7102,25,68,22674.0,22924.0,1,0,0.4858738506215988,0.7245197670615184,0.4858738506215988,0.23864591643991961,4,22760.40625,2,22822.9423828125,4,22802.7294921875,1,22795.560546875,False,False,True,"[16.84375, 56.84375, 82.84375]",2.1226830277045375e-05,1.5765208894815856e-05,UNIQUE_OVERLAPPING_PHYSICAL_EVENT,1,61,True,59,48.0,90.0,1,6.082762530298219
v2_anchor_historical__baseline,6102,7101,0,0,814.0,1064.0,0,0,0.8675554851536745,0.8675554851536745,1.1053847454329144,-0.2378292602792399,3,1059.308837890625,2,940.4034729003906,4,940.780517578125,0,,,,,"[0.993896484375, 14.993896484375, 124.993896484375]",1.9320837775155616e-05,0.14051163048605478,UNIQUE_OVERLAPPING_PHYSICAL_EVENT,1,1,True,143,56.0,98.0,1,8.602325267042627
v2_anchor_historical__baseline,6102,7101,1,1,1088.0,1338.0,0,-1,1.2389959882862747,1.2389959882862747,1.1306772103486993,0.10831877793757538,1,1091.19580078125,2,1197.1149291992188,4,1222.0693359375,1,1180.7735595703125,False,False,True,"[91.80419921875, 109.80419921875, 131.80419921875]",0.01950330275272624,4.3418569258686923e-13,AMBIGUOUS_OVERLAP_CHOSEN_MAXIMUM_FOR_DESCRIPTION,2,2,True,170,68.19999999999999,120.0,1,9.219544457292887
v2_anchor_historical__baseline,6102,7101,2,7,2898.0,3148.0,0,1,0.3472785994433461,0.3472785994433461,0.638309669534986,-0.2910310700916399,0,,2,2998.677001953125,4,3027.5401611328125,3,3053.03759765625,False,,,"[-1.639892578125, 24.360107421875, 58.360107421875]",3.5018099872337566e-07,1.9493740536317975e-37,UNIQUE_OVERLAPPING_PHYSICAL_EVENT,1,4,True,221,68.0,122.0,1,10.63014581273465
v2_anchor_historical__baseline,6102,7101,3,10,3696.0,3946.0,0,1,0.4325000027414819,0.4325000027414819,0.5093095342654659,-0.07680953152398395,3,3795.701416015625,2,3822.1417236328125,4,3826.4661865234375,3,3851.80810546875,False,False,False,"[11.522705078125, 33.522705078125, 61.522705078125]",0.0005544164823704046,1.6663166260477393e-14,UNIQUE_OVERLAPPING_PHYSICAL_EVENT,1,6,True,142,49.8,144.0,1,9.486832980505138
v2_anchor_historical__baseline,6102,7101,4,11,4526.0,4776.0,0,-1,1.2470766581534787,1.2470766581534787,1.4323490908536303,-0.1852724327001516,3,4718.9375,2,4625.6513671875,4,4655.927490234375,3,4673.94921875,False,True,False,"[68.16796875, 96.16796875, 124.16796875]",0.02877267220482525,0.02233076735619204,UNIQUE_OVERLAPPING_PHYSICAL_EVENT,1,7,True,203,67.60000000000002,124.0,1,9.219544457292887
v2_anchor_historical__baseline,6102,7101,5,12,4844.0,5094.0,1,-1,0.8715909312358097,0.8857971771890952,0.8715909312358097,0.014206245953285568,4,5036.4912109375,2,4983.188232421875,3,4952.7109375,3,4931.8017578125,False,False,False,"[4.22412109375, 52.22412109375, 112.22412109375]",0.00027369192306730706,5.701655953252696e-07,UNIQUE_OVERLAPPING_PHYSICAL_EVENT,1,8,True,140,62.2,110.0,1,8.06225774829855
v2_anchor_historical__baseline,6102,7101,6,19,7248.0,7498.0,0,1,0.4749913154408173,0.4749913154408173,0.7026229700693698,-0.2276316546285525,1,7412.0703125,2,7346.899169921875,4,7376.064697265625,2,7395.80859375,False,True,False,"[-3.25439453125, 18.74560546875, 48.74560546875]",9.1806241890246e-05,4.442082157303244e-09,NOT_ESTIMABLE_NO_OVERLAPPING_PHYSICAL_EVENT,0,,False,0,,,,
v2_anchor_historical__baseline,6102,7101,7,22,8078.0,8328.0,0,1,0.40804820357110866,0.40804820357110866,0.38548787499692105,0.022560328574187605,2,8198.84814453125,2,8189.88525390625,4,8209.50341796875,0,,,,,"[1.9267578125, 23.9267578125, 39.9267578125]",6.741391517427973e-05,3.501306277189641e-11,AMBIGUOUS_OVERLAP_CHOSEN_MAXIMUM_FOR_DESCRIPTION,2,18,True,99,54.4,112.0,2,7.0710678118654755
v2_anchor_historical__baseline,6102,7101,8,25,8856.0,9106.0,0,0,0.6184188157155456,0.6184188157155456,0.7606439757092874,-0.14222515999374186,4,9035.99853515625,2,8981.70166015625,2,8956.25927734375,2,8981.55712890625,True,False,False,"[3.130859375, 27.130859375, 89.130859375]",0.000153190527863541,0.0,UNIQUE_OVERLAPPING_PHYSICAL_EVENT,1,20,True,115,36.40000000000002,98.0,1,8.94427190999916
v2_anchor_historical__baseline,6102,7101,9,26,9162.0,9412.0,1,1,0.2925184845242259,0.37543931961523436,0.2925184845242259,0.08292083509100845,0,,2,9292.14892578125,4,9291.28466796875,3,9270.5390625,False,,,"[-0.369140625, 19.630859375, 31.630859375]",5.223821232761941e-05,0.0,UNIQUE_OVERLAPPING_PHYSICAL_EVENT,1,21,True,34,58.99999999999999,112.0,1,3.605551275463989
v2_anchor_historical__baseline,6102,7101,10,27,9444.0,9694.0,1,1,0.2909011113679788,0.43859188252819636,0.2909011113679788,0.14769077116021756,0,,2,9578.32275390625,2,9583.7724609375,3,9553.7666015625,False,,,"[5.330078125, 27.330078125, 39.330078125]",8.366424208587532e-06,0.0,AMBIGUOUS_OVERLAP_CHOSEN_MAXIMUM_FOR_DESCRIPTION,2,22,True,90,38.40000000000002,72.0,1,7.615773105863909
v2_anchor_historical__baseline,6102,7101,11,28,9702.0,9952.0,0,1,0.4519979286748308,0.4519979286748308,0.6345703111908565,-0.1825723825160257,3,9860.98046875,2,9807.83447265625,4,9830.79248046875,0,,,,,"[-2.3837890625, 17.6162109375, 63.6162109375]",3.160013853324766e-06,1.3504828567770467e-12,AMBIGUOUS_OVERLAP_CHOSEN_MAXIMUM_FOR_DESCRIPTION,3,23,True,63,45.60000000000001,74.0,1,6.082762530298219
v2_anchor_historical__baseline,6102,7101,12,29,9960.0,10210.0,0,0,0.5910045464954312,0.5910045464954312,0.5454454184164925,0.04555912807893869,4,10043.36572265625,2,10079.42626953125,4,10094.765625,1,10084.927734375,False,False,False,"[5.5205078125, 45.5205078125, 65.5205078125]",7.48055192388345e-09,4.858881916312137e-10,AMBIGUOUS_OVERLAP_CHOSEN_MAXIMUM_FOR_DESCRIPTION,2,25,True,109,52.80000000000001,148.0,1,8.06225774829855
v2_anchor_historical__baseline,6102,7101,13,30,10452.0,10702.0,0,1,0.3597173647081321,0.3597173647081321,0.5455327869300527,-0.1858154222219206,4,10587.751953125,2,10556.5400390625,4,10582.5361328125,0,,,,,"[-2.0830078125, 19.9169921875, 41.9169921875]",1.5893898979368986e-05,6.06215482185221e-17,UNIQUE_OVERLAPPING_PHYSICAL_EVENT,1,27,True,122,48.0,92.0,1,9.219544457292887
v2_anchor_historical__baseline,6102,7101,14,38,13116.0,13366.0,0,0,0.799053082429521,0.799053082429521,1.1647618841277283,-0.3657088016982073,4,13340.197265625,2,13228.7587890625,4,13242.306640625,2,13258.62841796875,False,True,False,"[0.3525390625, 22.3525390625, 122.3525390625]",0.0002129173640359095,0.02816829582591818,UNIQUE_OVERLAPPING_PHYSICAL_EVENT,1,38,True,137,48.0,88.0,1,9.848857801796104
v2_anchor_historical__baseline,6102,7101,15,39,13384.0,13634.0,0,1,0.25922856261479466,0.25922856261479466,0.534008608853157,-0.2747800462383624,0,,2,13488.56103515625,4,13514.7705078125,2,13520.23876953125,False,,,"[-3.25, 12.75, 36.75]",2.5986248095053424e-05,4.847736131667326e-30,UNIQUE_OVERLAPPING_PHYSICAL_EVENT,1,39,True,188,70.0,104.0,1,8.602325267042627
v2_anchor_historical__baseline,6102,7101,16,43,14806.0,15056.0,0,1,0.32791282332830873,0.32791282332830873,0.7765590829670701,-0.44864625963876137,4,14944.1513671875,2,14890.2119140625,4,14920.3388671875,3,14946.2685546875,False,True,False,"[1.1064453125, 41.1064453125, 65.1064453125]",6.943172725347045e-05,1.624722081698931e-05,NOT_ESTIMABLE_NO_OVERLAPPING_PHYSICAL_EVENT,0,,False,0,,,,
v2_anchor_historical__baseline,6102,7101,17,47,15762.0,16012.0,1,-1,0.9802611512010208,1.210149629056396,0.9802611512010208,0.22988847785537525,4,15781.33984375,2,15883.76513671875,2,15904.77587890625,3,15871.5048828125,False,False,True,"[5.658203125, 101.658203125, 127.658203125]",0.057418940783742954,9.027322983921137e-08,UNIQUE_OVERLAPPING_PHYSICAL_EVENT,1,46,True,133,50.0,104.0,1,8.54400374531753
v2_anchor_historical__baseline,6102,7101,18,52,17546.0,17796.0,1,1,0.2811516788865157,0.5639916586619919,0.2811516788865157,0.28283997977547615,3,17648.640625,2,17701.3125,4,17668.7802734375,0,,,,,"[14.005859375, 36.005859375, 60.005859375]",2.5549413127293408e-05,2.178198932760845e-40,NOT_ESTIMABLE_NO_OVERLAPPING_PHYSICAL_EVENT,0,,False,0,,,,
v2_anchor_historical__baseline,6102,7101,19,53,17840.0,18090.0,0,0,0.6719321114751329,0.6719321114751329,0.7046402391247567,-0.03270812764962383,4,18016.1015625,2,17966.9794921875,4,17946.39453125,0,,,,,"[7.830078125, 29.830078125, 85.830078125]",1.0473644955483543e-07,7.46984962885833e-07,UNIQUE_OVERLAPPING_PHYSICAL_EVENT,1,54,True,144,58.0,98.0,1,9.433981132056603
v2_anchor_historical__baseline,6102,7101,20,57,19098.0,19348.0,0,0,0.7798361735653271,0.7798361735653271,1.1396548386593708,-0.3598186650940437,3,19341.59765625,2,19209.998046875,4,19229.595703125,0,,,,,"[-4.66796875, 13.33203125, 129.33203125]",1.822179409126373e-05,0.10153708734043816,UNIQUE_OVERLAPPING_PHYSICAL_EVENT,1,59,True,76,43.0,102.0,1,6.324555320336759
v2_anchor_historical__baseline,6102,7101,21,58,20046.0,20296.0,0,-1,1.1348515038255629,1.1348515038255629,1.2079070743345632,-0.07305557050900036,4,20064.65234375,2,20161.27734375,4,20172.6083984375,3,20198.23828125,False,False,False,"[8.7734375, 112.7734375, 146.7734375]",0.04542214820081153,2.4513482149446644e-06,AMBIGUOUS_OVERLAP_CHOSEN_MAXIMUM_FOR_DESCRIPTION,2,64,True,148,53.20000000000002,126.0,1,9.433981132056603
v2_anchor_historical__baseline,6102,7101,22,59,20374.0,20624.0,0,-1,0.8976557786818766,0.8976557786818766,0.9427922234433244,-0.045136444761447736,4,20420.4677734375,2,20501.951171875,4,20501.6767578125,3,20527.107421875,False,False,False,"[6.224609375, 90.224609375, 120.224609375]",0.00011211128918116657,4.960593909509756e-06,AMBIGUOUS_OVERLAP_CHOSEN_MAXIMUM_FOR_DESCRIPTION,2,66,True,124,55.4,124.0,1,8.94427190999916
v2_anchor_historical__baseline,6102,7101,23,60,20644.0,20894.0,0,1,0.356379696781993,0.356379696781993,0.42894593369240513,-0.07256623691041214,3,20775.76171875,2,20758.0517578125,3,20757.154296875,0,,,,,"[-0.296875, 11.703125, 27.703125]",7.85300328104638e-05,6.1014244807132695e-15,NOT_ESTIMABLE_NO_OVERLAPPING_PHYSICAL_EVENT,0,,False,0,,,,
v2_anchor_historical__baseline,6102,7101,24,61,21070.0,21320.0,1,1,0.27415100572220863,0.6439094047902747,0.27415100572220863,0.36975839906806607,3,21169.685546875,2,21235.751953125,4,21201.9619140625,3,21179.08984375,False,False,True,"[12.111328125, 40.111328125, 70.111328125]",1.5471007799630457e-05,2.492109508065933e-07,NOT_ESTIMABLE_NO_OVERLAPPING_PHYSICAL_EVENT,0,,False,0,,,,
v2_anchor_historical__baseline,6102,7101,25,62,21564.0,21814.0,0,0,0.5617724804502642,0.5617724804502642,0.5785204954959192,-0.01674801504565504,4,21724.2080078125,2,21697.4228515625,4,21664.9560546875,0,,,,,"[7.03125, 37.03125, 75.03125]",3.018517669420583e-06,8.032458559242672e-27,NOT_ESTIMABLE_NO_OVERLAPPING_PHYSICAL_EVENT,0,,False,0,,,,
v2_anchor_historical__baseline,6102,7101,26,65,22582.0,22832.0,0,1,0.437352239762243,0.437352239762243,0.5846684376117413,-0.14731619784949823,4,22721.041015625,2,22681.9853515625,2,22701.23046875,1,22718.970703125,False,True,False,"[-2.185546875, 17.814453125, 47.814453125]",0.00019085343057575614,6.365876237734285e-29,UNIQUE_OVERLAPPING_PHYSICAL_EVENT,1,71,True,143,67.6,114.0,1,9.219544457292887
v2_anchor_historical__baseline,6102,7101,27,66,22854.0,23104.0,0,0,0.8520738493096525,0.8520738493096525,1.2975592069130495,-0.445485357603397,4,23020.19921875,2,22934.48046875,3,22937.001953125,2,23068.8125,False,True,False,"[-0.2265625, 13.7734375, 99.7734375]",0.0001747964454346897,2.5769086136520287e-06,UNIQUE_OVERLAPPING_PHYSICAL_EVENT,1,72,True,137,52.80000000000001,108.0,1,8.94427190999916
v2_anchor_historical__baseline,6102,7101,28,67,23478.0,23728.0,0,1,0.3551866058468991,0.3551866058468991,0.3812279880757262,-0.026041382228827126,4,23596.4130859375,2,23595.7568359375,3,23617.259765625,0,,,,,"[-0.62109375, 11.37890625, 29.37890625]",1.7696536873737342e-05,2.97990135510494e-25,NOT_ESTIMABLE_NO_OVERLAPPING_PHYSICAL_EVENT,0,,False,0,,,,
v2_anchor_historical__baseline,6102,7101,29,68,23740.0,23990.0,0,1,0.32276675597192755,0.32276675597192755,0.7509428172205661,-0.42817606124863855,4,23879.5615234375,2,23829.23046875,4,23854.0234375,3,23880.080078125,False,True,False,"[-0.294921875, 39.705078125, 61.705078125]",2.6556890451637687e-41,1.7009498233000878e-07,UNIQUE_OVERLAPPING_PHYSICAL_EVENT,1,73,True,230,76.19999999999999,116.0,1,12.041594578792296
v2_anchor_historical__baseline,6102,7102,0,0,668.0,918.0,0,0,0.520719544698383,0.520719544698383,0.6735732658224735,-0.15285372112409046,4,760.6604919433594,2,787.1828918457031,4,807.79541015625,3,831.9598999023438,False,False,False,"[8.45196533203125, 48.45196533203125, 84.45196533203125]",1.947261752190803e-37,3.1837614807846e-09,UNIQUE_OVERLAPPING_PHYSICAL_EVENT,1,2,True,129,64.0,94.0,1,7.810249675906654
v2_anchor_historical__baseline,6102,7102,1,1,964.0,1214.0,1,0,0.6262808280653025,0.6499770943384627,0.6262808280653025,0.023696266273160238,4,1117.122802734375,2,1110.13134765625,4,1077.3384399414062,0,,,,,"[-89.4420166015625, 26.5579833984375, 126.5579833984375]",0.07323959845761713,0.02824147540568251,AMBIGUOUS_OVERLAP_CHOSEN_MAXIMUM_FOR_DESCRIPTION,3,3,True,146,51.0,96.0,1,9.486832980505138
v2_anchor_historical__baseline,6102,7102,2,2,1448.0,1698.0,1,-1,0.7624456207450568,1.1721382078308449,0.7624456207450568,0.40969258708578804,4,1472.1636352539062,2,1597.68994140625,4,1563.5856323242188,0,,,,,"[3.7645263671875, 105.7645263671875, 131.7645263671875]",0.006131960216866222,0.00012317537299093574,AMBIGUOUS_OVERLAP_CHOSEN_MAXIMUM_FOR_DESCRIPTION,2,7,True,131,54.0,92.0,2,8.54400374531753
v2_anchor_historical__baseline,6102,7102,3,3,1712.0,1962.0,1,0,0.5969803440874062,0.7405814103530484,0.5969803440874062,0.14360106626564217,4,1873.6104125976562,2,1856.2666625976562,4,1819.6002807617188,3,1797.167236328125,False,False,False,"[1.4134521484375, 47.4134521484375, 83.4134521484375]",9.035571085921612e-05,0.0,UNIQUE_OVERLAPPING_PHYSICAL_EVENT,1,8,True,126,56.0,82.0,1,8.602325267042627
v2_anchor_historical__baseline,6102,7102,4,4,1968.0,2218.0,1,-1,1.197473160028569,1.0481410741305737,1.197473160028569,-0.1493320858979954,4,2210.796142578125,2,2116.3424072265625,4,2083.4122314453125,3,2089.89111328125,True,False,False,"[-0.6171875, 17.3828125, 131.3828125]",3.112124201975338e-07,0.10257120457732229,UNIQUE_OVERLAPPING_PHYSICAL_EVENT,1,9,True,137,40.80000000000001,80.0,1,8.602325267042627
v2_anchor_historical__baseline,6102,7102,5,5,2964.0,3214.0,1,-1,1.5367833952241743,1.7099231646266158,1.5367833952241743,0.17313976940244147,1,2966.40576171875,1,3205.8134765625,4,3092.0810546875,3,3068.721435546875,False,False,True,"[98.59423828125, 118.59423828125, 146.59423828125]",0.0038313846927770442,0.028848195014435984,UNIQUE_OVERLAPPING_PHYSICAL_EVENT,1,13,True,146,41.0,114.0,2,9.219544457292887
v2_anchor_historical__baseline,6102,7102,6,6,3386.0,3636.0,0,1,0.4840402059444422,0.4840402059444422,0.6701459704168783,-0.1861057644724361,2,3562.9742431640625,2,3493.0675048828125,4,3515.6873779296875,1,3539.32470703125,False,True,False,"[-2.649658203125, 17.350341796875, 41.350341796875]",0.0001947950146310477,0.0,NOT_ESTIMABLE_NO_OVERLAPPING_PHYSICAL_EVENT,0,,False,0,,,,
v2_anchor_historical__baseline,6102,7102,7,7,3646.0,3896.0,0,1,0.4562174359610475,0.4562174359610475,0.782055378498925,-0.3258379425378775,3,3823.7548828125,2,3747.636962890625,4,3769.573486328125,2,3786.3955078125,False,True,False,"[-2.67724609375, 23.32275390625, 71.32275390625]",2.3463278677140954e-18,7.567313998534879e-07,NOT_ESTIMABLE_NO_OVERLAPPING_PHYSICAL_EVENT,0,,False,0,,,,
v2_anchor_historical__baseline,6102,7102,8,8,4060.0,4310.0,1,0,0.5629103230006398,0.5207762794313766,0.5629103230006398,-0.0421340435692632,2,4241.178466796875,2,4189.85693359375,4,4183.132568359375,0,,,,,"[1.44140625, 17.44140625, 31.44140625]",0.02553817600658961,0.0020848876881143685,AMBIGUOUS_OVERLAP_CHOSEN_MAXIMUM_FOR_DESCRIPTION,2,15,True,102,55.40000000000002,108.0,2,7.615773105863909
v2_anchor_historical__baseline,6102,7102,9,9,4310.0,4560.0,1,1,0.23374210248363653,0.48600217455029443,0.23374210248363653,0.2522600720666579,0,,2,4456.976806640625,4,4423.8447265625,1,4411.611328125,False,,,"[3.388671875, 23.388671875, 47.388671875]",5.405022472084465e-07,2.1197725847909494e-18,AMBIGUOUS_OVERLAP_CHOSEN_MAXIMUM_FOR_DESCRIPTION,2,16,True,103,45.19999999999999,114.0,1,5.830951894845301
v2_anchor_historical__baseline,6102,7102,10,10,4564.0,4814.0,1,1,0.3745435305686447,0.5741069232253386,0.3745435305686447,0.19956339265669393,4,4664.283447265625,1,4737.19775390625,4,4702.25048828125,0,,,,,"[-2.96875, 33.03125, 63.03125]",0.0004376533633219853,1.3729405937007333e-08,NOT_ESTIMABLE_NO_OVERLAPPING_PHYSICAL_EVENT,0,,False,0,,,,
v2_anchor_historical__baseline,6102,7102,11,11,4866.0,5116.0,0,1,0.4600099420532221,0.4600099420532221,0.8054948333167454,-0.34548489126352333,4,4982.921142578125,1,4941.85205078125,3,5014.43896484375,3,4988.70849609375,False,True,False,"[33.14794921875, 49.14794921875, 67.14794921875]",0.00041105344880274484,3.089032661453881e-08,NOT_ESTIMABLE_NO_OVERLAPPING_PHYSICAL_EVENT,0,,False,0,,,,
v2_anchor_historical__baseline,6102,7102,12,12,5140.0,5390.0,0,1,0.4597114494890603,0.4597114494890603,0.6029334158915576,-0.1432219664024973,4,5228.9853515625,2,5254.281005859375,4,5280.80078125,3,5286.640625,False,False,False,"[7.82763671875, 43.82763671875, 73.82763671875]",0.0007466293106180054,0.0,AMBIGUOUS_OVERLAP_CHOSEN_MAXIMUM_FOR_DESCRIPTION,2,17,True,125,62.800000000000054,134.0,1,8.06225774829855
v2_anchor_historical__baseline,6102,7102,13,16,6534.0,6784.0,1,-1,1.0153528953500808,1.5766983024658399,1.0153528953500808,0.5613454071157591,4,6635.124267578125,2,6689.078125,2,6663.12548828125,2,6547.36083984375,False,False,True,"[8.79296875, 112.79296875, 146.79296875]",0.03726232285404045,1.573758924143173e-05,NOT_ESTIMABLE_NO_OVERLAPPING_PHYSICAL_EVENT,0,,False,0,,,,
v2_anchor_historical__baseline,6102,7102,14,17,6924.0,7174.0,1,1,0.30330569500868426,0.4332704512103964,0.30330569500868426,0.12996475620171216,0,,2,7058.341064453125,4,7039.79150390625,3,7046.78271484375,True,,,"[-3.69482421875, 12.30517578125, 34.30517578125]",0.017405912135500298,1.3351685479224937e-30,AMBIGUOUS_OVERLAP_CHOSEN_MAXIMUM_FOR_DESCRIPTION,4,25,True,128,38.599999999999994,86.0,1,7.615773105863909
v2_anchor_historical__baseline,6102,7102,15,18,7274.0,7524.0,0,1,0.3280539401421039,0.3280539401421039,0.6163971330709426,-0.2883431929288387,0,,2,7380.15673828125,4,7402.6884765625,3,7427.79052734375,False,,,"[-1.16943359375, 20.83056640625, 50.83056640625]",0.0007653272149679661,1.3928123619427162e-30,AMBIGUOUS_OVERLAP_CHOSEN_MAXIMUM_FOR_DESCRIPTION,2,28,True,176,65.0,134.0,1,9.433981132056603
v2_anchor_historical__baseline,6102,7102,16,19,7540.0,7790.0,0,1,0.41095493986890935,0.41095493986890935,0.7468706209774139,-0.3359156811085045,1,7702.7451171875,2,7639.70556640625,4,7665.013427734375,3,7691.71533203125,False,True,False,"[-3.3154296875, 12.6845703125, 56.6845703125]",0.0008670417402505142,9.68124056890145e-27,UNIQUE_OVERLAPPING_PHYSICAL_EVENT,1,29,True,193,68.0,116.0,1,11.313708498984761
v2_anchor_historical__baseline,6102,7102,17,20,7840.0,8090.0,0,1,0.3456092090485261,0.3456092090485261,0.6397248340375292,-0.2941156249890031,0,,2,7941.1865234375,4,7969.153564453125,3,7993.76953125,False,,,"[-1.31787109375, 20.68212890625, 52.68212890625]",6.063503615719607e-05,1.1612172705345437e-38,UNIQUE_OVERLAPPING_PHYSICAL_EVENT,1,30,True,173,73.60000000000002,120.0,1,9.899494936611665
v2_anchor_historical__baseline,6102,7102,18,21,8358.0,8608.0,0,0,0.660161538461759,0.660161538461759,0.769810688994165,-0.10964915053240609,4,8430.29736328125,2,8474.24951171875,4,8498.14599609375,3,8523.671875,False,False,False,"[5.0615234375, 57.0615234375, 105.0615234375]",3.168839869898888e-05,0.00035029522560512663,UNIQUE_OVERLAPPING_PHYSICAL_EVENT,1,31,True,181,60.0,108.0,1,9.486832980505138
v2_anchor_historical__baseline,6102,7102,19,29,10964.0,11214.0,1,1,0.26876975865675024,0.4308079864241347,0.26876975865675024,0.16203822776738447,0,,2,11106.96923828125,4,11076.904296875,0,,,,,"[3.3173828125, 23.3173828125, 43.3173828125]",1.7889432923028069e-12,7.523769537492314e-21,NOT_ESTIMABLE_NO_OVERLAPPING_PHYSICAL_EVENT,0,,False,0,,,,
v2_anchor_historical__baseline,6102,7102,20,35,12400.0,12650.0,0,1,0.3091549471528178,0.3091549471528178,0.3685060854149536,-0.05935113826213578,4,12539.97607421875,2,12527.78857421875,4,12508.18017578125,3,12530.068359375,True,True,False,"[-0.275390625, 17.724609375, 39.724609375]",4.6902409402035045e-05,3.4569412875180715e-26,NOT_ESTIMABLE_NO_OVERLAPPING_PHYSICAL_EVENT,0,,False,0,,,,
v2_anchor_historical__baseline,6102,7102,21,40,13666.0,13916.0,0,1,0.4090328482328031,0.4090328482328031,0.7652702323804677,-0.35623738414766454,1,13829.72265625,2,13762.98974609375,4,13792.4130859375,3,13817.642578125,False,True,False,"[-1.515625, 24.484375, 58.484375]",0.00024300356642050242,1.254884096900904e-05,AMBIGUOUS_OVERLAP_CHOSEN_MAXIMUM_FOR_DESCRIPTION,2,42,True,232,71.60000000000001,120.0,1,10.63014581273465
v2_anchor_historical__baseline,6102,7102,22,41,14034.0,14284.0,0,1,0.43915018429509123,0.43915018429509123,0.5867415161223632,-0.14759133182727202,2,14206.52783203125,2,14145.9716796875,4,14159.6337890625,3,14166.4150390625,False,True,False,"[-2.7861328125, 13.2138671875, 33.2138671875]",0.00010588556878044938,0.0,NOT_ESTIMABLE_NO_OVERLAPPING_PHYSICAL_EVENT,0,,False,0,,,,
v2_anchor_historical__baseline,6102,7102,23,42,14284.0,14534.0,0,1,0.3385595039418717,0.3385595039418717,0.6274490697857662,-0.2888895658438945,0,,2,14386.97998046875,4,14412.95263671875,3,14438.4091796875,False,,,"[0.9306640625, 24.9306640625, 54.9306640625]",9.369424285657378e-08,3.101447171313021e-14,UNIQUE_OVERLAPPING_PHYSICAL_EVENT,1,44,True,207,70.0,124.0,1,10.295630140987
v2_anchor_historical__baseline,6102,7102,24,43,14536.0,14786.0,0,1,0.2644724458364561,0.2644724458364561,0.6225182774771871,-0.358045831640731,4,14662.5107421875,2,14642.57275390625,4,14663.71044921875,3,14689.46875,False,True,False,"[-1.23046875, 20.76953125, 44.76953125]",0.00039588630151345897,2.165735324971338e-13,UNIQUE_OVERLAPPING_PHYSICAL_EVENT,1,45,True,54,40.2,72.0,1,5.0990195135927845
v2_anchor_historical__baseline,6102,7102,25,46,15316.0,15566.0,0,1,0.4885854504566434,0.4885854504566434,0.6183238085490799,-0.12973835809243645,2,15495.06640625,2,15427.5478515625,3,15430.814453125,3,15450.9189453125,False,True,False,"[-2.76171875, 13.23828125, 43.23828125]",3.392293667069372e-06,0.0,NOT_ESTIMABLE_NO_OVERLAPPING_PHYSICAL_EVENT,0,,False,0,,,,
v2_anchor_historical__baseline,6102,7102,26,47,15570.0,15820.0,0,1,0.26315551104707524,0.26315551104707524,0.4667294301241191,-0.20357391907704386,0,,2,15674.17529296875,4,15706.1611328125,0,,,,,"[-1.4521484375, 16.5478515625, 40.5478515625]",0.0,0.0,NOT_ESTIMABLE_NO_OVERLAPPING_PHYSICAL_EVENT,0,,False,0,,,,
v2_anchor_historical__baseline,6102,7102,27,48,16012.0,16262.0,0,1,0.3320994028723547,0.3320994028723547,0.616187400235267,-0.2840879973629123,0,,2,16124.1123046875,4,16138.2900390625,3,16164.724609375,False,,,"[0.8232421875, 16.8232421875, 50.8232421875]",0.0,2.5754153531551788e-12,UNIQUE_OVERLAPPING_PHYSICAL_EVENT,1,47,True,174,59.400000000000034,116.0,1,10.816653826391969
v2_anchor_historical__baseline,6102,7102,28,49,16306.0,16556.0,0,-1,0.9113734775972103,0.9113734775972103,0.9466716391741334,-0.035298161576923115,4,16357.61328125,1,16428.375,4,16456.96484375,2,16449.841796875,False,False,False,"[-1.1201171875, 80.8798828125, 110.8798828125]",0.0008480721073918628,8.819260794781674e-07,NOT_ESTIMABLE_NO_OVERLAPPING_PHYSICAL_EVENT,0,,False,0,,,,
v2_anchor_historical__baseline,6102,7102,29,50,16556.0,16806.0,0,1,0.33258799681492973,0.33258799681492973,0.6274112472715674,-0.29482325045663765,0,,2,16662.4765625,4,16684.1875,3,16711.076171875,False,,,"[-2.486328125, 17.513671875, 55.513671875]",0.0,2.475213663665814e-07,UNIQUE_OVERLAPPING_PHYSICAL_EVENT,1,48,True,182,65.80000000000001,118.0,1,10.63014581273465
v2_anchor_historical__baseline,6102,7102,30,53,17370.0,17620.0,0,1,0.32906203942276535,0.32906203942276535,0.6203106028445735,-0.29124856342180816,0,,2,17474.4423828125,4,17498.05078125,3,17522.79296875,False,,,"[1.404296875, 23.404296875, 53.404296875]",0.0005879605026182094,4.3947302862822727e-08,AMBIGUOUS_OVERLAP_CHOSEN_MAXIMUM_FOR_DESCRIPTION,2,52,True,137,56.0,130.0,1,8.06225774829855
v2_anchor_historical__baseline,6102,7102,31,54,17630.0,17880.0,0,-1,1.1133054935830453,1.1133054935830453,1.2196916400535318,-0.1063861464704865,2,17645.873046875,2,17736.2666015625,4,17757.8408203125,3,17782.35546875,False,False,False,"[87.923828125, 111.923828125, 141.923828125]",0.020482782898977727,4.3755996348910084e-05,AMBIGUOUS_OVERLAP_CHOSEN_MAXIMUM_FOR_DESCRIPTION,2,54,True,122,40.0,86.0,1,6.708203932499369
v2_anchor_historical__baseline,6102,7102,32,55,17904.0,18154.0,0,1,0.32893688145695554,0.32893688145695554,0.6195310554560166,-0.29059417399906107,0,,2,18010.0419921875,4,18032.736328125,3,18057.662109375,False,,,"[-1.3359375, 20.6640625, 52.6640625]",4.366426612943246e-06,7.3684009114979085e-37,UNIQUE_OVERLAPPING_PHYSICAL_EVENT,1,55,True,177,58.8,94.0,1,9.219544457292887
v2_anchor_historical__baseline,6102,7102,33,58,18720.0,18970.0,0,1,0.41374014565141676,0.41374014565141676,0.7714985333818319,-0.3577583877304152,1,18884.21484375,2,18816.66796875,4,18845.671875,3,18871.865234375,False,True,False,"[-1.1953125, 26.8046875, 60.8046875]",0.0002524706112571986,1.020506223565424e-08,UNIQUE_OVERLAPPING_PHYSICAL_EVENT,1,57,True,185,69.19999999999999,144.0,1,10.0
v2_anchor_historical__baseline,6102,7102,34,59,19224.0,19474.0,0,1,0.2658240760028894,0.2658240760028894,0.5461982359818751,-0.28037415997898574,0,,2,19332.4013671875,4,19354.9267578125,2,19369.759765625,False,,,"[-2.845703125, 17.154296875, 39.154296875]",7.848619082720047e-05,1.4978965851753672e-19,AMBIGUOUS_OVERLAP_CHOSEN_MAXIMUM_FOR_DESCRIPTION,3,60,True,59,32.0,70.0,3,8.602325267042627
v2_anchor_historical__baseline,6102,7102,35,63,20238.0,20488.0,0,1,0.314314012697003,0.314314012697003,0.5549237667320701,-0.24060975403506712,3,20373.53515625,2,20347.419921875,4,20367.8642578125,1,20386.22265625,False,True,False,"[-2.427734375, 17.572265625, 37.572265625]",0.0,7.856298199170328e-13,UNIQUE_OVERLAPPING_PHYSICAL_EVENT,1,63,True,123,55.599999999999994,120.0,1,10.198039027185569
v2_anchor_historical__baseline,6102,7102,36,68,21772.0,22022.0,0,1,0.2459684131213163,0.2459684131213163,0.5786095667394914,-0.3326411536181751,4,21897.4296875,2,21872.55859375,4,21898.2119140625,3,21907.46484375,False,True,False,"[0.626953125, 24.626953125, 42.626953125]",0.0001199184191096119,1.6177462480641816e-07,NOT_ESTIMABLE_NO_OVERLAPPING_PHYSICAL_EVENT,0,,False,0,,,,
v2_anchor_historical__baseline,6102,7102,37,71,22548.0,22798.0,0,1,0.46116420504222705,0.46116420504222705,0.5491975293226966,-0.08803332428046956,3,22638.498046875,2,22660.90234375,4,22685.525390625,3,22693.470703125,False,False,False,"[17.11328125, 45.11328125, 65.11328125]",2.5525692001090506e-08,5.3427801769751336e-36,UNIQUE_OVERLAPPING_PHYSICAL_EVENT,1,69,True,121,62.0,98.0,1,7.211102550927978
v2_anchor_historical__baseline,6102,7102,38,72,22914.0,23164.0,0,1,0.3614522784907652,0.3614522784907652,0.385666410122642,-0.0242141316318768,4,23036.283203125,2,23039.8046875,2,23027.9912109375,3,23043.951171875,True,False,False,"[-1.173828125, 12.826171875, 28.826171875]",0.00011860980755083203,1.4764346678382252e-07,NOT_ESTIMABLE_NO_OVERLAPPING_PHYSICAL_EVENT,0,,False,0,,,,
v2_anchor_support_rank__baseline,6101,7101,0,0,740.0,990.0,1,1,0.41989238158506853,0.35653771218586716,0.41989238158506853,-0.06335466939920137,4,878.6151733398438,2,863.576904296875,3,858.6975708007812,3,848.945556640625,False,False,False,"[1.53875732421875, 17.53875732421875, 41.53875732421875]",4.936503053847699e-06,0.0,NOT_ESTIMABLE_NO_OVERLAPPING_PHYSICAL_EVENT,0,,False,0,,,,
v2_anchor_support_rank__baseline,6101,7101,1,1,1200.0,1450.0,0,1,0.4238647962156105,0.4238647962156105,0.5564108332922941,-0.1325460370766836,4,1301.4992065429688,1,1342.452880859375,1,1336.360595703125,3,1350.7591552734375,True,False,False,"[-3.4210205078125, 14.5789794921875, 56.5789794921875]",1.3649412232043531e-07,3.9739890158246596e-25,NOT_ESTIMABLE_NO_OVERLAPPING_PHYSICAL_EVENT,0,,False,0,,,,
v2_anchor_support_rank__baseline,6101,7101,2,2,1478.0,1728.0,1,1,0.312361360966078,0.5462301857668707,0.312361360966078,0.23386882480079263,4,1566.864501953125,2,1624.4566650390625,4,1604.0352172851562,0,,,,,"[0.9930419921875, 38.9930419921875, 62.9930419921875]",5.080902968066648e-05,1.438580533717463e-09,UNIQUE_OVERLAPPING_PHYSICAL_EVENT,1,3,True,202,57.60000000000001,114.0,1,10.04987562112089
v2_anchor_support_rank__baseline,6101,7101,3,3,2288.0,2538.0,1,0,0.5392156927305256,0.8196480954373773,0.5392156927305256,0.28043240270685166,4,2408.4727783203125,2,2431.4677734375,1,2409.639892578125,1,2344.644287109375,False,False,True,"[54.355712890625, 72.355712890625, 90.355712890625]",0.00020981746401987412,9.494693599303819e-14,UNIQUE_OVERLAPPING_PHYSICAL_EVENT,1,5,True,68,45.20000000000001,72.0,1,6.082762530298219
v2_anchor_support_rank__baseline,6101,7101,4,4,2556.0,2806.0,1,1,0.40222327290593596,0.5684635869407411,0.40222327290593596,0.1662403140348051,2,2684.6083984375,1,2700.26708984375,4,2680.3428955078125,3,2656.52685546875,False,False,True,"[4.290283203125, 28.290283203125, 48.290283203125]",8.799228886065855e-06,1.1901618167827742e-17,UNIQUE_OVERLAPPING_PHYSICAL_EVENT,1,6,True,146,58.0,112.0,1,11.40175425099138
v2_anchor_support_rank__baseline,6101,7101,5,5,2830.0,3080.0,1,-1,1.1552187828481328,1.2035633824778256,1.1552187828481328,0.04834459962969273,1,2848.614013671875,2,2959.58642578125,3,2964.731689453125,3,2944.1357421875,False,False,True,"[92.385986328125, 108.385986328125, 122.385986328125]",0.0006510425864805748,7.192791972496588e-06,UNIQUE_OVERLAPPING_PHYSICAL_EVENT,1,6,True,146,58.0,112.0,1,11.40175425099138
v2_anchor_support_rank__baseline,6101,7101,6,6,3306.0,3556.0,0,1,0.330201894433476,0.330201894433476,0.6104394603800273,-0.2802375659465513,2,3427.5120849609375,2,3407.230224609375,4,3437.2760009765625,3,3459.856201171875,False,True,False,"[9.780029296875, 33.780029296875, 59.780029296875]",0.00024542569233175563,0.0,NOT_ESTIMABLE_NO_OVERLAPPING_PHYSICAL_EVENT,0,,False,0,,,,
v2_anchor_support_rank__baseline,6101,7101,7,7,3572.0,3822.0,0,-1,0.9005887302251836,0.9005887302251836,1.392975428054776,-0.4923866978295923,4,3802.365966796875,0,,4,3695.72509765625,3,3719.412109375,,,,"[34.106201171875, 58.106201171875, 152.106201171875]",8.868776696450814e-12,0.06011234669022229,UNIQUE_OVERLAPPING_PHYSICAL_EVENT,1,7,True,145,55.2,126.0,1,9.486832980505138
v2_anchor_support_rank__baseline,6101,7101,8,8,3934.0,4184.0,1,-1,0.8690480451235709,1.0270299620164898,0.8690480451235709,0.15798191689291885,4,3963.979736328125,2,4071.314697265625,4,4045.815673828125,3,4062.30810546875,True,False,True,"[13.63671875, 99.63671875, 119.63671875]",0.004374608248814433,0.00015448457711688928,AMBIGUOUS_OVERLAP_CHOSEN_MAXIMUM_FOR_DESCRIPTION,3,9,True,107,36.8,94.0,1,7.615773105863909
v2_anchor_support_rank__baseline,6101,7101,9,9,4522.0,4772.0,1,1,0.41881310962652274,0.5412902362050989,0.41881310962652274,0.12247712657857612,3,4687.96435546875,2,4671.15576171875,4,4636.766845703125,3,4627.794921875,False,False,False,"[-3.70068359375, 16.29931640625, 58.29931640625]",8.162341523073107e-05,5.889722922391847e-21,AMBIGUOUS_OVERLAP_CHOSEN_MAXIMUM_FOR_DESCRIPTION,2,13,True,102,42.0,116.0,1,7.615773105863909
v2_anchor_support_rank__baseline,6101,7101,10,10,4844.0,5094.0,1,0,0.6066935736743349,0.6102779823047431,0.6066935736743349,0.003584408630408209,3,5003.59033203125,2,4986.6396484375,2,4948.302001953125,3,4932.19970703125,False,False,False,"[-5.193359375, 44.806640625, 76.806640625]",1.75590165048215e-05,0.0004230825489770054,UNIQUE_OVERLAPPING_PHYSICAL_EVENT,1,14,True,109,60.400000000000006,108.0,1,7.0710678118654755
v2_anchor_support_rank__baseline,6101,7101,11,11,6062.0,6312.0,1,0,0.5367114318488035,0.6303797230432249,0.5367114318488035,0.09366829119442133,0,,2,6173.44921875,4,6181.030517578125,3,6186.6083984375,False,,,"[33.9873046875, 49.9873046875, 65.9873046875]",4.934117732150012e-05,2.2435889196535158e-14,NOT_ESTIMABLE_NO_OVERLAPPING_PHYSICAL_EVENT,0,,False,0,,,,
v2_anchor_support_rank__baseline,6101,7101,12,14,7422.0,7672.0,0,-1,0.9667140161771028,0.9667140161771028,1.08099193783178,-0.1142779216546772,3,7633.849609375,2,7521.684326171875,4,7535.3427734375,3,7548.884765625,False,True,False,"[29.39794921875, 51.39794921875, 143.39794921875]",0.01396109000343493,9.927954511119815e-05,UNIQUE_OVERLAPPING_PHYSICAL_EVENT,1,19,True,163,55.599999999999994,154.0,1,9.486832980505138
v2_anchor_support_rank__baseline,6101,7101,13,15,7730.0,7980.0,0,-1,1.0610608817251919,1.0610608817251919,1.2965771055039927,-0.23551622377880088,4,7968.326416015625,1,7838.19384765625,4,7875.95458984375,2,7825.529052734375,False,False,False,"[2.818359375, 40.818359375, 150.818359375]",0.0001634696673441886,0.1305597626397781,UNIQUE_OVERLAPPING_PHYSICAL_EVENT,1,20,True,98,57.79999999999999,104.0,1,8.246211251235321
v2_anchor_support_rank__baseline,6101,7101,14,16,7986.0,8236.0,0,-1,1.0223077289169669,1.0223077289169669,1.239502640054153,-0.21719491113718603,4,8016.63037109375,0,,4,8098.525390625,3,8122.28662109375,,,,"[2.185546875, 108.185546875, 142.185546875]",0.0991618782535567,7.001303442946555e-05,AMBIGUOUS_OVERLAP_CHOSEN_MAXIMUM_FOR_DESCRIPTION,2,20,True,98,57.79999999999999,104.0,1,8.246211251235321
v2_anchor_support_rank__baseline,6101,7101,15,17,8562.0,8812.0,0,1,0.34453739604313466,0.34453739604313466,0.45915544523658847,-0.11461804919345381,2,8672.2529296875,0,,4,8688.37255859375,3,8710.8857421875,,,,"[8.240234375, 26.240234375, 48.240234375]",8.496303220684633e-06,2.184983552156833e-10,UNIQUE_OVERLAPPING_PHYSICAL_EVENT,1,22,True,90,46.0,80.0,1,8.246211251235321
v2_anchor_support_rank__baseline,6101,7101,16,18,9082.0,9332.0,1,1,0.2705119568420396,0.4272792774264461,0.2705119568420396,0.1567673205844065,0,,2,9228.13427734375,4,9198.66943359375,0,,,,,"[7.302734375, 25.302734375, 43.302734375]",1.804075785864631e-05,6.075685646114188e-13,AMBIGUOUS_OVERLAP_CHOSEN_MAXIMUM_FOR_DESCRIPTION,2,25,True,192,61.8,130.0,1,10.63014581273465
v2_anchor_support_rank__baseline,6101,7101,17,19,9470.0,9720.0,1,1,0.3086141333174541,0.3595333092772,0.3086141333174541,0.05091917595974593,0,,2,9608.96484375,3,9586.3359375,1,9583.4482421875,False,,,"[-0.1171875, 15.8828125, 31.8828125]",0.0002672517898001986,0.0,NOT_ESTIMABLE_NO_OVERLAPPING_PHYSICAL_EVENT,0,,False,0,,,,
v2_anchor_support_rank__baseline,6101,7101,18,20,9746.0,9996.0,0,1,0.3603032741036941,0.3603032741036941,0.37537957232800456,-0.015076298224310447,4,9860.51708984375,2,9883.720703125,4,9872.55908203125,2,9886.455078125,True,False,False,"[5.1064453125, 21.1064453125, 37.1064453125]",8.789044867888482e-08,9.385651671545064e-36,NOT_ESTIMABLE_NO_OVERLAPPING_PHYSICAL_EVENT,0,,False,0,,,,
v2_anchor_support_rank__baseline,6101,7101,19,21,10002.0,10252.0,0,1,0.3552234592639578,0.3552234592639578,0.4953106207212795,-0.1400871614573217,0,,2,10111.83447265625,4,10144.974609375,3,10121.4892578125,False,,,"[4.244140625, 24.244140625, 46.244140625]",2.070783406569151e-34,1.0067760958977051e-26,NOT_ESTIMABLE_NO_OVERLAPPING_PHYSICAL_EVENT,0,,False,0,,,,
v2_anchor_support_rank__baseline,6101,7101,20,24,10740.0,10990.0,1,1,0.4343600375252185,0.5032108680352166,0.4343600375252185,0.06885083050999813,1,10831.2646484375,2,10875.9091796875,2,10871.94677734375,3,10857.171875,False,False,True,"[21.7353515625, 37.7353515625, 49.7353515625]",0.0005595279682742816,2.0662424518371483e-09,UNIQUE_OVERLAPPING_PHYSICAL_EVENT,1,29,True,101,46.0,114.0,1,6.708203932499369
v2_anchor_support_rank__baseline,6101,7101,21,25,11852.0,12102.0,1,-1,0.6898976656106593,0.9509628444988494,0.6898976656106593,0.26106517888819003,4,11906.2255859375,2,12006.37646484375,4,11986.8896484375,2,11970.609375,False,False,True,"[2.400390625, 80.400390625, 114.400390625]",0.00038349300340120824,3.912009519250038e-05,UNIQUE_OVERLAPPING_PHYSICAL_EVENT,1,33,True,126,60.0,108.0,1,8.602325267042627
v2_anchor_support_rank__baseline,6101,7101,22,26,12126.0,12376.0,1,1,0.40832138442259974,0.3911107534202204,0.40832138442259974,-0.01721063100237935,0,,1,12225.4130859375,4,12247.89013671875,3,12242.4375,False,,,"[5.5869140625, 19.5869140625, 31.5869140625]",3.837112724737215e-10,2.889909334449792e-17,UNIQUE_OVERLAPPING_PHYSICAL_EVENT,1,34,True,101,44.0,80.0,1,6.708203932499369
v2_anchor_support_rank__baseline,6101,7101,23,27,12870.0,13120.0,0,-1,1.0961365085870138,1.0961365085870138,1.2844960443471725,-0.18835953576015863,4,13078.228515625,2,12961.021484375,4,12977.92529296875,3,12994.55078125,False,True,False,"[42.4453125, 66.4453125, 154.4453125]",0.0001507361148870895,4.423636101398228e-06,AMBIGUOUS_OVERLAP_CHOSEN_MAXIMUM_FOR_DESCRIPTION,2,37,True,121,36.0,92.0,1,7.615773105863909
v2_anchor_support_rank__baseline,6101,7101,24,28,13354.0,13604.0,0,0,0.8557711099347415,0.8557711099347415,0.941528395652908,-0.08575728571816654,3,13500.62890625,2,13421.4765625,2,13455.2822265625,1,13443.89453125,False,True,False,"[-31.96484375, 90.03515625, 116.03515625]",0.10500008929370389,0.00469058125371976,UNIQUE_OVERLAPPING_PHYSICAL_EVENT,1,39,True,99,62.4,114.0,3,6.708203932499369
v2_anchor_support_rank__baseline,6101,7101,25,29,13616.0,13866.0,1,-1,0.7908242693891477,0.8385620028421175,0.7908242693891477,0.04773773345296972,4,13806.52392578125,2,13760.72607421875,4,13726.55810546875,3,13711.3125,False,False,False,"[6.7294921875, 38.7294921875, 100.7294921875]",0.00015715633058562348,4.403406730476264e-18,AMBIGUOUS_OVERLAP_CHOSEN_MAXIMUM_FOR_DESCRIPTION,2,40,True,130,48.40000000000002,86.0,1,8.54400374531753
v2_anchor_support_rank__baseline,6101,7101,26,30,14466.0,14716.0,0,1,0.4156277356728911,0.4156277356728911,0.48712605764637595,-0.07149832197348488,3,14582.60546875,1,14636.931640625,3,14585.53515625,3,14605.51953125,True,False,True,"[6.615234375, 22.615234375, 42.615234375]",0.00046398232479891426,0.0,NOT_ESTIMABLE_NO_OVERLAPPING_PHYSICAL_EVENT,0,,False,0,,,,
v2_anchor_support_rank__baseline,6101,7101,27,33,15388.0,15638.0,0,1,0.362208754400501,0.362208754400501,0.35648459092837537,0.005724163472125621,0,,2,15510.7861328125,4,15511.59521484375,0,,,,,"[1.9150390625, 11.9150390625, 25.9150390625]",0.00011150755104784637,2.6955284478440537e-11,UNIQUE_OVERLAPPING_PHYSICAL_EVENT,1,46,True,118,38.0,86.0,1,7.615773105863909
v2_anchor_support_rank__baseline,6101,7101,28,34,15856.0,16106.0,1,1,0.3712430732244235,0.5608654450559365,0.3712430732244235,0.18962237183151298,0,,2,15997.8525390625,4,15972.36572265625,2,15962.65478515625,False,,,"[19.6611328125, 39.6611328125, 57.6611328125]",4.570313348288381e-05,1.9148434067759565e-12,NOT_ESTIMABLE_NO_OVERLAPPING_PHYSICAL_EVENT,0,,False,0,,,,
v2_anchor_support_rank__baseline,6101,7101,29,35,16540.0,16790.0,1,1,0.2643961887589435,0.5411449883703617,0.2643961887589435,0.27674879961141824,4,16675.5654296875,2,16689.3779296875,4,16651.1669921875,3,16634.580078125,False,False,True,"[4.208984375, 40.208984375, 58.208984375]",0.0003017045070952812,5.913119799863858e-06,UNIQUE_OVERLAPPING_PHYSICAL_EVENT,1,48,True,129,40.0,140.0,1,8.54400374531753
v2_anchor_support_rank__baseline,6101,7101,30,36,16860.0,17110.0,0,1,0.47099596117445985,0.47099596117445985,0.9046207808069419,-0.433624819632482,3,17032.421875,1,16949.74609375,4,16976.0283203125,3,17000.1953125,False,True,False,"[11.25390625, 37.25390625, 83.25390625]",0.0006342371221840718,0.0,UNIQUE_OVERLAPPING_PHYSICAL_EVENT,1,49,True,201,68.0,140.0,1,10.44030650891055
v2_anchor_support_rank__baseline,6101,7101,31,39,17892.0,18142.0,1,1,0.370710496597965,0.49917909051752823,0.370710496597965,0.12846859391956322,3,17981.703125,2,18035.9326171875,2,18014.3125,3,18020.494140625,True,False,True,"[6.99609375, 44.99609375, 60.99609375]",2.32795340666204e-07,8.657635377616567e-08,UNIQUE_OVERLAPPING_PHYSICAL_EVENT,1,50,True,182,50.0,90.0,1,8.94427190999916
v2_anchor_support_rank__baseline,6101,7101,32,40,18146.0,18396.0,1,0,0.5006996342953265,0.6256079943356371,0.5006996342953265,0.12490836004031058,4,18231.419921875,2,18289.5986328125,4,18284.2666015625,0,,,,,"[-4.52734375, 37.47265625, 77.47265625]",1.5541203626425826e-05,3.3243478041675536e-06,NOT_ESTIMABLE_NO_OVERLAPPING_PHYSICAL_EVENT,0,,False,0,,,,
v2_anchor_support_rank__baseline,6101,7101,33,41,18808.0,19058.0,1,1,0.3072491526067925,0.48625233054712175,0.3072491526067925,0.17900317794032927,0,,2,18943.630859375,4,18930.35546875,2,18910.939453125,False,,,"[6.890625, 24.890625, 38.890625]",2.8274458533750594e-06,2.017781754876575e-18,UNIQUE_OVERLAPPING_PHYSICAL_EVENT,1,55,True,79,58.800000000000004,100.0,1,8.06225774829855
v2_anchor_support_rank__baseline,6101,7101,34,42,19222.0,19472.0,1,1,0.28034074199576375,0.5754936050504688,0.28034074199576375,0.295152863054705,3,19315.861328125,2,19372.8740234375,4,19350.7412109375,3,19334.8125,False,False,True,"[18.498046875, 42.498046875, 62.498046875]",7.075797744763698e-05,2.9302707258469277e-12,NOT_ESTIMABLE_NO_OVERLAPPING_PHYSICAL_EVENT,0,,False,0,,,,
v2_anchor_support_rank__baseline,6101,7101,35,43,20086.0,20336.0,1,1,0.3366757878011996,0.4036540192798319,0.3366757878011996,0.0669782314786323,3,20203.775390625,2,20217.4990234375,3,20211.1015625,3,20211.369140625,False,False,True,"[4.732421875, 16.732421875, 26.732421875]",0.0005413829977168242,4.80128400504207e-10,NOT_ESTIMABLE_NO_OVERLAPPING_PHYSICAL_EVENT,0,,False,0,,,,
v2_anchor_support_rank__baseline,6101,7101,36,44,20342.0,20592.0,0,1,0.41432744964320917,0.41432744964320917,0.5974772121495837,-0.18314976250637455,2,20447.0439453125,1,20458.037109375,2,20433.8642578125,3,20493.279296875,True,False,False,"[5.78125, 19.78125, 65.78125]",2.66838924345143e-07,2.551994285253439e-09,NOT_ESTIMABLE_NO_OVERLAPPING_PHYSICAL_EVENT,0,,False,0,,,,
v2_anchor_support_rank__baseline,6101,7101,37,45,20594.0,20844.0,0,0,0.5972896412130344,0.5972896412130344,0.9344664113257016,-0.3371767701126672,4,20684.8759765625,1,20709.0546875,3,20752.474609375,3,20773.095703125,False,False,False,"[2.103515625, 76.103515625, 96.103515625]",9.484819011609803e-06,1.2363888175000407e-06,UNIQUE_OVERLAPPING_PHYSICAL_EVENT,1,60,True,132,51.60000000000001,100.0,1,9.486832980505138
v2_anchor_support_rank__baseline,6101,7101,38,46,20882.0,21132.0,0,1,0.5141998001528374,0.5141998001528374,0.7874616774715354,-0.273261877318698,2,20981.44921875,1,20965.5859375,3,21016.41015625,3,21040.580078125,False,True,False,"[17.4140625, 61.4140625, 81.4140625]",1.19190203726648e-06,2.1873451171151557e-21,NOT_ESTIMABLE_NO_OVERLAPPING_PHYSICAL_EVENT,0,,False,0,,,,
v2_anchor_support_rank__baseline,6101,7101,39,47,21156.0,21406.0,0,1,0.4574069395795405,0.4574069395795405,0.536589405289287,-0.07918246570974652,1,21242.1171875,1,21268.09375,4,21289.3623046875,3,21283.42578125,False,False,False,"[26.8828125, 40.8828125, 52.8828125]",3.819822830014056e-05,7.057323416470444e-05,NOT_ESTIMABLE_NO_OVERLAPPING_PHYSICAL_EVENT,0,,False,0,,,,
v2_anchor_support_rank__baseline,6101,7101,40,48,21704.0,21954.0,1,-1,0.7753261909940617,1.0300534197001996,0.7753261909940617,0.25472722870613784,4,21756.4111328125,2,21811.240234375,3,21829.5703125,2,21821.6513671875,False,False,False,"[-8.1640625, 89.8359375, 119.8359375]",0.0035825423796945807,0.03236062235671418,AMBIGUOUS_OVERLAP_CHOSEN_MAXIMUM_FOR_DESCRIPTION,2,62,True,78,38.0,118.0,1,6.324555320336759
v2_anchor_support_rank__baseline,6101,7101,41,49,22546.0,22796.0,1,1,0.2808482887570892,0.5358035109224296,0.2808482887570892,0.2549552221653404,2,22678.88671875,2,22685.25,4,22662.5576171875,3,22643.197265625,False,False,True,"[-0.068359375, 19.931640625, 41.931640625]",0.00040478359858131855,9.966921981531918e-06,UNIQUE_OVERLAPPING_PHYSICAL_EVENT,1,67,True,72,29.799999999999997,76.0,1,5.830951894845301
v2_anchor_support_rank__baseline,6101,7101,42,50,23094.0,23344.0,1,1,0.36694625783812496,0.4770227595528792,0.36694625783812496,0.11007650171475425,3,23195.341796875,1,23218.552734375,4,23223.384765625,3,23217.00390625,False,False,False,"[12.033203125, 30.033203125, 46.033203125]",5.405519755891078e-05,2.381708741920726e-09,NOT_ESTIMABLE_NO_OVERLAPPING_PHYSICAL_EVENT,0,,False,0,,,,
v2_anchor_support_rank__baseline,6101,7101,43,51,23410.0,23660.0,0,1,0.3520024187008949,0.3520024187008949,0.47411127476310766,-0.12210885606221278,0,,2,23537.568359375,4,23523.1640625,3,23548.451171875,True,,,"[8.21875, 26.21875, 44.21875]",0.0003729568447210594,5.926957930481573e-38,UNIQUE_OVERLAPPING_PHYSICAL_EVENT,1,68,True,127,51.60000000000001,102.0,1,11.40175425099138
v2_anchor_support_rank__baseline,6101,7102,0,2,1134.0,1384.0,0,0,0.5229703063457449,0.5229703063457449,0.5767468397784187,-0.053776533432673745,3,1207.9947509765625,2,1262.3721313476562,4,1260.3273315429688,3,1276.4217529296875,True,False,False,"[11.263671875, 57.263671875, 75.263671875]",5.006617444568458e-07,9.207125279906435e-05,UNIQUE_OVERLAPPING_PHYSICAL_EVENT,1,2,True,244,75.40000000000003,132.0,1,11.704699910719626
v2_anchor_support_rank__baseline,6101,7102,1,5,2602.0,2852.0,0,-1,1.378395660436975,1.378395660436975,1.7067071564682945,-0.3283114960313196,2,2839.237060546875,2,2632.9215087890625,4,2714.4307861328125,3,2738.54541015625,False,True,False,"[9.130859375, 93.130859375, 117.130859375]",0.00118488756740522,0.04985145105932146,AMBIGUOUS_OVERLAP_CHOSEN_MAXIMUM_FOR_DESCRIPTION,3,12,True,112,41.8,102.0,1,8.06225774829855
v2_anchor_support_rank__baseline,6101,7102,2,6,3208.0,3458.0,1,1,0.3787506599470462,0.42372449590506445,0.3787506599470462,0.04497383595801824,4,3308.1407470703125,2,3339.579345703125,4,3346.8829345703125,3,3327.57666015625,False,False,True,"[-2.56982421875, 25.43017578125, 49.43017578125]",4.009099230878907e-05,0.0,NOT_ESTIMABLE_NO_OVERLAPPING_PHYSICAL_EVENT,0,,False,0,,,,
v2_anchor_support_rank__baseline,6101,7102,3,7,3732.0,3982.0,0,1,0.4985699662062778,0.4985699662062778,0.6468492730325901,-0.1482793068263123,4,3889.0899658203125,2,3847.1495361328125,2,3821.572509765625,0,,,,,"[5.92431640625, 31.92431640625, 79.92431640625]",1.537330843909895e-10,9.170199776769367e-41,UNIQUE_OVERLAPPING_PHYSICAL_EVENT,1,14,True,286,78.0,126.0,1,11.40175425099138
v2_anchor_support_rank__baseline,6101,7102,4,8,4258.0,4508.0,1,1,0.22408109339709026,0.5420085338175086,0.22408109339709026,0.3179274404204183,4,4383.503173828125,2,4410.74365234375,4,4375.796630859375,3,4355.73779296875,False,False,True,"[2.046875, 26.046875, 52.046875]",0.00020072441132382225,2.867535813872268e-16,UNIQUE_OVERLAPPING_PHYSICAL_EVENT,1,15,True,79,40.800000000000004,88.0,1,6.708203932499369
v2_anchor_support_rank__baseline,6101,7102,5,9,4512.0,4762.0,0,0,0.564877413729911,0.564877413729911,0.6943718656980763,-0.12949445196816534,4,4669.707275390625,2,4621.7685546875,2,4597.37060546875,0,,,,,"[4.0361328125, 28.0361328125, 80.0361328125]",1.1147598504456863e-12,5.737201411369787e-10,AMBIGUOUS_OVERLAP_CHOSEN_MAXIMUM_FOR_DESCRIPTION,3,16,True,151,44.0,86.0,2,12.36931687685298
v2_anchor_support_rank__baseline,6101,7102,6,10,5792.0,6042.0,0,-1,0.9819438905801559,0.9819438905801559,1.4582539462813913,-0.4763100557012354,4,5972.05078125,1,5817.451171875,4,5895.256591796875,3,5919.4892578125,False,True,False,"[71.548828125, 103.548828125, 163.548828125]",0.003196132339979658,0.000669871527598514,NOT_ESTIMABLE_NO_OVERLAPPING_PHYSICAL_EVENT,0,,False,0,,,,
v2_anchor_support_rank__baseline,6101,7102,7,11,6906.0,7156.0,1,-1,0.7929509194027677,0.7861164147310244,0.7929509194027677,-0.006834504671743291,2,7128.829345703125,2,7048.292724609375,4,7021.6796875,3,7025.2978515625,True,False,False,"[-4.14013671875, 9.85986328125, 39.85986328125]",0.006328613435871828,0.00011332071725525478,UNIQUE_OVERLAPPING_PHYSICAL_EVENT,1,22,True,123,40.0,80.0,1,8.06225774829855
v2_anchor_support_rank__baseline,6101,7102,8,12,7168.0,7418.0,1,1,0.26801000464905067,0.521008116628838,0.26801000464905067,0.2529981119797873,0,,2,7314.431884765625,4,7282.105224609375,1,7263.57080078125,False,,,"[11.42919921875, 31.42919921875, 53.42919921875]",7.330829771196619e-08,9.672010366446492e-12,UNIQUE_OVERLAPPING_PHYSICAL_EVENT,1,23,True,152,51.8,122.0,1,8.54400374531753
v2_anchor_support_rank__baseline,6101,7102,9,13,7700.0,7950.0,1,0,0.49818926284447435,0.6583995909119811,0.49818926284447435,0.16021032806750674,4,7843.839599609375,1,7898.88330078125,2,7801.7802734375,3,7822.30712890625,True,False,True,"[14.76318359375, 34.76318359375, 56.76318359375]",5.8386023190878816e-05,9.306623716195719e-17,NOT_ESTIMABLE_NO_OVERLAPPING_PHYSICAL_EVENT,0,,False,0,,,,
v2_anchor_support_rank__baseline,6101,7102,10,14,7954.0,8204.0,0,1,0.3773582351169381,0.3773582351169381,0.544699563063409,-0.16734132794647094,1,8060.91455078125,1,8065.77099609375,4,8080.869384765625,3,8105.11328125,False,False,False,"[8.08544921875, 28.08544921875, 50.08544921875]",7.068504626456049e-06,0.0,NOT_ESTIMABLE_NO_OVERLAPPING_PHYSICAL_EVENT,0,,False,0,,,,
v2_anchor_support_rank__baseline,6101,7102,11,15,8232.0,8482.0,0,0,0.8762059613021,0.8762059613021,1.2584628384972085,-0.3822568771951085,3,8276.4833984375,2,8326.96533203125,3,8371.7841796875,3,8392.939453125,False,False,False,"[7.77734375, 107.77734375, 129.77734375]",0.0004991859860241304,8.199603545754717e-06,AMBIGUOUS_OVERLAP_CHOSEN_MAXIMUM_FOR_DESCRIPTION,2,26,True,123,56.0,132.0,1,9.219544457292887
v2_anchor_support_rank__baseline,6101,7102,12,19,9948.0,10198.0,0,1,0.43893737265278887,0.43893737265278887,0.45739678548339435,-0.01845941283060548,1,10048.8173828125,2,10067.24755859375,4,10067.2783203125,3,10076.908203125,False,False,False,"[10.1826171875, 24.1826171875, 36.1826171875]",2.6457376935328373e-06,2.371734762773173e-11,NOT_ESTIMABLE_NO_OVERLAPPING_PHYSICAL_EVENT,0,,False,0,,,,
v2_anchor_support_rank__baseline,6101,7102,13,20,10232.0,10482.0,1,-1,0.7902328758443635,1.1185953533194293,0.7902328758443635,0.32836247747506575,4,10269.876953125,2,10355.87255859375,4,10374.9306640625,0,,,,,"[0.51171875, 104.51171875, 130.51171875]",0.0008533512222160659,7.350509783035339e-05,UNIQUE_OVERLAPPING_PHYSICAL_EVENT,1,29,True,175,53.19999999999999,106.0,1,9.848857801796104
v2_anchor_support_rank__baseline,6101,7102,14,21,10674.0,10924.0,1,1,0.31898563847962524,0.4316522985613956,0.31898563847962524,0.11266666008177034,4,10790.93212890625,2,10808.888671875,0,,3,10788.9365234375,,False,True,"[-1.224609375, 10.775390625, 24.775390625]",7.665670342492153e-06,0.0,NOT_ESTIMABLE_NO_OVERLAPPING_PHYSICAL_EVENT,0,,False,0,,,,
v2_anchor_support_rank__baseline,6101,7102,15,25,12244.0,12494.0,0,0,0.7085706985054259,0.7085706985054259,0.9131652899509006,-0.20459459144547476,3,12463.5400390625,2,12363.09912109375,4,12375.03759765625,3,12368.7802734375,False,True,False,"[-1.55859375, 12.44140625, 120.44140625]",3.937611354749012e-06,0.07982190300276729,AMBIGUOUS_OVERLAP_CHOSEN_MAXIMUM_FOR_DESCRIPTION,2,35,True,160,36.2,68.0,2,10.816653826391969
v2_anchor_support_rank__baseline,6101,7102,16,26,12776.0,13026.0,0,-1,1.040760508669633,1.040760508669633,1.0978898313939847,-0.05712932272435167,4,12789.45703125,2,12841.92041015625,4,12898.1806640625,3,12911.09765625,False,False,False,"[-3.603515625, 102.396484375, 126.396484375]",0.13918922852730095,0.000874427257454821,AMBIGUOUS_OVERLAP_CHOSEN_MAXIMUM_FOR_DESCRIPTION,2,40,True,116,39.0,94.0,1,7.280109889280518
v2_anchor_support_rank__baseline,6101,7102,17,27,13228.0,13478.0,1,1,0.2255839581995244,0.6309074367729749,0.2255839581995244,0.4053234785734505,4,13333.24365234375,2,13393.306640625,4,13359.3994140625,3,13343.6240234375,False,False,True,"[5.55859375, 35.55859375, 69.55859375]",0.0004439714276690709,1.2402966994986234e-25,NOT_ESTIMABLE_NO_OVERLAPPING_PHYSICAL_EVENT,0,,False,0,,,,
v2_anchor_support_rank__baseline,6101,7102,18,28,13504.0,13754.0,0,0,0.6968454834698953,0.6968454834698953,0.6490436171703204,0.047801866299574836,1,13575.0234375,2,13622.91552734375,4,13651.5,3,13624.166015625,False,False,False,"[35.9765625, 51.9765625, 73.9765625]",9.229294363687595e-07,1.6067185470178806e-17,UNIQUE_OVERLAPPING_PHYSICAL_EVENT,1,42,True,137,62.80000000000001,116.0,1,8.246211251235321
v2_anchor_support_rank__baseline,6101,7102,19,29,14570.0,14820.0,1,-1,1.0642702396577723,1.213275702431034,1.0642702396577723,0.14900546277326177,2,14580.80322265625,2,14688.58154296875,4,14686.412109375,2,14695.185546875,True,False,False,"[4.8154296875, 112.8154296875, 130.8154296875]",0.07657363437931371,5.4237359746485527e-05,AMBIGUOUS_OVERLAP_CHOSEN_MAXIMUM_FOR_DESCRIPTION,2,49,True,96,38.0,84.0,1,7.615773105863909
v2_anchor_support_rank__baseline,6101,7102,20,33,16472.0,16722.0,0,0,0.6163495261255775,0.6163495261255775,0.6047792397156023,0.01157028640997515,2,16543.552734375,1,16558.802734375,4,16592.90625,3,16609.603515625,False,False,False,"[8.408203125, 58.408203125, 74.408203125]",5.340396927126668e-06,3.0449803318939197e-15,UNIQUE_OVERLAPPING_PHYSICAL_EVENT,1,55,True,160,38.0,66.0,1,10.295630140987
v2_anchor_support_rank__baseline,6101,7102,21,34,17276.0,17526.0,0,1,0.33531908939910543,0.33531908939910543,0.617047657915845,-0.2817285685167396,0,,2,17391.80078125,4,17404.38671875,3,17430.630859375,False,,,"[0.673828125, 18.673828125, 50.673828125]",0.0002450953136190427,1.2215341112623582e-09,UNIQUE_OVERLAPPING_PHYSICAL_EVENT,1,58,True,92,37.80000000000001,82.0,1,7.615773105863909
v2_anchor_support_rank__baseline,6101,7102,22,38,19026.0,19276.0,1,0,0.46388528274893537,0.5193247232751407,0.46388528274893537,0.05543944052620531,0,,1,19109.12109375,4,19147.931640625,3,19143.84375,False,,,"[21.87890625, 37.87890625, 53.87890625]",0.0007585910449642939,2.848701024224537e-10,AMBIGUOUS_OVERLAP_CHOSEN_MAXIMUM_FOR_DESCRIPTION,4,62,True,102,43.80000000000001,106.0,1,7.280109889280518
v2_anchor_support_rank__baseline,6101,7102,23,39,20044.0,20294.0,1,-1,0.8916022845947367,1.143245244420628,0.8916022845947367,0.25164295982589135,2,20055.1923828125,2,20159.640625,4,20165.4033203125,3,20141.6171875,False,False,True,"[5.646484375, 109.646484375, 151.646484375]",0.052249083331018104,4.1015473096794846e-05,AMBIGUOUS_OVERLAP_CHOSEN_MAXIMUM_FOR_DESCRIPTION,2,66,True,173,40.0,98.0,1,10.295630140987
v2_anchor_support_rank__baseline,6101,7102,24,40,20354.0,20604.0,0,1,0.37382448514657934,0.37382448514657934,0.4098180179253686,-0.03599353277878925,0,,2,20441.8740234375,4,20471.7158203125,3,20447.67578125,False,,,"[-57.224609375, 22.775390625, 70.775390625]",0.0009452701188684725,1.0909071457463909e-13,UNIQUE_OVERLAPPING_PHYSICAL_EVENT,1,67,True,176,56.0,112.0,1,8.54400374531753
v2_anchor_support_rank__baseline,6101,7102,25,41,20678.0,20928.0,1,1,0.2483736406983737,0.5545563226760315,0.2483736406983737,0.3061826819776578,0,,2,20834.6513671875,4,20799.2412109375,3,20782.396484375,False,,,"[-2.28515625, 15.71484375, 53.71484375]",0.000592039341138475,0.000372952034491791,AMBIGUOUS_OVERLAP_CHOSEN_MAXIMUM_FOR_DESCRIPTION,2,68,True,121,62.0,172.0,2,7.211102550927978
v2_anchor_support_rank__baseline,6101,7102,26,42,21224.0,21474.0,1,-1,0.6779667143860686,0.8907339587458454,0.6779667143860686,0.21276724435977679,2,21309.6279296875,2,21385.9921875,3,21356.775390625,1,21428.8828125,True,False,False,"[43.728515625, 65.728515625, 85.728515625]",4.63921614430998e-05,7.189023219753895e-05,AMBIGUOUS_OVERLAP_CHOSEN_MAXIMUM_FOR_DESCRIPTION,3,70,True,133,45.19999999999999,90.0,1,8.54400374531753
v2_anchor_support_rank__baseline,6101,7102,27,43,21928.0,22178.0,1,0,0.6050884347897785,0.8435987217181067,0.6050884347897785,0.2385102869283282,3,21975.4375,2,22075.8623046875,4,22048.345703125,3,22052.62890625,True,False,True,"[55.9609375, 79.9609375, 101.9609375]",0.0006590710482685794,1.1320312696851404e-10,AMBIGUOUS_OVERLAP_CHOSEN_MAXIMUM_FOR_DESCRIPTION,2,76,True,109,46.0,102.0,1,8.06225774829855
v2_anchor_support_rank__baseline,6101,7102,28,44,22344.0,22594.0,1,-1,0.6565444051265639,0.8048385333591037,0.6565444051265639,0.14829412823253985,4,22428.5732421875,1,22486.916015625,3,22504.984375,0,,,,,"[-3.16015625, 44.83984375, 94.83984375]",3.6587423721538224e-05,4.877830886511532e-07,UNIQUE_OVERLAPPING_PHYSICAL_EVENT,1,77,True,109,40.0,118.0,1,8.06225774829855
v2_anchor_support_rank__baseline,6101,7102,29,45,22822.0,23072.0,0,1,0.43353325404352294,0.43353325404352294,0.5752352957974857,-0.14170204175396273,2,22932.3037109375,2,22933.3095703125,4,22961.90234375,3,22979.8046875,False,False,False,"[4.994140625, 30.994140625, 54.994140625]",9.571019313037811e-05,0.0,NOT_ESTIMABLE_NO_OVERLAPPING_PHYSICAL_EVENT,0,,False,0,,,,
v2_anchor_support_rank__baseline,6101,7102,30,46,23084.0,23334.0,1,1,0.40818611566040824,0.4578137805124715,0.40818611566040824,0.04962766485206327,4,23188.419921875,2,23198.6572265625,3,23231.36328125,0,,,,,"[7.87109375, 39.87109375, 59.87109375]",1.5567608643585107e-06,8.823985180874901e-07,NOT_ESTIMABLE_NO_OVERLAPPING_PHYSICAL_EVENT,0,,False,0,,,,
v2_anchor_support_rank__baseline,6101,7102,31,47,23494.0,23744.0,0,1,0.4032653474346824,0.4032653474346824,0.7095061413635031,-0.3062407939288207,3,23653.4609375,0,,4,23600.71875,3,23625.666015625,,,,"[6.34765625, 30.34765625, 70.34765625]",0.00016078727885853597,0.0,NOT_ESTIMABLE_NO_OVERLAPPING_PHYSICAL_EVENT,0,,False,0,,,,
v2_anchor_support_rank__baseline,6102,7101,0,0,682.0,932.0,0,0,0.8102408669671872,0.8102408669671872,0.9392519940219872,-0.1290111270548,4,896.2652587890625,2,825.90869140625,2,798.0305480957031,3,799.6987915039062,False,False,False,"[1.87548828125, 19.87548828125, 93.87548828125]",0.00011252638730887155,0.00030690369341588214,NOT_ESTIMABLE_NO_OVERLAPPING_PHYSICAL_EVENT,0,,False,0,,,,
v2_anchor_support_rank__baseline,6102,7101,1,3,1486.0,1736.0,1,1,0.20211981881016405,0.4492943197950522,0.20211981881016405,0.24717450098488813,4,1595.1712646484375,2,1635.803955078125,0,,0,,,,,"[2.42626953125, 32.42626953125, 48.42626953125]",2.2084385131762425e-11,2.572110615466988e-10,NOT_ESTIMABLE_NO_OVERLAPPING_PHYSICAL_EVENT,0,,False,0,,,,
v2_anchor_support_rank__baseline,6102,7101,2,4,1842.0,2092.0,1,1,0.3763589182833426,0.4427960905425782,0.3763589182833426,0.06643717225923557,3,1943.9378662109375,2,1972.5218505859375,4,1978.5305786132812,3,1954.6112060546875,False,False,True,"[3.8345947265625, 25.8345947265625, 47.8345947265625]",0.0001621607472260282,3.4601905718139244e-09,UNIQUE_OVERLAPPING_PHYSICAL_EVENT,1,4,True,145,51.19999999999999,100.0,1,8.94427190999916
v2_anchor_support_rank__baseline,6102,7101,3,5,2580.0,2830.0,0,1,0.3953975321480244,0.3953975321480244,0.6021870731685077,-0.2067895410204833,1,2709.148681640625,0,,4,2700.4923095703125,3,2724.540771484375,,,,"[5.44580078125, 27.44580078125, 51.44580078125]",0.0006392028439213748,6.968215290460982e-25,NOT_ESTIMABLE_NO_OVERLAPPING_PHYSICAL_EVENT,0,,False,0,,,,
v2_anchor_support_rank__baseline,6102,7101,4,6,3216.0,3466.0,0,0,0.57622258701722,0.57622258701722,0.6887416242291977,-0.11251903721197776,3,3302.649169921875,2,3341.0035400390625,4,3341.7861328125,3,3365.8193359375,False,False,False,"[47.293212890625, 67.293212890625, 93.293212890625]",0.00011702483245559337,0.0,NOT_ESTIMABLE_NO_OVERLAPPING_PHYSICAL_EVENT,0,,False,0,,,,
v2_anchor_support_rank__baseline,6102,7101,5,7,3508.0,3758.0,0,0,0.5560380275188644,0.5560380275188644,0.6635077587694747,-0.10746973125061021,2,3588.2138671875,2,3630.5968017578125,4,3638.7763671875,3,3663.00927734375,False,False,False,"[33.0986328125, 57.0986328125, 83.0986328125]",1.7762918155953417e-06,3.3635898536413524e-09,UNIQUE_OVERLAPPING_PHYSICAL_EVENT,1,7,True,140,60.0,106.0,1,8.54400374531753
v2_anchor_support_rank__baseline,6102,7101,6,8,4594.0,4844.0,0,-1,0.9857890518539725,0.9857890518539725,1.1525277396034634,-0.16673868774949097,1,4829.77099609375,2,4644.4365234375,4,4715.0908203125,3,4694.69580078125,False,True,False,"[-31.15380859375, 72.84619140625, 102.84619140625]",0.06812747096939986,0.006011598661937489,UNIQUE_OVERLAPPING_PHYSICAL_EVENT,1,12,True,118,62.0,108.0,1,7.211102550927978
v2_anchor_support_rank__baseline,6102,7101,7,11,6050.0,6300.0,1,0,0.6490865579622076,0.6741241087663215,0.6490865579622076,0.02503755080411385,1,6268.70263671875,2,6165.520751953125,4,6168.674560546875,3,6161.5947265625,False,False,False,"[4.98876953125, 24.98876953125, 54.98876953125]",0.016684459284165502,8.556667106807562e-06,AMBIGUOUS_OVERLAP_CHOSEN_MAXIMUM_FOR_DESCRIPTION,2,14,True,118,43.19999999999999,100.0,1,8.54400374531753
v2_anchor_support_rank__baseline,6102,7101,8,12,7090.0,7340.0,0,0,0.5938382575895584,0.5938382575895584,0.6983996635216286,-0.1045614059320702,4,7248.001220703125,2,7204.971435546875,2,7176.8935546875,0,,,,,"[4.732421875, 34.732421875, 82.732421875]",1.669361871378153e-05,5.768722119819971e-07,AMBIGUOUS_OVERLAP_CHOSEN_MAXIMUM_FOR_DESCRIPTION,2,20,True,141,50.0,140.0,1,9.433981132056603
v2_anchor_support_rank__baseline,6102,7101,9,13,7408.0,7658.0,0,1,0.4223271030340503,0.4223271030340503,0.7892050620846345,-0.3668779590505842,0,,2,7506.501953125,3,7555.5205078125,3,7561.44140625,False,,,"[1.95751953125, 55.95751953125, 69.95751953125]",0.0005911476933831928,1.2261158620531706e-38,AMBIGUOUS_OVERLAP_CHOSEN_MAXIMUM_FOR_DESCRIPTION,2,21,True,99,43.20000000000001,96.0,1,8.54400374531753
v2_anchor_support_rank__baseline,6102,7101,10,14,8196.0,8446.0,0,1,0.42456955101017313,0.42456955101017313,0.5328045932041893,-0.10823504219401614,3,8337.1455078125,0,,3,8308.7607421875,3,8311.9326171875,,,,"[1.29296875, 15.29296875, 45.29296875]",1.3040123729001981e-05,0.0,NOT_ESTIMABLE_NO_OVERLAPPING_PHYSICAL_EVENT,0,,False,0,,,,
v2_anchor_support_rank__baseline,6102,7101,11,15,8464.0,8714.0,0,0,0.5292769533190909,0.5292769533190909,0.8200574209030801,-0.29078046758398923,2,8657.53857421875,1,8566.9912109375,4,8592.7265625,3,8616.642578125,False,True,False,"[6.0087890625, 32.0087890625, 58.0087890625]",1.823880298309535e-08,0.024948347122448932,UNIQUE_OVERLAPPING_PHYSICAL_EVENT,1,27,True,128,44.0,96.0,1,8.54400374531753
v2_anchor_support_rank__baseline,6102,7101,12,16,10136.0,10386.0,1,1,0.36977720190070335,0.5119075765416635,0.36977720190070335,0.14213037464096018,4,10259.90380859375,2,10288.2060546875,2,10238.91552734375,3,10255.4521484375,True,False,True,"[5.6611328125, 23.6611328125, 49.6611328125]",0.00018536570377697577,0.0,NOT_ESTIMABLE_NO_OVERLAPPING_PHYSICAL_EVENT,0,,False,0,,,,
v2_anchor_support_rank__baseline,6102,7101,13,17,10580.0,10830.0,1,0,0.5410717304807433,0.5348961422998013,0.5410717304807433,-0.006175588180941993,4,10753.3740234375,2,10719.7783203125,4,10690.64111328125,3,10698.5126953125,True,False,False,"[-1.28125, 20.71875, 70.71875]",1.1129937145506841e-05,3.5424445903601503e-14,NOT_ESTIMABLE_NO_OVERLAPPING_PHYSICAL_EVENT,0,,False,0,,,,
v2_anchor_support_rank__baseline,6102,7101,14,18,11048.0,11298.0,1,1,0.31298639717463506,0.5931754143748034,0.31298639717463506,0.2801890172001683,4,11177.45068359375,2,11196.67529296875,4,11161.4013671875,3,11137.7080078125,False,False,True,"[4.1640625, 36.1640625, 60.1640625]",0.00013307409891222095,9.545285938595303e-28,NOT_ESTIMABLE_NO_OVERLAPPING_PHYSICAL_EVENT,0,,False,0,,,,
v2_anchor_support_rank__baseline,6102,7101,15,19,11336.0,11586.0,1,-1,0.6599482219472301,0.6568587799576058,0.6599482219472301,-0.003089441989624353,3,11409.080078125,2,11461.51123046875,4,11479.349609375,3,11455.271484375,False,False,True,"[14.2216796875, 66.2216796875, 88.2216796875]",1.293863315340844e-05,1.0977296043879658e-08,NOT_ESTIMABLE_NO_OVERLAPPING_PHYSICAL_EVENT,0,,False,0,,,,
v2_anchor_support_rank__baseline,6102,7101,16,20,11852.0,12102.0,0,1,0.3455182423170527,0.3455182423170527,0.487113869273278,-0.1415956269562253,3,11964.8017578125,1,11976.8115234375,4,11975.734375,3,11998.095703125,False,False,False,"[5.2177734375, 21.2177734375, 43.2177734375]",0.00013686676626471664,0.0,NOT_ESTIMABLE_NO_OVERLAPPING_PHYSICAL_EVENT,0,,False,0,,,,
v2_anchor_support_rank__baseline,6102,7101,17,21,12136.0,12386.0,1,1,0.24456352129399503,0.5184754986697031,0.24456352129399503,0.27391197737570805,0,,2,12289.27294921875,4,12253.13916015625,3,12248.9609375,False,,,"[-0.5751953125, 15.4248046875, 47.4248046875]",8.375331640109991e-31,9.131186241558313e-24,UNIQUE_OVERLAPPING_PHYSICAL_EVENT,1,37,True,76,38.0,78.0,1,6.708203932499369
v2_anchor_support_rank__baseline,6102,7101,18,22,12562.0,12812.0,1,1,0.2530919666524693,0.4922223197243697,0.2530919666524693,0.2391303530719004,3,12670.25390625,2,12716.234375,4,12683.4990234375,3,12687.482421875,True,False,True,"[8.931640625, 26.931640625, 50.931640625]",0.0019230910904325322,3.915240665110352e-12,NOT_ESTIMABLE_NO_OVERLAPPING_PHYSICAL_EVENT,0,,False,0,,,,
v2_anchor_support_rank__baseline,6102,7101,19,23,13018.0,13268.0,0,0,0.8219830942408402,0.8219830942408402,0.8534946981796333,-0.03151160393879315,4,13072.82080078125,1,13133.2236328125,4,13143.98291015625,3,13165.0810546875,False,False,False,"[2.673828125, 72.673828125, 96.673828125]",0.00019191791897375004,1.6481834554150568e-08,NOT_ESTIMABLE_NO_OVERLAPPING_PHYSICAL_EVENT,0,,False,0,,,,
v2_anchor_support_rank__baseline,6102,7101,20,24,13480.0,13730.0,0,1,0.3011294772187313,0.3011294772187313,0.5394882708537951,-0.23835879363506385,2,13585.83349609375,2,13584.23583984375,4,13614.99267578125,3,13629.4736328125,False,False,False,"[3.08203125, 27.08203125, 49.08203125]",0.00029968125985286795,0.0,NOT_ESTIMABLE_NO_OVERLAPPING_PHYSICAL_EVENT,0,,False,0,,,,
v2_anchor_support_rank__baseline,6102,7101,21,25,13742.0,13992.0,0,1,0.476386065917056,0.476386065917056,0.5703404728322891,-0.09395440691523305,4,13840.72216796875,0,,4,13877.09228515625,3,13901.333984375,,,,"[2.962890625, 36.962890625, 68.962890625]",5.762773032805997e-11,1.7656974989700597e-10,NOT_ESTIMABLE_NO_OVERLAPPING_PHYSICAL_EVENT,0,,False,0,,,,
v2_anchor_support_rank__baseline,6102,7101,22,26,14322.0,14572.0,1,0,0.4585929337535082,0.6400269793797577,0.4585929337535082,0.18143404562624954,2,14467.92626953125,2,14466.3388671875,3,14437.4814453125,3,14413.2412109375,False,False,False,"[8.0439453125, 40.0439453125, 62.0439453125]",7.06771465472714e-05,0.0,NOT_ESTIMABLE_NO_OVERLAPPING_PHYSICAL_EVENT,0,,False,0,,,,
v2_anchor_support_rank__baseline,6102,7101,23,27,14950.0,15200.0,0,0,0.8676548461053072,0.8676548461053072,1.400144249229811,-0.5324894031245039,4,15163.2216796875,2,15040.748046875,2,15044.81298828125,3,15100.8603515625,False,True,False,"[21.2099609375, 63.2099609375, 151.2099609375]",0.00027648604062310205,0.0008317802425536392,AMBIGUOUS_OVERLAP_CHOSEN_MAXIMUM_FOR_DESCRIPTION,2,39,True,121,56.0,88.0,1,7.615773105863909
v2_anchor_support_rank__baseline,6102,7101,24,28,15260.0,15510.0,1,-1,0.7002945233266277,0.6984587371470764,0.7002945233266277,-0.0018357861795512687,3,15453.5263671875,2,15406.265625,4,15372.14990234375,3,15350.2412109375,False,False,False,"[4.52734375, 32.52734375, 72.52734375]",7.707165771455508e-06,1.0978745861887742e-18,UNIQUE_OVERLAPPING_PHYSICAL_EVENT,1,41,True,118,42.0,74.0,1,8.06225774829855
v2_anchor_support_rank__baseline,6102,7101,25,29,15590.0,15840.0,1,0,0.4914830647177828,0.531226294531024,0.4914830647177828,0.03974322981324119,1,15688.140625,1,15723.3876953125,2,15716.939453125,3,15723.189453125,True,False,False,"[24.859375, 36.859375, 46.859375]",0.00024986386760898424,3.372333484728022e-15,NOT_ESTIMABLE_NO_OVERLAPPING_PHYSICAL_EVENT,0,,False,0,,,,
v2_anchor_support_rank__baseline,6102,7101,26,30,15864.0,16114.0,0,0,0.6180381039234784,0.6180381039234784,0.6934524805237751,-0.0754143766002967,3,15923.7451171875,2,15978.26318359375,4,15993.51416015625,3,16004.4755859375,False,False,False,"[5.2919921875, 69.2919921875, 87.2919921875]",2.2501359016781413e-06,0.0004053330803773215,UNIQUE_OVERLAPPING_PHYSICAL_EVENT,1,42,True,96,39.0,88.0,1,6.708203932499369
v2_anchor_support_rank__baseline,6102,7101,27,31,16180.0,16430.0,1,-1,1.0956658256696654,1.25637142012384,1.0956658256696654,0.16070559445417465,4,16184.90625,2,16272.5068359375,4,16295.615234375,2,16306.94189453125,False,False,False,"[2.212890625, 114.212890625, 134.212890625]",0.13269536472949728,5.184412526763714e-07,AMBIGUOUS_OVERLAP_CHOSEN_MAXIMUM_FOR_DESCRIPTION,2,43,True,120,40.2,84.0,1,8.06225774829855
v2_anchor_support_rank__baseline,6102,7101,28,32,17384.0,17634.0,1,-1,0.772933051128329,0.7660016232014598,0.772933051128329,-0.0069314279268691825,4,17582.7421875,2,17530.8642578125,4,17494.611328125,3,17499.1953125,True,False,False,"[-0.9921875, 15.0078125, 93.0078125]",0.006091124005640852,1.4377397276751725e-06,AMBIGUOUS_OVERLAP_CHOSEN_MAXIMUM_FOR_DESCRIPTION,2,49,True,101,44.0,90.0,1,7.615773105863909
v2_anchor_support_rank__baseline,6102,7101,29,33,18150.0,18400.0,1,0,0.5420409114352835,0.6764732519277998,0.5420409114352835,0.1344323404925163,3,18304.451171875,2,18299.291015625,4,18261.833984375,3,18237.2890625,False,False,False,"[6.4140625, 38.4140625, 76.4140625]",2.8750799874751297e-05,5.084435104239046e-13,AMBIGUOUS_OVERLAP_CHOSEN_MAXIMUM_FOR_DESCRIPTION,2,51,True,51,56.0,94.0,1,6.082762530298219
v2_anchor_support_rank__baseline,6102,7101,30,34,18626.0,18876.0,1,0,0.5225416182770728,0.5991367141519586,0.5225416182770728,0.07659509587488578,3,18785.55078125,2,18772.02734375,4,18737.4638671875,3,18716.908203125,False,False,False,"[5.28125, 33.28125, 69.28125]",1.8729816421707714e-06,5.483176768603897e-17,UNIQUE_OVERLAPPING_PHYSICAL_EVENT,1,53,True,139,60.0,88.0,1,8.48528137423857
v2_anchor_support_rank__baseline,6102,7101,31,35,18932.0,19182.0,1,0,0.459723520055736,0.5024202141613617,0.459723520055736,0.04269669410562571,2,19101.51171875,2,19073.6689453125,4,19043.2197265625,3,19053.7109375,True,False,False,"[-2.658203125, 13.341796875, 35.341796875]",2.613667769857916e-06,1.3911111573731857e-27,NOT_ESTIMABLE_NO_OVERLAPPING_PHYSICAL_EVENT,0,,False,0,,,,
v2_anchor_support_rank__baseline,6102,7101,32,36,19230.0,19480.0,1,1,0.28438894293583517,0.5100558218000131,0.28438894293583517,0.2256668788641779,0,,2,19374.828125,4,19348.2373046875,2,19331.9990234375,False,,,"[7.466796875, 25.466796875, 47.466796875]",1.011080214969278e-07,0.0,NOT_ESTIMABLE_NO_OVERLAPPING_PHYSICAL_EVENT,0,,False,0,,,,
v2_anchor_support_rank__baseline,6102,7101,33,37,20382.0,20632.0,1,1,0.3263257504166788,0.35412375012455294,0.3263257504166788,0.027797999707874166,0,,2,20516.0400390625,4,20496.58984375,3,20512.669921875,True,,,"[-3.73828125, 10.26171875, 24.26171875]",0.00013307517835838684,0.0,NOT_ESTIMABLE_NO_OVERLAPPING_PHYSICAL_EVENT,0,,False,0,,,,
v2_anchor_support_rank__baseline,6102,7101,34,38,20748.0,20998.0,1,-1,0.9749145011934134,1.1333821125250512,0.9749145011934134,0.15846761133163778,3,20764.59375,2,20819.689453125,3,20865.3984375,2,20846.611328125,False,False,False,"[4.09765625, 34.09765625, 130.09765625]",0.047586485378246286,0.0006251508997045112,NOT_ESTIMABLE_NO_OVERLAPPING_PHYSICAL_EVENT,0,,False,0,,,,
v2_anchor_support_rank__baseline,6102,7101,35,39,21026.0,21276.0,1,0,0.4622262136261478,0.5240667347983983,0.4622262136261478,0.06184052117225047,1,21116.005859375,2,21156.669921875,4,21159.236328125,2,21138.8955078125,False,False,True,"[20.994140625, 36.994140625, 48.994140625]",7.06051140053471e-06,1.0352900236794509e-09,UNIQUE_OVERLAPPING_PHYSICAL_EVENT,1,56,True,253,63.599999999999994,152.0,4,13.038404810405298
v2_anchor_support_rank__baseline,6102,7101,36,40,22704.0,22954.0,1,0,0.4919196463017732,0.5885224759204939,0.4919196463017732,0.09660282961872069,2,22789.1748046875,1,22806.611328125,4,22842.06640625,3,22818.984375,False,False,False,"[22.5, 50.5, 72.5]",8.558031121849953e-05,1.947871694584442e-05,UNIQUE_OVERLAPPING_PHYSICAL_EVENT,1,65,True,119,62.800000000000004,134.0,1,7.211102550927978
v2_anchor_support_rank__baseline,6102,7101,37,41,23128.0,23378.0,1,1,0.18701933612219712,0.43933845750408346,0.18701933612219712,0.25231912138188634,4,23254.8447265625,2,23277.3759765625,4,23243.7138671875,3,23241.228515625,False,False,True,"[-2.326171875, 15.673828125, 39.673828125]",9.196869582654287e-05,2.4149377124270394e-12,AMBIGUOUS_OVERLAP_CHOSEN_MAXIMUM_FOR_DESCRIPTION,2,68,True,102,65.80000000000001,128.0,1,6.4031242374328485
v2_anchor_support_rank__baseline,6102,7102,0,0,648.0,898.0,1,1,0.23216948444718605,0.5100672628928926,0.23216948444718605,0.27789777844570657,4,777.5961303710938,2,797.4140014648438,4,763.6768798828125,3,746.6500854492188,False,False,True,"[1.86785888671875, 25.86785888671875, 51.86785888671875]",0.00010900987648839483,2.5416916924010696e-11,UNIQUE_OVERLAPPING_PHYSICAL_EVENT,1,1,True,143,43.599999999999994,88.0,1,8.602325267042627
v2_anchor_support_rank__baseline,6102,7102,1,7,2768.0,3018.0,1,1,0.20550096698333417,0.6067736432583326,0.20550096698333417,0.4012726762749984,4,2877.8839111328125,2,2934.920654296875,4,2902.025390625,3,2879.2421875,False,False,True,"[-0.235107421875, 19.764892578125, 57.764892578125]",0.00045062427837171923,1.0551144308066806e-07,NOT_ESTIMABLE_NO_OVERLAPPING_PHYSICAL_EVENT,0,,False,0,,,,
v2_anchor_support_rank__baseline,6102,7102,2,8,3414.0,3664.0,1,-1,1.1149202684275286,0.8866366894226634,1.1149202684275286,-0.22828357900486518,3,3658.4560546875,2,3559.3712158203125,2,3516.3675537109375,3,3522.3134765625,True,False,False,"[0.763671875, 14.763671875, 146.763671875]",1.4173290206944734e-06,0.13593701051287455,AMBIGUOUS_OVERLAP_CHOSEN_MAXIMUM_FOR_DESCRIPTION,2,9,True,110,46.0,86.0,1,8.602325267042627
v2_anchor_support_rank__baseline,6102,7102,3,9,3792.0,4042.0,1,1,0.2915508414017675,0.417737736746466,0.2915508414017675,0.1261868953446985,3,3910.63525390625,2,3938.02294921875,2,3911.6510009765625,1,3919.40673828125,True,False,True,"[1.31884765625, 17.31884765625, 35.31884765625]",1.3534828763741607e-06,0.0,NOT_ESTIMABLE_NO_OVERLAPPING_PHYSICAL_EVENT,0,,False,0,,,,
v2_anchor_support_rank__baseline,6102,7102,4,10,4070.0,4320.0,0,1,0.3814839607456618,0.3814839607456618,0.45656350004591684,-0.07507953930025502,3,4193.31201171875,1,4204.1591796875,4,4189.538330078125,2,4199.000732421875,True,False,True,"[4.4384765625, 20.4384765625, 30.4384765625]",2.244726688801879e-05,0.0,NOT_ESTIMABLE_NO_OVERLAPPING_PHYSICAL_EVENT,0,,False,0,,,,
v2_anchor_support_rank__baseline,6102,7102,5,13,5196.0,5446.0,0,0,0.6378173286535416,0.6378173286535416,0.7171287058417857,-0.0793113771882441,4,5310.87744140625,2,5267.795166015625,4,5331.082275390625,3,5308.64453125,False,True,False,"[-53.86181640625, 62.13818359375, 114.13818359375]",0.10247287245741077,0.07692828028066884,UNIQUE_OVERLAPPING_PHYSICAL_EVENT,1,12,True,156,51.0,102.0,1,9.433981132056603
v2_anchor_support_rank__baseline,6102,7102,6,14,5930.0,6180.0,0,0,0.6070056884849796,0.6070056884849796,1.0524141969059906,-0.445408508421011,4,6008.913818359375,0,,3,6061.41162109375,3,6039.58251953125,,,,"[0.01904296875, 82.01904296875, 100.01904296875]",0.003913965935582657,4.740722164433094e-14,NOT_ESTIMABLE_NO_OVERLAPPING_PHYSICAL_EVENT,0,,False,0,,,,
v2_anchor_support_rank__baseline,6102,7102,7,15,6212.0,6462.0,1,-1,0.6981407540444626,0.8413390482133402,0.6981407540444626,0.14319829416887753,4,6272.121826171875,1,6327.427734375,4,6350.88037109375,2,6334.134521484375,False,False,False,"[5.06689453125, 77.06689453125, 101.06689453125]",0.00012128250825670605,8.492041927557662e-07,NOT_ESTIMABLE_NO_OVERLAPPING_PHYSICAL_EVENT,0,,False,0,,,,
v2_anchor_support_rank__baseline,6102,7102,8,16,6902.0,7152.0,1,0,0.6464170639054366,0.8532917173993354,0.6464170639054366,0.20687465349389877,3,6949.5419921875,2,7049.707275390625,4,7020.547119140625,3,7029.638671875,True,False,True,"[15.05224609375, 83.05224609375, 101.05224609375]",0.00042582568837760807,2.701561793117806e-05,UNIQUE_OVERLAPPING_PHYSICAL_EVENT,1,16,True,79,46.80000000000001,122.0,1,6.324555320336759
v2_anchor_support_rank__baseline,6102,7102,9,17,7178.0,7428.0,1,1,0.387433467592763,0.4261300939739175,0.387433467592763,0.03869662638115451,2,7295.1884765625,2,7298.65771484375,4,7305.73681640625,0,,,,,"[1.95947265625, 13.95947265625, 29.95947265625]",0.0003860302526955935,3.84104948336649e-23,NOT_ESTIMABLE_NO_OVERLAPPING_PHYSICAL_EVENT,0,,False,0,,,,
v2_anchor_support_rank__baseline,6102,7102,10,18,8138.0,8388.0,0,1,0.370442103648598,0.370442103648598,0.36133459151082986,0.009107512137768115,4,8264.63037109375,2,8272.89111328125,2,8247.24462890625,0,,,,,"[4.2568359375, 20.2568359375, 32.2568359375]",1.3090462464810485e-08,3.925129537984764e-10,UNIQUE_OVERLAPPING_PHYSICAL_EVENT,1,19,True,168,48.60000000000002,78.0,1,9.848857801796104
v2_anchor_support_rank__baseline,6102,7102,11,19,8438.0,8688.0,1,0,0.4777702077850834,0.6058890138676132,0.4777702077850834,0.1281188060825298,3,8519.25390625,2,8571.02978515625,4,8577.07958984375,3,8553.6435546875,False,False,True,"[5.6455078125, 49.6455078125, 69.6455078125]",0.00041585117544592224,0.00020892259586127864,UNIQUE_OVERLAPPING_PHYSICAL_EVENT,1,20,True,187,60.0,110.0,1,9.486832980505138
v2_anchor_support_rank__baseline,6102,7102,12,20,9646.0,9896.0,0,1,0.29926986920449516,0.29926986920449516,0.5705791165728924,-0.27130924736839723,4,9766.0146484375,2,9756.31787109375,4,9781.75634765625,3,9806.92578125,False,True,False,"[0.6552734375, 20.6552734375, 54.6552734375]",7.064349879585172e-05,8.742222920763617e-12,NOT_ESTIMABLE_NO_OVERLAPPING_PHYSICAL_EVENT,0,,False,0,,,,
v2_anchor_support_rank__baseline,6102,7102,13,21,10018.0,10268.0,1,0,0.5198656737938662,0.6640875874788704,0.5198656737938662,0.14422191368500425,1,10096.2958984375,2,10155.69921875,4,10146.11376953125,1,10128.203125,False,False,True,"[32.7041015625, 48.7041015625, 64.7041015625]",0.0032041354783549094,5.549403682817224e-07,NOT_ESTIMABLE_NO_OVERLAPPING_PHYSICAL_EVENT,0,,False,0,,,,
v2_anchor_support_rank__baseline,6102,7102,14,22,10538.0,10788.0,0,1,0.3515544189190306,0.3515544189190306,0.6134025435010834,-0.26184812458205275,4,10682.88818359375,2,10648.3642578125,4,10652.654296875,3,10677.7724609375,False,True,False,"[1.564453125, 27.564453125, 53.564453125]",0.00024967961744875146,8.458778172260464e-34,NOT_ESTIMABLE_NO_OVERLAPPING_PHYSICAL_EVENT,0,,False,0,,,,
v2_anchor_support_rank__baseline,6102,7102,15,23,11234.0,11484.0,1,1,0.18846503995423186,0.6093631342635588,0.18846503995423186,0.42089809430932695,4,11351.8076171875,2,11398.318359375,4,11362.2861328125,3,11337.794921875,False,False,True,"[3.0185546875, 27.0185546875, 61.0185546875]",0.00021797568028646822,1.030514979371917e-12,NOT_ESTIMABLE_NO_OVERLAPPING_PHYSICAL_EVENT,0,,False,0,,,,
v2_anchor_support_rank__baseline,6102,7102,16,24,11572.0,11822.0,1,-1,0.7648387493816633,1.1720327464450704,0.7648387493816633,0.4071939970634071,4,11586.3369140625,2,11690.2177734375,4,11681.5361328125,0,,,,,"[-0.9619140625, 111.0380859375, 137.0380859375]",0.15026150922651896,0.020135461754850457,AMBIGUOUS_OVERLAP_CHOSEN_MAXIMUM_FOR_DESCRIPTION,2,27,True,168,50.0,96.0,1,8.94427190999916
v2_anchor_support_rank__baseline,6102,7102,17,25,11884.0,12134.0,1,1,0.39321170034847996,0.5464452676399927,0.39321170034847996,0.15323356729151272,1,12057.68359375,2,12032.267578125,4,11998.3203125,3,12000.8876953125,True,False,False,"[-0.4921875, 15.5078125, 45.5078125]",0.0003485659711142505,4.901771765205549e-27,UNIQUE_OVERLAPPING_PHYSICAL_EVENT,1,29,True,148,52.0,112.0,1,8.246211251235321
v2_anchor_support_rank__baseline,6102,7102,18,26,12180.0,12430.0,1,1,0.3642710900826636,0.5475781163090817,0.3642710900826636,0.1833070262264181,4,12261.90478515625,2,12319.294921875,4,12308.0849609375,0,,,,,"[1.173828125, 47.173828125, 65.173828125]",1.946014136320414e-06,0.00019076343536248295,NOT_ESTIMABLE_NO_OVERLAPPING_PHYSICAL_EVENT,0,,False,0,,,,
v2_anchor_support_rank__baseline,6102,7102,19,27,12760.0,13010.0,1,-1,1.1363859168979515,0.9407262648140001,1.1363859168979515,-0.19565965208395142,4,13000.84423828125,2,12901.86328125,4,12879.46826171875,3,12880.42578125,False,False,False,"[-5.876953125, 8.123046875, 36.123046875]",0.00013091307374665497,0.037070771130092106,AMBIGUOUS_OVERLAP_CHOSEN_MAXIMUM_FOR_DESCRIPTION,2,31,True,127,41.60000000000001,108.0,1,7.211102550927978
v2_anchor_support_rank__baseline,6102,7102,20,28,13434.0,13684.0,1,1,0.34748174993908487,0.3862993282135406,0.34748174993908487,0.038817578274455755,1,13574.2939453125,2,13572.31396484375,2,13545.63623046875,2,13556.13232421875,True,False,False,"[4.041015625, 20.041015625, 36.041015625]",1.261361830873152e-05,1.3128726503023411e-16,NOT_ESTIMABLE_NO_OVERLAPPING_PHYSICAL_EVENT,0,,False,0,,,,
v2_anchor_support_rank__baseline,6102,7102,21,29,13734.0,13984.0,1,-1,0.8902530898236604,0.8703438324312337,0.8902530898236604,-0.01990925739242666,4,13787.83203125,2,13842.978515625,4,13883.09521484375,3,13860.080078125,False,False,False,"[5.4013671875, 77.4013671875, 111.4013671875]",9.52889257725963e-05,6.043052937994436e-06,AMBIGUOUS_OVERLAP_CHOSEN_MAXIMUM_FOR_DESCRIPTION,2,34,True,175,57.199999999999996,116.0,1,10.0
v2_anchor_support_rank__baseline,6102,7102,22,30,14040.0,14290.0,1,1,0.17243881645593445,0.4420743477179988,0.17243881645593445,0.26963553126206435,4,14161.46923828125,2,14194.62841796875,4,14160.3896484375,3,14166.74609375,True,False,True,"[-1.1396484375, 12.8603515625, 34.8603515625]",2.8295226220119195e-05,0.0,NOT_ESTIMABLE_NO_OVERLAPPING_PHYSICAL_EVENT,0,,False,0,,,,
v2_anchor_support_rank__baseline,6102,7102,23,31,14636.0,14886.0,1,-1,1.070740824185645,1.1224761677947117,1.070740824185645,0.05173534360906662,4,14643.94580078125,2,14711.2021484375,4,14767.37060546875,3,14756.8388671875,False,False,False,"[0.275390625, 118.275390625, 132.275390625]",0.13611490223259753,2.6325627965183708e-05,AMBIGUOUS_OVERLAP_CHOSEN_MAXIMUM_FOR_DESCRIPTION,2,37,True,174,52.0,106.0,1,10.44030650891055
v2_anchor_support_rank__baseline,6102,7102,24,32,14968.0,15218.0,1,0,0.5229486326511494,0.6013905385927704,0.5229486326511494,0.07844190594162093,3,15128.5029296875,2,15116.54638671875,4,15080.1953125,3,15059.94921875,False,False,False,"[-1.5244140625, 34.4755859375, 70.4755859375]",0.00024398751027072921,5.319206199711945e-15,UNIQUE_OVERLAPPING_PHYSICAL_EVENT,1,39,True,120,62.20000000000002,110.0,1,7.0710678118654755
v2_anchor_support_rank__baseline,6102,7102,25,33,15316.0,15566.0,0,1,0.39094450239935796,0.39094450239935796,0.49570936259198833,-0.10476486019263037,3,15422.728515625,0,,3,15435.52734375,2,15449.14111328125,,,,"[9.8427734375, 21.8427734375, 35.8427734375]",0.002267597208805523,6.5689009718326066e-09,NOT_ESTIMABLE_NO_OVERLAPPING_PHYSICAL_EVENT,0,,False,0,,,,
v2_anchor_support_rank__baseline,6102,7102,26,34,15770.0,16020.0,0,1,0.5044303391332381,0.5044303391332381,0.4574358630817154,0.04699447605152268,3,15911.2451171875,2,15905.6826171875,4,15871.50732421875,0,,,,,"[3.904296875, 27.904296875, 51.904296875]",4.014295562089631e-05,4.67339742776268e-19,NOT_ESTIMABLE_NO_OVERLAPPING_PHYSICAL_EVENT,0,,False,0,,,,
v2_anchor_support_rank__baseline,6102,7102,27,35,16070.0,16320.0,0,1,0.37403755030965213,0.37403755030965213,0.3600915082927032,0.013946042016948934,3,16201.8203125,2,16201.658203125,4,16177.07861328125,2,16193.89990234375,True,False,False,"[3.0615234375, 21.0615234375, 37.0615234375]",0.0012113007477542474,1.7010533593498145e-10,NOT_ESTIMABLE_NO_OVERLAPPING_PHYSICAL_EVENT,0,,False,0,,,,
v2_anchor_support_rank__baseline,6102,7102,28,36,16632.0,16882.0,1,1,0.41912443834892377,0.6512857677893555,0.41912443834892377,0.23216132944043177,1,16818.203125,2,16786.0732421875,4,16750.5146484375,3,16730.3984375,False,False,False,"[-2.830078125, 21.169921875, 57.169921875]",0.0007728984247183687,0.0,AMBIGUOUS_OVERLAP_CHOSEN_MAXIMUM_FOR_DESCRIPTION,2,40,True,115,57.20000000000002,124.0,1,7.211102550927978
v2_anchor_support_rank__baseline,6102,7102,29,37,17056.0,17306.0,1,-1,1.2003065482836375,1.318497499489902,1.2003065482836375,0.11819095120626444,4,17101.8876953125,2,17160.888671875,4,17169.1015625,2,17175.224609375,False,False,False,"[4.26953125, 112.26953125, 142.26953125]",0.12040124452508705,0.023621204633809373,AMBIGUOUS_OVERLAP_CHOSEN_MAXIMUM_FOR_DESCRIPTION,2,42,True,52,55.8,94.0,1,5.385164807134504
v2_anchor_support_rank__baseline,6102,7102,30,38,18020.0,18270.0,1,1,0.26939205998329535,0.5623683234248464,0.26939205998329535,0.2929762634415511,4,18124.271484375,2,18175.8779296875,4,18144.580078125,0,,,,,"[3.015625, 31.015625, 55.015625]",7.49399380633492e-05,0.0,NOT_ESTIMABLE_NO_OVERLAPPING_PHYSICAL_EVENT,0,,False,0,,,,
v2_anchor_support_rank__baseline,6102,7102,31,39,18320.0,18570.0,1,0,0.6366081156014701,0.7019953921365997,0.6366081156014701,0.06538727653512955,1,18393.943359375,1,18454.017578125,4,18441.23828125,3,18450.798828125,True,False,True,"[41.056640625, 55.056640625, 67.056640625]",5.452778420829631e-05,3.032803588726666e-07,UNIQUE_OVERLAPPING_PHYSICAL_EVENT,1,47,True,98,53.19999999999999,96.0,1,6.082762530298219
v2_anchor_support_rank__baseline,6102,7102,32,40,18808.0,19058.0,0,0,0.5205409764465225,0.5205409764465225,0.592151188853868,-0.07161021240734544,1,18891.869140625,2,18937.6533203125,4,18928.6953125,3,18952.1875,True,False,False,"[23.130859375, 47.130859375, 67.130859375]",0.0005680565702367232,2.816567851512788e-13,NOT_ESTIMABLE_NO_OVERLAPPING_PHYSICAL_EVENT,0,,False,0,,,,
v2_anchor_support_rank__baseline,6102,7102,33,41,19830.0,20080.0,1,0,0.6262395137017995,0.917934953800963,0.6262395137017995,0.2916954400991635,4,19887.6552734375,2,19997.013671875,4,19961.8662109375,3,19949.248046875,False,False,True,"[2.388671875, 72.388671875, 114.388671875]",0.0011536667997102475,0.0003841504510670283,AMBIGUOUS_OVERLAP_CHOSEN_MAXIMUM_FOR_DESCRIPTION,3,52,True,115,55.2,80.0,1,7.280109889280518
v2_anchor_support_rank__baseline,6102,7102,34,42,20148.0,20398.0,1,0,0.6158152147335341,0.6801915162912332,0.6158152147335341,0.06437630155769913,4,20324.8857421875,2,20293.8740234375,4,20257.451171875,3,20251.134765625,False,False,False,"[1.36328125, 27.36328125, 81.36328125]",0.0007144125036807634,1.6085552603963662e-22,AMBIGUOUS_OVERLAP_CHOSEN_MAXIMUM_FOR_DESCRIPTION,2,54,True,114,54.800000000000004,86.0,1,7.615773105863909
v2_anchor_support_rank__baseline,6102,7102,35,43,20454.0,20704.0,1,1,0.4014584776577178,0.6468343879553325,0.4014584776577178,0.24537591029761474,1,20621.2734375,2,20607.390625,4,20572.6591796875,3,20551.458984375,False,False,False,"[0.986328125, 28.986328125, 58.986328125]",0.00017416123796703864,0.0,NOT_ESTIMABLE_NO_OVERLAPPING_PHYSICAL_EVENT,0,,False,0,,,,
v2_anchor_support_rank__baseline,6102,7102,36,46,21810.0,22060.0,1,0,0.559795486005368,0.792731335444028,0.559795486005368,0.23293584943865997,3,21862.8984375,2,21965.2958984375,4,21934.7919921875,3,21931.5078125,False,False,True,"[15.412109375, 75.412109375, 97.412109375]",3.6344169019302904e-05,6.72497335376924e-05,NOT_ESTIMABLE_NO_OVERLAPPING_PHYSICAL_EVENT,0,,False,0,,,,
v2_anchor_support_rank__baseline,6102,7102,37,47,22190.0,22440.0,1,0,0.5473619156208653,0.5496529603067397,0.5473619156208653,0.002291044685874377,3,22329.515625,1,22336.263671875,3,22287.888671875,3,22307.87109375,True,False,True,"[3.0703125, 21.0703125, 49.0703125]",0.0010394066389072516,1.6421336191731146e-05,UNIQUE_OVERLAPPING_PHYSICAL_EVENT,1,58,True,56,61.0,82.0,1,5.0990195135927845
v2_anchor_support_rank__baseline,6102,7102,38,48,22574.0,22824.0,1,-1,0.8267198317631561,0.9161270636297584,0.8267198317631561,0.08940723186660227,4,22600.41796875,2,22643.216796875,4,22691.3720703125,3,22688.392578125,False,False,False,"[6.40234375, 92.40234375, 112.40234375]",0.0017689001154224473,1.7198554328272946e-07,UNIQUE_OVERLAPPING_PHYSICAL_EVENT,1,59,True,104,46.0,84.0,1,6.708203932499369
v2_anchor_support_rank__baseline,6102,7102,39,49,23020.0,23270.0,1,1,0.2808727490654057,0.46207940042529405,0.2808727490654057,0.18120665135988834,3,23122.728515625,2,23158.1650390625,4,23152.4580078125,3,23136.349609375,False,False,True,"[11.7421875, 29.7421875, 49.7421875]",0.0005260092777081255,8.522072878911966e-26,NOT_ESTIMABLE_NO_OVERLAPPING_PHYSICAL_EVENT,0,,False,0,,,,
v2_anchor_support_rank__baseline,6102,7102,40,50,23428.0,23678.0,0,0,0.6522465453942905,0.6522465453942905,0.7836006525659378,-0.1313541071716473,4,23614.9404296875,2,23547.0908203125,4,23537.564453125,2,23553.4169921875,True,True,False,"[-3.916015625, 14.083984375, 86.083984375]",0.013958245797178281,1.939539255270173e-12,AMBIGUOUS_OVERLAP_CHOSEN_MAXIMUM_FOR_DESCRIPTION,2,61,True,120,36.20000000000002,106.0,1,8.602325267042627
v2_anchor_old_joint__baseline,6101,7101,0,3,1482.0,1732.0,0,-1,2.3463665194518635,2.3463665194518635,2.151820354529133,0.19454616492273047,4,1705.2684936523438,2,1627.4771118164062,4,1595.57666015625,1,1492.1810302734375,False,False,False,"[96.8189697265625, 122.8189697265625, 218.8189697265625]",0.008019417409607845,0.021742823619695303,AMBIGUOUS_OVERLAP_CHOSEN_MAXIMUM_FOR_DESCRIPTION,3,6,True,152,54.0,88.0,1,9.433981132056603
v2_anchor_old_joint__baseline,6101,7101,1,4,2006.0,2256.0,1,1,0.3161827418231876,0.36779815563423224,0.3161827418231876,0.05161541381104462,0,,2,2142.2154541015625,2,2122.666748046875,2,2132.661865234375,True,,,"[7.64013671875, 19.64013671875, 31.64013671875]",0.0004691604942056304,1.0342469676343567e-19,NOT_ESTIMABLE_NO_OVERLAPPING_PHYSICAL_EVENT,0,,False,0,,,,
v2_anchor_old_joint__baseline,6101,7101,2,5,2262.0,2512.0,1,0,0.4757999585769694,0.6855157546531143,0.4757999585769694,0.20971579607614493,4,2375.8204345703125,2,2403.752685546875,4,2394.916748046875,1,2341.907958984375,False,False,True,"[25.092041015625, 47.092041015625, 75.092041015625]",6.195632956827258e-06,1.6703803613849092e-13,UNIQUE_OVERLAPPING_PHYSICAL_EVENT,1,10,True,69,48.0,80.0,1,7.0710678118654755
v2_anchor_old_joint__baseline,6101,7101,3,8,3020.0,3270.0,1,0,0.45186082612684125,0.5082757785821285,0.45186082612684125,0.056414952455287215,1,3125.745849609375,1,3117.871826171875,4,3155.142822265625,1,3137.7978515625,False,True,False,"[11.128173828125, 37.128173828125, 55.128173828125]",0.00013486964639508427,0.0,NOT_ESTIMABLE_NO_OVERLAPPING_PHYSICAL_EVENT,0,,False,0,,,,
v2_anchor_old_joint__baseline,6101,7101,4,9,3424.0,3674.0,1,-1,0.8377007520549157,0.9541833439794288,0.8377007520549157,0.11648259192451316,4,3504.469970703125,0,,4,3583.5855712890625,1,3615.828857421875,,,,"[8.82958984375, 86.82958984375, 100.82958984375]",4.875013180361135e-09,0.00017024628898359498,UNIQUE_OVERLAPPING_PHYSICAL_EVENT,1,13,True,134,63.400000000000006,104.0,2,9.219544457292887
v2_anchor_old_joint__baseline,6101,7101,5,10,3746.0,3996.0,0,0,0.5269462474999675,0.5269462474999675,0.6583226145493113,-0.13137636704934375,0,,2,3841.473388671875,4,3897.8253173828125,3,3874.45703125,False,,,"[-0.759765625, 19.240234375, 71.240234375]",0.00014355275557916257,0.0005907625566318228,UNIQUE_OVERLAPPING_PHYSICAL_EVENT,1,14,True,141,66.0,130.0,1,8.94427190999916
v2_anchor_old_joint__baseline,6101,7101,6,11,4002.0,4252.0,0,1,0.37926741937544894,0.37926741937544894,0.43269002494125,-0.05342260556580103,0,,2,4112.10546875,4,4130.996337890625,0,,,,,"[3.1748046875, 19.1748046875, 37.1748046875]",0.0004170823272545459,0.0,NOT_ESTIMABLE_NO_OVERLAPPING_PHYSICAL_EVENT,0,,False,0,,,,
v2_anchor_old_joint__baseline,6101,7101,7,12,4480.0,4730.0,0,0,0.7798773866977804,0.7798773866977804,0.9355854600973782,-0.1557080733995978,4,4629.03759765625,2,4597.66748046875,4,4589.5283203125,1,4723.95947265625,True,True,False,"[4.28466796875, 20.28466796875, 60.28466796875]",1.595503249808121e-06,0.033730890847139094,AMBIGUOUS_OVERLAP_CHOSEN_MAXIMUM_FOR_DESCRIPTION,2,15,True,150,64.0,116.0,1,8.602325267042627
v2_anchor_old_joint__baseline,6101,7101,8,13,4784.0,5034.0,1,1,0.2821510491382167,0.4089828868673145,0.2821510491382167,0.12683183772909778,0,,2,4917.060791015625,4,4903.47607421875,0,,,,,"[2.76513671875, 16.76513671875, 28.76513671875]",2.7423927632469985e-05,4.003810045891221e-32,UNIQUE_OVERLAPPING_PHYSICAL_EVENT,1,16,True,75,54.0,150.0,1,6.4031242374328485
v2_anchor_old_joint__baseline,6101,7101,9,14,5038.0,5288.0,1,0,0.6099702093352096,0.9851078735861822,0.6099702093352096,0.3751376642509726,4,5081.56005859375,2,5184.965576171875,4,5152.257080078125,0,,,,,"[5.02685546875, 85.02685546875, 115.02685546875]",8.658119110369074e-05,4.0037987478106017e-22,NOT_ESTIMABLE_NO_OVERLAPPING_PHYSICAL_EVENT,0,,False,0,,,,
v2_anchor_old_joint__baseline,6101,7101,10,15,5304.0,5554.0,0,-1,1.0491579132525346,1.0491579132525346,1.1905784270956454,-0.14142051384311083,4,5541.76318359375,2,5451.8203125,4,5419.508544921875,1,5419.9931640625,False,False,False,"[7.20458984375, 31.20458984375, 135.20458984375]",3.1944542735028725e-07,0.11594216146298782,UNIQUE_OVERLAPPING_PHYSICAL_EVENT,1,17,True,170,64.39999999999998,152.0,1,10.198039027185569
v2_anchor_old_joint__baseline,6101,7101,11,16,5644.0,5894.0,1,1,0.35640125986963317,0.6413146349316214,0.35640125986963317,0.28491337506198827,0,,2,5801.536376953125,3,5743.30419921875,3,5749.494140625,True,,,"[3.48486328125, 49.48486328125, 69.48486328125]",0.0004700630606020457,0.0,NOT_ESTIMABLE_NO_OVERLAPPING_PHYSICAL_EVENT,0,,False,0,,,,
v2_anchor_old_joint__baseline,6101,7101,12,19,6580.0,6830.0,0,1,0.3450833877395648,0.3450833877395648,0.29596493699573456,0.049118450743830255,4,6718.87890625,2,6715.575439453125,4,6686.7421875,3,6705.3466796875,True,False,False,"[1.6162109375, 21.6162109375, 41.6162109375]",1.2683829291894571e-06,6.0417505141210604e-12,NOT_ESTIMABLE_NO_OVERLAPPING_PHYSICAL_EVENT,0,,False,0,,,,
v2_anchor_old_joint__baseline,6101,7101,13,20,7180.0,7430.0,1,1,0.28364413518266146,0.6236720577369284,0.28364413518266146,0.3400279225542669,4,7310.121337890625,2,7334.923095703125,4,7295.6279296875,3,7270.4794921875,False,False,True,"[7.75927734375, 41.75927734375, 65.75927734375]",1.554609598148178e-05,8.842456017401295e-15,UNIQUE_OVERLAPPING_PHYSICAL_EVENT,1,19,True,194,64.0,100.0,1,10.0
v2_anchor_old_joint__baseline,6101,7101,14,21,7758.0,8008.0,0,1,0.46697101626020787,0.46697101626020787,0.4653243307836156,0.0016466854765922467,4,7922.87744140625,2,7893.166748046875,4,7868.703125,3,7880.99658203125,True,False,False,"[-0.8232421875, 17.1767578125, 63.1767578125]",0.0002679395351635057,2.175909010591151e-21,NOT_ESTIMABLE_NO_OVERLAPPING_PHYSICAL_EVENT,0,,False,0,,,,
v2_anchor_old_joint__baseline,6101,7101,15,22,8136.0,8386.0,0,1,0.24722812313192893,0.24722812313192893,0.28686279606947696,-0.03963467293754802,3,8268.1943359375,0,,2,8252.5458984375,3,8259.6748046875,,,,"[-0.88671875, 11.11328125, 25.11328125]",3.588991989795002e-08,0.0,NOT_ESTIMABLE_NO_OVERLAPPING_PHYSICAL_EVENT,0,,False,0,,,,
v2_anchor_old_joint__baseline,6101,7101,16,23,8700.0,8950.0,0,1,0.35319535910823285,0.35319535910823285,0.37954885848452025,-0.026353499376287393,4,8834.046875,2,8826.94091796875,4,8821.91015625,3,8805.142578125,False,False,False,"[2.7314453125, 22.7314453125, 38.7314453125]",9.689005807322849e-05,1.2736923661522329e-27,NOT_ESTIMABLE_NO_OVERLAPPING_PHYSICAL_EVENT,0,,False,0,,,,
v2_anchor_old_joint__baseline,6101,7101,17,24,8960.0,9210.0,1,1,0.24582572084057386,0.5391252362780218,0.24582572084057386,0.2932995154374479,0,,2,9111.8798828125,4,9076.4755859375,3,9067.228515625,False,,,"[-0.9970703125, 17.0029296875, 51.0029296875]",8.044610667726704e-13,3.5931578066746108e-12,UNIQUE_OVERLAPPING_PHYSICAL_EVENT,1,23,True,126,52.0,108.0,1,8.06225774829855
v2_anchor_old_joint__baseline,6101,7101,18,25,9476.0,9726.0,1,1,0.41463550536924554,0.6271150045130389,0.41463550536924554,0.21247949914379338,0,,2,9642.7177734375,4,9593.93310546875,2,9573.806640625,False,,,"[-1.4580078125, 24.5419921875, 64.5419921875]",2.1532109573500383e-06,0.023257877069270794,UNIQUE_OVERLAPPING_PHYSICAL_EVENT,1,25,True,106,65.0,106.0,1,6.4031242374328485
v2_anchor_old_joint__baseline,6101,7101,19,26,9754.0,10004.0,1,1,0.4041272272402908,0.47542966669066933,0.4041272272402908,0.07130243945037851,4,9870.6201171875,2,9889.4189453125,2,9874.64501953125,0,,,,,"[3.619140625, 17.619140625, 29.619140625]",9.205860136565313e-07,5.087929397084729e-06,UNIQUE_OVERLAPPING_PHYSICAL_EVENT,1,26,True,128,44.0,92.0,1,8.54400374531753
v2_anchor_old_joint__baseline,6101,7101,20,29,10736.0,10986.0,1,-1,0.6932508624676562,0.7121389941022842,0.6932508624676562,0.01888813163462799,2,10805.16748046875,1,10801.22265625,4,10874.58251953125,3,10857.9326171875,False,True,False,"[1.4326171875, 55.4326171875, 83.4326171875]",0.00030396972713373773,1.0167994971895456e-08,AMBIGUOUS_OVERLAP_CHOSEN_MAXIMUM_FOR_DESCRIPTION,3,29,True,102,55.8,102.0,1,6.708203932499369
v2_anchor_old_joint__baseline,6101,7101,21,30,11132.0,11382.0,1,1,0.37973605616229883,0.5453535702908002,0.37973605616229883,0.1656175141285014,3,11235.419921875,2,11260.15380859375,4,11271.8203125,3,11248.5380859375,False,False,True,"[10.283203125, 38.283203125, 62.283203125]",3.71293866076617e-06,5.016184298307667e-12,AMBIGUOUS_OVERLAP_CHOSEN_MAXIMUM_FOR_DESCRIPTION,2,31,True,155,46.0,86.0,1,9.848857801796104
v2_anchor_old_joint__baseline,6101,7101,22,34,12084.0,12334.0,1,1,0.34537215884493366,0.41633861915287484,0.34537215884493366,0.07096646030794118,2,12216.8857421875,2,12224.8916015625,4,12193.1796875,0,,,,,"[2.943359375, 22.943359375, 42.943359375]",1.121461061733083e-25,0.0,NOT_ESTIMABLE_NO_OVERLAPPING_PHYSICAL_EVENT,0,,False,0,,,,
v2_anchor_old_joint__baseline,6101,7101,23,35,12862.0,13112.0,1,1,0.2415619459886545,0.29506015898630905,0.2415619459886545,0.05349821299765456,4,12980.703125,2,13006.0380859375,4,12979.1318359375,3,12996.8203125,True,False,True,"[-3.1083984375, 12.8916015625, 30.8916015625]",5.373252497964182e-10,2.5395047427238543e-28,NOT_ESTIMABLE_NO_OVERLAPPING_PHYSICAL_EVENT,0,,False,0,,,,
v2_anchor_old_joint__baseline,6101,7101,24,41,14382.0,14632.0,1,0,0.5289579401070087,0.6249752163720831,0.5289579401070087,0.09601727626507439,4,14473.78076171875,2,14529.5888671875,4,14526.50341796875,0,,,,,"[5.0380859375, 53.0380859375, 69.0380859375]",4.411481206838823e-06,1.3213963848961915e-05,AMBIGUOUS_OVERLAP_CHOSEN_MAXIMUM_FOR_DESCRIPTION,2,40,True,188,58.0,104.0,1,9.848857801796104
v2_anchor_old_joint__baseline,6101,7101,25,42,15588.0,15838.0,1,-1,0.8296774900685433,0.8938710181718799,0.8296774900685433,0.06419352810333656,4,15648.12841796875,1,15712.0185546875,4,15733.35986328125,3,15711.458984375,False,False,False,"[1.9794921875, 63.9794921875, 101.9794921875]",0.0006327736166611914,0.00016253916498418705,NOT_ESTIMABLE_NO_OVERLAPPING_PHYSICAL_EVENT,0,,False,0,,,,
v2_anchor_old_joint__baseline,6101,7101,26,43,16536.0,16786.0,1,1,0.29747751642279935,0.4124331659472129,0.29747751642279935,0.11495564952441356,0,,1,16656.681640625,4,16648.9140625,1,16649.986328125,False,,,"[0.419921875, 14.419921875, 28.419921875]",0.0009802960247548853,1.6044847595380674e-20,NOT_ESTIMABLE_NO_OVERLAPPING_PHYSICAL_EVENT,0,,False,0,,,,
v2_anchor_old_joint__baseline,6101,7101,27,46,18212.0,18462.0,1,0,0.6356354722878652,0.7353654893046889,0.6356354722878652,0.09973001701682371,3,18271.55859375,2,18356.8046875,4,18330.5810546875,3,18356.84765625,True,False,False,"[12.771484375, 74.771484375, 96.771484375]",0.000978880457386299,0.0001083584663802093,UNIQUE_OVERLAPPING_PHYSICAL_EVENT,1,44,True,157,44.0,122.0,1,9.848857801796104
v2_anchor_old_joint__baseline,6101,7101,28,49,19158.0,19408.0,0,0,0.623327155543796,0.623327155543796,1.276523661756495,-0.653196506212699,4,19303.0537109375,2,19267.2470703125,1,19368.529296875,3,19375.703125,False,True,False,"[8.79296875, 46.79296875, 136.79296875]",2.4099618907158116e-07,0.011629848524379555,UNIQUE_OVERLAPPING_PHYSICAL_EVENT,1,46,True,90,38.20000000000002,74.0,1,7.615773105863909
v2_anchor_old_joint__baseline,6101,7101,29,54,21618.0,21868.0,0,0,0.6849204704805864,0.6849204704805864,0.8055993657802594,-0.12067889529967302,2,21853.4990234375,2,21758.28125,4,21732.6376953125,3,21747.1015625,True,False,False,"[1.322265625, 17.322265625, 35.322265625]",0.0001936149540678188,0.023060551319413758,AMBIGUOUS_OVERLAP_CHOSEN_MAXIMUM_FOR_DESCRIPTION,2,55,True,120,42.0,90.0,1,9.219544457292887
v2_anchor_old_joint__baseline,6101,7101,30,55,21932.0,22182.0,1,1,0.43999860069284774,0.6040940914066384,0.43999860069284774,0.16409549071379065,1,22119.435546875,2,22073.8896484375,4,22044.1279296875,1,22028.005859375,False,False,False,"[8.994140625, 28.994140625, 50.994140625]",0.000201473664603473,7.4368352685218e-06,NOT_ESTIMABLE_NO_OVERLAPPING_PHYSICAL_EVENT,0,,False,0,,,,
v2_anchor_old_joint__baseline,6101,7101,31,56,22664.0,22914.0,0,0,0.7344405700068682,0.7344405700068682,0.7435172356717008,-0.009076665664832562,1,22749.328125,1,22789.71875,4,22785.8984375,3,22803.947265625,True,False,False,"[27.45703125, 65.45703125, 83.45703125]",4.07933408447072e-05,8.342270005471809e-14,UNIQUE_OVERLAPPING_PHYSICAL_EVENT,1,60,True,71,38.0,92.0,1,6.708203932499369
v2_anchor_old_joint__baseline,6101,7101,32,57,23312.0,23562.0,1,-1,0.9137451154492284,1.2161900484334067,0.9137451154492284,0.3024449329841783,3,23325.15234375,2,23462.27734375,4,23427.3583984375,3,23425.884765625,False,False,True,"[13.50390625, 109.50390625, 139.50390625]",0.052227423514526757,0.00017036582376024116,AMBIGUOUS_OVERLAP_CHOSEN_MAXIMUM_FOR_DESCRIPTION,2,61,True,119,46.400000000000006,102.0,1,7.615773105863909
v2_anchor_old_joint__baseline,6101,7102,0,0,726.0,976.0,1,-1,0.9496185897835077,1.3547742216879322,0.9496185897835077,0.4051556319044245,0,,2,873.3039855957031,4,842.7001037597656,1,733.8765258789062,False,,,"[103.12347412109375, 125.12347412109375, 143.12347412109375]",0.04093810604313042,2.106484146167062e-09,AMBIGUOUS_OVERLAP_CHOSEN_MAXIMUM_FOR_DESCRIPTION,2,4,True,163,54.0,88.0,1,8.94427190999916
v2_anchor_old_joint__baseline,6101,7102,1,1,1394.0,1644.0,1,-1,0.9104639247705121,1.3369432320466097,0.9104639247705121,0.4264793072760976,3,1398.1837158203125,2,1538.3903198242188,4,1503.6957397460938,0,,,,,"[10.4136962890625, 114.4136962890625, 142.4136962890625]",0.08837095479272732,4.5705638662529625e-09,AMBIGUOUS_OVERLAP_CHOSEN_MAXIMUM_FOR_DESCRIPTION,2,7,True,110,58.2,138.0,1,6.708203932499369
v2_anchor_old_joint__baseline,6101,7102,2,5,2594.0,2844.0,0,1,0.4031500281167141,0.4031500281167141,0.4661513173548161,-0.063001289238102,2,2733.300537109375,2,2698.0418701171875,4,2722.9237060546875,2,2704.023193359375,False,True,False,"[1.359130859375, 17.359130859375, 37.359130859375]",7.450523659291694e-13,1.778147430506245e-20,NOT_ESTIMABLE_NO_OVERLAPPING_PHYSICAL_EVENT,0,,False,0,,,,
v2_anchor_old_joint__baseline,6101,7102,3,10,4624.0,4874.0,1,1,0.3543987964075604,0.4078721509852312,0.3543987964075604,0.05347335457767083,3,4757.6455078125,2,4758.0029296875,4,4732.37451171875,0,,,,,"[3.91357421875, 25.91357421875, 41.91357421875]",2.8411072887274077e-06,5.453746062825963e-35,NOT_ESTIMABLE_NO_OVERLAPPING_PHYSICAL_EVENT,0,,False,0,,,,
v2_anchor_old_joint__baseline,6101,7102,4,11,6492.0,6742.0,1,1,0.25218788525036945,0.5080898513346754,0.25218788525036945,0.255901966084306,0,,2,6640.209716796875,4,6607.9453125,1,6591.2939453125,False,,,"[7.7060546875, 29.7060546875, 51.7060546875]",3.915674693910567e-05,5.570919668086825e-08,NOT_ESTIMABLE_NO_OVERLAPPING_PHYSICAL_EVENT,0,,False,0,,,,
v2_anchor_old_joint__baseline,6101,7102,5,22,10296.0,10546.0,0,1,0.37168619405368897,0.37168619405368897,0.3444331337089308,0.027253060344758162,4,10431.6435546875,2,10425.9892578125,3,10404.0361328125,2,10423.7216796875,True,False,False,"[4.1474609375, 22.1474609375, 40.1474609375]",0.00016925912788595982,1.3966308186804604e-18,AMBIGUOUS_OVERLAP_CHOSEN_MAXIMUM_FOR_DESCRIPTION,2,32,True,66,40.0,86.0,1,5.385164807134504
v2_anchor_old_joint__baseline,6101,7102,6,23,10966.0,11216.0,1,1,0.3751808262132488,0.4237268294946466,0.3751808262132488,0.0485460032813978,3,11089.029296875,2,11096.8291015625,4,11086.39697265625,0,,,,,"[0.0234375, 14.0234375, 26.0234375]",2.5649325581240975e-05,4.563987124495584e-31,NOT_ESTIMABLE_NO_OVERLAPPING_PHYSICAL_EVENT,0,,False,0,,,,
v2_anchor_old_joint__baseline,6101,7102,7,24,11230.0,11480.0,1,1,0.41370506322568534,0.7286092345297094,0.41370506322568534,0.31490417130402404,4,11318.17138671875,2,11393.5498046875,4,11360.41650390625,2,11341.38037109375,False,False,True,"[6.49609375, 50.49609375, 84.49609375]",5.1778618258135515e-08,6.356253805293335e-07,UNIQUE_OVERLAPPING_PHYSICAL_EVENT,1,34,True,90,46.0,92.0,1,7.211102550927978
v2_anchor_old_joint__baseline,6101,7102,8,28,12228.0,12478.0,0,0,0.6294629482561628,0.6294629482561628,0.6218173414541687,0.007645606801994109,4,12392.79638671875,2,12361.06103515625,4,12329.2587890625,0,,,,,"[7.5556640625, 37.5556640625, 79.5556640625]",2.5686857084238374e-05,2.895523748670507e-09,UNIQUE_OVERLAPPING_PHYSICAL_EVENT,1,36,True,177,60.0,94.0,1,10.816653826391969
v2_anchor_old_joint__baseline,6101,7102,9,32,13426.0,13676.0,0,1,0.35459626352578255,0.35459626352578255,0.5432906630948899,-0.18869439956910738,4,13568.42431640625,2,13534.9130859375,0,,0,,,,,"[1.0908203125, 25.0908203125, 57.0908203125]",5.152328924327864e-06,7.549166973069356e-29,NOT_ESTIMABLE_NO_OVERLAPPING_PHYSICAL_EVENT,0,,False,0,,,,
v2_anchor_old_joint__baseline,6101,7102,10,33,14252.0,14502.0,0,1,0.3081516360763771,0.3081516360763771,0.584129119373887,-0.27597748329750993,0,,2,14363.01220703125,4,14378.1572265625,3,14402.236328125,False,,,"[-0.619140625, 17.380859375, 45.380859375]",0.00024394561829105968,1.8563093221223625e-09,UNIQUE_OVERLAPPING_PHYSICAL_EVENT,1,42,True,151,58.0,114.0,1,10.295630140987
v2_anchor_old_joint__baseline,6101,7102,11,34,14684.0,14934.0,0,0,0.8494222654140738,0.8494222654140738,1.2030007500159072,-0.3535784846018334,4,14921.9033203125,2,14812.5908203125,4,14802.82421875,3,14827.9580078125,True,True,False,"[-1.5146484375, 16.4853515625, 124.4853515625]",0.00011460598504765016,0.07273200145145615,NOT_ESTIMABLE_NO_OVERLAPPING_PHYSICAL_EVENT,0,,False,0,,,,
v2_anchor_old_joint__baseline,6101,7102,12,35,14980.0,15230.0,0,1,0.4495247828011812,0.4495247828011812,0.807660415006287,-0.35813563220510586,2,15135.78466796875,2,15069.849609375,4,15102.57470703125,3,15128.4609375,False,True,False,"[3.7197265625, 33.7197265625, 67.7197265625]",3.7304456894737146e-05,8.937131312396288e-22,UNIQUE_OVERLAPPING_PHYSICAL_EVENT,1,43,True,195,71.19999999999999,134.0,1,10.0
v2_anchor_old_joint__baseline,6101,7102,13,36,15378.0,15628.0,0,1,0.4747183236165068,0.4747183236165068,0.5510453107118688,-0.07632698709536201,1,15607.4189453125,2,15512.37451171875,4,15492.52490234375,3,15516.59765625,True,True,False,"[-2.6455078125, 15.3544921875, 33.3544921875]",3.1678592563072896e-11,0.001377714666168855,AMBIGUOUS_OVERLAP_CHOSEN_MAXIMUM_FOR_DESCRIPTION,2,44,True,133,39.19999999999999,82.0,1,9.848857801796104
v2_anchor_old_joint__baseline,6101,7102,14,40,16464.0,16714.0,1,1,0.39382008519480943,0.4283729253567576,0.39382008519480943,0.03455284016194815,1,16621.9921875,2,16600.154296875,4,16577.5390625,2,16590.783203125,True,False,False,"[-0.115234375, 13.884765625, 29.884765625]",0.00019028119250819435,2.6069503086853766e-16,NOT_ESTIMABLE_NO_OVERLAPPING_PHYSICAL_EVENT,0,,False,0,,,,
v2_anchor_old_joint__baseline,6101,7102,15,41,17920.0,18170.0,1,-1,1.3353514429102364,1.528104581235262,1.3353514429102364,0.1927531383250256,4,18120.9609375,2,18061.5107421875,4,18035.537109375,0,,,,,"[55.6171875, 77.6171875, 97.6171875]",0.00013901311880607214,0.03415842491228395,AMBIGUOUS_OVERLAP_CHOSEN_MAXIMUM_FOR_DESCRIPTION,2,50,True,145,39.19999999999999,86.0,1,8.54400374531753
v2_anchor_old_joint__baseline,6101,7102,16,44,18720.0,18970.0,1,1,0.2692911151513383,0.44025721489365494,0.2692911151513383,0.17096609974231664,0,,2,18864.8896484375,4,18833.4287109375,0,,,,,"[3.51953125, 23.51953125, 43.51953125]",1.9438498210645038e-13,5.527750613754225e-19,UNIQUE_OVERLAPPING_PHYSICAL_EVENT,1,53,True,155,60.0,102.0,1,9.219544457292887
v2_anchor_old_joint__baseline,6101,7102,17,45,19008.0,19258.0,0,1,0.4551161157502312,0.4551161157502312,0.9905412110436626,-0.5354250952934314,4,19160.884765625,2,19083.1435546875,2,19117.478515625,3,19140.69921875,False,True,False,"[1.982421875, 63.982421875, 89.982421875]",0.00044748136573482953,0.0003906470368902587,NOT_ESTIMABLE_NO_OVERLAPPING_PHYSICAL_EVENT,0,,False,0,,,,
v2_anchor_old_joint__baseline,6101,7102,18,46,19978.0,20228.0,1,1,0.39069950692891936,0.4228140267697409,0.39069950692891936,0.03211451984082153,4,20089.6376953125,2,20113.9921875,3,20116.572265625,1,20101.69140625,False,False,True,"[0.927734375, 20.927734375, 36.927734375]",3.623704034493928e-09,2.231735847671478e-08,NOT_ESTIMABLE_NO_OVERLAPPING_PHYSICAL_EVENT,0,,False,0,,,,
v2_anchor_old_joint__baseline,6101,7102,19,47,20680.0,20930.0,1,0,0.5040676758179862,0.7358015750049398,0.5040676758179862,0.23173389918695364,1,20917.015625,2,20835.1767578125,4,20799.94140625,3,20783.25,False,False,False,"[-1.482421875, 16.517578125, 64.517578125]",8.389530627110067e-07,0.02958894912494341,UNIQUE_OVERLAPPING_PHYSICAL_EVENT,1,58,True,99,58.400000000000006,112.0,3,7.280109889280518
v2_anchor_old_joint__baseline,6101,7102,20,53,22580.0,22830.0,1,0,0.4931566433387994,0.5130243833074236,0.4931566433387994,0.019867739968624232,2,22741.748046875,2,22721.1845703125,3,22683.759765625,3,22687.6796875,True,False,False,"[-4.033203125, 9.966796875, 55.966796875]",6.454727587962882e-08,2.9184967482167366e-16,NOT_ESTIMABLE_NO_OVERLAPPING_PHYSICAL_EVENT,0,,False,0,,,,
v2_anchor_old_joint__baseline,6102,7101,0,0,548.0,798.0,0,1,0.4226165508475585,0.4226165508475585,0.39894551540036005,0.023671035447198452,2,669.6043395996094,2,662.0156860351562,4,686.110107421875,2,667.6348876953125,False,True,False,"[5.71722412109375, 25.71722412109375, 43.71722412109375]",6.42045245863887e-07,2.8081610309542105e-18,NOT_ESTIMABLE_NO_OVERLAPPING_PHYSICAL_EVENT,0,,False,0,,,,
v2_anchor_old_joint__baseline,6102,7101,1,1,830.0,1080.0,0,-1,0.8982085506803855,0.8982085506803855,1.0951032581041946,-0.1968947074238091,3,1073.8974609375,2,949.2411804199219,4,946.3908996582031,0,,,,,"[1.16131591796875, 11.16131591796875, 135.16131591796875]",9.998888571543612e-08,0.11215975145973778,NOT_ESTIMABLE_NO_OVERLAPPING_PHYSICAL_EVENT,0,,False,0,,,,
v2_anchor_old_joint__baseline,6102,7101,2,2,1366.0,1616.0,1,0,0.5385762659485381,0.8382319793723692,0.5385762659485381,0.299655713423831,3,1431.0999755859375,2,1528.76708984375,4,1496.0027465820312,2,1472.3134155273438,False,False,True,"[11.41943359375, 77.41943359375, 103.41943359375]",0.0004693711288072403,5.699611831327594e-10,NOT_ESTIMABLE_NO_OVERLAPPING_PHYSICAL_EVENT,0,,False,0,,,,
v2_anchor_old_joint__baseline,6102,7101,3,3,1658.0,1908.0,1,1,0.3485340169928193,0.4336479089323749,0.3485340169928193,0.08511389193955565,4,1782.3785400390625,2,1788.8751831054688,3,1780.30517578125,2,1764.0958251953125,False,False,True,"[6.1064453125, 22.1064453125, 34.1064453125]",6.566141234536503e-06,8.033932726225254e-16,NOT_ESTIMABLE_NO_OVERLAPPING_PHYSICAL_EVENT,0,,False,0,,,,
v2_anchor_old_joint__baseline,6102,7101,4,6,2730.0,2980.0,1,1,0.30091390599750767,0.5867683835356433,0.30091390599750767,0.28585447753813564,0,,2,2881.8341064453125,4,2848.2923583984375,2,2828.91796875,False,,,"[9.2666015625, 33.2666015625, 57.2666015625]",0.00019639676267433647,1.0459641032450486e-20,NOT_ESTIMABLE_NO_OVERLAPPING_PHYSICAL_EVENT,0,,False,0,,,,
v2_anchor_old_joint__baseline,6102,7101,5,7,3000.0,3250.0,1,1,0.25432220110738657,0.40143977775337314,0.25432220110738657,0.14711757664598657,0,,2,3132.6029052734375,4,3114.4376220703125,0,,,,,"[0.677490234375, 14.677490234375, 28.677490234375]",2.2978338332503566e-07,2.044903173115132e-21,UNIQUE_OVERLAPPING_PHYSICAL_EVENT,1,1,True,113,43.599999999999994,96.0,1,8.246211251235321
v2_anchor_old_joint__baseline,6102,7101,6,8,3482.0,3732.0,1,1,0.313689980876215,0.5412245586582815,0.313689980876215,0.22753457778206643,2,3585.17431640625,2,3630.2020263671875,4,3603.4306640625,0,,,,,"[10.217529296875, 34.217529296875, 52.217529296875]",9.502008658836636e-09,2.277871865995489e-24,NOT_ESTIMABLE_NO_OVERLAPPING_PHYSICAL_EVENT,0,,False,0,,,,
v2_anchor_old_joint__baseline,6102,7101,7,9,4500.0,4750.0,1,0,0.5105846891100843,0.5303314774713239,0.5105846891100843,0.019746788361239664,1,4648.1865234375,1,4633.85791015625,4,4614.815673828125,1,4600.16845703125,False,False,False,"[0.83154296875, 14.83154296875, 38.83154296875]",5.211152896787326e-07,9.01300595054808e-07,NOT_ESTIMABLE_NO_OVERLAPPING_PHYSICAL_EVENT,0,,False,0,,,,
v2_anchor_old_joint__baseline,6102,7101,8,10,4768.0,5018.0,0,0,0.5419149365147099,0.5419149365147099,0.5341895370429137,0.007725399471796179,4,4909.18212890625,2,4894.770751953125,4,4864.09912109375,2,4904.46484375,True,True,False,"[10.48291015625, 40.48291015625, 62.48291015625]",5.223614048810163e-14,0.0,NOT_ESTIMABLE_NO_OVERLAPPING_PHYSICAL_EVENT,0,,False,0,,,,
v2_anchor_old_joint__baseline,6102,7101,9,11,5026.0,5276.0,1,1,0.2471314432207905,0.5033312964904814,0.2471314432207905,0.25619985326969086,0,,2,5174.994873046875,4,5142.479736328125,1,5126.5927734375,False,,,"[8.4072265625, 28.4072265625, 50.4072265625]",1.665071165811402e-06,2.1355814104336895e-43,UNIQUE_OVERLAPPING_PHYSICAL_EVENT,1,4,True,162,62.0,110.0,1,10.0
v2_anchor_old_joint__baseline,6102,7101,10,12,5444.0,5694.0,1,1,0.2928624958364889,0.5912196702869906,0.2928624958364889,0.29835717445050175,4,5548.902587890625,2,5601.405029296875,2,5579.851318359375,0,,,,,"[7.35986328125, 43.35986328125, 61.35986328125]",0.0003878644203223875,7.062767364357475e-06,UNIQUE_OVERLAPPING_PHYSICAL_EVENT,1,6,True,70,46.2,78.0,1,6.324555320336759
v2_anchor_old_joint__baseline,6102,7101,11,13,5700.0,5950.0,0,0,0.7883007777184617,0.7883007777184617,0.7659365202765406,0.022364257441921165,4,5752.40234375,1,5807.5400390625,4,5822.26025390625,3,5838.84814453125,False,False,False,"[5.43115234375, 79.43115234375, 95.43115234375]",0.00010701971740969378,9.176654123743939e-05,AMBIGUOUS_OVERLAP_CHOSEN_MAXIMUM_FOR_DESCRIPTION,3,7,True,140,48.20000000000002,106.0,1,8.54400374531753
v2_anchor_old_joint__baseline,6102,7101,12,14,6700.0,6950.0,1,1,0.4430607607784006,0.45885596867321626,0.4430607607784006,0.015795207894815644,4,6821.316650390625,2,6838.40576171875,0,,1,6891.21630859375,,False,False,"[1.169921875, 19.169921875, 37.169921875]",7.561794005674723e-05,0.0,NOT_ESTIMABLE_NO_OVERLAPPING_PHYSICAL_EVENT,0,,False,0,,,,
v2_anchor_old_joint__baseline,6102,7101,13,15,7256.0,7506.0,1,-1,0.9751517783205677,0.8903918209564287,0.9751517783205677,-0.084759957364139,4,7469.145751953125,2,7390.302734375,4,7379.308349609375,2,7360.265625,False,False,False,"[11.2080078125, 29.2080078125, 119.2080078125]",0.0003855606675070935,0.0019780999628887025,NOT_ESTIMABLE_NO_OVERLAPPING_PHYSICAL_EVENT,0,,False,0,,,,
v2_anchor_old_joint__baseline,6102,7101,14,16,8466.0,8716.0,0,1,0.3243496458680818,0.3243496458680818,0.599287583933122,-0.2749379380650402,0,,1,8566.6650390625,4,8591.16796875,3,8615.2158203125,False,,,"[6.3349609375, 30.3349609375, 54.3349609375]",5.146817262616028e-07,9.137848597756839e-09,AMBIGUOUS_OVERLAP_CHOSEN_MAXIMUM_FOR_DESCRIPTION,2,16,True,155,60.0,112.0,1,8.54400374531753
v2_anchor_old_joint__baseline,6102,7101,15,17,9814.0,10064.0,0,1,0.4841842488272211,0.4841842488272211,0.7541546677000538,-0.2699704188728327,4,9976.9443359375,0,,4,9918.10400390625,3,9940.333984375,,,,"[5.3828125, 27.3828125, 75.3828125]",0.0005586606764046202,7.12192340621861e-11,NOT_ESTIMABLE_NO_OVERLAPPING_PHYSICAL_EVENT,0,,False,0,,,,
v2_anchor_old_joint__baseline,6102,7101,16,22,11082.0,11332.0,1,1,0.31183336478587054,0.44478472779247635,0.31183336478587054,0.13295136300660582,4,11200.201171875,1,11212.3291015625,4,11214.6796875,2,11196.11279296875,False,False,True,"[4.37890625, 18.37890625, 38.37890625]",8.843110940101803e-06,8.189867722066408e-30,NOT_ESTIMABLE_NO_OVERLAPPING_PHYSICAL_EVENT,0,,False,0,,,,
v2_anchor_old_joint__baseline,6102,7101,17,25,11876.0,12126.0,1,1,0.3979184201357645,0.47449741908614146,0.3979184201357645,0.07657899895037695,0,,2,12019.28662109375,4,11987.173828125,1,12039.9912109375,True,,,"[7.0634765625, 27.0634765625, 47.0634765625]",4.778049817818422e-06,0.0,UNIQUE_OVERLAPPING_PHYSICAL_EVENT,1,31,True,164,56.0,86.0,1,9.433981132056603
v2_anchor_old_joint__baseline,6102,7101,18,26,12136.0,12386.0,1,1,0.24700248861950316,0.5124636529226244,0.24700248861950316,0.2654611643031213,0,,2,12289.52197265625,4,12254.09912109375,3,12251.0439453125,False,,,"[-2.3125, 13.6875, 43.6875]",8.256117229981577e-23,1.0847354844241135e-07,UNIQUE_OVERLAPPING_PHYSICAL_EVENT,1,32,True,120,48.20000000000002,78.0,1,8.246211251235321
v2_anchor_old_joint__baseline,6102,7101,19,27,12410.0,12660.0,1,-1,1.006248772350657,0.9731888646717783,1.006248772350657,-0.033059907678878675,4,12613.5546875,2,12545.32177734375,4,12511.98583984375,1,12496.708984375,False,False,False,"[8.291015625, 42.291015625, 120.291015625]",9.297853231688869e-05,0.0,AMBIGUOUS_OVERLAP_CHOSEN_MAXIMUM_FOR_DESCRIPTION,2,33,True,161,60.0,84.0,1,9.899494936611665
v2_anchor_old_joint__baseline,6102,7101,20,34,14384.0,14634.0,1,1,0.2562399674322087,0.5411824257182126,0.2562399674322087,0.2849424582860039,0,,2,14535.248046875,4,14507.35791015625,3,14486.1376953125,False,,,"[-1.5009765625, 24.4990234375, 52.4990234375]",0.00020208866250506956,0.0,UNIQUE_OVERLAPPING_PHYSICAL_EVENT,1,38,True,137,60.0,112.0,1,9.433981132056603
v2_anchor_old_joint__baseline,6102,7101,21,39,16084.0,16334.0,0,0,0.655053702985376,0.655053702985376,0.6060572790603829,0.04899642392499315,0,,2,16152.498046875,4,16194.3662109375,1,16181.6552734375,False,,,"[-2.515625, 63.484375, 89.484375]",9.311323265906772e-09,3.334319145729807e-06,NOT_ESTIMABLE_NO_OVERLAPPING_PHYSICAL_EVENT,0,,False,0,,,,
v2_anchor_old_joint__baseline,6102,7101,22,40,16456.0,16706.0,1,1,0.2985351089453766,0.5789470510087094,0.2985351089453766,0.28041194206333275,0,,2,16607.6923828125,4,16574.8837890625,2,16555.865234375,False,,,"[10.3984375, 32.3984375, 56.3984375]",3.918819266937672e-06,1.6493716244905383e-13,NOT_ESTIMABLE_NO_OVERLAPPING_PHYSICAL_EVENT,0,,False,0,,,,
v2_anchor_old_joint__baseline,6102,7101,23,41,16776.0,17026.0,1,0,0.44535097369566196,0.4453294138726459,0.44535097369566196,-2.155982301604853e-05,2,16939.06640625,2,16913.0859375,4,16884.0302734375,0,,,,,"[4.78515625, 24.78515625, 48.78515625]",0.0001508142531626159,5.7204977640006247e-42,UNIQUE_OVERLAPPING_PHYSICAL_EVENT,1,45,True,168,72.60000000000002,136.0,2,10.63014581273465
v2_anchor_old_joint__baseline,6102,7101,24,44,17806.0,18056.0,1,-1,0.7617453907655998,0.8629836437249605,0.7617453907655998,0.10123825295936073,3,17858.82421875,2,17922.669921875,4,17937.7138671875,1,17919.533203125,False,False,True,"[13.751953125, 79.751953125, 99.751953125]",0.00025141321727637346,0.00041940744008123535,UNIQUE_OVERLAPPING_PHYSICAL_EVENT,1,48,True,117,63.60000000000001,104.0,1,7.0710678118654755
v2_anchor_old_joint__baseline,6102,7101,25,45,18724.0,18974.0,0,1,0.3616349678724748,0.3616349678724748,0.4399153999774293,-0.0782804321049545,2,18854.9794921875,1,18849.578125,3,18847.16796875,2,18846.9501953125,False,False,False,"[-2.060546875, 9.939453125, 19.939453125]",0.0010254805060390343,0.0,UNIQUE_OVERLAPPING_PHYSICAL_EVENT,1,50,True,118,50.599999999999994,108.0,1,8.06225774829855
v2_anchor_old_joint__baseline,6102,7101,26,48,19512.0,19762.0,1,1,0.3848715886388311,0.4890267929705317,0.3848715886388311,0.10415520433170061,3,19645.11328125,2,19650.587890625,4,19619.455078125,0,,,,,"[11.9140625, 33.9140625, 49.9140625]",0.000253825800983335,2.9514073147654514e-47,AMBIGUOUS_OVERLAP_CHOSEN_MAXIMUM_FOR_DESCRIPTION,2,52,True,169,62.0,138.0,1,10.63014581273465
v2_anchor_old_joint__baseline,6102,7101,27,49,20380.0,20630.0,1,-1,1.0475889608001705,1.21164958626105,1.0475889608001705,0.1640606254608794,1,20386.734375,2,20515.41015625,4,20495.8515625,3,20510.767578125,True,False,True,"[100.265625, 116.265625, 134.265625]",0.024982190660217556,1.495550626892618e-08,AMBIGUOUS_OVERLAP_CHOSEN_MAXIMUM_FOR_DESCRIPTION,3,55,True,124,34.0,72.0,1,7.615773105863909
v2_anchor_old_joint__baseline,6102,7101,28,50,20742.0,20992.0,1,1,0.3541763204128551,0.6389088587476249,0.3541763204128551,0.28473253833476986,0,,2,20900.3916015625,4,20866.029296875,2,20841.8056640625,False,,,"[6.73828125, 44.73828125, 66.73828125]",4.082591711830828e-05,0.006996148494927117,AMBIGUOUS_OVERLAP_CHOSEN_MAXIMUM_FOR_DESCRIPTION,2,57,True,129,62.4,108.0,1,8.06225774829855
v2_anchor_old_joint__baseline,6102,7101,29,51,21038.0,21288.0,1,0,0.5643657764859639,0.9119070761428884,0.5643657764859639,0.3475412996569245,2,21095.125,2,21196.41015625,4,21162.826171875,2,21143.875,False,False,True,"[42.28125, 78.28125, 106.28125]",1.4067398447256396e-05,1.0065387180029531e-08,AMBIGUOUS_OVERLAP_CHOSEN_MAXIMUM_FOR_DESCRIPTION,2,59,True,160,62.0,100.0,1,8.602325267042627
v2_anchor_old_joint__baseline,6102,7101,30,56,22542.0,22792.0,1,1,0.40834753914914135,0.5439248247936395,0.40834753914914135,0.1355772856444981,2,22694.7353515625,2,22687.2158203125,4,22657.5830078125,3,22635.84765625,False,False,False,"[1.701171875, 25.701171875, 53.701171875]",7.971741250761745e-06,5.637492782550123e-29,NOT_ESTIMABLE_NO_OVERLAPPING_PHYSICAL_EVENT,0,,False,0,,,,
v2_anchor_old_joint__baseline,6102,7102,0,0,1026.0,1276.0,1,1,0.2799963003170803,0.6127201948063562,0.2799963003170803,0.3327238944892759,2,1143.2259521484375,2,1187.7297973632812,4,1153.1768798828125,3,1135.8612060546875,False,False,True,"[7.33544921875, 29.33544921875, 57.33544921875]",7.165650971145985e-05,8.137660699990031e-12,NOT_ESTIMABLE_NO_OVERLAPPING_PHYSICAL_EVENT,0,,False,0,,,,
v2_anchor_old_joint__baseline,6102,7102,1,3,1970.0,2220.0,1,0,0.5783995226617846,0.599673661124472,0.5783995226617846,0.02127413846268733,4,2145.177490234375,2,2115.3365478515625,4,2082.0340576171875,3,2089.204833984375,True,False,False,"[0.364990234375, 20.364990234375, 68.364990234375]",8.211317130676399e-05,7.992665247483516e-20,UNIQUE_OVERLAPPING_PHYSICAL_EVENT,1,8,True,215,56.0,108.0,1,11.40175425099138
v2_anchor_old_joint__baseline,6102,7102,2,4,2486.0,2736.0,1,1,0.2642638234150866,0.710704903250622,0.2642638234150866,0.4464410798355354,0,,2,2647.6181640625,1,2630.36328125,3,2582.84375,False,,,"[3.896484375, 53.896484375, 75.896484375]",6.49882543569036e-05,1.240129405443545e-06,UNIQUE_OVERLAPPING_PHYSICAL_EVENT,1,10,True,91,48.0,94.0,1,5.830951894845301
v2_anchor_old_joint__baseline,6102,7102,3,5,2764.0,3014.0,1,-1,1.0612158657930775,0.9334039043084804,1.0612158657930775,-0.12781196148459706,3,3006.987060546875,2,2907.05615234375,4,2886.455322265625,3,2865.038330078125,False,False,False,"[4.10693359375, 30.10693359375, 136.10693359375]",0.0002000222001572294,0.08052914499338709,AMBIGUOUS_OVERLAP_CHOSEN_MAXIMUM_FOR_DESCRIPTION,2,11,True,198,62.0,116.0,1,9.433981132056603
v2_anchor_old_joint__baseline,6102,7102,4,6,3410.0,3660.0,1,0,0.5252714674376051,0.7153037369909174,0.5252714674376051,0.19003226955331232,1,3656.000244140625,2,3560.6241455078125,2,3515.2230224609375,3,3520.97998046875,True,False,False,"[1.719482421875, 19.719482421875, 55.719482421875]",5.649671378348582e-06,0.03106290719805648,UNIQUE_OVERLAPPING_PHYSICAL_EVENT,1,12,True,177,58.8,140.0,1,10.295630140987
v2_anchor_old_joint__baseline,6102,7102,5,7,3664.0,3914.0,1,-1,1.103184109382992,1.196709538290012,1.103184109382992,0.09352542890701998,4,3678.1241455078125,1,3802.017822265625,4,3781.0870361328125,2,3782.8277587890625,False,False,True,"[3.48681640625, 107.48681640625, 123.48681640625]",0.09710085688461063,0.0001080582334432347,UNIQUE_OVERLAPPING_PHYSICAL_EVENT,1,12,True,177,58.8,140.0,1,10.295630140987
v2_anchor_old_joint__baseline,6102,7102,6,8,4092.0,4342.0,0,1,0.3003616008237181,0.3003616008237181,0.581834963154978,-0.28147336233125986,4,4219.36181640625,1,4199.2958984375,4,4209.331787109375,3,4232.14453125,False,True,False,"[4.1337890625, 24.1337890625, 42.1337890625]",2.8666406006892124e-05,0.0,NOT_ESTIMABLE_NO_OVERLAPPING_PHYSICAL_EVENT,0,,False,0,,,,
v2_anchor_old_joint__baseline,6102,7102,7,9,4498.0,4748.0,0,-1,0.8938190452838931,0.8938190452838931,1.3017214737357852,-0.40790242845189206,4,4742.530029296875,2,4623.56298828125,4,4617.59765625,3,4641.71337890625,True,True,False,"[-0.6103515625, 15.3896484375, 45.3896484375]",1.1732374215019846e-05,0.057800914313719795,UNIQUE_OVERLAPPING_PHYSICAL_EVENT,1,13,True,144,64.80000000000004,88.0,1,9.433981132056603
v2_anchor_old_joint__baseline,6102,7102,8,10,4792.0,5042.0,1,1,0.28910917698214855,0.5315821213385119,0.28910917698214855,0.24247294435636335,0,,2,4938.583740234375,4,4911.84130859375,2,4893.70654296875,False,,,"[8.052734375, 30.052734375, 50.052734375]",0.000329297249831059,1.47551386759069e-34,NOT_ESTIMABLE_NO_OVERLAPPING_PHYSICAL_EVENT,0,,False,0,,,,
v2_anchor_old_joint__baseline,6102,7102,9,14,5960.0,6210.0,0,1,0.5014907460667092,0.5014907460667092,0.5215478030851648,-0.020057057018455615,2,6082.39306640625,1,6100.75732421875,3,6063.1533203125,3,6083.9873046875,True,False,True,"[-0.64208984375, 19.35791015625, 39.35791015625]",2.1304210297209298e-05,1.745597709520244e-18,UNIQUE_OVERLAPPING_PHYSICAL_EVENT,1,16,True,98,44.599999999999994,90.0,1,7.615773105863909
v2_anchor_old_joint__baseline,6102,7102,10,15,6226.0,6476.0,1,0,0.45733598883832594,0.7543067798015083,0.45733598883832594,0.29697079096318235,1,6292.48974609375,2,6380.176513671875,4,6346.295166015625,3,6339.85400390625,False,False,True,"[40.51025390625, 56.51025390625, 86.51025390625]",0.0001570346453515375,0.0,NOT_ESTIMABLE_NO_OVERLAPPING_PHYSICAL_EVENT,0,,False,0,,,,
v2_anchor_old_joint__baseline,6102,7102,11,18,7002.0,7252.0,1,1,0.38169367104516627,0.4013123149916746,0.38169367104516627,0.019618643946508307,4,7131.858642578125,2,7131.322998046875,3,7121.408203125,0,,,,,"[1.486328125, 15.486328125, 27.486328125]",1.8605399959183563e-16,0.0,NOT_ESTIMABLE_NO_OVERLAPPING_PHYSICAL_EVENT,0,,False,0,,,,
v2_anchor_old_joint__baseline,6102,7102,12,21,8702.0,8952.0,1,-1,0.9199462085621798,1.2712493292646938,0.9199462085621798,0.351303120702514,4,8711.515625,2,8856.69091796875,4,8823.7626953125,3,8803.958984375,False,False,True,"[3.65234375, 121.65234375, 147.65234375]",0.08183587122784822,1.8465515213438444e-05,UNIQUE_OVERLAPPING_PHYSICAL_EVENT,1,20,True,132,52.0,104.0,1,8.94427190999916
v2_anchor_old_joint__baseline,6102,7102,13,22,8984.0,9234.0,1,-1,0.8140179155792187,1.0729185612717866,0.8140179155792187,0.258900645692568,4,9008.62060546875,2,9108.77587890625,4,9109.86328125,0,,,,,"[0.9970703125, 94.9970703125, 116.9970703125]",0.030327083834114768,6.651410719852929e-05,UNIQUE_OVERLAPPING_PHYSICAL_EVENT,1,21,True,174,36.0,76.0,1,9.219544457292887
v2_anchor_old_joint__baseline,6102,7102,14,23,10266.0,10516.0,1,1,0.2846408456141153,0.4845094431605846,0.2846408456141153,0.1998685975464693,4,10388.30859375,2,10415.6025390625,4,10382.609375,0,,,,,"[1.62109375, 19.62109375, 41.62109375]",0.0004721695869896884,4.271618038607437e-15,NOT_ESTIMABLE_NO_OVERLAPPING_PHYSICAL_EVENT,0,,False,0,,,,
v2_anchor_old_joint__baseline,6102,7102,15,24,10538.0,10788.0,0,0,0.7873363062525607,0.7873363062525607,1.3164711934290245,-0.5291348871764638,4,10697.89794921875,2,10645.17333984375,2,10620.92431640625,3,10759.796875,True,True,False,"[6.392578125, 38.392578125, 144.392578125]",6.873509102858463e-05,0.005521842998146488,AMBIGUOUS_OVERLAP_CHOSEN_MAXIMUM_FOR_DESCRIPTION,3,24,True,160,58.4,116.0,1,9.486832980505138
v2_anchor_old_joint__baseline,6102,7102,16,30,12904.0,13154.0,1,1,0.2694026047230092,0.44197400923863733,0.2694026047230092,0.17257140451562814,0,,2,13050.6796875,4,13018.080078125,0,,,,,"[4.2431640625, 24.2431640625, 44.2431640625]",3.342643677913586e-11,2.8094515908880375e-21,AMBIGUOUS_OVERLAP_CHOSEN_MAXIMUM_FOR_DESCRIPTION,2,35,True,145,57.2,110.0,1,9.219544457292887
v2_anchor_old_joint__baseline,6102,7102,17,31,14046.0,14296.0,1,1,0.4138696862577837,0.44842576162340536,0.4138696862577837,0.034556075365621663,2,14195.6328125,1,14182.7392578125,4,14162.8291015625,3,14169.923828125,True,False,False,"[-3.6103515625, 10.3896484375, 28.3896484375]",3.7071682767611967e-06,0.0,NOT_ESTIMABLE_NO_OVERLAPPING_PHYSICAL_EVENT,0,,False,0,,,,
v2_anchor_old_joint__baseline,6102,7102,18,34,16798.0,17048.0,0,0,0.7529606241624216,0.7529606241624216,0.7238567628990517,0.029103861263369946,4,16897.263671875,2,16943.3681640625,2,16972.9609375,1,16954.787109375,False,False,False,"[0.30078125, 22.30078125, 64.30078125]",0.00035269742025189856,3.92270859485579e-40,UNIQUE_OVERLAPPING_PHYSICAL_EVENT,1,46,True,117,50.0,120.0,1,8.602325267042627
v2_anchor_old_joint__baseline,6102,7102,19,35,17074.0,17324.0,1,1,0.2832776421599129,0.45400552012845824,0.2832776421599129,0.17072787796854533,2,17192.5712890625,2,17220.7744140625,4,17189.3369140625,0,,,,,"[3.982421875, 21.982421875, 43.982421875]",7.776034600419681e-12,1.2017880964433989e-32,NOT_ESTIMABLE_NO_OVERLAPPING_PHYSICAL_EVENT,0,,False,0,,,,
v2_anchor_old_joint__baseline,6102,7102,20,36,17558.0,17808.0,1,1,0.40129354687835334,0.7096567549404805,0.40129354687835334,0.3083632080621272,2,17639.2412109375,2,17718.7763671875,4,17682.8642578125,3,17670.341796875,False,False,True,"[8.189453125, 38.189453125, 78.189453125]",5.3142056544750484e-05,0.0,AMBIGUOUS_OVERLAP_CHOSEN_MAXIMUM_FOR_DESCRIPTION,2,48,True,141,46.0,102.0,1,8.54400374531753
v2_anchor_old_joint__baseline,6102,7102,21,37,17828.0,18078.0,1,1,0.24744730872769388,0.5128555455882831,0.24744730872769388,0.2654082368605892,0,,2,17980.296875,4,17945.8466796875,3,17939.755859375,False,,,"[-1.904296875, 14.095703125, 42.095703125]",1.6412702982219443e-06,0.0,NOT_ESTIMABLE_NO_OVERLAPPING_PHYSICAL_EVENT,0,,False,0,,,,
v2_anchor_old_joint__baseline,6102,7102,22,38,18088.0,18338.0,1,1,0.2717061125140779,0.39137930818253425,0.2717061125140779,0.11967319566845636,1,18207.00390625,2,18231.203125,3,18203.34765625,0,,,,,"[3.234375, 19.234375, 37.234375]",1.905352391393891e-07,4.446692766353975e-21,NOT_ESTIMABLE_NO_OVERLAPPING_PHYSICAL_EVENT,0,,False,0,,,,
v2_anchor_old_joint__baseline,6102,7102,23,47,21642.0,21892.0,1,1,0.25719299456771993,0.5159320490300854,0.25719299456771993,0.25873905446236545,0,,2,21789.8701171875,4,21755.7880859375,1,21739.34375,False,,,"[7.65625, 29.65625, 53.65625]",3.3089451516526035e-07,1.8983036363253446e-20,UNIQUE_OVERLAPPING_PHYSICAL_EVENT,1,57,True,149,60.0,104.0,1,9.219544457292887
v2_anchor_old_joint__tau_d_GABA_ms_high,6101,7101,0,0,536.0,786.0,0,0,0.6754450459119213,0.6754450459119213,0.8994283632985857,-0.22398331738666433,4,619.9799194335938,2,643.447021484375,4,678.6747741699219,3,702.25732421875,False,False,False,"[11.55145263671875, 71.55145263671875, 97.55145263671875]",1.6574837387822715e-10,0.0,NOT_ESTIMABLE_NO_OVERLAPPING_PHYSICAL_EVENT,0,,False,0,,,,
v2_anchor_old_joint__tau_d_GABA_ms_high,6101,7101,1,1,1686.0,1936.0,0,-1,1.372727322245905,1.372727322245905,1.0930595319321017,0.2796677903138034,4,1818.5447387695312,2,1819.6173095703125,0,,1,1692.398193359375,,False,False,"[110.601806640625, 124.601806640625, 138.601806640625]",0.026278649994534886,1.681296865697998e-22,UNIQUE_OVERLAPPING_PHYSICAL_EVENT,1,3,True,71,60.0,112.0,1,6.324555320336759
v2_anchor_old_joint__tau_d_GABA_ms_high,6101,7101,2,2,2270.0,2520.0,1,0,0.5776306314647763,0.6479850530382532,0.5776306314647763,0.07035442157347682,4,2395.9788818359375,1,2411.52294921875,1,2396.850341796875,1,2342.424072265625,False,False,True,"[32.575927734375, 54.575927734375, 68.575927734375]",6.505889699512359e-06,0.0,UNIQUE_OVERLAPPING_PHYSICAL_EVENT,1,4,True,83,48.0,74.0,1,8.0
v2_anchor_old_joint__tau_d_GABA_ms_high,6101,7101,3,3,2590.0,2840.0,1,0,0.4552331850833137,0.5930985429972008,0.4552331850833137,0.1378653579138871,4,2742.319091796875,2,2732.659423828125,4,2701.2613525390625,3,2684.550537109375,False,False,False,"[7.848388671875, 41.848388671875, 67.848388671875]",1.2987832501143098e-06,7.569163705004641e-22,NOT_ESTIMABLE_NO_OVERLAPPING_PHYSICAL_EVENT,0,,False,0,,,,
v2_anchor_old_joint__tau_d_GABA_ms_high,6101,7101,4,4,2858.0,3108.0,1,0,0.4926658484346581,0.6222721043443282,0.4926658484346581,0.12960625590967012,3,3016.47705078125,2,3003.93505859375,4,2970.0325927734375,3,2947.3427734375,False,False,False,"[3.7763671875, 35.7763671875, 71.7763671875]",2.1244611761427356e-05,4.5168556409236013e-29,NOT_ESTIMABLE_NO_OVERLAPPING_PHYSICAL_EVENT,0,,False,0,,,,
v2_anchor_old_joint__tau_d_GABA_ms_high,6101,7101,5,5,3384.0,3634.0,0,1,0.2621519033946025,0.2621519033946025,0.27661479889753215,-0.014462895502929674,4,3509.863037109375,2,3519.4344482421875,4,3498.963134765625,3,3519.927978515625,True,False,False,"[-0.41455078125, 13.58544921875, 29.58544921875]",3.607435531882568e-05,6.294373003862762e-05,UNIQUE_OVERLAPPING_PHYSICAL_EVENT,1,5,True,56,42.0,84.0,1,5.385164807134504
v2_anchor_old_joint__tau_d_GABA_ms_high,6101,7101,6,6,3702.0,3952.0,1,0,0.4445083276841446,0.5330569022076721,0.4445083276841446,0.08854857452352749,4,3811.1358642578125,2,3844.46435546875,3,3835.37353515625,0,,,,,"[3.078857421875, 31.078857421875, 47.078857421875]",5.470897067513219e-08,3.594465159097426e-39,NOT_ESTIMABLE_NO_OVERLAPPING_PHYSICAL_EVENT,0,,False,0,,,,
v2_anchor_old_joint__tau_d_GABA_ms_high,6101,7101,7,7,4000.0,4250.0,0,1,0.39474162085551373,0.39474162085551373,0.4027181915214726,-0.00797657066595886,2,4131.1162109375,2,4120.927001953125,4,4130.882080078125,2,4113.037109375,False,False,False,"[-0.21044921875, 11.78955078125, 25.78955078125]",1.6256826466639783e-07,0.0,NOT_ESTIMABLE_NO_OVERLAPPING_PHYSICAL_EVENT,0,,False,0,,,,
v2_anchor_old_joint__tau_d_GABA_ms_high,6101,7101,8,8,4528.0,4778.0,1,1,0.2545210648375824,0.47633744671380496,0.2545210648375824,0.22181638187622255,4,4642.635009765625,2,4661.345703125,4,4653.268798828125,1,4638.77392578125,False,False,True,"[-1.7197265625, 14.2802734375, 30.2802734375]",2.106785277413242e-08,0.0,NOT_ESTIMABLE_NO_OVERLAPPING_PHYSICAL_EVENT,0,,False,0,,,,
v2_anchor_old_joint__tau_d_GABA_ms_high,6101,7101,9,9,5408.0,5658.0,1,-1,0.8790794937224085,1.2389196833136555,0.8790794937224085,0.3598401895912471,4,5531.2919921875,2,5545.54150390625,0,,2,5422.984130859375,,False,True,"[91.00537109375, 113.00537109375, 129.00537109375]",0.02028795076667836,1.3671143294823153e-16,AMBIGUOUS_OVERLAP_CHOSEN_MAXIMUM_FOR_DESCRIPTION,2,9,True,70,60.2,98.0,1,6.324555320336759
v2_anchor_old_joint__tau_d_GABA_ms_high,6101,7101,10,10,5722.0,5972.0,0,1,0.44197179005173765,0.44197179005173765,0.6088586523828152,-0.16688686233107758,3,5888.5166015625,2,5833.339111328125,4,5849.7392578125,0,,,,,"[-2.06689453125, 17.93310546875, 59.93310546875]",0.00015057963759623348,2.349647016568312e-47,AMBIGUOUS_OVERLAP_CHOSEN_MAXIMUM_FOR_DESCRIPTION,2,10,True,96,44.0,68.0,1,6.708203932499369
v2_anchor_old_joint__tau_d_GABA_ms_high,6101,7101,11,11,6496.0,6746.0,1,-1,0.7192360619847002,0.6384495271162016,0.7192360619847002,-0.08078653486849863,3,6714.548828125,2,6647.06982421875,4,6613.863525390625,3,6614.29541015625,False,False,False,"[-2.27880859375, 13.72119140625, 111.72119140625]",3.983633558890866e-06,0.005762288825874402,UNIQUE_OVERLAPPING_PHYSICAL_EVENT,1,14,True,117,43.599999999999994,88.0,1,8.246211251235321
v2_anchor_old_joint__tau_d_GABA_ms_high,6101,7101,12,12,6770.0,7020.0,1,1,0.2743673005203323,0.4864403007304016,0.2743673005203323,0.2120730002100693,0,,2,6918.889404296875,3,6882.44140625,3,6886.54296875,True,,,"[-3.61474609375, 10.38525390625, 40.38525390625]",0.0,3.621325181730033e-05,UNIQUE_OVERLAPPING_PHYSICAL_EVENT,1,15,True,110,40.2,66.0,1,7.615773105863909
v2_anchor_old_joint__tau_d_GABA_ms_high,6101,7101,13,15,7712.0,7962.0,1,0,0.616571589113486,0.825445689144096,0.616571589113486,0.20887410003061002,4,7772.799072265625,2,7854.13818359375,4,7835.611083984375,2,7849.935546875,True,False,True,"[7.51220703125, 75.51220703125, 93.51220703125]",1.4420003985446746e-05,4.6230965877104606e-08,UNIQUE_OVERLAPPING_PHYSICAL_EVENT,1,16,True,160,42.0,78.0,1,8.94427190999916
v2_anchor_old_joint__tau_d_GABA_ms_high,6101,7101,14,16,7988.0,8238.0,1,0,0.5386067973874828,0.6641623404414339,0.5386067973874828,0.125555543053951,1,8052.22607421875,2,8119.855712890625,4,8122.19580078125,3,8101.2744140625,False,False,True,"[46.77392578125, 62.77392578125, 78.77392578125]",6.7508744229298e-17,2.8552701317262406e-28,NOT_ESTIMABLE_NO_OVERLAPPING_PHYSICAL_EVENT,0,,False,0,,,,
v2_anchor_old_joint__tau_d_GABA_ms_high,6101,7101,15,17,8320.0,8570.0,0,1,0.4546094321498767,0.4546094321498767,0.43860696593427007,0.016002466215606637,4,8459.77294921875,2,8443.22216796875,4,8441.841796875,1,8427.869140625,False,False,False,"[1.130859375, 15.130859375, 41.130859375]",9.79204261559653e-06,0.0,NOT_ESTIMABLE_NO_OVERLAPPING_PHYSICAL_EVENT,0,,False,0,,,,
v2_anchor_old_joint__tau_d_GABA_ms_high,6101,7101,16,18,8594.0,8844.0,1,0,0.5923323081555172,0.6244736339144958,0.5923323081555172,0.032141325758978656,4,8758.2099609375,2,8728.90283203125,4,8697.67822265625,1,8683.990234375,False,False,False,"[9.009765625, 37.009765625, 81.009765625]",0.0,9.505907719335638e-17,NOT_ESTIMABLE_NO_OVERLAPPING_PHYSICAL_EVENT,0,,False,0,,,,
v2_anchor_old_joint__tau_d_GABA_ms_high,6101,7101,17,19,8852.0,9102.0,1,1,0.394891685686196,0.7297603792398343,0.394891685686196,0.3348686935536383,0,,2,9015.80419921875,2,8988.52587890625,2,8938.55712890625,False,,,"[3.0693359375, 61.0693359375, 83.0693359375]",0.00027519400248131445,0.0,UNIQUE_OVERLAPPING_PHYSICAL_EVENT,1,17,True,132,48.0,84.0,1,7.615773105863909
v2_anchor_old_joint__tau_d_GABA_ms_high,6101,7101,18,20,9142.0,9392.0,1,-1,1.325789753932416,1.3574414441455762,1.325789753932416,0.03165169021316028,2,9145.6552734375,2,9269.95849609375,3,9267.451171875,2,9256.017578125,False,False,True,"[106.5654296875, 120.5654296875, 132.5654296875]",0.04970716643132766,8.667662586741588e-10,AMBIGUOUS_OVERLAP_CHOSEN_MAXIMUM_FOR_DESCRIPTION,2,17,True,132,48.0,84.0,1,7.615773105863909
v2_anchor_old_joint__tau_d_GABA_ms_high,6101,7101,19,21,9404.0,9654.0,1,1,0.2662627785139565,0.3780964890664035,0.2662627785139565,0.11183371055244695,0,,2,9538.85595703125,4,9525.4560546875,0,,,,,"[-2.365234375, 9.634765625, 23.634765625]",0.0,0.0,UNIQUE_OVERLAPPING_PHYSICAL_EVENT,1,18,True,113,37.599999999999994,90.0,1,8.54400374531753
v2_anchor_old_joint__tau_d_GABA_ms_high,6101,7101,20,22,9982.0,10232.0,1,-1,1.0202635017065118,1.2634513551745419,1.0202635017065118,0.24318785346803007,4,10001.50830078125,2,10118.587890625,3,10101.8076171875,3,10114.14453125,True,False,True,"[4.6845703125, 112.6845703125, 130.6845703125]",0.05469444670929621,3.845800469588082e-06,AMBIGUOUS_OVERLAP_CHOSEN_MAXIMUM_FOR_DESCRIPTION,2,20,True,133,37.599999999999994,76.0,1,8.06225774829855
v2_anchor_old_joint__tau_d_GABA_ms_high,6101,7101,21,23,10304.0,10554.0,1,0,0.6220934747919418,0.984183299805288,0.6220934747919418,0.3620898250133462,3,10337.744140625,2,10447.8173828125,4,10412.6279296875,0,,,,,"[7.6533203125, 89.6533203125, 117.6533203125]",4.22313148207831e-05,1.667949585613832e-06,UNIQUE_OVERLAPPING_PHYSICAL_EVENT,1,21,True,118,72.0,96.0,1,7.211102550927978
v2_anchor_old_joint__tau_d_GABA_ms_high,6101,7101,22,24,11096.0,11346.0,1,1,0.30852544295902484,0.33458858331893787,0.30852544295902484,0.02606314035991303,4,11221.751953125,2,11218.26171875,4,11231.09423828125,3,11211.0400390625,False,False,False,"[0.3427734375, 16.3427734375, 34.3427734375]",1.063095812196405e-06,0.0,UNIQUE_OVERLAPPING_PHYSICAL_EVENT,1,25,True,74,55.4,136.0,1,7.280109889280518
v2_anchor_old_joint__tau_d_GABA_ms_high,6101,7101,23,25,11394.0,11644.0,1,0,0.4461867736629516,0.45770252866705163,0.4461867736629516,0.011515755004100015,2,11524.20849609375,2,11512.89794921875,4,11519.57470703125,2,11498.21435546875,False,False,False,"[4.109375, 20.109375, 38.109375]",7.700622811646431e-10,1.1694969959003801e-28,UNIQUE_OVERLAPPING_PHYSICAL_EVENT,1,25,True,74,55.4,136.0,1,7.280109889280518
v2_anchor_old_joint__tau_d_GABA_ms_high,6101,7101,24,26,11970.0,12220.0,1,0,0.5422941770444792,0.5351964359844907,0.5422941770444792,-0.007097741059988505,3,12150.1826171875,2,12109.9091796875,4,12080.0283203125,3,12092.6796875,True,False,False,"[-1.2451171875, 14.7548828125, 46.7548828125]",3.7181554617210202e-06,0.0,UNIQUE_OVERLAPPING_PHYSICAL_EVENT,1,28,True,76,67.0,102.0,1,6.4031242374328485
v2_anchor_old_joint__tau_d_GABA_ms_high,6101,7101,25,27,12298.0,12548.0,0,1,0.4077332242920127,0.4077332242920127,0.4205496826855136,-0.012816458393500929,4,12399.0458984375,2,12431.7685546875,4,12424.23974609375,3,12440.0380859375,True,False,False,"[7.7880859375, 35.7880859375, 51.7880859375]",8.466412203187289e-06,0.0,NOT_ESTIMABLE_NO_OVERLAPPING_PHYSICAL_EVENT,0,,False,0,,,,
v2_anchor_old_joint__tau_d_GABA_ms_high,6101,7101,26,28,13294.0,13544.0,1,-1,0.7254891493989465,0.716236612572334,0.7254891493989465,-0.009252536826612534,3,13483.9931640625,2,13420.39990234375,4,13419.189453125,3,13401.765625,False,False,False,"[1.984375, 15.984375, 35.984375]",0.000132742355058639,1.063484084050889e-06,NOT_ESTIMABLE_NO_OVERLAPPING_PHYSICAL_EVENT,0,,False,0,,,,
v2_anchor_old_joint__tau_d_GABA_ms_high,6101,7101,27,29,13570.0,13820.0,1,1,0.3845596486824538,0.5919257342372776,0.3845596486824538,0.20736608555482378,1,13738.11328125,2,13713.8427734375,4,13687.64501953125,3,13669.9111328125,False,False,False,"[0.33203125, 24.33203125, 48.33203125]",3.448261046975574e-21,2.121941486033407e-22,NOT_ESTIMABLE_NO_OVERLAPPING_PHYSICAL_EVENT,0,,False,0,,,,
v2_anchor_old_joint__tau_d_GABA_ms_high,6101,7101,28,32,14424.0,14674.0,1,1,0.23710296212692566,0.48826062958646876,0.23710296212692566,0.2511576674595431,0,,2,14571.67138671875,4,14540.31689453125,1,14525.8271484375,False,,,"[5.1728515625, 27.1728515625, 49.1728515625]",6.656205317386078e-13,1.9200443805204313e-11,AMBIGUOUS_OVERLAP_CHOSEN_MAXIMUM_FOR_DESCRIPTION,2,33,True,185,56.0,100.0,1,9.899494936611665
v2_anchor_old_joint__tau_d_GABA_ms_high,6101,7101,29,33,14674.0,14924.0,1,-1,1.2678405249277445,1.2510137288872172,1.2678405249277445,-0.01682679604052728,4,14915.40771484375,2,14826.27587890625,4,14794.9912109375,2,14770.47412109375,False,False,False,"[15.4404296875, 43.4404296875, 149.4404296875]",8.752332113392606e-05,0.12457527282146287,AMBIGUOUS_OVERLAP_CHOSEN_MAXIMUM_FOR_DESCRIPTION,3,35,True,170,58.199999999999996,100.0,1,9.219544457292887
v2_anchor_old_joint__tau_d_GABA_ms_high,6101,7101,30,34,14948.0,15198.0,1,-1,1.106527171676945,1.0418205027537872,1.106527171676945,-0.06470666892315768,4,15151.83447265625,2,15093.763671875,4,15063.13916015625,1,15049.40625,False,False,False,"[29.0849609375, 51.0849609375, 73.0849609375]",0.004230045321067241,0.011277179713075205,AMBIGUOUS_OVERLAP_CHOSEN_MAXIMUM_FOR_DESCRIPTION,2,37,True,175,57.19999999999999,100.0,1,8.602325267042627
v2_anchor_old_joint__tau_d_GABA_ms_high,6101,7101,31,35,15290.0,15540.0,1,-1,0.6855794722373186,0.6499277712048369,0.6855794722373186,-0.03565170103248172,2,15503.0380859375,2,15435.5263671875,4,15405.60302734375,1,15391.76953125,False,False,False,"[7.23046875, 27.23046875, 55.23046875]",3.141662305132777e-05,4.007798535747432e-06,AMBIGUOUS_OVERLAP_CHOSEN_MAXIMUM_FOR_DESCRIPTION,2,38,True,163,59.60000000000002,106.0,1,8.06225774829855
v2_anchor_old_joint__tau_d_GABA_ms_high,6101,7101,32,36,15548.0,15798.0,0,-1,0.966811724964896,0.966811724964896,1.4209866556907063,-0.4541749307258103,4,15784.61767578125,2,15691.6474609375,4,15662.07666015625,2,15785.3935546875,True,True,False,"[7.30859375, 37.30859375, 137.30859375]",0.0,0.15505338521080234,AMBIGUOUS_OVERLAP_CHOSEN_MAXIMUM_FOR_DESCRIPTION,3,40,True,194,57.400000000000034,98.0,1,10.0
v2_anchor_old_joint__tau_d_GABA_ms_high,6101,7101,33,39,16990.0,17240.0,1,1,0.3329715264668165,0.3927321373765272,0.3329715264668165,0.05976061090971069,3,17120.15625,2,17121.318359375,4,17109.2431640625,0,,,,,"[0.392578125, 16.392578125, 28.392578125]",8.558521006112424e-10,1.9289047605320243e-26,UNIQUE_OVERLAPPING_PHYSICAL_EVENT,1,45,True,73,66.0,120.0,1,5.385164807134504
v2_anchor_old_joint__tau_d_GABA_ms_high,6101,7101,34,40,17248.0,17498.0,0,1,0.3674627190565646,0.3674627190565646,0.44239196023308375,-0.07492924117651917,0,,2,17373.6962890625,2,17372.73046875,3,17378.142578125,False,,,"[-2.591796875, 9.408203125, 19.408203125]",2.91653647028293e-06,0.0,UNIQUE_OVERLAPPING_PHYSICAL_EVENT,1,45,True,73,66.0,120.0,1,5.385164807134504
v2_anchor_old_joint__tau_d_GABA_ms_high,6101,7101,35,41,17560.0,17810.0,1,-1,0.92297140133518,1.2081634380016102,0.92297140133518,0.2851920366664302,4,17583.173828125,2,17710.09765625,4,17678.5283203125,2,17662.2685546875,False,False,True,"[5.8359375, 103.8359375, 135.8359375]",0.033990396902444896,2.6990200061916812e-05,AMBIGUOUS_OVERLAP_CHOSEN_MAXIMUM_FOR_DESCRIPTION,2,47,True,174,58.0,94.0,1,8.602325267042627
v2_anchor_old_joint__tau_d_GABA_ms_high,6101,7101,36,42,19018.0,19268.0,0,0,0.6494583981349579,0.6494583981349579,0.6949280276184514,-0.045469629483493534,2,19211.125,2,19152.2470703125,4,19131.3076171875,3,19147.54296875,True,False,False,"[-2.732421875, 13.267578125, 33.267578125]",8.051559426276275e-05,2.8342527365386893e-07,UNIQUE_OVERLAPPING_PHYSICAL_EVENT,1,52,True,145,76.4,156.0,1,10.44030650891055
v2_anchor_old_joint__tau_d_GABA_ms_high,6101,7101,37,43,19268.0,19518.0,1,1,0.21072044327817352,0.475961011534128,0.21072044327817352,0.2652405682559545,0,,2,19414.169921875,1,19374.5,3,19388.31640625,True,,,"[2.5, 22.5, 42.5]",4.376194530283914e-46,0.0,UNIQUE_OVERLAPPING_PHYSICAL_EVENT,1,52,True,145,76.4,156.0,1,10.44030650891055
v2_anchor_old_joint__tau_d_GABA_ms_high,6101,7101,38,44,20072.0,20322.0,0,1,0.3561853072704955,0.3561853072704955,0.3361391375677311,0.020046169702764405,0,,2,20205.2705078125,1,20195.861328125,3,20202.294921875,True,,,"[0.234375, 10.234375, 22.234375]",6.104096139402209e-05,5.693933873335738e-25,UNIQUE_OVERLAPPING_PHYSICAL_EVENT,1,56,True,104,40.0,84.0,1,7.211102550927978
v2_anchor_old_joint__tau_d_GABA_ms_high,6101,7101,39,45,20332.0,20582.0,0,1,0.38940873977301926,0.38940873977301926,0.4908930830964276,-0.10148434332340833,4,20451.5986328125,1,20455.54296875,4,20460.8447265625,3,20476.8515625,False,False,False,"[10.0859375, 28.0859375, 46.0859375]",0.0006573019934031651,3.1861443187645644e-26,UNIQUE_OVERLAPPING_PHYSICAL_EVENT,1,56,True,104,40.0,84.0,1,7.211102550927978
v2_anchor_old_joint__tau_d_GABA_ms_high,6101,7101,40,46,21024.0,21274.0,1,1,0.1835008407449416,0.5042865649582222,0.1835008407449416,0.3207857242132806,4,21151.890625,2,21179.3486328125,4,21143.1826171875,3,21129.8046875,False,False,True,"[-2.0625, 21.9375, 49.9375]",2.9500357827262434e-15,3.6283662578446804e-19,NOT_ESTIMABLE_NO_OVERLAPPING_PHYSICAL_EVENT,0,,False,0,,,,
v2_anchor_old_joint__tau_d_GABA_ms_high,6101,7101,41,47,21486.0,21736.0,1,-1,1.0978028507970325,0.9213645550106966,1.0978028507970325,-0.17643829578633596,4,21727.4267578125,2,21630.96484375,4,21607.658203125,3,21607.97265625,False,False,False,"[-2.826171875, 15.173828125, 123.173828125]",2.770223060316273e-05,0.12801380948785987,AMBIGUOUS_OVERLAP_CHOSEN_MAXIMUM_FOR_DESCRIPTION,2,59,True,143,41.599999999999994,98.0,1,8.94427190999916
v2_anchor_old_joint__tau_d_GABA_ms_high,6101,7101,42,48,22096.0,22346.0,1,1,0.3409291000027359,0.432977255837219,0.3409291000027359,0.09204815583448311,3,22220.462890625,2,22223.4052734375,4,22218.8359375,3,22199.775390625,False,False,True,"[4.2734375, 22.2734375, 38.2734375]",0.00015128617116288976,2.96579653335408e-08,UNIQUE_OVERLAPPING_PHYSICAL_EVENT,1,62,True,78,58.599999999999994,96.0,1,5.385164807134504
v2_anchor_old_joint__tau_d_GABA_ms_high,6101,7101,43,49,22636.0,22886.0,1,0,0.6300023606742519,0.8196748056779978,0.6300023606742519,0.18967244500374592,3,22760.396484375,1,22772.5390625,3,22760.59765625,2,22706.4921875,False,False,True,"[3.0703125, 59.0703125, 75.0703125]",0.0001608163092222485,2.2943035305284776e-31,UNIQUE_OVERLAPPING_PHYSICAL_EVENT,1,64,True,90,44.20000000000002,106.0,1,7.615773105863909
v2_anchor_old_joint__tau_d_GABA_ms_high,6101,7101,44,50,22902.0,23152.0,0,1,0.3904520155170923,0.3904520155170923,0.3901543644744636,0.00029765104262868824,1,23038.232421875,2,23025.7490234375,1,23016.72265625,2,23018.1015625,False,False,False,"[-1.451171875, 8.548828125, 20.548828125]",4.6059269277243326e-05,0.0,UNIQUE_OVERLAPPING_PHYSICAL_EVENT,1,65,True,99,44.800000000000004,110.0,1,8.06225774829855
v2_anchor_old_joint__tau_d_GABA_ms_high,6101,7101,45,51,23220.0,23470.0,1,0,0.4985647266487521,0.6234978645935881,0.4985647266487521,0.12493313794483601,1,23465.349609375,2,23358.296875,4,23343.470703125,1,23330.37109375,False,False,False,"[4.62890625, 18.62890625, 32.62890625]",1.44881222579714e-06,0.00561604604160732,AMBIGUOUS_OVERLAP_CHOSEN_MAXIMUM_FOR_DESCRIPTION,2,66,True,146,89.0,136.0,1,8.06225774829855
v2_anchor_old_joint__tau_d_GABA_ms_high,6101,7102,0,0,548.0,798.0,0,1,0.40636736166686693,0.40636736166686693,0.5955989529700878,-0.18923159130322087,4,703.39697265625,2,659.429443359375,1,649.83447265625,3,668.6473999023438,True,True,False,"[-0.83447265625, 17.16552734375, 55.16552734375]",4.2176711958608365e-05,0.0,NOT_ESTIMABLE_NO_OVERLAPPING_PHYSICAL_EVENT,0,,False,0,,,,
v2_anchor_old_joint__tau_d_GABA_ms_high,6101,7102,1,1,1064.0,1314.0,1,-1,1.063162042680647,1.3252662360381944,1.063162042680647,0.2621041933575474,2,1078.4181518554688,2,1200.7037963867188,4,1181.0684814453125,1,1196.3951416015625,True,False,True,"[100.1397705078125, 116.1397705078125, 132.1397705078125]",0.009739650376529789,8.370690266382951e-05,AMBIGUOUS_OVERLAP_CHOSEN_MAXIMUM_FOR_DESCRIPTION,2,3,True,180,38.0,76.0,1,10.198039027185569
v2_anchor_old_joint__tau_d_GABA_ms_high,6101,7102,2,2,1736.0,1986.0,1,1,0.25443062006248673,0.574972985139954,0.25443062006248673,0.32054236507746725,0,,2,1890.453125,4,1858.7628173828125,3,1838.8074951171875,False,,,"[7.6680908203125, 31.6680908203125, 55.6680908203125]",5.658723671648767e-06,0.0,UNIQUE_OVERLAPPING_PHYSICAL_EVENT,1,7,True,183,58.0,148.0,1,9.848857801796104
v2_anchor_old_joint__tau_d_GABA_ms_high,6101,7102,3,3,2004.0,2254.0,1,-1,0.9914748568728969,1.1970950940477634,0.9914748568728969,0.20562023717486644,4,2023.8010864257812,2,2125.47119140625,4,2130.6837158203125,2,2113.8829345703125,False,False,True,"[2.5618896484375, 106.5618896484375, 134.5618896484375]",0.028573555933634302,1.9866186407831237e-07,AMBIGUOUS_OVERLAP_CHOSEN_MAXIMUM_FOR_DESCRIPTION,3,8,True,129,58.400000000000006,118.0,1,7.810249675906654
v2_anchor_old_joint__tau_d_GABA_ms_high,6101,7102,4,4,2542.0,2792.0,0,0,0.6054634044269265,0.6054634044269265,0.6464261864236006,-0.040962781996674136,4,2694.1185302734375,2,2671.1553955078125,4,2643.2413330078125,1,2720.0322265625,True,True,False,"[6.0830078125, 30.0830078125, 68.0830078125]",0.00018653268275725714,0.0,NOT_ESTIMABLE_NO_OVERLAPPING_PHYSICAL_EVENT,0,,False,0,,,,
v2_anchor_old_joint__tau_d_GABA_ms_high,6101,7102,5,5,3422.0,3672.0,1,-1,1.0054867361538071,0.9351908717773003,1.0054867361538071,-0.07029586437650681,4,3646.6824951171875,2,3572.066650390625,4,3538.87939453125,3,3539.29052734375,False,False,False,"[-2.26708984375, 21.73291015625, 117.73291015625]",0.00022124102951059682,0.02287350142353183,AMBIGUOUS_OVERLAP_CHOSEN_MAXIMUM_FOR_DESCRIPTION,2,13,True,138,58.599999999999994,106.0,1,8.54400374531753
v2_anchor_old_joint__tau_d_GABA_ms_high,6101,7102,6,6,3708.0,3958.0,0,1,0.3401480772961076,0.3401480772961076,0.34576046721235965,-0.00561238991625207,0,,2,3841.088134765625,2,3820.9188232421875,2,3849.8927001953125,True,,,"[2.083984375, 16.083984375, 30.083984375]",0.0,1.1843134190674143e-07,AMBIGUOUS_OVERLAP_CHOSEN_MAXIMUM_FOR_DESCRIPTION,4,15,True,61,36.0,88.0,1,5.830951894845301
v2_anchor_old_joint__tau_d_GABA_ms_high,6101,7102,7,7,4064.0,4314.0,1,0,0.5871736135255693,0.677848112170125,0.5871736135255693,0.09067449864455568,4,4224.563720703125,2,4202.744384765625,4,4171.111083984375,2,4154.166259765625,False,False,False,"[11.0693359375, 43.0693359375, 79.0693359375]",0.00016897929925772085,1.2332053494109154e-09,NOT_ESTIMABLE_NO_OVERLAPPING_PHYSICAL_EVENT,0,,False,0,,,,
v2_anchor_old_joint__tau_d_GABA_ms_high,6101,7102,8,8,4324.0,4574.0,1,1,0.238327269573723,0.4984882014915545,0.238327269573723,0.2601609319178315,0,,2,4465.373291015625,4,4445.32177734375,3,4426.11181640625,False,,,"[1.76416015625, 23.76416015625, 43.76416015625]",2.8787973999832103e-05,5.295332636320347e-28,NOT_ESTIMABLE_NO_OVERLAPPING_PHYSICAL_EVENT,0,,False,0,,,,
v2_anchor_old_joint__tau_d_GABA_ms_high,6101,7102,9,9,4624.0,4874.0,0,0,0.7187498309866232,0.7187498309866232,0.7237942514099022,-0.005044420423279017,4,4796.522705078125,2,4755.563232421875,4,4722.135498046875,0,,,,,"[6.60400390625, 40.60400390625, 92.60400390625]",4.4118619234802973e-14,6.535329422210084e-31,NOT_ESTIMABLE_NO_OVERLAPPING_PHYSICAL_EVENT,0,,False,0,,,,
v2_anchor_old_joint__tau_d_GABA_ms_high,6101,7102,10,10,5274.0,5524.0,1,-1,1.2400923516485267,1.127249295873878,1.2400923516485267,-0.1128430557746487,4,5514.693359375,2,5414.6630859375,4,5397.8955078125,3,5376.94091796875,False,False,False,"[1.63671875, 27.63671875, 53.63671875]",3.377682613395051e-05,0.04784063539173572,UNIQUE_OVERLAPPING_PHYSICAL_EVENT,1,17,True,120,38.0,100.0,2,8.06225774829855
v2_anchor_old_joint__tau_d_GABA_ms_high,6101,7102,11,11,5890.0,6140.0,1,1,0.31727069661857366,0.6047541046835787,0.31727069661857366,0.28748340806500505,4,5990.639892578125,1,6061.044921875,4,6028.70703125,3,6009.3896484375,False,False,True,"[6.71875, 36.71875, 68.71875]",5.862276667304106e-05,0.0,NOT_ESTIMABLE_NO_OVERLAPPING_PHYSICAL_EVENT,0,,False,0,,,,
v2_anchor_old_joint__tau_d_GABA_ms_high,6101,7102,12,12,6176.0,6426.0,0,0,0.7024853571102149,0.7024853571102149,0.8564216549285755,-0.1539362978183606,4,6331.5732421875,2,6283.7421875,3,6256.5224609375,1,6335.22265625,True,True,False,"[5.7099609375, 33.7099609375, 87.7099609375]",1.6904164654148124e-07,0.0,UNIQUE_OVERLAPPING_PHYSICAL_EVENT,1,20,True,190,54.19999999999999,90.0,1,10.0
v2_anchor_old_joint__tau_d_GABA_ms_high,6101,7102,13,13,6756.0,7006.0,1,1,0.24414034232102844,0.5181659520876225,0.24414034232102844,0.27402560976659407,4,6889.816650390625,2,6905.849853515625,4,6871.165283203125,3,6853.22216796875,False,False,True,"[3.09130859375, 31.09130859375, 55.09130859375]",0.00016817663917258224,0.0,NOT_ESTIMABLE_NO_OVERLAPPING_PHYSICAL_EVENT,0,,False,0,,,,
v2_anchor_old_joint__tau_d_GABA_ms_high,6101,7102,14,16,7672.0,7922.0,1,0,0.4801116272844104,0.43503109842561904,0.4801116272844104,-0.04508052885879138,0,,2,7784.840576171875,4,7777.166015625,1,7825.27490234375,True,,,"[-0.24560546875, 11.75439453125, 27.75439453125]",0.0002641615301306834,0.0,NOT_ESTIMABLE_NO_OVERLAPPING_PHYSICAL_EVENT,0,,False,0,,,,
v2_anchor_old_joint__tau_d_GABA_ms_high,6101,7102,15,17,7936.0,8186.0,1,1,0.3018055351161121,0.40795697228493255,0.3018055351161121,0.10615143716882047,1,8073.97119140625,2,8070.443115234375,4,8062.689697265625,2,8046.52783203125,False,False,False,"[2.6708984375, 16.6708984375, 30.6708984375]",7.258753526790271e-08,0.0,NOT_ESTIMABLE_NO_OVERLAPPING_PHYSICAL_EVENT,0,,False,0,,,,
v2_anchor_old_joint__tau_d_GABA_ms_high,6101,7102,16,18,8186.0,8436.0,1,1,0.27211161492189484,0.4245085534314155,0.27211161492189484,0.15239693850952069,0,,2,8333.4619140625,4,8303.978515625,0,,,,,"[5.5322265625, 23.5322265625, 41.5322265625]",0.0,1.4843836627887604e-26,UNIQUE_OVERLAPPING_PHYSICAL_EVENT,1,25,True,185,54.0,100.0,1,10.0
v2_anchor_old_joint__tau_d_GABA_ms_high,6101,7102,17,19,8452.0,8702.0,1,-1,0.7855142155108669,0.9015088512385925,0.7855142155108669,0.11599463572772561,4,8631.537109375,2,8595.6533203125,4,8559.19677734375,3,8536.271484375,False,False,False,"[4.73046875, 46.73046875, 104.73046875]",0.00021338150537305233,1.4850674252493606e-19,NOT_ESTIMABLE_NO_OVERLAPPING_PHYSICAL_EVENT,0,,False,0,,,,
v2_anchor_old_joint__tau_d_GABA_ms_high,6101,7102,18,22,9360.0,9610.0,0,-1,1.025272109823332,1.025272109823332,1.214322883986207,-0.18905077416287508,4,9590.97900390625,2,9458.59716796875,4,9503.2119140625,3,9484.1669921875,False,True,False,"[4.8505859375, 40.8505859375, 68.8505859375]",1.5280067589591353e-07,0.06887003559312384,AMBIGUOUS_OVERLAP_CHOSEN_MAXIMUM_FOR_DESCRIPTION,2,29,True,264,96.0,172.0,1,13.416407864998739
v2_anchor_old_joint__tau_d_GABA_ms_high,6101,7102,19,25,10168.0,10418.0,1,1,0.31760282280329605,0.5104770303768161,0.31760282280329605,0.19287420757352008,4,10294.41796875,2,10301.78759765625,4,10280.0888671875,1,10262.3671875,False,False,True,"[12.6328125, 30.6328125, 44.6328125]",2.1543754763177844e-05,1.5002942120718725e-28,UNIQUE_OVERLAPPING_PHYSICAL_EVENT,1,31,True,115,40.40000000000002,86.0,1,8.246211251235321
v2_anchor_old_joint__tau_d_GABA_ms_high,6101,7102,20,26,10434.0,10684.0,1,1,0.36992331895047126,0.5232601224203457,0.36992331895047126,0.15333680346987444,4,10586.236328125,2,10577.32177734375,4,10545.314453125,3,10537.1279296875,False,False,False,"[4.23828125, 34.23828125, 58.23828125]",6.404821336572974e-07,0.0,UNIQUE_OVERLAPPING_PHYSICAL_EVENT,1,32,True,75,68.0,126.0,1,5.830951894845301
v2_anchor_old_joint__tau_d_GABA_ms_high,6101,7102,21,27,10710.0,10960.0,0,1,0.42361841397446476,0.42361841397446476,0.5406556963633843,-0.11703728238891953,1,10831.6318359375,2,10815.72412109375,4,10852.431640625,3,10827.564453125,False,True,False,"[4.0751953125, 22.0751953125, 46.0751953125]",1.7452296243123963e-06,1.2826516165089159e-17,UNIQUE_OVERLAPPING_PHYSICAL_EVENT,1,32,True,75,68.0,126.0,1,5.830951894845301
v2_anchor_old_joint__tau_d_GABA_ms_high,6101,7102,22,28,10972.0,11222.0,1,1,0.38591233061354685,0.38271360743483085,0.38591233061354685,-0.003198723178716001,3,11096.39453125,2,11089.853515625,4,11100.79638671875,1,11085.43359375,False,False,False,"[-0.43359375, 11.56640625, 27.56640625]",1.3190413971557764e-08,4.680425191320744e-26,NOT_ESTIMABLE_NO_OVERLAPPING_PHYSICAL_EVENT,0,,False,0,,,,
v2_anchor_old_joint__tau_d_GABA_ms_high,6101,7102,23,29,11252.0,11502.0,1,1,0.2708899529012556,0.645770392957995,0.2708899529012556,0.3748804400567394,4,11355.91064453125,2,11419.99267578125,4,11385.76904296875,3,11370.6884765625,False,False,True,"[6.6474609375, 32.6474609375, 70.6474609375]",5.8880254022847725e-08,0.0,NOT_ESTIMABLE_NO_OVERLAPPING_PHYSICAL_EVENT,0,,False,0,,,,
v2_anchor_old_joint__tau_d_GABA_ms_high,6101,7102,24,30,11540.0,11790.0,1,1,0.22523700407113295,0.46920077469947463,0.22523700407113295,0.24396377062834168,0,,2,11684.97705078125,4,11658.4423828125,1,11644.2080078125,False,,,"[6.7919921875, 26.7919921875, 44.7919921875]",0.0,0.0,NOT_ESTIMABLE_NO_OVERLAPPING_PHYSICAL_EVENT,0,,False,0,,,,
v2_anchor_old_joint__tau_d_GABA_ms_high,6101,7102,25,31,11814.0,12064.0,1,1,0.2756153725163196,0.4554833273374352,0.2756153725163196,0.17986795482111556,2,11926.6826171875,2,11962.01220703125,4,11932.9736328125,0,,,,,"[4.0791015625, 22.0791015625, 42.0791015625]",2.607363076796576e-05,3.330211530476216e-15,AMBIGUOUS_OVERLAP_CHOSEN_MAXIMUM_FOR_DESCRIPTION,2,33,True,207,52.0,96.0,1,9.219544457292887
v2_anchor_old_joint__tau_d_GABA_ms_high,6101,7102,26,32,12096.0,12346.0,1,1,0.41278916170540614,0.430384950993539,0.41278916170540614,0.01759578928813288,3,12235.3486328125,2,12224.57861328125,4,12221.02294921875,2,12203.56005859375,False,False,False,"[6.3662109375, 22.3662109375, 38.3662109375]",5.5874322963796464e-06,0.0,AMBIGUOUS_OVERLAP_CHOSEN_MAXIMUM_FOR_DESCRIPTION,2,34,True,111,40.0,80.0,1,8.54400374531753
v2_anchor_old_joint__tau_d_GABA_ms_high,6101,7102,27,33,12358.0,12608.0,0,1,0.37709156870634447,0.37709156870634447,0.39018647153765407,-0.013094902831309596,4,12501.7470703125,2,12491.15673828125,4,12473.66455078125,0,,,,,"[-4.654296875, 13.345703125, 37.345703125]",0.0,2.7792196238532892e-36,UNIQUE_OVERLAPPING_PHYSICAL_EVENT,1,35,True,90,40.80000000000003,90.0,1,8.246211251235321
v2_anchor_old_joint__tau_d_GABA_ms_high,6101,7102,28,34,12610.0,12860.0,1,1,0.2653693816605543,0.43428891072896264,0.2653693816605543,0.16891952906840835,0,,2,12747.83349609375,4,12734.55908203125,3,12718.65625,False,,,"[-1.0419921875, 16.9580078125, 32.9580078125]",1.7371973443049991e-09,0.0,UNIQUE_OVERLAPPING_PHYSICAL_EVENT,1,36,True,89,48.0,86.0,1,6.324555320336759
v2_anchor_old_joint__tau_d_GABA_ms_high,6101,7102,29,35,12892.0,13142.0,1,1,0.429645125526951,0.5571385988947772,0.429645125526951,0.12749347336782624,1,13059.37890625,2,13036.06396484375,4,13004.53955078125,1,12990.09765625,False,False,False,"[6.90234375, 26.90234375, 48.90234375]",2.6383288544266076e-14,3.9902348831348825e-27,UNIQUE_OVERLAPPING_PHYSICAL_EVENT,1,37,True,198,54.599999999999994,94.0,1,10.63014581273465
v2_anchor_old_joint__tau_d_GABA_ms_high,6101,7102,30,36,14372.0,14622.0,0,1,0.30556612173143666,0.30556612173143666,0.7258551572258929,-0.42028903549445623,4,14500.79345703125,2,14464.73583984375,4,14494.291015625,3,14524.8203125,False,True,False,"[3.4482421875, 29.4482421875, 53.4482421875]",0.00012979280136686137,0.0,NOT_ESTIMABLE_NO_OVERLAPPING_PHYSICAL_EVENT,0,,False,0,,,,
v2_anchor_old_joint__tau_d_GABA_ms_high,6101,7102,31,37,14856.0,15106.0,0,1,0.3580593542402742,0.3580593542402742,0.5069356800956838,-0.1488763258554096,4,15009.7021484375,2,14978.32666015625,4,14966.20703125,3,14990.7666015625,True,True,False,"[-1.9716796875, 16.0283203125, 46.0283203125]",4.962905889282051e-07,0.0,NOT_ESTIMABLE_NO_OVERLAPPING_PHYSICAL_EVENT,0,,False,0,,,,
v2_anchor_old_joint__tau_d_GABA_ms_high,6101,7102,32,38,16308.0,16558.0,0,1,0.44719150090713866,0.44719150090713866,0.5556530921274552,-0.10846159122031651,4,16464.59375,0,,3,16417.142578125,3,16406.23046875,,,,"[-2.59765625, 49.40234375, 73.40234375]",4.841466703110811e-05,0.0,NOT_ESTIMABLE_NO_OVERLAPPING_PHYSICAL_EVENT,0,,False,0,,,,
v2_anchor_old_joint__tau_d_GABA_ms_high,6101,7102,33,39,16594.0,16844.0,1,1,0.3103651087084224,0.4032124025848173,0.3103651087084224,0.0928472938763949,0,,2,16730.6044921875,2,16724.3740234375,3,16708.8828125,False,,,"[-1.828125, 14.171875, 30.171875]",1.9799319379168675e-05,0.0,NOT_ESTIMABLE_NO_OVERLAPPING_PHYSICAL_EVENT,0,,False,0,,,,
v2_anchor_old_joint__tau_d_GABA_ms_high,6101,7102,34,40,16852.0,17102.0,0,1,0.3473584139055331,0.3473584139055331,0.39307071316239217,-0.045712299256859046,0,,2,16983.7568359375,1,16965.3046875,3,16984.693359375,True,,,"[1.6953125, 13.6953125, 25.6953125]",0.0,4.1323718283163056e-25,AMBIGUOUS_OVERLAP_CHOSEN_MAXIMUM_FOR_DESCRIPTION,2,44,True,170,46.0,90.0,1,8.94427190999916
v2_anchor_old_joint__tau_d_GABA_ms_high,6101,7102,35,41,17452.0,17702.0,0,1,0.4237897649688037,0.4237897649688037,0.4637628135958942,-0.0399730486270905,2,17600.5693359375,2,17572.7919921875,4,17568.44921875,1,17575.486328125,True,True,False,"[-0.341796875, 11.658203125, 39.658203125]",5.528139027626161e-05,1.13882090780557e-10,UNIQUE_OVERLAPPING_PHYSICAL_EVENT,1,46,True,84,52.800000000000004,112.0,1,5.656854249492381
v2_anchor_old_joint__tau_d_GABA_ms_high,6101,7102,36,42,18008.0,18258.0,1,1,0.38479961040726857,0.6627046227276967,0.38479961040726857,0.27790501232042814,4,18104.6279296875,2,18170.9609375,4,18136.228515625,1,18122.412109375,False,False,True,"[5.9921875, 39.9921875, 75.9921875]",1.3241720238353654e-05,0.0,NOT_ESTIMABLE_NO_OVERLAPPING_PHYSICAL_EVENT,0,,False,0,,,,
v2_anchor_old_joint__tau_d_GABA_ms_high,6101,7102,37,43,18298.0,18548.0,0,1,0.47727998541193717,0.47727998541193717,0.5106657633570585,-0.03338577794512132,1,18397.796875,2,18420.3955078125,4,18419.8447265625,2,18442.29296875,False,False,False,"[9.203125, 23.203125, 45.203125]",1.8332493482937673e-18,9.47153163712299e-13,NOT_ESTIMABLE_NO_OVERLAPPING_PHYSICAL_EVENT,0,,False,0,,,,
v2_anchor_old_joint__tau_d_GABA_ms_high,6101,7102,38,44,18552.0,18802.0,1,1,0.36463088330670307,0.6083698223760698,0.36463088330670307,0.24373893906936678,4,18647.158203125,2,18710.3583984375,4,18678.5419921875,0,,,,,"[5.30078125, 43.30078125, 73.30078125]",2.3160249611942765e-11,0.0,NOT_ESTIMABLE_NO_OVERLAPPING_PHYSICAL_EVENT,0,,False,0,,,,
v2_anchor_old_joint__tau_d_GABA_ms_high,6101,7102,39,47,19576.0,19826.0,1,1,0.23769228252040303,0.48853859457963245,0.23769228252040303,0.2508463120592294,0,,2,19723.8623046875,4,19692.6142578125,1,19677.97265625,False,,,"[7.02734375, 27.02734375, 49.02734375]",0.0,1.1149744992772584e-33,AMBIGUOUS_OVERLAP_CHOSEN_MAXIMUM_FOR_DESCRIPTION,2,49,True,185,57.199999999999996,94.0,1,9.899494936611665
v2_anchor_old_joint__tau_d_GABA_ms_high,6101,7102,40,48,19834.0,20084.0,1,0,0.5687412492891788,0.8832934599517703,0.5687412492891788,0.31455221066259154,4,19890.1220703125,2,19973.857421875,4,19967.76953125,0,,,,,"[-4.56640625, 63.43359375, 99.43359375]",0.000950395779328815,3.8041303731056635e-26,NOT_ESTIMABLE_NO_OVERLAPPING_PHYSICAL_EVENT,0,,False,0,,,,
v2_anchor_old_joint__tau_d_GABA_ms_high,6101,7102,41,49,20114.0,20364.0,1,1,0.25786123468213085,0.5336889707172492,0.25786123468213085,0.27582773603511834,4,20238.0322265625,2,20269.103515625,4,20234.0732421875,1,20221.150390625,False,False,True,"[3.849609375, 21.849609375, 43.849609375]",1.1063843389358186e-08,1.174088258310866e-22,NOT_ESTIMABLE_NO_OVERLAPPING_PHYSICAL_EVENT,0,,False,0,,,,
v2_anchor_old_joint__tau_d_GABA_ms_high,6101,7102,42,50,20386.0,20636.0,0,1,0.4002990347627507,0.4002990347627507,0.48599514300869817,-0.08569610824594748,3,20538.119140625,2,20511.265625,3,20505.849609375,2,20514.935546875,True,True,False,"[2.013671875, 16.013671875, 38.013671875]",2.8113814157558505e-10,0.0,NOT_ESTIMABLE_NO_OVERLAPPING_PHYSICAL_EVENT,0,,False,0,,,,
v2_anchor_old_joint__tau_d_GABA_ms_high,6101,7102,43,51,20672.0,20922.0,1,1,0.3822227929481107,0.3468857413631394,0.3822227929481107,-0.0353370515849713,0,,2,20794.48828125,4,20799.0517578125,1,20783.810546875,False,,,"[-0.810546875, 11.189453125, 23.189453125]",5.151967222766257e-12,0.0,UNIQUE_OVERLAPPING_PHYSICAL_EVENT,1,50,True,94,44.0,116.0,2,7.280109889280518
v2_anchor_old_joint__tau_d_GABA_ms_high,6101,7102,44,52,21212.0,21462.0,1,-1,0.766710582398648,0.8227456143172104,0.766710582398648,0.056035031918562406,3,21307.349609375,2,21352.0400390625,4,21337.67578125,1,21452.521484375,True,False,False,"[13.833984375, 39.833984375, 55.833984375]",3.1486261084744756e-05,0.007820504693684772,UNIQUE_OVERLAPPING_PHYSICAL_EVENT,1,51,True,52,35.8,86.0,1,4.47213595499958
v2_anchor_old_joint__tau_d_GABA_ms_high,6101,7102,45,53,21702.0,21952.0,1,1,0.29903234320802596,0.5736146518854829,0.29903234320802596,0.2745823086774569,0,,2,21852.384765625,4,21821.1396484375,2,21802.390625,False,,,"[12.669921875, 32.669921875, 56.669921875]",1.2565555443789337e-05,7.012625695837931e-20,UNIQUE_OVERLAPPING_PHYSICAL_EVENT,1,53,True,210,60.199999999999996,100.0,1,9.433981132056603
v2_anchor_old_joint__tau_d_GABA_ms_high,6101,7102,46,54,21962.0,22212.0,1,0,0.5454536431061041,0.5599403211368735,0.5454536431061041,0.014486678030769418,3,22105.640625,2,22097.0234375,3,22080.505859375,3,22076.162109375,False,False,False,"[-3.6796875, 14.3203125, 32.3203125]",6.893948389701715e-05,0.0019737958815778814,UNIQUE_OVERLAPPING_PHYSICAL_EVENT,1,54,True,93,43.599999999999994,130.0,1,7.615773105863909
v2_anchor_old_joint__tau_d_GABA_ms_high,6101,7102,47,55,22590.0,22840.0,0,-1,1.0201570013519796,1.0201570013519796,1.016822657171734,0.0033343441802455853,0,,2,22601.494140625,4,22706.6474609375,3,22713.888671875,False,,,"[-0.921875, 111.078125, 127.078125]",0.13529613809671445,6.0922629644656174e-09,AMBIGUOUS_OVERLAP_CHOSEN_MAXIMUM_FOR_DESCRIPTION,3,58,True,106,40.0,128.0,1,7.615773105863909
v2_anchor_old_joint__tau_d_GABA_ms_high,6101,7102,48,56,23002.0,23252.0,0,1,0.2980243767299123,0.2980243767299123,0.41628495745224303,-0.11826058072233075,0,,2,23132.1591796875,4,23123.728515625,3,23140.2421875,True,,,"[-1.95703125, 10.04296875, 28.04296875]",0.006420208030143078,3.499520671643039e-24,AMBIGUOUS_OVERLAP_CHOSEN_MAXIMUM_FOR_DESCRIPTION,2,62,True,195,47.199999999999996,96.0,1,9.848857801796104
v2_anchor_old_joint__tau_d_GABA_ms_high,6101,7102,49,57,23550.0,23800.0,0,1,0.35471449148614226,0.35471449148614226,0.534549331086861,-0.17983483960071872,2,23706.7578125,2,23671.142578125,4,23669.42578125,3,23693.751953125,False,True,False,"[-4.583984375, 11.416015625, 35.416015625]",2.815788163709966e-05,0.0,NOT_ESTIMABLE_NO_OVERLAPPING_PHYSICAL_EVENT,0,,False,0,,,,
v2_anchor_old_joint__tau_d_GABA_ms_high,6102,7101,0,0,592.0,842.0,1,1,0.34628125246209995,0.4154980158662454,0.34628125246209995,0.06921676340414545,4,719.2478942871094,2,719.2503662109375,4,711.0764770507812,0,,,,,"[3.308349609375, 17.308349609375, 29.308349609375]",1.0966070053052702e-06,4.64050257074389e-39,NOT_ESTIMABLE_NO_OVERLAPPING_PHYSICAL_EVENT,0,,False,0,,,,
v2_anchor_old_joint__tau_d_GABA_ms_high,6102,7101,1,4,1518.0,1768.0,1,-1,0.9853914120147372,0.8967226227636056,0.9853914120147372,-0.08866878925113164,2,1763.0170288085938,2,1657.6341552734375,4,1639.9657592773438,1,1627.1982421875,False,False,False,"[3.8017578125, 19.8017578125, 37.8017578125]",4.790818832030858e-05,0.0284336237318756,UNIQUE_OVERLAPPING_PHYSICAL_EVENT,1,4,True,128,48.599999999999994,106.0,1,8.94427190999916
v2_anchor_old_joint__tau_d_GABA_ms_high,6102,7101,2,5,1818.0,2068.0,1,1,0.27098198548091956,0.4287088047257848,0.27098198548091956,0.15772681924486526,0,,2,1962.3220825195312,4,1932.05712890625,0,,,,,"[1.648681640625, 21.648681640625, 41.648681640625]",5.299427008524876e-07,1.2573225109926597e-41,UNIQUE_OVERLAPPING_PHYSICAL_EVENT,1,4,True,128,48.599999999999994,106.0,1,8.94427190999916
v2_anchor_old_joint__tau_d_GABA_ms_high,6102,7101,3,6,2742.0,2992.0,1,-1,0.9171175910079695,1.2609231155914127,0.9171175910079695,0.34380552458344316,4,2752.8302001953125,2,2898.525146484375,4,2864.4376220703125,3,2847.041748046875,False,False,True,"[-0.3857421875, 109.6142578125, 143.6142578125]",0.11258106906579128,5.714294105986887e-05,AMBIGUOUS_OVERLAP_CHOSEN_MAXIMUM_FOR_DESCRIPTION,2,8,True,165,62.39999999999999,128.0,1,8.602325267042627
v2_anchor_old_joint__tau_d_GABA_ms_high,6102,7101,4,7,3018.0,3268.0,1,1,0.34817591244345975,0.41843579083106813,0.34817591244345975,0.07025987838760839,3,3146.27978515625,2,3144.5093994140625,4,3141.7125244140625,2,3125.77490234375,False,False,False,"[5.384033203125, 21.384033203125, 35.384033203125]",1.3874957162302494e-05,6.791408401746065e-26,NOT_ESTIMABLE_NO_OVERLAPPING_PHYSICAL_EVENT,0,,False,0,,,,
v2_anchor_old_joint__tau_d_GABA_ms_high,6102,7101,5,8,3306.0,3556.0,1,1,0.38902611721104485,0.3663626339041299,0.38902611721104485,-0.022663483306914978,3,3431.92041015625,2,3421.767578125,4,3437.511474609375,2,3418.9498291015625,False,False,False,"[0.39404296875, 14.39404296875, 30.39404296875]",2.0796937189141708e-16,6.049655681012888e-07,UNIQUE_OVERLAPPING_PHYSICAL_EVENT,1,9,True,113,57.599999999999994,130.0,1,6.4031242374328485
v2_anchor_old_joint__tau_d_GABA_ms_high,6102,7101,6,9,3918.0,4168.0,1,1,0.2546048262457843,0.5760189998937377,0.2546048262457843,0.32141417364795344,0,,2,4071.3916015625,4,4039.358642578125,3,4018.3232421875,False,,,"[6.71337890625, 30.71337890625, 56.71337890625]",0.00029006835306665733,1.7564041893303346e-23,UNIQUE_OVERLAPPING_PHYSICAL_EVENT,1,11,True,198,60.0,94.0,1,9.219544457292887
v2_anchor_old_joint__tau_d_GABA_ms_high,6102,7101,7,10,4244.0,4494.0,0,1,0.35046080614556974,0.35046080614556974,0.4787959124820039,-0.1283351063364342,2,4368.11865234375,2,4365.474853515625,2,4368.816650390625,3,4372.55126953125,False,True,False,"[0.57275390625, 12.57275390625, 22.57275390625]",2.6566083077566926e-07,0.0,NOT_ESTIMABLE_NO_OVERLAPPING_PHYSICAL_EVENT,0,,False,0,,,,
v2_anchor_old_joint__tau_d_GABA_ms_high,6102,7101,8,11,4524.0,4774.0,1,1,0.37570172568432636,0.5235690549841541,0.37570172568432636,0.1478673292998277,3,4663.32177734375,2,4659.062255859375,4,4638.1591796875,2,4622.70556640625,False,False,False,"[7.72412109375, 29.72412109375, 47.72412109375]",5.644562498231419e-11,7.537421604074486e-07,UNIQUE_OVERLAPPING_PHYSICAL_EVENT,1,12,True,92,51.80000000000001,116.0,1,5.830951894845301
v2_anchor_old_joint__tau_d_GABA_ms_high,6102,7101,9,12,4786.0,5036.0,1,1,0.3470681811535667,0.44034529307566517,0.3470681811535667,0.09327711192209848,0,,2,4924.408203125,4,4893.618408203125,2,4921.74365234375,True,,,"[6.40869140625, 26.40869140625, 46.40869140625]",6.294041706347762e-14,0.0,AMBIGUOUS_OVERLAP_CHOSEN_MAXIMUM_FOR_DESCRIPTION,2,13,True,190,56.0,94.0,1,10.0
v2_anchor_old_joint__tau_d_GABA_ms_high,6102,7101,10,13,5102.0,5352.0,1,-1,0.9456110445206448,1.2179531298122734,0.9456110445206448,0.2723420852916286,4,5109.835205078125,2,5229.834228515625,4,5226.108154296875,3,5204.6953125,False,False,True,"[9.09033203125, 115.09033203125, 147.09033203125]",0.09189670810352712,0.0003218578947816587,AMBIGUOUS_OVERLAP_CHOSEN_MAXIMUM_FOR_DESCRIPTION,2,15,True,124,43.4,92.0,1,7.211102550927978
v2_anchor_old_joint__tau_d_GABA_ms_high,6102,7101,11,14,5576.0,5826.0,0,1,0.30862649463333913,0.30862649463333913,0.4071664691703948,-0.09853997453705565,4,5711.528564453125,0,,3,5691.22412109375,3,5705.732421875,,,,"[0.84130859375, 20.84130859375, 34.84130859375]",7.634810905217256e-08,3.576727079227294e-33,NOT_ESTIMABLE_NO_OVERLAPPING_PHYSICAL_EVENT,0,,False,0,,,,
v2_anchor_old_joint__tau_d_GABA_ms_high,6102,7101,12,15,6026.0,6276.0,1,1,0.3624132053699815,0.3991840547772717,0.3624132053699815,0.036770849407290196,4,6136.81689453125,2,6153.10107421875,4,6163.39208984375,2,6149.6884765625,False,False,True,"[11.38427734375, 29.38427734375, 47.38427734375]",0.007545707580202817,1.8697175953205837e-16,NOT_ESTIMABLE_NO_OVERLAPPING_PHYSICAL_EVENT,0,,False,0,,,,
v2_anchor_old_joint__tau_d_GABA_ms_high,6102,7101,13,16,6678.0,6928.0,1,1,0.3703712759865744,0.4069529799966962,0.3703712759865744,0.03658170401012184,4,6821.94091796875,2,6808.896240234375,4,6800.369384765625,2,6783.776123046875,False,False,False,"[9.27392578125, 25.27392578125, 45.27392578125]",0.00030492214054965195,0.0,NOT_ESTIMABLE_NO_OVERLAPPING_PHYSICAL_EVENT,0,,False,0,,,,
v2_anchor_old_joint__tau_d_GABA_ms_high,6102,7101,14,17,7282.0,7532.0,1,-1,0.83526210891363,0.8751168614289266,0.83526210891363,0.03985475251529669,4,7468.542236328125,2,7421.825927734375,4,7387.373046875,2,7369.542724609375,False,False,False,"[9.58544921875, 43.58544921875, 107.58544921875]",0.0002929826635391068,1.33052628859717e-09,UNIQUE_OVERLAPPING_PHYSICAL_EVENT,1,22,True,110,122.40000000000002,156.0,1,8.602325267042627
v2_anchor_old_joint__tau_d_GABA_ms_high,6102,7101,15,18,7776.0,8026.0,1,1,0.384601084424467,0.42197180070426576,0.384601084424467,0.037370716279798766,2,7930.37109375,2,7914.980712890625,4,7887.66845703125,3,7902.5830078125,True,False,False,"[-3.95703125, 14.04296875, 34.04296875]",0.002502651016830167,0.0,AMBIGUOUS_OVERLAP_CHOSEN_MAXIMUM_FOR_DESCRIPTION,2,23,True,109,36.0,86.0,1,7.615773105863909
v2_anchor_old_joint__tau_d_GABA_ms_high,6102,7101,16,19,8368.0,8618.0,1,1,0.24102304101391456,0.495049234906449,0.24102304101391456,0.25402619389253445,0,,2,8516.39111328125,4,8483.56884765625,1,8469.021484375,False,,,"[3.978515625, 25.978515625, 49.978515625]",6.1872416150203324e-12,7.553479727548023e-25,AMBIGUOUS_OVERLAP_CHOSEN_MAXIMUM_FOR_DESCRIPTION,2,25,True,175,54.0,84.0,1,9.433981132056603
v2_anchor_old_joint__tau_d_GABA_ms_high,6102,7101,17,20,8640.0,8890.0,1,0,0.6401192287677842,0.8216844735265145,0.6401192287677842,0.18156524475873037,4,8693.1201171875,2,8786.30029296875,4,8770.109375,3,8758.6337890625,False,False,True,"[6.8525390625, 82.8525390625, 104.8525390625]",0.00019424097114844574,1.4020284683149457e-06,UNIQUE_OVERLAPPING_PHYSICAL_EVENT,1,26,True,112,53.80000000000001,106.0,1,7.280109889280518
v2_anchor_old_joint__tau_d_GABA_ms_high,6102,7101,18,21,8924.0,9174.0,1,1,0.3508444606906757,0.47019718120058734,0.3508444606906757,0.11935272050991164,3,9022.3212890625,2,9066.69140625,3,9057.1396484375,3,9040.1787109375,False,False,True,"[3.3291015625, 29.3291015625, 49.3291015625]",6.016880201467086e-06,0.0,NOT_ESTIMABLE_NO_OVERLAPPING_PHYSICAL_EVENT,0,,False,0,,,,
v2_anchor_old_joint__tau_d_GABA_ms_high,6102,7101,19,22,9470.0,9720.0,1,-1,0.8011944214504803,0.8966303707168908,0.8011944214504803,0.09543594926641052,4,9655.08642578125,2,9614.74951171875,4,9578.69482421875,3,9556.47265625,False,False,False,"[4.6220703125, 54.6220703125, 108.6220703125]",3.960195170076543e-06,1.1170446006213865e-09,UNIQUE_OVERLAPPING_PHYSICAL_EVENT,1,28,True,111,42.0,104.0,1,8.246211251235321
v2_anchor_old_joint__tau_d_GABA_ms_high,6102,7101,20,23,9804.0,10054.0,0,0,0.7619155887920686,0.7619155887920686,0.8157508049025202,-0.05383521611045161,4,9988.44970703125,2,9967.60302734375,4,9915.4248046875,3,9938.9970703125,True,False,False,"[2.826171875, 30.826171875, 90.826171875]",2.571586792362448e-11,0.010656956449039924,AMBIGUOUS_OVERLAP_CHOSEN_MAXIMUM_FOR_DESCRIPTION,2,29,True,152,49.80000000000001,116.0,1,8.94427190999916
v2_anchor_old_joint__tau_d_GABA_ms_high,6102,7101,21,24,10114.0,10364.0,1,1,0.28913870378187473,0.548154299460656,0.28913870378187473,0.25901559567878124,0,,2,10262.5419921875,4,10231.1572265625,2,10213.99072265625,False,,,"[8.248046875, 26.248046875, 52.248046875]",1.6316286525436074e-08,0.0,UNIQUE_OVERLAPPING_PHYSICAL_EVENT,1,30,True,190,78.0,128.0,1,9.899494936611665
v2_anchor_old_joint__tau_d_GABA_ms_high,6102,7101,22,25,10386.0,10636.0,0,-1,1.171913381857546,1.171913381857546,1.190459975693195,-0.01854659383564905,4,10398.296875,2,10459.4912109375,4,10526.85498046875,3,10507.2255859375,False,False,False,"[2.8046875, 108.8046875, 144.8046875]",0.10518748743057678,6.09814884695817e-09,AMBIGUOUS_OVERLAP_CHOSEN_MAXIMUM_FOR_DESCRIPTION,2,31,True,116,59.0,120.0,1,7.211102550927978
v2_anchor_old_joint__tau_d_GABA_ms_high,6102,7101,23,28,11882.0,12132.0,1,1,0.2726710050536165,0.43493603158079275,0.2726710050536165,0.16226502652717623,0,,2,12026.07861328125,4,11993.82470703125,0,,,,,"[1.6826171875, 21.6826171875, 43.6826171875]",5.685430013794087e-07,0.0,UNIQUE_OVERLAPPING_PHYSICAL_EVENT,1,38,True,175,58.0,96.0,1,9.433981132056603
v2_anchor_old_joint__tau_d_GABA_ms_high,6102,7101,24,29,12142.0,12392.0,1,1,0.2292996152758581,0.5004299271440903,0.2292996152758581,0.2711303118682322,3,12266.6650390625,2,12296.08837890625,4,12261.431640625,3,12259.1044921875,False,False,True,"[-3.0673828125, 12.9326171875, 40.9326171875]",0.00012224851878510183,3.84827518101372e-42,NOT_ESTIMABLE_NO_OVERLAPPING_PHYSICAL_EVENT,0,,False,0,,,,
v2_anchor_old_joint__tau_d_GABA_ms_high,6102,7101,25,30,12554.0,12804.0,1,1,0.20295783528436404,0.5321544441305827,0.20295783528436404,0.3291966088462186,4,12674.69140625,2,12711.3232421875,4,12676.392578125,2,12672.9072265625,False,False,True,"[2.154296875, 20.154296875, 46.154296875]",3.318227582632813e-06,0.0,UNIQUE_OVERLAPPING_PHYSICAL_EVENT,1,40,True,67,50.39999999999999,108.0,1,7.0
v2_anchor_old_joint__tau_d_GABA_ms_high,6102,7101,26,31,12850.0,13100.0,1,1,0.29463485866253175,0.5138835796777471,0.29463485866253175,0.21924872101521536,4,12977.6240234375,2,12989.533203125,4,12962.078125,2,12945.4931640625,False,False,True,"[9.7451171875, 31.7451171875, 47.7451171875]",1.5936718259802114e-06,0.0,NOT_ESTIMABLE_NO_OVERLAPPING_PHYSICAL_EVENT,0,,False,0,,,,
v2_anchor_old_joint__tau_d_GABA_ms_high,6102,7101,27,32,13160.0,13410.0,0,1,0.39535402092385175,0.39535402092385175,0.561579693172095,-0.16622567224824325,3,13312.6669921875,2,13265.30078125,1,13263.302734375,2,13258.26806640625,False,False,False,"[1.673828125, 15.673828125, 69.673828125]",2.2240418622610505e-11,4.492512619095716e-21,UNIQUE_OVERLAPPING_PHYSICAL_EVENT,1,41,True,59,70.80000000000001,96.0,1,5.830951894845301
v2_anchor_old_joint__tau_d_GABA_ms_high,6102,7101,28,33,13410.0,13660.0,1,-1,0.7614093418509772,0.7180910259651505,0.7614093418509772,-0.043318315885826686,4,13594.63720703125,1,13534.9189453125,4,13527.86865234375,3,13509.013671875,False,False,False,"[5.912109375, 29.912109375, 93.912109375]",3.3664996540836087e-11,0.0,UNIQUE_OVERLAPPING_PHYSICAL_EVENT,1,42,True,140,34.0,70.0,1,7.615773105863909
v2_anchor_old_joint__tau_d_GABA_ms_high,6102,7101,29,34,14278.0,14528.0,1,-1,0.6583928539863175,0.9201538261317623,0.6583928539863175,0.2617609721454448,4,14335.94677734375,2,14431.6318359375,4,14400.89208984375,1,14427.033203125,True,False,True,"[1.6572265625, 73.6572265625, 103.6572265625]",0.0002291921737941498,0.0,NOT_ESTIMABLE_NO_OVERLAPPING_PHYSICAL_EVENT,0,,False,0,,,,
v2_anchor_old_joint__tau_d_GABA_ms_high,6102,7101,30,35,14556.0,14806.0,1,1,0.2355957039138416,0.5398124299596905,0.2355957039138416,0.3042167260458489,4,14671.86767578125,2,14709.759765625,4,14678.75439453125,1,14663.544921875,False,False,True,"[0.890625, 20.890625, 46.890625]",3.7734279987024545e-06,1.3736760293562072e-34,NOT_ESTIMABLE_NO_OVERLAPPING_PHYSICAL_EVENT,0,,False,0,,,,
v2_anchor_old_joint__tau_d_GABA_ms_high,6102,7101,31,36,14860.0,15110.0,1,1,0.28963915837772614,0.5224994625414349,0.28963915837772614,0.23286030416370873,3,14967.9755859375,2,15013.01611328125,4,14983.6767578125,0,,,,,"[7.412109375, 27.412109375, 49.412109375]",2.401732533744297e-05,1.2630228986950191e-31,NOT_ESTIMABLE_NO_OVERLAPPING_PHYSICAL_EVENT,0,,False,0,,,,
v2_anchor_old_joint__tau_d_GABA_ms_high,6102,7101,32,37,15158.0,15408.0,1,1,0.23824957889934884,0.5152714547806021,0.23824957889934884,0.27702187588125327,4,15276.166015625,2,15309.26513671875,4,15281.7978515625,1,15267.61328125,False,False,True,"[3.38671875, 19.38671875, 41.38671875]",2.4915043259646012e-05,7.550717568872722e-33,NOT_ESTIMABLE_NO_OVERLAPPING_PHYSICAL_EVENT,0,,False,0,,,,
v2_anchor_old_joint__tau_d_GABA_ms_high,6102,7101,33,38,15436.0,15686.0,1,-1,0.998373116842848,0.9573850100560655,0.998373116842848,-0.04098810678678255,4,15646.4931640625,2,15579.0,4,15546.82861328125,1,15533.154296875,False,False,False,"[7.845703125, 39.845703125, 119.845703125]",2.6455023299635167e-24,0.0005464717753701416,AMBIGUOUS_OVERLAP_CHOSEN_MAXIMUM_FOR_DESCRIPTION,3,45,True,175,56.0,94.0,1,10.0
v2_anchor_old_joint__tau_d_GABA_ms_high,6102,7101,34,39,15976.0,16226.0,1,1,0.31624461484758626,0.6076855371431849,0.31624461484758626,0.2914409222955986,2,16104.6103515625,2,16130.318359375,4,16096.3203125,3,16076.087890625,False,False,True,"[0.26171875, 26.26171875, 56.26171875]",3.199066348120128e-08,0.0,NOT_ESTIMABLE_NO_OVERLAPPING_PHYSICAL_EVENT,0,,False,0,,,,
v2_anchor_old_joint__tau_d_GABA_ms_high,6102,7101,35,40,16902.0,17152.0,1,0,0.48473041028883596,0.5653037332736195,0.48473041028883596,0.08057332298478354,3,17002.78125,2,17009.7373046875,4,17048.26953125,1,17032.9765625,False,False,False,"[7.205078125, 43.205078125, 65.205078125]",0.00021819832270909397,0.0,NOT_ESTIMABLE_NO_OVERLAPPING_PHYSICAL_EVENT,0,,False,0,,,,
v2_anchor_old_joint__tau_d_GABA_ms_high,6102,7101,36,41,17220.0,17470.0,1,1,0.2798508191409831,0.48565022756024306,0.2798508191409831,0.20579940841925998,0,,2,17360.1708984375,4,17341.4541015625,2,17325.1875,False,,,"[5.921875, 25.921875, 41.921875]",3.101937514380051e-05,2.8108355973393912e-27,NOT_ESTIMABLE_NO_OVERLAPPING_PHYSICAL_EVENT,0,,False,0,,,,
v2_anchor_old_joint__tau_d_GABA_ms_high,6102,7101,37,42,17522.0,17772.0,1,0,0.5045134107170421,0.5479849434312711,0.5045134107170421,0.04347153271422899,3,17610.49609375,2,17651.3759765625,4,17658.9736328125,1,17643.5,False,False,True,"[9.537109375, 47.537109375, 61.537109375]",1.7836117553830658e-12,7.35201391656236e-26,NOT_ESTIMABLE_NO_OVERLAPPING_PHYSICAL_EVENT,0,,False,0,,,,
v2_anchor_old_joint__tau_d_GABA_ms_high,6102,7101,38,43,17834.0,18084.0,1,-1,1.2500892687504312,1.1181230237145117,1.2500892687504312,-0.13196624503591958,4,18074.7734375,2,17981.5244140625,4,17950.068359375,1,17935.4375,False,False,False,"[7.5625, 29.5625, 137.5625]",9.862570576020046e-05,0.09691240363128784,AMBIGUOUS_OVERLAP_CHOSEN_MAXIMUM_FOR_DESCRIPTION,2,51,True,196,57.0,94.0,1,10.63014581273465
v2_anchor_old_joint__tau_d_GABA_ms_high,6102,7101,39,44,18104.0,18354.0,1,-1,0.9747095368819654,1.3814662131617221,0.9747095368819654,0.40675667627975676,3,18107.8046875,2,18249.6982421875,4,18219.23046875,0,,,,,"[106.318359375, 126.318359375, 146.318359375]",0.02923077537516395,1.8620337785141486e-08,AMBIGUOUS_OVERLAP_CHOSEN_MAXIMUM_FOR_DESCRIPTION,2,53,True,170,58.0,90.0,1,9.219544457292887
v2_anchor_old_joint__tau_d_GABA_ms_high,6102,7101,40,45,18366.0,18616.0,1,1,0.1973281019235406,0.48142425279192186,0.1973281019235406,0.28409615086838125,4,18485.107421875,2,18508.529296875,4,18493.2021484375,2,18478.4130859375,False,False,True,"[1.796875, 15.796875, 33.796875]",9.068733729877036e-06,0.0,NOT_ESTIMABLE_NO_OVERLAPPING_PHYSICAL_EVENT,0,,False,0,,,,
v2_anchor_old_joint__tau_d_GABA_ms_high,6102,7101,41,46,18646.0,18896.0,1,1,0.4188470097729948,0.5854193113452165,0.4188470097729948,0.1665723015722217,4,18790.1982421875,2,18785.2333984375,4,18751.7294921875,2,18734.28515625,False,False,False,"[7.724609375, 37.724609375, 61.724609375]",2.1079986178623678e-15,0.0,UNIQUE_OVERLAPPING_PHYSICAL_EVENT,1,54,True,75,56.0,112.0,1,6.324555320336759
v2_anchor_old_joint__tau_d_GABA_ms_high,6102,7101,42,47,18936.0,19186.0,1,1,0.3498948096765992,0.49787086335383296,0.3498948096765992,0.14797605367723377,4,19069.6181640625,2,19083.3017578125,0,,2,19036.654296875,,False,True,"[2.75390625, 34.75390625, 50.75390625]",2.8803084145685645e-06,0.0,NOT_ESTIMABLE_NO_OVERLAPPING_PHYSICAL_EVENT,0,,False,0,,,,
v2_anchor_old_joint__tau_d_GABA_ms_high,6102,7101,43,48,19218.0,19468.0,1,1,0.21402322719785766,0.5402260982599089,0.21402322719785766,0.3262028710620512,3,19340.154296875,2,19375.9287109375,4,19343.4228515625,3,19326.87109375,False,False,True,"[4.251953125, 24.251953125, 52.251953125]",3.1424166733878824e-15,0.0,NOT_ESTIMABLE_NO_OVERLAPPING_PHYSICAL_EVENT,0,,False,0,,,,
v2_anchor_old_joint__tau_d_GABA_ms_high,6102,7101,44,49,19540.0,19790.0,0,1,0.3766389697709876,0.3766389697709876,0.4057476117415402,-0.02910864197055263,3,19652.05078125,2,19663.2578125,0,,3,19683.17578125,,False,False,"[4.23828125, 20.23828125, 42.23828125]",1.5866849276882784e-05,0.0,NOT_ESTIMABLE_NO_OVERLAPPING_PHYSICAL_EVENT,0,,False,0,,,,
v2_anchor_old_joint__tau_d_GABA_ms_high,6102,7101,45,52,20648.0,20898.0,1,1,0.36887855018644633,0.4261475950582859,0.36887855018644633,0.05726904487183959,4,20775.4521484375,2,20780.16015625,3,20770.73828125,1,20759.26953125,False,False,True,"[3.73046875, 15.73046875, 29.73046875]",5.550612801721718e-10,1.2600466834214051e-27,NOT_ESTIMABLE_NO_OVERLAPPING_PHYSICAL_EVENT,0,,False,0,,,,
v2_anchor_old_joint__tau_d_GABA_ms_high,6102,7101,46,53,20992.0,21242.0,1,1,0.2660573977184029,0.5471198463072333,0.2660573977184029,0.2810624485888304,3,21117.76953125,2,21146.5859375,4,21114.5458984375,2,21099.400390625,False,False,True,"[6.962890625, 26.962890625, 50.962890625]",0.00027979721182444056,2.3843403994296093e-23,NOT_ESTIMABLE_NO_OVERLAPPING_PHYSICAL_EVENT,0,,False,0,,,,
v2_anchor_old_joint__tau_d_GABA_ms_high,6102,7101,47,54,21274.0,21524.0,1,1,0.24590573121534334,0.5054154150098675,0.24590573121534334,0.2595096837945242,0,,2,21428.2578125,4,21396.98828125,3,21384.880859375,False,,,"[0.34375, 20.34375, 46.34375]",9.120272215636645e-06,0.0,AMBIGUOUS_OVERLAP_CHOSEN_MAXIMUM_FOR_DESCRIPTION,2,58,True,169,52.400000000000034,116.0,1,9.848857801796104
v2_anchor_old_joint__tau_d_GABA_ms_high,6102,7101,48,55,21562.0,21812.0,1,1,0.34052239696378317,0.5110357160878257,0.34052239696378317,0.17051331912404255,4,21698.12109375,2,21698.3564453125,4,21672.666015625,2,21657.0478515625,False,False,False,"[7.2265625, 31.2265625, 51.2265625]",1.5571608780476452e-11,3.5149135098222987e-31,NOT_ESTIMABLE_NO_OVERLAPPING_PHYSICAL_EVENT,0,,False,0,,,,
v2_anchor_old_joint__tau_d_GABA_ms_high,6102,7101,49,56,21830.0,22080.0,1,0,0.5229870026635819,0.5350777130900587,0.5229870026635819,0.012090710426476803,0,,2,21968.6064453125,4,21938.19140625,2,21997.5595703125,True,,,"[6.33203125, 28.33203125, 64.33203125]",5.3895033586825615e-06,0.0,UNIQUE_OVERLAPPING_PHYSICAL_EVENT,1,60,True,171,56.0,96.0,1,9.899494936611665
v2_anchor_old_joint__tau_d_GABA_ms_high,6102,7101,50,57,22116.0,22366.0,1,1,0.35936530895950114,0.5262559959817704,0.35936530895950114,0.16689068702226928,3,22248.0546875,2,22252.5595703125,4,22227.0693359375,2,22210.546875,False,False,True,"[8.08984375, 32.08984375, 48.08984375]",3.20574354639867e-05,2.3524623688617255e-17,NOT_ESTIMABLE_NO_OVERLAPPING_PHYSICAL_EVENT,0,,False,0,,,,
v2_anchor_old_joint__tau_d_GABA_ms_high,6102,7101,51,58,22728.0,22978.0,0,0,0.8330197933470946,0.8330197933470946,0.8959555636388068,-0.06293577029171216,1,22767.234375,2,22852.802734375,4,22854.3212890625,3,22873.314453125,False,False,False,"[71.765625, 87.765625, 107.765625]",5.115374687930398e-05,1.2403707280023279e-12,UNIQUE_OVERLAPPING_PHYSICAL_EVENT,1,62,True,127,40.0,118.0,1,8.246211251235321
v2_anchor_old_joint__tau_d_GABA_ms_high,6102,7101,52,59,23028.0,23278.0,1,0,0.6134755288577798,0.6257069355092507,0.6134755288577798,0.012231406651470933,4,23097.05078125,2,23152.2578125,4,23153.75,3,23158.98828125,False,False,False,"[-1.228515625, 54.771484375, 72.771484375]",9.776983834578996e-06,0.0,NOT_ESTIMABLE_NO_OVERLAPPING_PHYSICAL_EVENT,0,,False,0,,,,
v2_anchor_old_joint__tau_d_GABA_ms_high,6102,7102,0,0,560.0,810.0,0,1,0.3857175028364198,0.3857175028364198,0.5903596953797805,-0.2046421925433607,4,713.5676879882812,2,673.2172546386719,1,658.0560913085938,0,,,,,"[2.94390869140625, 26.94390869140625, 60.94390869140625]",2.2579083078719305e-10,3.6287451312637677e-12,UNIQUE_OVERLAPPING_PHYSICAL_EVENT,1,1,True,74,50.80000000000001,94.0,1,7.280109889280518
v2_anchor_old_joint__tau_d_GABA_ms_high,6102,7102,1,1,1082.0,1332.0,0,0,0.5464935991795852,0.5464935991795852,0.6270217718291737,-0.08052817264958856,3,1270.63427734375,2,1214.3409423828125,4,1197.652099609375,3,1211.660400390625,True,False,False,"[-4.327880859375, 9.672119140625, 25.672119140625]",5.52881777293149e-05,0.0,UNIQUE_OVERLAPPING_PHYSICAL_EVENT,1,3,True,103,32.0,86.0,1,6.708203932499369
v2_anchor_old_joint__tau_d_GABA_ms_high,6102,7102,2,2,1618.0,1868.0,1,1,0.42204870027151226,0.4960735878215014,0.42204870027151226,0.07402488754998915,1,1768.4468994140625,2,1758.7205200195312,3,1742.8643798828125,3,1726.6309814453125,False,False,False,"[0.915283203125, 18.915283203125, 36.915283203125]",1.7394919007703907e-05,1.3543985147729561e-25,NOT_ESTIMABLE_NO_OVERLAPPING_PHYSICAL_EVENT,0,,False,0,,,,
v2_anchor_old_joint__tau_d_GABA_ms_high,6102,7102,3,3,1916.0,2166.0,1,-1,1.1029891133605338,1.0230651935745643,1.1029891133605338,-0.07992391978596958,4,2141.9449462890625,2,2063.1231689453125,4,2032.0989990234375,1,2018.71630859375,False,False,False,"[8.28369140625, 38.28369140625, 130.28369140625]",2.421086185511271e-13,0.03315193462013961,AMBIGUOUS_OVERLAP_CHOSEN_MAXIMUM_FOR_DESCRIPTION,2,6,True,195,54.0,88.0,1,10.0
v2_anchor_old_joint__tau_d_GABA_ms_high,6102,7102,4,4,2208.0,2458.0,1,1,0.3673871246852577,0.6769872145301699,0.3673871246852577,0.30960008984491216,0,,2,2367.635986328125,2,2339.93359375,2,2297.5760498046875,False,,,"[1.6845703125, 51.6845703125, 75.6845703125]",2.892180370965029e-06,0.0,UNIQUE_OVERLAPPING_PHYSICAL_EVENT,1,7,True,147,56.0,108.0,1,8.94427190999916
v2_anchor_old_joint__tau_d_GABA_ms_high,6102,7102,5,5,2498.0,2748.0,0,-1,1.0280704439100272,1.0280704439100272,1.2092514437657917,-0.18118099985576452,4,2737.7486572265625,2,2643.0596923828125,4,2615.1383056640625,0,,,,,"[4.184814453125, 26.184814453125, 132.184814453125]",0.00026745831983163214,0.108868615485728,NOT_ESTIMABLE_NO_OVERLAPPING_PHYSICAL_EVENT,0,,False,0,,,,
v2_anchor_old_joint__tau_d_GABA_ms_high,6102,7102,6,6,2776.0,3026.0,1,-1,1.0411517047045127,1.2987986925391106,1.0411517047045127,0.25764698783459794,1,2779.715576171875,2,2914.8958740234375,2,2905.09765625,3,2891.06103515625,False,False,True,"[105.284423828125, 121.284423828125, 139.284423828125]",0.003415137191353792,1.700533297658107e-05,NOT_ESTIMABLE_NO_OVERLAPPING_PHYSICAL_EVENT,0,,False,0,,,,
v2_anchor_old_joint__tau_d_GABA_ms_high,6102,7102,7,7,3410.0,3660.0,1,1,0.27583108817994056,0.5156795954867663,0.27583108817994056,0.23984850730682578,0,,2,3558.2659912109375,4,3529.905517578125,2,3515.342041015625,False,,,"[4.41455078125, 26.41455078125, 48.41455078125]",6.278153671982195e-05,0.0,AMBIGUOUS_OVERLAP_CHOSEN_MAXIMUM_FOR_DESCRIPTION,2,8,True,115,62.0,112.0,1,7.810249675906654
v2_anchor_old_joint__tau_d_GABA_ms_high,6102,7102,8,8,3712.0,3962.0,1,-1,1.037052022698859,1.200814066093515,1.037052022698859,0.16376204339465583,1,3721.979248046875,2,3850.486083984375,4,3828.8865966796875,3,3843.611328125,True,False,True,"[99.020751953125, 115.020751953125, 131.020751953125]",0.005502214695138847,0.00015269817114007162,AMBIGUOUS_OVERLAP_CHOSEN_MAXIMUM_FOR_DESCRIPTION,3,10,True,159,38.0,80.0,1,8.602325267042627
v2_anchor_old_joint__tau_d_GABA_ms_high,6102,7102,9,9,4334.0,4584.0,1,-1,0.8082031204487837,1.094042646449647,0.8082031204487837,0.2858395260008634,2,4362.90087890625,2,4479.357666015625,4,4451.08837890625,3,4449.15380859375,False,False,True,"[84.20556640625, 102.20556640625, 126.20556640625]",0.027995703287019936,8.82169546065893e-25,UNIQUE_OVERLAPPING_PHYSICAL_EVENT,1,14,True,137,60.0,104.0,1,8.48528137423857
v2_anchor_old_joint__tau_d_GABA_ms_high,6102,7102,10,10,4646.0,4896.0,1,-1,0.6959931399786639,1.0677433019782236,0.6959931399786639,0.3717501619995598,1,4675.1337890625,2,4792.74365234375,4,4762.112548828125,1,4747.2783203125,False,False,True,"[77.8662109375, 97.8662109375, 119.8662109375]",7.872872953667447e-06,1.4048493055544926e-05,AMBIGUOUS_OVERLAP_CHOSEN_MAXIMUM_FOR_DESCRIPTION,2,16,True,168,54.0,94.0,1,9.219544457292887
v2_anchor_old_joint__tau_d_GABA_ms_high,6102,7102,11,11,4908.0,5158.0,1,1,0.4253189001140612,0.7675804170193782,0.4253189001140612,0.342261516905317,4,4984.54052734375,2,5075.07275390625,4,5039.540771484375,2,5021.84716796875,False,False,True,"[9.68212890625, 61.68212890625, 87.68212890625]",1.1360003385696538e-05,6.67561357657956e-08,NOT_ESTIMABLE_NO_OVERLAPPING_PHYSICAL_EVENT,0,,False,0,,,,
v2_anchor_old_joint__tau_d_GABA_ms_high,6102,7102,12,12,5166.0,5416.0,1,1,0.369902858731866,0.48401322475877223,0.369902858731866,0.11411036602690622,4,5260.791015625,2,5308.697265625,3,5304.97509765625,3,5288.662109375,False,False,True,"[4.15087890625, 38.15087890625, 54.15087890625]",4.770802790134855e-05,0.0,NOT_ESTIMABLE_NO_OVERLAPPING_PHYSICAL_EVENT,0,,False,0,,,,
v2_anchor_old_joint__tau_d_GABA_ms_high,6102,7102,13,13,5458.0,5708.0,1,0,0.4800043841493743,0.7095956335215867,0.4800043841493743,0.22959124937221242,1,5687.08203125,2,5612.034423828125,4,5580.51025390625,3,5562.4619140625,False,False,False,"[6.59033203125, 28.59033203125, 54.59033203125]",3.771273652218278e-08,0.00048244944625559473,AMBIGUOUS_OVERLAP_CHOSEN_MAXIMUM_FOR_DESCRIPTION,2,17,True,183,60.0,88.0,1,9.433981132056603
v2_anchor_old_joint__tau_d_GABA_ms_high,6102,7102,14,14,5998.0,6248.0,1,-1,0.6779175643187862,0.8391435969399751,0.6779175643187862,0.16122603262118884,4,6061.033203125,1,6133.96826171875,4,6140.748779296875,1,6120.00439453125,False,False,True,"[2.62255859375, 80.62255859375, 98.62255859375]",0.0004314156253600785,0.0,NOT_ESTIMABLE_NO_OVERLAPPING_PHYSICAL_EVENT,0,,False,0,,,,
v2_anchor_old_joint__tau_d_GABA_ms_high,6102,7102,15,15,7004.0,7254.0,1,1,0.27159346540593277,0.432001030769171,0.27159346540593277,0.16040756536323825,0,,2,7148.225830078125,4,7116.60888671875,0,,,,,"[2.72998046875, 22.72998046875, 42.72998046875]",0.00025558852324986987,1.0812309375111218e-25,UNIQUE_OVERLAPPING_PHYSICAL_EVENT,1,23,True,171,54.0,94.0,1,10.0
v2_anchor_old_joint__tau_d_GABA_ms_high,6102,7102,16,16,8040.0,8290.0,1,0,0.5287230535152208,0.6313127428308087,0.5287230535152208,0.10258968931558798,4,8195.9580078125,2,8180.154541015625,4,8147.477783203125,2,8131.829345703125,False,False,False,"[6.818359375, 36.818359375, 70.818359375]",0.0001248616560259269,0.0,NOT_ESTIMABLE_NO_OVERLAPPING_PHYSICAL_EVENT,0,,False,0,,,,
v2_anchor_old_joint__tau_d_GABA_ms_high,6102,7102,17,17,8346.0,8596.0,1,1,0.2435357842304393,0.49822994830243655,0.2435357842304393,0.25469416407199724,0,,2,8492.99755859375,4,8461.375,1,8445.7626953125,False,,,"[7.2373046875, 27.2373046875, 51.2373046875]",2.3974531173965997e-18,5.8444708710934695e-08,UNIQUE_OVERLAPPING_PHYSICAL_EVENT,1,25,True,176,56.0,116.0,1,10.0
v2_anchor_old_joint__tau_d_GABA_ms_high,6102,7102,18,18,8620.0,8870.0,0,-1,1.7249699617887697,1.7249699617887697,1.3160693751190051,0.4089005866697646,4,8758.65625,2,8751.640625,2,8729.88623046875,1,8623.443359375,False,False,False,"[107.556640625, 127.556640625, 145.556640625]",0.010531393032924923,1.456044453634312e-06,NOT_ESTIMABLE_NO_OVERLAPPING_PHYSICAL_EVENT,0,,False,0,,,,
v2_anchor_old_joint__tau_d_GABA_ms_high,6102,7102,19,19,8888.0,9138.0,1,1,0.16643966597948973,0.4707720000152819,0.16643966597948973,0.3043323340357922,4,9014.42578125,2,9036.0615234375,4,9008.86669921875,3,8994.3046875,False,False,True,"[-0.9951171875, 21.0048828125, 43.0048828125]",5.422344737821982e-06,0.0,NOT_ESTIMABLE_NO_OVERLAPPING_PHYSICAL_EVENT,0,,False,0,,,,
v2_anchor_old_joint__tau_d_GABA_ms_high,6102,7102,20,20,9254.0,9504.0,1,1,0.27155969960995074,0.42559091168605895,0.27155969960995074,0.1540312120761082,0,,2,9399.72705078125,4,9369.8544921875,0,,,,,"[3.5185546875, 21.5185546875, 41.5185546875]",8.685311139988429e-06,1.133166344161315e-15,UNIQUE_OVERLAPPING_PHYSICAL_EVENT,1,26,True,84,53.400000000000006,110.0,1,7.0710678118654755
v2_anchor_old_joint__tau_d_GABA_ms_high,6102,7102,21,21,9536.0,9786.0,1,1,0.40362012400716846,0.47508246827142714,0.40362012400716846,0.07146234426425868,4,9669.4931640625,2,9667.86669921875,4,9651.31494140625,3,9629.384765625,False,False,False,"[-0.525390625, 31.474609375, 51.474609375]",2.084083452185195e-05,0.0,UNIQUE_OVERLAPPING_PHYSICAL_EVENT,1,26,True,84,53.400000000000006,110.0,1,7.0710678118654755
v2_anchor_old_joint__tau_d_GABA_ms_high,6102,7102,22,22,10382.0,10632.0,1,1,0.33981958722653227,0.6229590527497882,0.33981958722653227,0.283139465523256,4,10484.97900390625,2,10545.2587890625,4,10510.533203125,1,10496.220703125,False,False,True,"[3.8740234375, 31.8740234375, 61.8740234375]",2.1638429363203376e-09,0.0,NOT_ESTIMABLE_NO_OVERLAPPING_PHYSICAL_EVENT,0,,False,0,,,,
v2_anchor_old_joint__tau_d_GABA_ms_high,6102,7102,23,23,10656.0,10906.0,1,1,0.23193621714709067,0.5386111424920002,0.23193621714709067,0.3066749253449095,4,10782.1513671875,2,10807.48974609375,4,10776.0732421875,2,10759.54443359375,False,False,True,"[8.388671875, 26.388671875, 48.388671875]",0.0,4.727669803109053e-17,NOT_ESTIMABLE_NO_OVERLAPPING_PHYSICAL_EVENT,0,,False,0,,,,
v2_anchor_old_joint__tau_d_GABA_ms_high,6102,7102,24,24,10958.0,11208.0,0,0,0.7296457990276757,0.7296457990276757,0.6986682547427329,0.030977544284942815,4,11131.72119140625,2,11093.16357421875,4,11063.6533203125,1,11049.2587890625,False,False,False,"[7.7412109375, 35.7412109375, 89.7412109375]",5.0703898362005214e-17,4.264017473627704e-23,UNIQUE_OVERLAPPING_PHYSICAL_EVENT,1,29,True,193,54.0,88.0,1,10.295630140987
v2_anchor_old_joint__tau_d_GABA_ms_high,6102,7102,25,25,11240.0,11490.0,1,0,0.5752873439783475,0.6136938874874704,0.5752873439783475,0.03840654350912298,3,11424.6484375,2,11387.18408203125,4,11355.044921875,3,11337.6455078125,False,False,False,"[1.80078125, 23.80078125, 71.80078125]",1.6355517724241383e-07,0.0,UNIQUE_OVERLAPPING_PHYSICAL_EVENT,1,30,True,127,34.8,64.0,1,7.810249675906654
v2_anchor_old_joint__tau_d_GABA_ms_high,6102,7102,26,26,11500.0,11750.0,1,1,0.31267850074015247,0.5746093667532373,0.31267850074015247,0.2619308660130848,2,11627.25634765625,2,11649.97802734375,4,11618.0185546875,2,11602.54931640625,False,False,True,"[4.4248046875, 26.4248046875, 50.4248046875]",0.0,3.08528061933423e-26,UNIQUE_OVERLAPPING_PHYSICAL_EVENT,1,31,True,52,79.6,114.0,1,5.385164807134504
v2_anchor_old_joint__tau_d_GABA_ms_high,6102,7102,27,27,11792.0,12042.0,1,-1,0.8483418945706729,0.8446288203364244,0.8483418945706729,-0.0037130742342484924,4,11987.4951171875,2,11931.4755859375,4,11898.2138671875,2,11884.845703125,False,False,False,"[6.591796875, 40.591796875, 110.591796875]",6.854788948454246e-07,3.1909168068862495e-16,AMBIGUOUS_OVERLAP_CHOSEN_MAXIMUM_FOR_DESCRIPTION,3,32,True,157,51.60000000000001,92.0,1,9.433981132056603
v2_anchor_old_joint__tau_d_GABA_ms_high,6102,7102,28,28,12346.0,12596.0,1,-1,0.8806201844561917,1.2185380193926447,0.8806201844561917,0.337917834936453,3,12357.5166015625,2,12499.25341796875,4,12465.7939453125,3,12457.111328125,False,False,True,"[83.9736328125, 109.9736328125, 139.9736328125]",0.015051253605232228,1.1772319384017949e-09,UNIQUE_OVERLAPPING_PHYSICAL_EVENT,1,35,True,102,43.599999999999994,82.0,1,7.0710678118654755
v2_anchor_old_joint__tau_d_GABA_ms_high,6102,7102,29,29,12618.0,12868.0,1,1,0.2699147904872897,0.43133296451574027,0.2699147904872897,0.16141817402845055,0,,2,12763.3876953125,4,12732.87841796875,0,,,,,"[2.9365234375, 22.9365234375, 42.9365234375]",0.0,0.0,UNIQUE_OVERLAPPING_PHYSICAL_EVENT,1,36,True,199,58.0,108.0,1,9.899494936611665
v2_anchor_old_joint__tau_d_GABA_ms_high,6102,7102,30,30,12886.0,13136.0,1,1,0.3409692826354053,0.470268384289651,0.3409692826354053,0.12929910165424569,4,13013.46728515625,2,13026.9677734375,4,12994.7666015625,0,,,,,"[4.763671875, 24.763671875, 42.763671875]",0.00013646050554360213,0.0,NOT_ESTIMABLE_NO_OVERLAPPING_PHYSICAL_EVENT,0,,False,0,,,,
v2_anchor_old_joint__tau_d_GABA_ms_high,6102,7102,31,31,13622.0,13872.0,1,1,0.21421268782952918,0.5858818954872766,0.21421268782952918,0.37166920765774747,4,13744.9765625,2,13784.30908203125,4,13748.20654296875,3,13723.7177734375,False,False,True,"[3.6875, 27.6875, 59.6875]",1.3866032328246297e-05,2.6773892511987584e-26,UNIQUE_OVERLAPPING_PHYSICAL_EVENT,1,38,True,144,46.0,110.0,1,8.54400374531753
v2_anchor_old_joint__tau_d_GABA_ms_high,6102,7102,32,32,14302.0,14552.0,0,0,0.8311374565036497,0.8311374565036497,1.3161091637935347,-0.48497170728988503,4,14542.4404296875,2,14412.921875,4,14429.583984375,3,14454.0703125,False,True,False,"[3.6708984375, 31.6708984375, 129.6708984375]",3.6301801687853893e-06,0.09990757852402006,AMBIGUOUS_OVERLAP_CHOSEN_MAXIMUM_FOR_DESCRIPTION,2,40,True,201,68.0,134.0,1,10.44030650891055
v2_anchor_old_joint__tau_d_GABA_ms_high,6102,7102,33,33,14656.0,14906.0,1,1,0.24988125984105367,0.5617895568098501,0.24988125984105367,0.3119082969687964,0,,2,14806.66845703125,4,14780.478515625,3,14757.3935546875,False,,,"[1.328125, 33.328125, 53.328125]",1.2585878138982071e-05,0.0,NOT_ESTIMABLE_NO_OVERLAPPING_PHYSICAL_EVENT,0,,False,0,,,,
v2_anchor_old_joint__tau_d_GABA_ms_high,6102,7102,34,34,14956.0,15206.0,1,1,0.28709514037581807,0.3919904154779258,0.28709514037581807,0.10489527510210772,4,15075.69189453125,2,15096.3681640625,3,15087.3154296875,3,15071.9794921875,False,False,True,"[0.7763671875, 14.7763671875, 28.7763671875]",5.925892744851247e-06,0.0,NOT_ESTIMABLE_NO_OVERLAPPING_PHYSICAL_EVENT,0,,False,0,,,,
v2_anchor_old_joint__tau_d_GABA_ms_high,6102,7102,35,35,15290.0,15540.0,1,1,0.29294113037014696,0.5577709116891594,0.29294113037014696,0.2648297813190124,0,,2,15439.51220703125,4,15409.07568359375,2,15390.83642578125,False,,,"[7.4306640625, 29.4306640625, 53.4306640625]",8.727457077887934e-05,4.231679286902079e-27,UNIQUE_OVERLAPPING_PHYSICAL_EVENT,1,42,True,176,59.0,140.0,1,9.848857801796104
v2_anchor_old_joint__tau_d_GABA_ms_high,6102,7102,36,36,15546.0,15796.0,1,1,0.3233443102108986,0.5891738735129988,0.3233443102108986,0.26582956330210017,2,15651.646484375,2,15698.9931640625,2,15679.9755859375,1,15644.390625,False,False,True,"[2.609375, 38.609375, 56.609375]",0.00016054079252118578,3.4746772894741847e-47,NOT_ESTIMABLE_NO_OVERLAPPING_PHYSICAL_EVENT,0,,False,0,,,,
v2_anchor_old_joint__tau_d_GABA_ms_high,6102,7102,37,37,15824.0,16074.0,1,1,0.30290894189639955,0.47420983056570715,0.30290894189639955,0.1713008886693076,4,15965.19091796875,2,15966.0751953125,4,15933.97607421875,3,15929.30859375,False,False,False,"[2.6884765625, 26.6884765625, 48.6884765625]",9.123623989758153e-06,0.0,NOT_ESTIMABLE_NO_OVERLAPPING_PHYSICAL_EVENT,0,,False,0,,,,
v2_anchor_old_joint__tau_d_GABA_ms_high,6102,7102,38,38,16092.0,16342.0,1,1,0.37219210395840374,0.38202020552214966,0.37219210395840374,0.009828101563745917,3,16221.1591796875,2,16214.35302734375,4,16220.294921875,2,16202.99755859375,False,False,False,"[3.56640625, 15.56640625, 29.56640625]",0.0,3.9404978792854755e-19,NOT_ESTIMABLE_NO_OVERLAPPING_PHYSICAL_EVENT,0,,False,0,,,,
v2_anchor_old_joint__tau_d_GABA_ms_high,6102,7102,39,39,16398.0,16648.0,1,0,0.506905294340887,0.641097779149959,0.506905294340887,0.13419248480907198,2,16558.8994140625,2,16542.978515625,4,16511.322265625,2,16493.3349609375,False,False,False,"[6.24609375, 30.24609375, 60.24609375]",7.60784342528177e-05,0.0,NOT_ESTIMABLE_NO_OVERLAPPING_PHYSICAL_EVENT,0,,False,0,,,,
v2_anchor_old_joint__tau_d_GABA_ms_high,6102,7102,40,40,16976.0,17226.0,1,1,0.357766477233698,0.686232795562135,0.357766477233698,0.32846631832843703,4,17061.587890625,2,17138.2041015625,4,17106.8125,3,17088.392578125,False,False,True,"[6.869140625, 54.869140625, 86.869140625]",1.6920375417086247e-07,0.0,NOT_ESTIMABLE_NO_OVERLAPPING_PHYSICAL_EVENT,0,,False,0,,,,
v2_anchor_old_joint__tau_d_GABA_ms_high,6102,7102,41,41,17276.0,17526.0,1,1,0.377695472723245,0.40625116179971066,0.377695472723245,0.028555689076465662,3,17408.7734375,2,17401.689453125,4,17402.533203125,2,17385.5712890625,False,False,False,"[5.84375, 19.84375, 35.84375]",2.3176744409046167e-07,0.0,NOT_ESTIMABLE_NO_OVERLAPPING_PHYSICAL_EVENT,0,,False,0,,,,
v2_anchor_old_joint__tau_d_GABA_ms_high,6102,7102,42,42,17898.0,18148.0,1,1,0.24599489791108073,0.5481790480426543,0.24599489791108073,0.3021841501315735,0,,2,18052.0849609375,4,18019.5556640625,3,18001.59375,False,,,"[6.638671875, 28.638671875, 54.638671875]",0.0005326600341606399,3.5810171045400695e-14,UNIQUE_OVERLAPPING_PHYSICAL_EVENT,1,43,True,189,60.0,94.0,1,9.899494936611665
v2_anchor_old_joint__tau_d_GABA_ms_high,6102,7102,43,45,18808.0,19058.0,1,-1,0.6887412298883863,0.6550696078896079,0.6887412298883863,-0.03367162199877838,2,18997.771484375,2,18955.0087890625,4,18918.0703125,2,18900.931640625,False,False,False,"[2.802734375, 18.802734375, 92.802734375]",0.00042513440691424706,0.0,NOT_ESTIMABLE_NO_OVERLAPPING_PHYSICAL_EVENT,0,,False,0,,,,
v2_anchor_old_joint__tau_d_GABA_ms_high,6102,7102,44,46,19090.0,19340.0,0,0,0.7526731935973774,0.7526731935973774,0.9497374100490464,-0.19706421645166905,2,19313.236328125,2,19228.0693359375,4,19209.5625,1,19332.69921875,True,True,False,"[-1.0703125, 14.9296875, 110.9296875]",3.357974394712924e-13,0.05057495944275599,NOT_ESTIMABLE_NO_OVERLAPPING_PHYSICAL_EVENT,0,,False,0,,,,
v2_anchor_old_joint__tau_d_GABA_ms_high,6102,7102,45,47,19404.0,19654.0,0,0,0.6126148057729404,0.6126148057729404,0.7249722750103216,-0.11235746923738121,3,19539.3203125,2,19532.0048828125,2,19513.6376953125,1,19630.375,True,True,False,"[-0.724609375, 15.275390625, 37.275390625]",1.45948667810657e-11,0.00962848791698443,NOT_ESTIMABLE_NO_OVERLAPPING_PHYSICAL_EVENT,0,,False,0,,,,
v2_anchor_old_joint__tau_d_GABA_ms_high,6102,7102,46,48,19692.0,19942.0,1,1,0.3564470527147478,0.3599368154976104,0.3564470527147478,0.0034897627828626154,4,19818.2392578125,2,19810.34765625,4,19826.623046875,2,19808.9677734375,False,False,False,"[0.751953125, 16.751953125, 34.751953125]",1.0073740793130041e-26,0.0,UNIQUE_OVERLAPPING_PHYSICAL_EVENT,1,46,True,98,47.79999999999999,118.0,1,9.055385138137417
v2_anchor_old_joint__tau_d_GABA_ms_high,6102,7102,47,49,20710.0,20960.0,0,0,0.8879855474226874,0.8879855474226874,0.9917127424406356,-0.10372719501794814,2,20955.013671875,2,20849.1015625,4,20825.783203125,3,20842.955078125,True,False,False,"[-4.455078125, 11.544921875, 27.544921875]",1.896207623115944e-05,0.009168833570644177,NOT_ESTIMABLE_NO_OVERLAPPING_PHYSICAL_EVENT,0,,False,0,,,,
v2_anchor_old_joint__tau_d_GABA_ms_high,6102,7102,48,50,21054.0,21304.0,1,-1,0.9335354711917112,1.036165402178606,0.9335354711917112,0.10262993098689477,4,21247.8125,2,21197.5927734375,4,21163.0478515625,3,21139.59765625,False,False,False,"[3.599609375, 35.599609375, 103.599609375]",7.682204473446293e-06,0.0,UNIQUE_OVERLAPPING_PHYSICAL_EVENT,1,48,True,179,62.400000000000034,108.0,2,9.055385138137417
v2_anchor_old_joint__tau_d_GABA_ms_high,6102,7102,49,51,21326.0,21576.0,1,1,0.27187591240529846,0.42784907140366235,0.27187591240529846,0.1559731589983639,0,,2,21470.7490234375,4,21440.5869140625,0,,,,,"[3.11328125, 23.11328125, 43.11328125]",5.0752206155405174e-31,0.0,UNIQUE_OVERLAPPING_PHYSICAL_EVENT,1,49,True,204,63.4,126.0,1,11.40175425099138
v2_anchor_old_joint__tau_d_GABA_ms_high,6102,7102,50,52,21608.0,21858.0,1,0,0.5687596384840284,0.7666304117338161,0.5687596384840284,0.19787077324978763,4,21671.00390625,2,21733.3837890625,4,21743.619140625,2,21726.373046875,False,False,True,"[-1.314453125, 64.685546875, 90.685546875]",0.0005226567950993027,1.0537551618167854e-17,NOT_ESTIMABLE_NO_OVERLAPPING_PHYSICAL_EVENT,0,,False,0,,,,
v2_anchor_old_joint__tau_d_GABA_ms_high,6102,7102,51,53,22186.0,22436.0,0,1,0.45427701858781566,0.45427701858781566,0.46960346902385297,-0.015326450436037309,2,22319.0869140625,2,22314.2890625,4,22289.490234375,3,22311.453125,True,False,False,"[2.681640625, 22.681640625, 40.681640625]",0.000272651294823141,0.00010927328215006309,NOT_ESTIMABLE_NO_OVERLAPPING_PHYSICAL_EVENT,0,,False,0,,,,
v2_anchor_old_joint__tau_d_GABA_ms_high,6102,7102,52,57,23600.0,23850.0,0,1,0.3178050088505909,0.3178050088505909,0.3488966009409803,-0.03109159209038942,0,,2,23736.072265625,4,23713.974609375,3,23734.224609375,True,,,"[-1.8984375, 14.1015625, 32.1015625]",7.814139216785668e-05,1.290476959180246e-45,AMBIGUOUS_OVERLAP_CHOSEN_MAXIMUM_FOR_DESCRIPTION,2,55,True,171,42.0,122.0,1,8.94427190999916
v2_1_pop0_de_a_001,6101,7101,0,0,780.0,1030.0,0,1,0.4792871666058137,0.4792871666058137,1.450862756672529,-0.9715755900667152,4,915.8769836425781,2,800.1307983398438,2,902.0528869628906,3,886.4003295898438,False,True,False,"[2.16827392578125, 106.16827392578125, 136.16827392578125]",0.17610201590646307,1.0054015937451111e-19,UNIQUE_OVERLAPPING_PHYSICAL_EVENT,1,2,True,180,52.0,104.0,1,10.0
v2_1_pop0_de_a_001,6101,7101,1,1,1482.0,1732.0,1,1,0.2413390442032075,0.5318174934458977,0.2413390442032075,0.2904784492426902,0,,2,1634.7333984375,4,1601.8924560546875,3,1585.9229736328125,False,,,"[-0.322509765625, 21.677490234375, 49.677490234375]",1.723679382073608e-07,0.0,UNIQUE_OVERLAPPING_PHYSICAL_EVENT,1,7,True,127,56.0,102.0,1,7.211102550927978
v2_1_pop0_de_a_001,6101,7101,2,4,2268.0,2518.0,1,0,0.6329325856954229,0.7974373213677743,0.6329325856954229,0.16450473567235147,4,2396.139892578125,1,2414.2822265625,2,2392.890869140625,1,2335.44921875,False,False,True,"[39.55078125, 63.55078125, 79.55078125]",9.47276806841662e-09,5.112000010794513e-26,UNIQUE_OVERLAPPING_PHYSICAL_EVENT,1,9,True,156,44.0,94.0,1,9.848857801796104
v2_1_pop0_de_a_001,6101,7101,3,5,2828.0,3078.0,1,1,0.3632200382710611,0.6415611221313866,0.3632200382710611,0.2783410838603255,3,2951.589111328125,0,,2,2958.7830810546875,3,2965.978271484375,,,,"[2.924072265625, 14.924072265625, 28.924072265625]",1.3851770337577338e-06,0.020055031831199898,UNIQUE_OVERLAPPING_PHYSICAL_EVENT,1,11,True,138,37.19999999999999,88.0,1,8.602325267042627
v2_1_pop0_de_a_001,6101,7101,4,6,3130.0,3380.0,1,0,0.4949966839881692,0.8828294177601252,0.4949966839881692,0.38783273377195604,3,3274.06298828125,2,3355.7154541015625,2,3236.47802734375,3,3247.943115234375,True,False,True,"[1.287353515625, 19.287353515625, 121.287353515625]",3.476808590658327e-11,0.005749712252168184,UNIQUE_OVERLAPPING_PHYSICAL_EVENT,1,12,True,127,42.0,78.0,1,8.54400374531753
v2_1_pop0_de_a_001,6101,7101,5,7,3468.0,3718.0,0,0,0.6426854688124546,0.6426854688124546,0.634538009417988,0.008147459394466594,4,3538.4071044921875,0,,4,3596.7432861328125,3,3607.814453125,,,,"[3.54833984375, 61.54833984375, 83.54833984375]",9.113166048432579e-05,1.0201117685533919e-08,NOT_ESTIMABLE_NO_OVERLAPPING_PHYSICAL_EVENT,0,,False,0,,,,
v2_1_pop0_de_a_001,6101,7101,6,8,3754.0,4004.0,1,1,0.35045617471456303,0.44040783961028157,0.35045617471456303,0.08995166489571854,1,3864.0732421875,2,3890.287841796875,2,3860.4537353515625,3,3872.5693359375,True,False,True,"[-0.18994140625, 11.81005859375, 25.81005859375]",1.710150707934567e-06,0.0,UNIQUE_OVERLAPPING_PHYSICAL_EVENT,1,13,True,147,54.0,110.0,1,10.44030650891055
v2_1_pop0_de_a_001,6101,7101,7,9,4356.0,4606.0,1,0,0.570681990538313,0.6118085946522998,0.570681990538313,0.04112660411398672,4,4509.576904296875,1,4491.71484375,4,4461.971923828125,3,4460.28955078125,False,False,False,"[-0.5302734375, 23.4697265625, 67.4697265625]",0.0003025749989571056,0.0,UNIQUE_OVERLAPPING_PHYSICAL_EVENT,1,14,True,99,52.0,80.0,2,6.708203932499369
v2_1_pop0_de_a_001,6101,7101,8,10,4630.0,4880.0,1,1,0.4085598525271994,0.4507364582736068,0.4085598525271994,0.042176605746407414,3,4725.017578125,2,4771.63818359375,4,4750.725830078125,3,4767.72998046875,True,False,True,"[13.94677734375, 39.94677734375, 57.94677734375]",4.6338933590139915e-08,1.4281267956548228e-19,UNIQUE_OVERLAPPING_PHYSICAL_EVENT,1,15,True,103,37.599999999999994,106.0,1,7.280109889280518
v2_1_pop0_de_a_001,6101,7101,9,11,5016.0,5266.0,1,-1,0.8990989309044078,0.993738813069086,0.8990989309044078,0.09463988216467811,4,5038.55712890625,2,5121.9306640625,4,5132.01123046875,3,5144.486328125,False,False,False,"[-3.5927734375, 62.4072265625, 114.4072265625]",0.043232288069451445,2.12826820482053e-05,UNIQUE_OVERLAPPING_PHYSICAL_EVENT,1,16,True,130,36.0,124.0,1,8.06225774829855
v2_1_pop0_de_a_001,6101,7101,10,12,5356.0,5606.0,1,0,0.5188203982882931,0.9922518100418353,0.5188203982882931,0.4734314117535422,3,5468.1923828125,2,5506.586181640625,1,5488.3447265625,3,5407.1806640625,False,False,True,"[6.21435546875, 86.21435546875, 110.21435546875]",0.00010395543290548933,1.2061375092664761e-11,UNIQUE_OVERLAPPING_PHYSICAL_EVENT,1,17,True,92,39.60000000000001,68.0,1,6.324555320336759
v2_1_pop0_de_a_001,6101,7101,11,13,5626.0,5876.0,1,0,0.6369633208223251,0.6839044884842103,0.6369633208223251,0.046941167661885164,2,5782.860107421875,2,5778.67626953125,1,5710.21337890625,3,5720.3134765625,True,False,False,"[2.78662109375, 22.78662109375, 76.78662109375]",9.308014381606542e-06,0.0,NOT_ESTIMABLE_NO_OVERLAPPING_PHYSICAL_EVENT,0,,False,0,,,,
v2_1_pop0_de_a_001,6101,7101,12,14,5946.0,6196.0,0,1,0.4134021049197553,0.4134021049197553,0.46434232123684926,-0.050940216317093945,0,,1,6059.251953125,4,6062.04052734375,2,6092.4853515625,False,,,"[1.17578125, 15.17578125, 39.17578125]",0.00016076616844735116,0.0,NOT_ESTIMABLE_NO_OVERLAPPING_PHYSICAL_EVENT,0,,False,0,,,,
v2_1_pop0_de_a_001,6101,7101,13,15,6226.0,6476.0,1,1,0.30668989461118623,0.42837869199883827,0.30668989461118623,0.12168879738765204,0,,2,6370.81201171875,3,6342.2587890625,3,6349.8720703125,True,,,"[1.3193359375, 17.3193359375, 35.3193359375]",9.723369321195305e-19,0.0,NOT_ESTIMABLE_NO_OVERLAPPING_PHYSICAL_EVENT,0,,False,0,,,,
v2_1_pop0_de_a_001,6101,7101,14,18,7012.0,7262.0,1,0,0.4865030094314008,0.7928981745224554,0.4865030094314008,0.3063951650910546,4,7086.514892578125,2,7169.0908203125,4,7142.2080078125,0,,,,,"[4.53564453125, 68.53564453125, 94.53564453125]",5.216615784858306e-05,3.5456120427513778e-12,NOT_ESTIMABLE_NO_OVERLAPPING_PHYSICAL_EVENT,0,,False,0,,,,
v2_1_pop0_de_a_001,6101,7101,15,21,7820.0,8070.0,1,1,0.2823985636892794,0.42501606824299404,0.2823985636892794,0.14261750455371464,4,7929.46484375,2,7969.513916015625,4,7941.999755859375,3,7954.15869140625,True,False,True,"[1.16259765625, 19.16259765625, 39.16259765625]",8.75497380090482e-07,1.9238020335290906e-15,UNIQUE_OVERLAPPING_PHYSICAL_EVENT,1,24,True,164,41.4,98.0,1,9.486832980505138
v2_1_pop0_de_a_001,6101,7101,16,22,8118.0,8368.0,0,-1,1.3803376854692135,1.3803376854692135,1.7749649213835395,-0.3946272359143259,4,8252.50244140625,2,8125.25927734375,3,8231.990234375,3,8240.73046875,False,True,False,"[0.9599609375, 116.9599609375, 136.9599609375]",0.1356832545069627,0.004218649572942948,AMBIGUOUS_OVERLAP_CHOSEN_MAXIMUM_FOR_DESCRIPTION,2,24,True,164,41.4,98.0,1,9.486832980505138
v2_1_pop0_de_a_001,6101,7101,17,25,9310.0,9560.0,0,1,0.3446366367881785,0.3446366367881785,0.4092987383613137,-0.06466210157313518,0,,1,9425.3359375,4,9439.71533203125,3,9433.3046875,False,,,"[-2.3359375, 11.6640625, 23.6640625]",5.178633426183149e-09,0.0,NOT_ESTIMABLE_NO_OVERLAPPING_PHYSICAL_EVENT,0,,False,0,,,,
v2_1_pop0_de_a_001,6101,7101,18,26,9614.0,9864.0,1,1,0.3029411219999113,0.519448009153457,0.3029411219999113,0.2165068871535457,4,9749.49951171875,2,9764.9619140625,2,9720.57470703125,3,9719.2216796875,False,False,True,"[7.2666015625, 37.2666015625, 59.2666015625]",2.0643016343246067e-05,0.0,NOT_ESTIMABLE_NO_OVERLAPPING_PHYSICAL_EVENT,0,,False,0,,,,
v2_1_pop0_de_a_001,6101,7101,19,27,9866.0,10116.0,1,-1,0.7529586537444457,0.6954436374090442,0.7529586537444457,-0.05751501633540146,4,10060.47021484375,2,10006.43212890625,4,9977.140625,3,9986.6748046875,True,False,False,"[-1.732421875, 20.267578125, 92.267578125]",0.0,0.0,UNIQUE_OVERLAPPING_PHYSICAL_EVENT,1,30,True,147,36.80000000000001,76.0,1,7.615773105863909
v2_1_pop0_de_a_001,6101,7101,20,28,10170.0,10420.0,1,1,0.2517148921264653,0.452509610189368,0.2517148921264653,0.20079471806290267,0,,2,10319.466796875,4,10291.796875,3,10284.416015625,False,,,"[-0.44140625, 15.55859375, 37.55859375]",0.00011355665187619798,0.0,NOT_ESTIMABLE_NO_OVERLAPPING_PHYSICAL_EVENT,0,,False,0,,,,
v2_1_pop0_de_a_001,6101,7101,21,29,11386.0,11636.0,1,-1,1.2280448407322553,1.0918928839761932,1.2280448407322553,-0.13615195675606206,3,11631.744140625,2,11541.05908203125,4,11507.17431640625,3,11485.306640625,False,False,False,"[4.15234375, 30.15234375, 60.15234375]",9.942761375943336e-06,0.015958971526314026,NOT_ESTIMABLE_NO_OVERLAPPING_PHYSICAL_EVENT,0,,False,0,,,,
v2_1_pop0_de_a_001,6101,7101,22,30,11638.0,11888.0,1,-1,1.187279025503961,1.494551326097594,1.187279025503961,0.3072723005936331,4,11721.12060546875,2,11786.44384765625,3,11758.8779296875,1,11741.287109375,False,False,True,"[-12.0302734375, 105.9697265625, 137.9697265625]",0.07821069146462768,0.08077675214592704,NOT_ESTIMABLE_NO_OVERLAPPING_PHYSICAL_EVENT,0,,False,0,,,,
v2_1_pop0_de_a_001,6101,7101,23,31,11896.0,12146.0,1,-1,1.0227973268073998,1.3379859715475795,1.0227973268073998,0.3151886447401797,4,11903.3935546875,2,12038.24365234375,4,12010.822265625,2,12021.580078125,True,False,True,"[-0.8466796875, 115.1533203125, 137.1533203125]",0.1722549258779249,0.00011548956085180427,UNIQUE_OVERLAPPING_PHYSICAL_EVENT,1,38,True,156,37.0,84.0,1,8.06225774829855
v2_1_pop0_de_a_001,6101,7101,24,32,12146.0,12396.0,1,0,0.5913038406744622,0.8418802099328785,0.5913038406744622,0.2505763692584163,3,12200.7392578125,2,12304.9599609375,4,12270.494140625,3,12271.767578125,False,False,True,"[15.0859375, 77.0859375, 103.0859375]",0.00010031706449756322,0.0,UNIQUE_OVERLAPPING_PHYSICAL_EVENT,1,39,True,124,42.0,68.0,1,8.246211251235321
v2_1_pop0_de_a_001,6101,7101,25,33,12586.0,12836.0,1,0,0.5669635641508928,0.8631054030702684,0.5669635641508928,0.2961418389193756,4,12652.76708984375,2,12754.41552734375,4,12720.9560546875,3,12698.052734375,False,False,True,"[7.580078125, 67.580078125, 109.580078125]",0.0001564969420588905,0.0,UNIQUE_OVERLAPPING_PHYSICAL_EVENT,1,40,True,145,63.2,98.0,1,8.602325267042627
v2_1_pop0_de_a_001,6101,7101,26,34,12854.0,13104.0,1,-1,0.9709846529991628,1.1502501445207283,0.9709846529991628,0.17926549152156546,4,12882.27197265625,2,12988.47314453125,3,12967.7724609375,3,12989.771484375,True,False,False,"[13.48828125, 109.48828125, 125.48828125]",0.0019379321806545753,6.761117631536901e-08,AMBIGUOUS_OVERLAP_CHOSEN_MAXIMUM_FOR_DESCRIPTION,2,41,True,168,34.60000000000002,68.0,1,10.0
v2_1_pop0_de_a_001,6101,7101,27,35,13138.0,13388.0,0,1,0.37523803798457794,0.37523803798457794,0.4045621957309432,-0.029324157746365265,4,13270.25048828125,2,13266.33154296875,2,13246.7021484375,1,13270.80859375,True,True,False,"[1.5966796875, 17.5966796875, 33.5966796875]",1.3104391522047701e-06,2.7751404608369033e-23,NOT_ESTIMABLE_NO_OVERLAPPING_PHYSICAL_EVENT,0,,False,0,,,,
v2_1_pop0_de_a_001,6101,7101,28,36,13646.0,13896.0,1,-1,0.771327632385279,0.8083555143444758,0.771327632385279,0.03702788195919682,4,13841.49169921875,2,13790.16455078125,4,13757.4892578125,3,13747.2822265625,False,False,False,"[-0.4296875, 29.5703125, 101.5703125]",1.0586093967629043e-06,8.898420764352368e-22,AMBIGUOUS_OVERLAP_CHOSEN_MAXIMUM_FOR_DESCRIPTION,2,43,True,133,44.0,104.0,1,8.94427190999916
v2_1_pop0_de_a_001,6101,7101,29,41,15280.0,15530.0,0,-1,1.393664589574012,1.393664589574012,1.2039546052165124,0.18970998435749964,4,15422.265625,2,15393.06640625,0,,2,15284.7275390625,,False,False,"[102.228515625, 124.228515625, 148.228515625]",0.03415261257387572,8.301879505664697e-09,AMBIGUOUS_OVERLAP_CHOSEN_MAXIMUM_FOR_DESCRIPTION,2,54,True,119,36.400000000000006,70.0,1,8.246211251235321
v2_1_pop0_de_a_001,6101,7101,30,42,15908.0,16158.0,1,1,0.36509723958671036,0.44960863913713345,0.36509723958671036,0.08451139955042308,4,16016.25146484375,2,16049.75244140625,4,16030.0302734375,3,16043.62109375,True,False,True,"[11.158203125, 33.158203125, 51.158203125]",4.13339500582486e-08,0.0,NOT_ESTIMABLE_NO_OVERLAPPING_PHYSICAL_EVENT,0,,False,0,,,,
v2_1_pop0_de_a_001,6101,7101,31,43,16186.0,16436.0,1,1,0.2543316199263422,0.4019976395534141,0.2543316199263422,0.14766601962707193,2,16306.1591796875,2,16329.3408203125,4,16303.03173828125,3,16313.056640625,True,False,True,"[-3.1796875, 12.8203125, 28.8203125]",1.2929195637306872e-05,1.915433301146189e-27,NOT_ESTIMABLE_NO_OVERLAPPING_PHYSICAL_EVENT,0,,False,0,,,,
v2_1_pop0_de_a_001,6101,7101,32,44,16462.0,16712.0,1,0,0.5724641504998823,0.5129407870882122,0.5724641504998823,-0.05952336341167008,4,16603.1474609375,2,16580.08984375,2,16550.8056640625,3,16564.3046875,True,False,False,"[0.236328125, 16.236328125, 58.236328125]",4.409727380035578e-17,4.310315974558404e-10,NOT_ESTIMABLE_NO_OVERLAPPING_PHYSICAL_EVENT,0,,False,0,,,,
v2_1_pop0_de_a_001,6101,7101,33,47,17610.0,17860.0,1,-1,0.9260427961025286,0.885606475166489,0.9260427961025286,-0.04043632093603955,4,17830.3515625,2,17762.048828125,4,17727.2041015625,3,17724.880859375,False,False,False,"[-2.3125, 35.6875, 117.6875]",6.270872191267189e-05,0.014612908695366208,UNIQUE_OVERLAPPING_PHYSICAL_EVENT,1,62,True,125,46.40000000000002,84.0,1,8.246211251235321
v2_1_pop0_de_a_001,6101,7101,34,51,19902.0,20152.0,1,0,0.48790482507983024,0.5069165212400568,0.48790482507983024,0.019011696160226577,4,19991.3291015625,1,20001.546875,4,20030.1494140625,3,20031.537109375,False,False,False,"[4.07421875, 44.07421875, 60.07421875]",0.00012190167655084113,4.1572544171856075e-20,NOT_ESTIMABLE_NO_OVERLAPPING_PHYSICAL_EVENT,0,,False,0,,,,
v2_1_pop0_de_a_001,6101,7101,35,52,20580.0,20830.0,1,1,0.42454318605627117,0.5885613103194269,0.42454318605627117,0.16401812426315576,4,20667.060546875,0,,4,20714.494140625,3,20697.75390625,,,,"[-1.900390625, 20.099609375, 76.099609375]",6.521801220924515e-07,0.0,NOT_ESTIMABLE_NO_OVERLAPPING_PHYSICAL_EVENT,0,,False,0,,,,
v2_1_pop0_de_a_001,6101,7101,36,53,20862.0,21112.0,1,1,0.20766320985116488,0.48906224000637166,0.20766320985116488,0.2813990301552068,3,20986.369140625,2,21015.65625,4,20982.2802734375,3,20983.5234375,False,False,True,"[-2.51171875, 11.48828125, 39.48828125]",2.3205652277009836e-12,0.0,NOT_ESTIMABLE_NO_OVERLAPPING_PHYSICAL_EVENT,0,,False,0,,,,
v2_1_pop0_de_a_001,6101,7101,37,54,21148.0,21398.0,1,0,0.5858004157148535,0.9766387868953362,0.5858004157148535,0.3908383711804827,2,21321.94921875,2,21356.0224609375,2,21249.7197265625,3,21260.60546875,True,False,True,"[0.1484375, 18.1484375, 132.1484375]",1.4972527296929317e-09,0.047410767834856336,UNIQUE_OVERLAPPING_PHYSICAL_EVENT,1,74,True,126,35.0,82.0,1,9.219544457292887
v2_1_pop0_de_a_001,6101,7101,38,55,22408.0,22658.0,1,-1,0.7467328715856242,0.6695474252680561,0.7467328715856242,-0.07718544631756807,4,22515.93359375,1,22531.955078125,2,22535.3876953125,1,22649.5390625,False,False,False,"[-4.072265625, 11.927734375, 29.927734375]",3.324112022561627e-05,0.005484908760851074,NOT_ESTIMABLE_NO_OVERLAPPING_PHYSICAL_EVENT,0,,False,0,,,,
v2_1_pop0_de_a_001,6101,7101,39,58,23744.0,23994.0,0,1,0.45518922329194256,0.45518922329194256,0.7275540907537523,-0.27236486746180977,4,23840.14453125,0,,1,23892.267578125,3,23906.24609375,,,,"[-0.4140625, 25.5859375, 83.5859375]",4.3916966613808865e-06,4.639803921661131e-29,AMBIGUOUS_OVERLAP_CHOSEN_MAXIMUM_FOR_DESCRIPTION,2,85,True,113,37.599999999999994,86.0,1,7.211102550927978
v2_1_pop0_de_a_001,6101,7102,0,2,1414.0,1664.0,1,-1,0.839482099388794,1.4865954655789813,0.839482099388794,0.6471133661901872,4,1499.1106567382812,2,1589.1146240234375,2,1564.8295288085938,3,1445.7547607421875,False,False,True,"[7.9288330078125, 77.9288330078125, 149.9288330078125]",0.0004139737403208685,1.2888339721909543e-30,AMBIGUOUS_OVERLAP_CHOSEN_MAXIMUM_FOR_DESCRIPTION,3,8,True,130,36.2,72.0,1,8.602325267042627
v2_1_pop0_de_a_001,6101,7102,1,3,2248.0,2498.0,0,1,0.27618122633527264,0.27618122633527264,0.33628155486365313,-0.06010032852838049,4,2386.009521484375,0,,2,2358.8729248046875,3,2368.52978515625,,,,"[1.255126953125, 17.255126953125, 39.255126953125]",5.372141470771795e-07,0.0,UNIQUE_OVERLAPPING_PHYSICAL_EVENT,1,12,True,96,37.0,92.0,1,7.615773105863909
v2_1_pop0_de_a_001,6101,7102,2,4,2550.0,2800.0,0,1,0.49379159226594604,0.49379159226594604,0.5657319067251139,-0.07194031445916782,4,2696.1142578125,2,2671.1246337890625,3,2649.83740234375,1,2707.211669921875,True,True,False,"[-2.63037109375, 19.36962890625, 57.36962890625]",2.2888931280876266e-05,0.0,NOT_ESTIMABLE_NO_OVERLAPPING_PHYSICAL_EVENT,0,,False,0,,,,
v2_1_pop0_de_a_001,6101,7102,3,5,2804.0,3054.0,0,0,0.7100942447711615,0.7100942447711615,1.1187677879209874,-0.40867354314982596,3,3005.621826171875,2,2931.1077880859375,3,2912.893798828125,3,3009.713623046875,True,True,False,"[0.94677734375, 20.94677734375, 118.94677734375]",0.0,0.07353588680187012,NOT_ESTIMABLE_NO_OVERLAPPING_PHYSICAL_EVENT,0,,False,0,,,,
v2_1_pop0_de_a_001,6101,7102,4,8,4240.0,4490.0,1,0,0.647929617845057,0.7258466756348009,0.647929617845057,0.0779170577897439,1,4464.88720703125,2,4369.54248046875,4,4358.449951171875,3,4346.8603515625,False,False,False,"[-7.6943359375, 12.3056640625, 46.3056640625]",0.0014907933899486647,0.008563829762139284,AMBIGUOUS_OVERLAP_CHOSEN_MAXIMUM_FOR_DESCRIPTION,2,16,True,236,101.0,144.0,1,11.40175425099138
v2_1_pop0_de_a_001,6101,7102,5,11,5848.0,6098.0,1,1,0.42673623457127957,0.6515191226075034,0.42673623457127957,0.22478288803622387,4,5969.63232421875,2,5991.008544921875,2,5966.693359375,1,5924.2822265625,False,False,True,"[34.7177734375, 50.7177734375, 68.7177734375]",0.00017567008831204648,1.0958653296143743e-27,UNIQUE_OVERLAPPING_PHYSICAL_EVENT,1,21,True,70,50.2,82.0,1,6.324555320336759
v2_1_pop0_de_a_001,6101,7102,6,12,6394.0,6644.0,0,1,0.32724549359660804,0.32724549359660804,0.4934630675737762,-0.1662175739771682,0,,2,6519.399169921875,2,6495.24853515625,3,6539.31103515625,True,,,"[4.2001953125, 22.2001953125, 50.2001953125]",0.0004177372783942201,0.0,AMBIGUOUS_OVERLAP_CHOSEN_MAXIMUM_FOR_DESCRIPTION,3,24,True,172,38.0,84.0,1,9.433981132056603
v2_1_pop0_de_a_001,6101,7102,7,15,7194.0,7444.0,1,1,0.2656439198781785,0.4609142965187495,0.2656439198781785,0.195270376640571,0,,2,7338.791015625,4,7310.526123046875,3,7304.38916015625,False,,,"[-8.80126953125, 3.19873046875, 19.19873046875]",1.1890644031422934e-06,1.299721860466483e-22,UNIQUE_OVERLAPPING_PHYSICAL_EVENT,1,28,True,186,62.0,98.0,1,10.0
v2_1_pop0_de_a_001,6101,7102,8,16,7564.0,7814.0,1,1,0.28316863917249524,0.45148227012340386,0.28316863917249524,0.16831363095090862,0,,2,7711.134033203125,4,7680.003662109375,3,7686.5966796875,True,,,"[-4.4345703125, 9.5654296875, 27.5654296875]",7.682700125514512e-09,3.915757749608459e-12,UNIQUE_OVERLAPPING_PHYSICAL_EVENT,1,29,True,119,38.400000000000006,74.0,1,7.615773105863909
v2_1_pop0_de_a_001,6101,7102,9,17,8414.0,8664.0,1,-1,0.7656425357866641,1.0177770110743154,0.7656425357866641,0.2521344752876513,4,8439.68212890625,2,8558.5537109375,4,8528.86181640625,3,8532.5771484375,True,False,True,"[-0.5625, 87.4375, 105.4375]",0.005678139692857343,1.441483054913321e-05,AMBIGUOUS_OVERLAP_CHOSEN_MAXIMUM_FOR_DESCRIPTION,2,35,True,113,38.0,86.0,1,7.615773105863909
v2_1_pop0_de_a_001,6101,7102,10,18,8918.0,9168.0,1,1,0.2898256087761667,0.553384863222317,0.2898256087761667,0.26355925444615025,4,9027.02294921875,2,9067.6552734375,2,9046.28076171875,0,,,,,"[3.236328125, 31.236328125, 53.236328125]",3.2090872492799454e-07,2.3312079778235287e-20,UNIQUE_OVERLAPPING_PHYSICAL_EVENT,1,36,True,94,37.4,72.0,1,6.708203932499369
v2_1_pop0_de_a_001,6101,7102,11,19,9572.0,9822.0,1,-1,0.8488193815519123,1.0556920412196038,0.8488193815519123,0.20687265966769153,4,9615.75244140625,2,9715.2119140625,4,9694.7060546875,2,9713.294921875,True,False,False,"[3.994140625, 89.994140625, 113.994140625]",3.872546906178608e-05,0.00015059708135553018,AMBIGUOUS_OVERLAP_CHOSEN_MAXIMUM_FOR_DESCRIPTION,3,39,True,129,32.400000000000006,84.0,1,8.06225774829855
v2_1_pop0_de_a_001,6101,7102,12,20,9868.0,10118.0,1,0,0.537963054281448,0.6075804337222811,0.537963054281448,0.06961737944083313,4,9947.607421875,2,10006.990234375,3,9984.4921875,3,10009.67578125,True,False,False,"[3.37109375, 47.37109375, 73.37109375]",0.006045038723556346,1.4539328453257064e-23,AMBIGUOUS_OVERLAP_CHOSEN_MAXIMUM_FOR_DESCRIPTION,2,41,True,199,100.0,166.0,2,10.63014581273465
v2_1_pop0_de_a_001,6101,7102,13,21,10134.0,10384.0,0,1,0.43039946391003586,0.43039946391003586,0.5775349490701431,-0.14713548516010727,4,10286.65771484375,0,,1,10233.755859375,3,10244.970703125,,,,"[1.244140625, 23.244140625, 61.244140625]",4.7082918259140246e-06,0.0,NOT_ESTIMABLE_NO_OVERLAPPING_PHYSICAL_EVENT,0,,False,0,,,,
v2_1_pop0_de_a_001,6101,7102,14,22,10426.0,10676.0,0,1,0.35532331277372203,0.35532331277372203,0.35500082578526226,0.0003224869884597692,4,10579.49609375,2,10558.49658203125,4,10538.1171875,3,10552.2802734375,True,False,False,"[-2.2412109375, 17.7587890625, 45.7587890625]",4.786724909798827e-06,0.0,UNIQUE_OVERLAPPING_PHYSICAL_EVENT,1,42,True,75,63.20000000000002,116.0,2,6.708203932499369
v2_1_pop0_de_a_001,6101,7102,15,23,10952.0,11202.0,1,1,0.28410122814189426,0.4474701804270862,0.28410122814189426,0.16336895228519194,0,,2,11098.787109375,4,11066.85595703125,3,11074.0859375,True,,,"[-5.4091796875, 8.5908203125, 30.5908203125]",1.0016398596037599e-27,2.327133008154489e-18,NOT_ESTIMABLE_NO_OVERLAPPING_PHYSICAL_EVENT,0,,False,0,,,,
v2_1_pop0_de_a_001,6101,7102,16,24,12362.0,12612.0,1,1,0.3952321051755591,0.4520973655440793,0.3952321051755591,0.05686526036852019,4,12456.8671875,2,12509.16650390625,4,12486.79443359375,3,12500.173828125,True,False,True,"[3.373046875, 37.373046875, 57.373046875]",3.1002759082922905e-10,0.0,UNIQUE_OVERLAPPING_PHYSICAL_EVENT,1,53,True,62,67.6,82.0,1,5.830951894845301
v2_1_pop0_de_a_001,6101,7102,17,25,12634.0,12884.0,0,1,0.4265269152890713,0.4265269152890713,0.48845377749364793,-0.06192686220457666,4,12795.7783203125,2,12764.5595703125,1,12744.01171875,3,12746.064453125,True,False,False,"[3.474609375, 25.474609375, 65.474609375]",8.605601006220682e-23,0.0,UNIQUE_OVERLAPPING_PHYSICAL_EVENT,1,54,True,91,56.0,86.0,1,6.708203932499369
v2_1_pop0_de_a_001,6101,7102,18,26,12896.0,13146.0,0,-1,0.9114386677551849,0.9114386677551849,1.1028684422461281,-0.19142977449094323,4,13132.4169921875,2,13035.837890625,4,13012.26416015625,3,13025.49609375,True,False,False,"[-1.0966796875, 20.9033203125, 124.9033203125]",2.4797961477829032e-08,0.09827010185071931,UNIQUE_OVERLAPPING_PHYSICAL_EVENT,1,55,True,165,35.19999999999999,80.0,1,8.94427190999916
v2_1_pop0_de_a_001,6101,7102,19,27,13398.0,13648.0,0,1,0.3178510590098149,0.3178510590098149,0.42548325960358985,-0.10763220059377493,0,,2,13527.74853515625,4,13517.140625,3,13540.2509765625,True,,,"[-5.041015625, 8.958984375, 26.958984375]",0.0001347202014369085,0.0,NOT_ESTIMABLE_NO_OVERLAPPING_PHYSICAL_EVENT,0,,False,0,,,,
v2_1_pop0_de_a_001,6101,7102,20,28,14078.0,14328.0,0,1,0.37837268112783173,0.37837268112783173,0.35106445997750535,0.027308221150326384,4,14209.51220703125,2,14209.55224609375,3,14186.5126953125,0,,,,,"[-0.1591796875, 19.8408203125, 35.8408203125]",7.313847372331487e-06,4.828669251958637e-22,NOT_ESTIMABLE_NO_OVERLAPPING_PHYSICAL_EVENT,0,,False,0,,,,
v2_1_pop0_de_a_001,6101,7102,21,29,14572.0,14822.0,1,1,0.28102029139791135,0.35551261147022906,0.28102029139791135,0.07449232007231771,4,14702.8828125,2,14711.767578125,4,14685.44873046875,2,14693.58251953125,True,False,True,"[-1.8623046875, 14.1376953125, 32.1376953125]",0.0002062228949867716,0.0,UNIQUE_OVERLAPPING_PHYSICAL_EVENT,1,58,True,160,56.0,102.0,1,9.486832980505138
v2_1_pop0_de_a_001,6101,7102,22,30,14872.0,15122.0,0,-1,1.2012945790081375,1.2012945790081375,1.1638251861885007,0.03746939281963679,4,14880.541015625,2,14999.201171875,4,14992.37158203125,3,15015.7919921875,True,False,False,"[10.6953125, 118.6953125, 140.6953125]",0.07357458918496666,4.611237594173049e-05,AMBIGUOUS_OVERLAP_CHOSEN_MAXIMUM_FOR_DESCRIPTION,2,59,True,150,44.0,124.0,1,8.94427190999916
v2_1_pop0_de_a_001,6101,7102,23,31,15162.0,15412.0,1,-1,1.0774725139273997,1.168273767270038,1.0774725139273997,0.09080125334263833,3,15166.240234375,2,15278.08154296875,4,15277.3994140625,3,15291.763671875,False,False,False,"[33.9736328125, 119.9736328125, 137.9736328125]",0.04872143980694961,6.431614585437937e-05,UNIQUE_OVERLAPPING_PHYSICAL_EVENT,1,60,True,163,34.0,74.0,1,10.0
v2_1_pop0_de_a_001,6101,7102,24,32,15412.0,15662.0,0,1,0.4760126285399163,0.4760126285399163,0.5504136649560509,-0.0744010364161346,4,15569.6552734375,2,15538.64794921875,2,15515.82373046875,3,15534.2978515625,True,False,False,"[6.212890625, 22.212890625, 60.212890625]",8.515287002913499e-05,0.0,UNIQUE_OVERLAPPING_PHYSICAL_EVENT,1,61,True,188,32.60000000000002,64.0,1,9.433981132056603
v2_1_pop0_de_a_001,6101,7102,25,35,16526.0,16776.0,1,1,0.4260668792829908,1.1047722145247099,0.4260668792829908,0.678705335241719,4,16667.0087890625,2,16756.701171875,1,16627.615234375,3,16637.8125,True,False,True,"[1.384765625, 39.384765625, 135.384765625]",0.005199347491388638,0.0735979524366263,AMBIGUOUS_OVERLAP_CHOSEN_MAXIMUM_FOR_DESCRIPTION,2,67,True,133,40.0,98.0,1,8.06225774829855
v2_1_pop0_de_a_001,6101,7102,26,36,17158.0,17408.0,1,-1,0.9499605953657329,1.4825190719803378,0.9499605953657329,0.532558476614605,4,17273.951171875,2,17307.734375,2,17277.595703125,2,17177.234375,False,False,True,"[18.005859375, 106.005859375, 132.005859375]",0.006544599500124017,6.97746958644075e-09,AMBIGUOUS_OVERLAP_CHOSEN_MAXIMUM_FOR_DESCRIPTION,2,69,True,95,46.40000000000002,78.0,1,7.211102550927978
v2_1_pop0_de_a_001,6101,7102,27,37,17412.0,17662.0,1,1,0.29639857515276086,0.38630522139856716,0.29639857515276086,0.0899066462458063,0,,2,17554.0869140625,4,17529.1826171875,3,17542.443359375,True,,,"[-4.423828125, 11.576171875, 27.576171875]",5.003498880359219e-08,0.0,AMBIGUOUS_OVERLAP_CHOSEN_MAXIMUM_FOR_DESCRIPTION,2,70,True,98,41.19999999999999,116.0,1,8.06225774829855
v2_1_pop0_de_a_001,6101,7102,28,38,17702.0,17952.0,1,1,0.2696698677296963,0.4451612163168043,0.2696698677296963,0.17549134858710796,3,17817.748046875,2,17846.6044921875,1,17828.4765625,2,17822.3564453125,False,False,True,"[6.091796875, 22.091796875, 40.091796875]",7.76734638153916e-08,0.0,NOT_ESTIMABLE_NO_OVERLAPPING_PHYSICAL_EVENT,0,,False,0,,,,
v2_1_pop0_de_a_001,6101,7102,29,39,18016.0,18266.0,1,1,0.4318526494174163,0.5240097193700745,0.4318526494174163,0.09215706995265815,4,18109.49609375,2,18155.89453125,3,18152.111328125,3,18141.51953125,False,False,True,"[5.70703125, 43.70703125, 61.70703125]",2.1043374498854147e-05,0.0,NOT_ESTIMABLE_NO_OVERLAPPING_PHYSICAL_EVENT,0,,False,0,,,,
v2_1_pop0_de_a_001,6101,7102,30,40,18278.0,18528.0,1,0,0.4485334013796587,0.3847502515530291,0.4485334013796587,-0.06378314982662958,4,18390.4609375,1,18429.1015625,2,18410.794921875,3,18422.328125,True,False,True,"[4.115234375, 32.115234375, 46.115234375]",2.5357374115364355e-07,2.7274984100722722e-21,NOT_ESTIMABLE_NO_OVERLAPPING_PHYSICAL_EVENT,0,,False,0,,,,
v2_1_pop0_de_a_001,6101,7102,31,41,18712.0,18962.0,1,1,0.25998137573665075,0.3925345477746609,0.25998137573665075,0.13255317203801015,4,18848.8681640625,2,18855.630859375,4,18824.81640625,3,18827.52734375,True,False,True,"[-3.740234375, 16.259765625, 38.259765625]",7.005423774145228e-06,2.571803558429616e-09,UNIQUE_OVERLAPPING_PHYSICAL_EVENT,1,73,True,147,54.8,98.0,1,8.94427190999916
v2_1_pop0_de_a_001,6101,7102,32,44,19492.0,19742.0,0,1,0.3553921698104242,0.3553921698104242,0.330565948323213,0.024826221487211197,4,19635.8203125,2,19624.6474609375,3,19605.921875,3,19609.0390625,True,False,False,"[2.986328125, 18.986328125, 40.986328125]",5.8984530300903716e-15,0.0,AMBIGUOUS_OVERLAP_CHOSEN_MAXIMUM_FOR_DESCRIPTION,2,77,True,81,46.0,90.0,1,6.708203932499369
v2_1_pop0_de_a_001,6101,7102,33,45,19788.0,20038.0,1,1,0.3031560301075148,0.39791757422804713,0.3031560301075148,0.09476154412053234,4,19926.5458984375,1,19925.23046875,4,19902.3818359375,3,19905.498046875,True,False,False,"[-1.458984375, 14.541015625, 36.541015625]",1.3246891538994647e-09,0.0,UNIQUE_OVERLAPPING_PHYSICAL_EVENT,1,77,True,81,46.0,90.0,1,6.708203932499369
v2_1_pop0_de_a_001,6101,7102,34,50,21574.0,21824.0,1,1,0.30395989010950974,0.40293598851336065,0.30395989010950974,0.09897609840385091,0,,2,21718.5810546875,4,21689.0703125,3,21697.56640625,True,,,"[-4.541015625, 9.458984375, 25.458984375]",0.00015598910570507624,0.0,UNIQUE_OVERLAPPING_PHYSICAL_EVENT,1,85,True,74,30.800000000000004,62.0,1,7.0710678118654755
v2_1_pop0_de_a_001,6101,7102,35,51,21876.0,22126.0,0,-1,0.9155912116643543,0.9155912116643543,1.1195949258008666,-0.2040037141365123,3,22120.419921875,2,22014.8935546875,4,21989.4775390625,1,22000.798828125,True,False,False,"[-3.46484375, 12.53515625, 34.53515625]",5.3467928069700166e-05,0.0553552873589616,AMBIGUOUS_OVERLAP_CHOSEN_MAXIMUM_FOR_DESCRIPTION,3,86,True,196,38.0,92.0,1,9.899494936611665
v2_1_pop0_de_a_001,6101,7102,36,52,22168.0,22418.0,1,1,0.3691398772792576,0.4388000766484187,0.3691398772792576,0.06966019936916107,0,,2,22310.3505859375,3,22285.3359375,3,22301.224609375,True,,,"[0.8984375, 16.8984375, 30.8984375]",3.588600482971011e-08,0.0,AMBIGUOUS_OVERLAP_CHOSEN_MAXIMUM_FOR_DESCRIPTION,3,88,True,220,58.19999999999999,168.0,1,11.180339887498949
v2_1_pop0_de_a_001,6101,7102,37,53,22450.0,22700.0,1,-1,0.981521095069291,1.109110943529552,0.981521095069291,0.1275898484602611,1,22464.833984375,2,22585.1357421875,4,22564.3720703125,3,22581.12890625,True,False,True,"[92.166015625, 108.166015625, 124.166015625]",0.0027573758528345923,3.907973606214237e-10,AMBIGUOUS_OVERLAP_CHOSEN_MAXIMUM_FOR_DESCRIPTION,2,90,True,160,36.19999999999999,88.0,1,9.848857801796104
v2_1_pop0_de_a_001,6101,7102,38,54,22712.0,22962.0,1,-1,0.7142360687033888,0.7826681390805229,0.7142360687033888,0.06843207037713406,4,22797.955078125,2,22887.6884765625,2,22853.587890625,3,22866.251953125,True,False,True,"[0.439453125, 34.439453125, 88.439453125]",0.00024745228603082387,1.1790786709705894e-37,AMBIGUOUS_OVERLAP_CHOSEN_MAXIMUM_FOR_DESCRIPTION,2,91,True,166,59.0,116.0,1,9.433981132056603
v2_1_pop0_de_a_001,6102,7101,0,0,728.0,978.0,0,0,0.639052405917743,0.639052405917743,0.8274615760890663,-0.1884091701713233,4,923.6666259765625,2,856.9660949707031,4,842.5780334472656,3,861.54052734375,True,True,False,"[-0.8916015625, 19.1083984375, 89.1083984375]",1.8293737348313916e-05,0.0017999457516407478,AMBIGUOUS_OVERLAP_CHOSEN_MAXIMUM_FOR_DESCRIPTION,2,3,True,167,47.60000000000001,96.0,1,8.94427190999916
v2_1_pop0_de_a_001,6102,7101,1,1,1084.0,1334.0,1,1,0.3749455257811955,0.5614162235711718,0.3749455257811955,0.18647069778997633,4,1207.0966796875,2,1237.9713745117188,0,,2,1178.231689453125,,False,True,"[7.80322265625, 35.80322265625, 65.80322265625]",9.764455643747965e-06,0.0,NOT_ESTIMABLE_NO_OVERLAPPING_PHYSICAL_EVENT,0,,False,0,,,,
v2_1_pop0_de_a_001,6102,7101,2,4,1962.0,2212.0,0,0,0.5436668224615497,0.5436668224615497,1.3934037792939242,-0.8497369568323745,4,2091.9136962890625,2,1983.633544921875,3,2073.2275390625,3,2084.6640625,False,True,False,"[2.364501953125, 100.364501953125, 118.364501953125]",0.02627928144938918,0.0005279622266974366,AMBIGUOUS_OVERLAP_CHOSEN_MAXIMUM_FOR_DESCRIPTION,2,5,True,169,42.0,112.0,1,10.44030650891055
v2_1_pop0_de_a_001,6102,7101,3,5,2408.0,2658.0,0,-1,0.9584206122528967,0.9584206122528967,1.2154067124529835,-0.25698610020008683,4,2651.55810546875,2,2545.1591796875,4,2521.854248046875,3,2539.771240234375,True,False,False,"[-2.1640625, 15.8359375, 127.8359375]",6.844757254143944e-06,0.08872628458487945,AMBIGUOUS_OVERLAP_CHOSEN_MAXIMUM_FOR_DESCRIPTION,2,7,True,190,40.199999999999996,110.0,1,10.295630140987
v2_1_pop0_de_a_001,6102,7101,4,6,2696.0,2946.0,1,1,0.30769782135890617,0.382976732278536,0.30769782135890617,0.07527891091962985,0,,2,2836.853515625,2,2814.1131591796875,3,2827.3564453125,True,,,"[4.873291015625, 16.873291015625, 30.873291015625]",2.6940850539694534e-12,0.0,UNIQUE_OVERLAPPING_PHYSICAL_EVENT,1,8,True,137,60.0,144.0,1,8.48528137423857
v2_1_pop0_de_a_001,6102,7101,5,7,2956.0,3206.0,1,0,0.475972697571565,0.6592064935471986,0.475972697571565,0.1832337959756336,3,3025.76806640625,2,3104.748046875,4,3075.51318359375,3,3086.378662109375,True,False,True,"[41.100830078125, 63.100830078125, 83.100830078125]",3.376511893396477e-08,3.7777084475053527e-06,AMBIGUOUS_OVERLAP_CHOSEN_MAXIMUM_FOR_DESCRIPTION,2,10,True,181,40.0,106.0,1,9.848857801796104
v2_1_pop0_de_a_001,6102,7101,6,8,3236.0,3486.0,0,1,0.33142429299993315,0.33142429299993315,0.3224539361558141,0.008970356844119065,4,3336.286865234375,2,3369.1624755859375,4,3363.308837890625,3,3369.85791015625,True,False,False,"[5.6533203125, 35.6533203125, 49.6533203125]",7.50475381513373e-05,0.0,NOT_ESTIMABLE_NO_OVERLAPPING_PHYSICAL_EVENT,0,,False,0,,,,
v2_1_pop0_de_a_001,6102,7101,7,9,3582.0,3832.0,0,1,0.3827257932140167,0.3827257932140167,0.49038463681455163,-0.10765884360053496,4,3693.48974609375,0,,4,3713.5975341796875,3,3736.78369140625,,,,"[3.773681640625, 23.773681640625, 49.773681640625]",0.0001826567297841131,0.0,NOT_ESTIMABLE_NO_OVERLAPPING_PHYSICAL_EVENT,0,,False,0,,,,
v2_1_pop0_de_a_001,6102,7101,8,10,3886.0,4136.0,1,-1,0.6530812464571996,0.6571353897005373,0.6530812464571996,0.004054143243337749,4,4075.532958984375,2,4028.84912109375,4,3998.585693359375,3,4005.032958984375,True,False,False,"[4.001708984375, 26.001708984375, 86.001708984375]",3.8637642391641335e-06,0.0,NOT_ESTIMABLE_NO_OVERLAPPING_PHYSICAL_EVENT,0,,False,0,,,,
v2_1_pop0_de_a_001,6102,7101,9,11,4716.0,4966.0,1,-1,1.1227135168055424,1.431378763951655,1.1227135168055424,0.30866524714611265,1,4798.1787109375,2,4858.29248046875,3,4832.76513671875,2,4785.296142578125,False,False,True,"[102.96435546875, 120.96435546875, 138.96435546875]",0.02006001104952966,1.594988384346573e-16,UNIQUE_OVERLAPPING_PHYSICAL_EVENT,1,15,True,76,53.0,86.0,1,6.708203932499369
v2_1_pop0_de_a_001,6102,7101,10,12,5022.0,5272.0,1,1,0.43481600501190265,0.44829540585328614,0.43481600501190265,0.013479400841383493,2,5181.5166015625,2,5159.713134765625,3,5132.85498046875,3,5144.09814453125,True,False,False,"[-2.4892578125, 13.5107421875, 41.5107421875]",2.9554701272668222e-06,4.227165604794377e-19,UNIQUE_OVERLAPPING_PHYSICAL_EVENT,1,16,True,158,54.0,86.0,1,10.0
v2_1_pop0_de_a_001,6102,7101,11,13,5406.0,5656.0,1,-1,1.1814763408791147,1.7809978090795884,1.1814763408791147,0.5995214682004737,4,5506.5810546875,2,5570.636474609375,2,5548.748291015625,2,5411.067138671875,False,False,True,"[90.5, 142.5, 162.5]",0.05741438391262378,7.082177339095344e-13,UNIQUE_OVERLAPPING_PHYSICAL_EVENT,1,17,True,151,34.0,84.0,1,9.433981132056603
v2_1_pop0_de_a_001,6102,7101,12,14,5662.0,5912.0,1,0,0.5847302867177685,0.5788182417542478,0.5847302867177685,-0.005912044963520713,4,5741.48193359375,1,5793.63720703125,4,5785.6689453125,3,5802.13232421875,True,False,False,"[-0.90380859375, 43.09619140625, 63.09619140625]",7.505491397149075e-13,4.0423215065465055e-24,NOT_ESTIMABLE_NO_OVERLAPPING_PHYSICAL_EVENT,0,,False,0,,,,
v2_1_pop0_de_a_001,6102,7101,13,15,6166.0,6416.0,1,-1,0.8079218645048704,1.1557546942847283,0.8079218645048704,0.34783282977985797,4,6329.40380859375,2,6385.297607421875,2,6252.419921875,3,6262.9990234375,True,False,True,"[2.92138671875, 68.92138671875, 134.92138671875]",3.222386283594808e-08,0.002886713312975668,AMBIGUOUS_OVERLAP_CHOSEN_MAXIMUM_FOR_DESCRIPTION,2,22,True,199,72.0,128.0,1,9.433981132056603
v2_1_pop0_de_a_001,6102,7101,14,16,6466.0,6716.0,1,1,0.26699115708836835,0.4711746371165577,0.26699115708836835,0.20418348002818937,0,,2,6608.50390625,3,6576.0244140625,3,6580.341796875,True,,,"[-6.09912109375, 5.90087890625, 27.90087890625]",4.073113257777211e-06,0.0,NOT_ESTIMABLE_NO_OVERLAPPING_PHYSICAL_EVENT,0,,False,0,,,,
v2_1_pop0_de_a_001,6102,7101,15,17,6738.0,6988.0,1,1,0.3613487943820366,0.4600247954079501,0.3613487943820366,0.0986760010259135,4,6851.02880859375,2,6901.958984375,2,6862.57958984375,3,6869.82763671875,True,False,True,"[5.52978515625, 25.52978515625, 61.52978515625]",2.1015544705343437e-06,0.0,NOT_ESTIMABLE_NO_OVERLAPPING_PHYSICAL_EVENT,0,,False,0,,,,
v2_1_pop0_de_a_001,6102,7101,16,18,7018.0,7268.0,1,1,0.20751286397612173,0.39752843767955465,0.20751286397612173,0.19001557370343292,4,7144.15185546875,2,7167.375732421875,4,7131.809326171875,3,7139.88818359375,True,False,True,"[-2.435546875, 11.564453125, 31.564453125]",2.8343544647149317e-05,0.004174823504142102,NOT_ESTIMABLE_NO_OVERLAPPING_PHYSICAL_EVENT,0,,False,0,,,,
v2_1_pop0_de_a_001,6102,7101,17,19,7350.0,7600.0,0,1,0.34257204136216335,0.34257204136216335,0.364043629630471,-0.02147158826830764,4,7466.157470703125,0,,4,7474.246826171875,3,7486.4267578125,,,,"[-1.369140625, 12.630859375, 26.630859375]",7.339303553503239e-08,0.0,NOT_ESTIMABLE_NO_OVERLAPPING_PHYSICAL_EVENT,0,,False,0,,,,
v2_1_pop0_de_a_001,6102,7101,18,20,7632.0,7882.0,0,1,0.4546401405869055,0.4546401405869055,0.5459519792490031,-0.09131183866209758,4,7757.8720703125,2,7760.987548828125,2,7737.407470703125,2,7798.62353515625,True,False,False,"[1.33056640625, 19.33056640625, 55.33056640625]",1.030500007042316e-05,0.0,NOT_ESTIMABLE_NO_OVERLAPPING_PHYSICAL_EVENT,0,,False,0,,,,
v2_1_pop0_de_a_001,6102,7101,19,23,8442.0,8692.0,1,0,0.6055451175626899,0.6378195217194269,0.6055451175626899,0.03227440415673699,4,8513.67822265625,1,8571.2470703125,4,8568.25927734375,3,8571.306640625,True,False,False,"[14.4482421875, 66.4482421875, 80.4482421875]",7.337343804198195e-05,3.057329320003818e-39,NOT_ESTIMABLE_NO_OVERLAPPING_PHYSICAL_EVENT,0,,False,0,,,,
v2_1_pop0_de_a_001,6102,7101,20,24,8760.0,9010.0,0,1,0.4564462312135043,0.4564462312135043,1.304237649676428,-0.8477914184629238,4,8884.2080078125,2,8795.36767578125,2,8826.8203125,3,8891.21875,False,True,False,"[9.7568359375, 107.7568359375, 125.7568359375]",0.011787344980260715,9.845779438203944e-09,UNIQUE_OVERLAPPING_PHYSICAL_EVENT,1,23,True,171,36.0,66.0,1,9.486832980505138
v2_1_pop0_de_a_001,6102,7101,21,25,9224.0,9474.0,1,1,0.317896312740897,0.3497719676561783,0.317896312740897,0.03187565491528127,0,,2,9360.55126953125,4,9338.1552734375,3,9354.369140625,True,,,"[-2.9775390625, 13.0224609375, 29.0224609375]",2.815964261644672e-07,1.0092144277235492e-19,AMBIGUOUS_OVERLAP_CHOSEN_MAXIMUM_FOR_DESCRIPTION,2,24,True,142,42.0,96.0,1,8.602325267042627
v2_1_pop0_de_a_001,6102,7101,22,26,9604.0,9854.0,0,1,0.43311440936417933,0.43311440936417933,0.49390654921307514,-0.06079213984889581,4,9747.52392578125,2,9727.3427734375,2,9706.302734375,0,,,,,"[1.525390625, 23.525390625, 51.525390625]",9.319130521578978e-06,3.1849685256817335e-21,UNIQUE_OVERLAPPING_PHYSICAL_EVENT,1,27,True,105,42.0,138.0,1,7.615773105863909
v2_1_pop0_de_a_001,6102,7101,23,27,9934.0,10184.0,1,-1,0.9258334956843755,0.7807637617853914,0.9258334956843755,-0.14506973389898403,4,10045.9140625,2,10081.3310546875,2,10058.66650390625,2,10169.83154296875,True,False,False,"[0.1669921875, 24.1669921875, 48.1669921875]",0.0006659263632082556,0.0065981311759526415,AMBIGUOUS_OVERLAP_CHOSEN_MAXIMUM_FOR_DESCRIPTION,2,28,True,83,37.19999999999999,80.0,1,6.324555320336759
v2_1_pop0_de_a_001,6102,7101,24,28,10588.0,10838.0,0,1,0.38256748554558906,0.38256748554558906,0.4491230783209869,-0.06655559277539785,4,10733.98828125,2,10709.79052734375,2,10692.7861328125,2,10710.44287109375,True,False,False,"[1.2412109375, 29.2412109375, 51.2412109375]",3.348523566159352e-07,3.181783734098916e-17,UNIQUE_OVERLAPPING_PHYSICAL_EVENT,1,32,True,69,38.400000000000006,82.0,1,7.0710678118654755
v2_1_pop0_de_a_001,6102,7101,25,29,11088.0,11338.0,1,1,0.29912674466460376,0.39415468364529627,0.29912674466460376,0.0950279389806925,0,,2,11227.49365234375,4,11203.982421875,3,11214.0185546875,True,,,"[-4.94140625, 9.05859375, 25.05859375]",5.328162964211123e-07,1.7125833270704363e-37,UNIQUE_OVERLAPPING_PHYSICAL_EVENT,1,34,True,73,28.0,84.0,1,5.830951894845301
v2_1_pop0_de_a_001,6102,7101,26,30,11458.0,11708.0,0,1,0.32279042860164087,0.32279042860164087,0.3529610753468848,-0.030170646745243945,0,,2,11592.75048828125,4,11572.2939453125,3,11590.9130859375,True,,,"[-3.9287109375, 10.0712890625, 28.0712890625]",0.00022222755866427665,9.955192690914256e-19,AMBIGUOUS_OVERLAP_CHOSEN_MAXIMUM_FOR_DESCRIPTION,2,36,True,153,40.0,90.0,1,8.94427190999916
v2_1_pop0_de_a_001,6102,7101,27,31,12118.0,12368.0,1,-1,0.7256504396630201,0.6857018082473816,0.7256504396630201,-0.039948631415638536,4,12312.7099609375,2,12256.4111328125,4,12228.94677734375,3,12235.427734375,True,False,False,"[-3.7890625, 16.2109375, 92.2109375]",1.7433931932475238e-05,2.0694241949815965e-25,AMBIGUOUS_OVERLAP_CHOSEN_MAXIMUM_FOR_DESCRIPTION,2,40,True,165,52.0,104.0,1,8.94427190999916
v2_1_pop0_de_a_001,6102,7101,28,34,13118.0,13368.0,0,0,0.6786517780990163,0.6786517780990163,0.8292779637511233,-0.15062618565210695,4,13316.802734375,2,13247.046875,4,13227.67724609375,2,13246.7578125,True,False,False,"[-2.4677734375, 19.5322265625, 97.5322265625]",0.00016246979821226472,7.143887252397903e-11,AMBIGUOUS_OVERLAP_CHOSEN_MAXIMUM_FOR_DESCRIPTION,2,44,True,118,44.599999999999994,88.0,1,8.06225774829855
v2_1_pop0_de_a_001,6102,7101,29,35,13390.0,13640.0,1,1,0.2326175307518739,0.4588846124578235,0.2326175307518739,0.2262670817059496,0,,2,13532.47705078125,2,13501.5546875,3,13510.1181640625,True,,,"[-2.34765625, 15.65234375, 33.65234375]",0.0,0.0,UNIQUE_OVERLAPPING_PHYSICAL_EVENT,1,45,True,85,58.400000000000034,114.0,1,5.830951894845301
v2_1_pop0_de_a_001,6102,7101,30,36,13702.0,13952.0,1,0,0.6223916844362807,0.6170947827607514,0.6223916844362807,-0.00529690167552932,4,13889.42919921875,2,13840.41357421875,3,13822.13671875,3,13812.431640625,False,False,False,"[-2.373046875, 19.626953125, 77.626953125]",2.4680307354912298e-05,0.0,NOT_ESTIMABLE_NO_OVERLAPPING_PHYSICAL_EVENT,0,,False,0,,,,
v2_1_pop0_de_a_001,6102,7101,31,37,14032.0,14282.0,0,0,0.7329982863512164,0.7329982863512164,0.9698043500319088,-0.23680606368069235,4,14247.40869140625,2,14164.18359375,1,14142.130859375,3,14164.5908203125,True,False,False,"[6.869140625, 28.869140625, 114.869140625]",2.8950126585796403e-05,0.006387410263068281,NOT_ESTIMABLE_NO_OVERLAPPING_PHYSICAL_EVENT,0,,False,0,,,,
v2_1_pop0_de_a_001,6102,7101,32,38,14330.0,14580.0,0,1,0.4380965351831925,0.4380965351831925,0.7960879557026888,-0.35799142051949623,2,14490.08935546875,2,14419.3173828125,4,14446.79736328125,3,14478.37890625,False,True,False,"[-3.4892578125, 16.5107421875, 68.5107421875]",2.864141373749886e-05,1.2157337482346686e-08,NOT_ESTIMABLE_NO_OVERLAPPING_PHYSICAL_EVENT,0,,False,0,,,,
v2_1_pop0_de_a_001,6102,7101,33,39,15074.0,15324.0,0,0,0.8738737999912936,0.8738737999912936,1.044179756606805,-0.1703059566155114,4,15183.59228515625,2,15104.041015625,4,15209.2294921875,3,15191.548828125,False,True,False,"[6.0087890625, 106.0087890625, 128.0087890625]",0.08467568165359984,2.7724978311848025e-29,AMBIGUOUS_OVERLAP_CHOSEN_MAXIMUM_FOR_DESCRIPTION,2,48,True,78,72.6,98.0,1,6.4031242374328485
v2_1_pop0_de_a_001,6102,7101,34,42,16424.0,16674.0,1,1,0.30581643189447955,0.37342394912888566,0.30581643189447955,0.06760751723440611,0,,2,16564.8388671875,4,16541.0986328125,3,16554.73046875,True,,,"[-4.0703125, 11.9296875, 27.9296875]",0.00026631065649822234,1.0154074333911464e-23,NOT_ESTIMABLE_NO_OVERLAPPING_PHYSICAL_EVENT,0,,False,0,,,,
v2_1_pop0_de_a_001,6102,7101,35,43,16888.0,17138.0,0,1,0.211102922781518,0.211102922781518,0.3581168901654464,-0.1470139673839284,4,17010.3017578125,0,,1,17012.73828125,3,17023.759765625,,,,"[1.177734375, 17.177734375, 31.177734375]",1.9993583190790824e-06,3.6885620788133644e-20,NOT_ESTIMABLE_NO_OVERLAPPING_PHYSICAL_EVENT,0,,False,0,,,,
v2_1_pop0_de_a_001,6102,7101,36,46,18088.0,18338.0,0,1,0.32000915675421293,0.32000915675421293,0.5018744783457905,-0.18186532159157753,0,,2,18210.54296875,2,18227.4326171875,3,18221.57421875,False,,,"[7.359375, 23.359375, 37.359375]",1.1736632773663456e-05,0.0,UNIQUE_OVERLAPPING_PHYSICAL_EVENT,1,61,True,76,43.0,96.0,1,5.830951894845301
v2_1_pop0_de_a_001,6102,7101,37,47,18340.0,18590.0,0,1,0.4271315479761636,0.4271315479761636,0.5016253971712077,-0.07449384919504409,4,18485.7978515625,2,18465.4296875,2,18442.0517578125,0,,,,,"[2.841796875, 30.841796875, 54.841796875]",5.6646669499860975e-11,1.6192051642011046e-26,UNIQUE_OVERLAPPING_PHYSICAL_EVENT,1,62,True,280,70.0,122.0,1,13.341664064126334
v2_1_pop0_de_a_001,6102,7101,38,48,18682.0,18932.0,1,1,0.29704368093423633,0.5405348413228312,0.29704368093423633,0.24349116038859492,4,18812.4697265625,2,18825.99609375,4,18794.146484375,2,18776.1298828125,False,False,True,"[11.298828125, 33.298828125, 53.298828125]",0.00017084015546352336,1.337144602173615e-17,UNIQUE_OVERLAPPING_PHYSICAL_EVENT,1,63,True,59,67.2,100.0,1,5.656854249492381
v2_1_pop0_de_a_001,6102,7101,39,49,18950.0,19200.0,1,0,0.5999283499947309,0.8322276714940203,0.5999283499947309,0.23229932149928945,4,19092.4189453125,2,19116.4482421875,0,,3,19025.7421875,,False,True,"[5.841796875, 77.841796875, 99.841796875]",1.6690044192877064e-05,0.0,UNIQUE_OVERLAPPING_PHYSICAL_EVENT,1,64,True,99,40.0,64.0,1,7.280109889280518
v2_1_pop0_de_a_001,6102,7101,40,50,19228.0,19478.0,1,1,0.21782666200187367,0.4361726488096548,0.21782666200187367,0.2183459868077811,3,19347.615234375,2,19372.134765625,4,19348.8828125,3,19345.494140625,False,False,True,"[-3.140625, 10.859375, 26.859375]",1.875525309123996e-08,2.2432806868001017e-33,NOT_ESTIMABLE_NO_OVERLAPPING_PHYSICAL_EVENT,0,,False,0,,,,
v2_1_pop0_de_a_001,6102,7101,41,53,20068.0,20318.0,0,1,0.36372985217290954,0.36372985217290954,0.4706755825863812,-0.10694573041347166,4,20209.6669921875,2,20192.0380859375,1,20168.830078125,0,,,,,"[6.169921875, 26.169921875, 44.169921875]",4.22934126822221e-06,3.0728871915164346e-25,NOT_ESTIMABLE_NO_OVERLAPPING_PHYSICAL_EVENT,0,,False,0,,,,
v2_1_pop0_de_a_001,6102,7101,42,57,21108.0,21358.0,0,1,0.32471377429328324,0.32471377429328324,0.3870566855576222,-0.06234291126433894,0,,2,21235.1240234375,4,21230.8505859375,3,21236.681640625,True,,,"[-6.072265625, 7.927734375, 19.927734375]",6.154282590697213e-05,5.149576165817606e-32,AMBIGUOUS_OVERLAP_CHOSEN_MAXIMUM_FOR_DESCRIPTION,2,72,True,137,38.0,130.0,1,8.94427190999916
v2_1_pop0_de_a_001,6102,7101,43,58,21358.0,21608.0,0,-1,0.932868327604304,0.932868327604304,0.9786512860944508,-0.0457829584901468,4,21401.2529296875,2,21487.57421875,4,21487.9619140625,3,21510.583984375,False,False,False,"[4.87109375, 94.87109375, 122.87109375]",4.861703404109179e-05,2.4792096294843216e-15,AMBIGUOUS_OVERLAP_CHOSEN_MAXIMUM_FOR_DESCRIPTION,2,74,True,151,48.0,90.0,1,9.486832980505138
v2_1_pop0_de_a_001,6102,7101,44,59,21622.0,21872.0,0,0,0.7026667036589611,0.7026667036589611,0.8443899720340108,-0.14172326837504967,4,21710.6064453125,2,21715.0546875,3,21776.412109375,3,21783.619140625,False,False,False,"[-2.84765625, 19.15234375, 83.15234375]",1.8348459077590627e-05,0.0,UNIQUE_OVERLAPPING_PHYSICAL_EVENT,1,75,True,101,36.0,80.0,1,6.708203932499369
v2_1_pop0_de_a_001,6102,7101,45,60,22006.0,22256.0,0,0,0.5347752655602459,0.5347752655602459,1.4672480813787838,-0.9324728158185379,3,22137.81640625,2,22011.5224609375,2,22123.8359375,3,22135.994140625,False,True,False,"[0.466796875, 122.466796875, 138.466796875]",0.14599967410152873,0.0007208613349458632,AMBIGUOUS_OVERLAP_CHOSEN_MAXIMUM_FOR_DESCRIPTION,2,76,True,176,34.0,90.0,1,9.848857801796104
v2_1_pop0_de_a_001,6102,7101,46,61,22752.0,23002.0,0,0,0.6290323313254469,0.6290323313254469,0.7825677559950366,-0.1535354246695897,4,22823.8525390625,2,22860.8701171875,4,22892.4072265625,3,22918.099609375,False,False,False,"[-2.27734375, 51.72265625, 97.72265625]",0.00018020944028189162,1.2807563134124222e-22,AMBIGUOUS_OVERLAP_CHOSEN_MAXIMUM_FOR_DESCRIPTION,2,81,True,142,71.8,134.0,3,8.94427190999916
v2_1_pop0_de_a_001,6102,7102,0,0,1218.0,1468.0,1,0,0.5655484748614305,0.5588395995616517,0.5655484748614305,-0.006708875299778705,4,1393.998291015625,2,1358.0391845703125,4,1327.4008178710938,3,1337.15966796875,True,False,False,"[-0.0709228515625, 21.9290771484375, 75.9290771484375]",7.157746801412572e-18,0.0,UNIQUE_OVERLAPPING_PHYSICAL_EVENT,1,3,True,123,41.19999999999999,72.0,1,8.246211251235321
v2_1_pop0_de_a_001,6102,7102,1,1,1526.0,1776.0,1,1,0.280140368786794,0.4651020998515287,0.280140368786794,0.18496173106473474,0,,2,1674.9895629882812,4,1643.54443359375,3,1650.29296875,True,,,"[-4.2755126953125, 11.7244873046875, 33.7244873046875]",0.0003479499288834763,2.0492070641238798e-12,AMBIGUOUS_OVERLAP_CHOSEN_MAXIMUM_FOR_DESCRIPTION,3,5,True,146,38.0,94.0,1,8.54400374531753
v2_1_pop0_de_a_001,6102,7102,2,4,2888.0,3138.0,0,1,0.3570306882782405,0.3570306882782405,0.44490353141645633,-0.0878728431382158,4,3026.526611328125,2,3020.1839599609375,1,2996.70556640625,0,,,,,"[10.29443359375, 26.29443359375, 42.29443359375]",7.609325378808852e-08,0.0,UNIQUE_OVERLAPPING_PHYSICAL_EVENT,1,10,True,82,65.60000000000001,102.0,1,5.830951894845301
v2_1_pop0_de_a_001,6102,7102,3,7,3880.0,4130.0,0,-1,1.237038558235304,1.237038558235304,1.0637106033051755,0.17332795493012854,4,4027.65625,2,3997.41552734375,1,3975.6123046875,2,3907.617431640625,False,False,False,"[73.3232421875, 99.3232421875, 135.3232421875]",0.03605300526174896,0.009983099728656741,UNIQUE_OVERLAPPING_PHYSICAL_EVENT,1,14,True,100,36.0,86.0,1,6.4031242374328485
v2_1_pop0_de_a_001,6102,7102,4,8,4142.0,4392.0,0,-1,1.2870310571006933,1.2870310571006933,1.6505712927152956,-0.36354023561460225,3,4279.74609375,2,4272.484375,3,4251.39794921875,3,4375.08740234375,True,True,False,"[53.61279296875, 73.61279296875, 187.61279296875]",0.04785766731164442,0.1087765097425216,UNIQUE_OVERLAPPING_PHYSICAL_EVENT,1,15,True,98,36.0,70.0,1,7.211102550927978
v2_1_pop0_de_a_001,6102,7102,5,11,5212.0,5462.0,0,1,0.2724220231214769,0.2724220231214769,0.5492687616318827,-0.27684673851040575,0,,2,5322.926025390625,4,5337.263427734375,3,5352.11328125,False,,,"[-5.01416015625, 12.98583984375, 34.98583984375]",1.406410772555389e-07,7.358116864079191e-39,AMBIGUOUS_OVERLAP_CHOSEN_MAXIMUM_FOR_DESCRIPTION,2,17,True,82,55.60000000000002,102.0,1,5.0
v2_1_pop0_de_a_001,6102,7102,6,12,5538.0,5788.0,0,-1,1.2359996493505614,1.2359996493505614,1.2272605161009849,0.008739133249576536,1,5540.357421875,2,5660.66357421875,4,5663.980712890625,2,5670.683349609375,False,False,False,"[106.642578125, 118.642578125, 132.642578125]",0.002138862883098112,5.969538117699599e-25,UNIQUE_OVERLAPPING_PHYSICAL_EVENT,1,18,True,179,58.0,114.0,1,9.433981132056603
v2_1_pop0_de_a_001,6102,7102,7,13,5836.0,6086.0,0,1,0.3810729701952088,0.3810729701952088,0.388456160274752,-0.007383190079543189,4,5966.852783203125,2,5970.246826171875,2,5946.3642578125,0,,,,,"[2.4951171875, 20.4951171875, 34.4951171875]",6.081467404122632e-05,2.2270242287301035e-31,UNIQUE_OVERLAPPING_PHYSICAL_EVENT,1,19,True,60,56.400000000000006,94.0,1,6.082762530298219
v2_1_pop0_de_a_001,6102,7102,8,14,6102.0,6352.0,1,1,0.3407100106886872,0.3259592491060458,0.3407100106886872,-0.014750761582641436,4,6229.430908203125,2,6238.693603515625,1,6212.91162109375,0,,,,,"[6.08837890625, 18.08837890625, 30.08837890625]",4.4001410570980246e-35,1.842684743244622e-14,UNIQUE_OVERLAPPING_PHYSICAL_EVENT,1,19,True,60,56.400000000000006,94.0,1,6.082762530298219
v2_1_pop0_de_a_001,6102,7102,9,15,6396.0,6646.0,0,1,0.511323210442059,0.511323210442059,0.5444113738547244,-0.033088163412665406,1,6574.0576171875,2,6524.447998046875,2,6500.63330078125,3,6527.21728515625,True,True,False,"[0.30712890625, 18.30712890625, 36.30712890625]",7.053540763743475e-07,0.0,AMBIGUOUS_OVERLAP_CHOSEN_MAXIMUM_FOR_DESCRIPTION,2,21,True,140,46.0,110.0,1,9.486832980505138
v2_1_pop0_de_a_001,6102,7102,10,18,7550.0,7800.0,0,-1,0.918016600581268,0.918016600581268,0.8019671201118979,0.11604948046937014,3,7584.90771484375,2,7682.6083984375,2,7667.632568359375,3,7684.90283203125,True,False,False,"[12.34716796875, 98.34716796875, 114.34716796875]",0.00025164312702237977,4.6313731361556374e-05,AMBIGUOUS_OVERLAP_CHOSEN_MAXIMUM_FOR_DESCRIPTION,2,25,True,159,34.80000000000003,66.0,1,8.94427190999916
v2_1_pop0_de_a_001,6102,7102,11,19,7832.0,8082.0,1,1,0.3094527715805545,0.6697286111659198,0.3094527715805545,0.36027583958536524,4,7927.74658203125,2,7993.06298828125,1,7971.68505859375,0,,,,,"[2.451171875, 50.451171875, 80.451171875]",0.00023521958380805377,0.0,NOT_ESTIMABLE_NO_OVERLAPPING_PHYSICAL_EVENT,0,,False,0,,,,
v2_1_pop0_de_a_001,6102,7102,12,20,8110.0,8360.0,1,1,0.2810379237732787,0.45660789457301154,0.2810379237732787,0.17556997079973286,0,,2,8258.03759765625,4,8226.83056640625,3,8233.796875,True,,,"[-4.103515625, 11.896484375, 33.896484375]",9.840169197363198e-05,0.0,NOT_ESTIMABLE_NO_OVERLAPPING_PHYSICAL_EVENT,0,,False,0,,,,
v2_1_pop0_de_a_001,6102,7102,13,21,8388.0,8638.0,0,0,0.8007164344969817,0.8007164344969817,0.7962249062070634,0.0044915282899182785,4,8441.15283203125,2,8503.3046875,4,8514.2724609375,3,8521.8134765625,False,False,False,"[5.7822265625, 79.7822265625, 97.7822265625]",2.3552573883247255e-07,4.5019166573111764e-07,NOT_ESTIMABLE_NO_OVERLAPPING_PHYSICAL_EVENT,0,,False,0,,,,
v2_1_pop0_de_a_001,6102,7102,14,22,8648.0,8898.0,1,1,0.33778479516400034,0.4198598663143455,0.33778479516400034,0.08207507115034518,4,8753.27734375,2,8792.59619140625,4,8769.98095703125,3,8784.27734375,True,False,True,"[6.3251953125, 32.3251953125, 50.3251953125]",7.366106879641049e-06,0.0,NOT_ESTIMABLE_NO_OVERLAPPING_PHYSICAL_EVENT,0,,False,0,,,,
v2_1_pop0_de_a_001,6102,7102,15,23,8916.0,9166.0,1,1,0.3702526694807543,0.5333726415089804,0.3702526694807543,0.16311997202822615,4,9013.53759765625,2,9062.56982421875,3,9051.6884765625,0,,,,,"[-0.9892578125, 37.0107421875, 59.0107421875]",4.050186249589449e-09,0.0,NOT_ESTIMABLE_NO_OVERLAPPING_PHYSICAL_EVENT,0,,False,0,,,,
v2_1_pop0_de_a_001,6102,7102,16,24,9572.0,9822.0,1,1,0.4010818478187148,0.45680383286142473,0.4010818478187148,0.05572198504270992,3,9686.1416015625,2,9684.83154296875,4,9708.025390625,0,,,,,"[6.4755859375, 26.4755859375, 46.4755859375]",1.0259749219848606e-05,1.6525529433548096e-20,NOT_ESTIMABLE_NO_OVERLAPPING_PHYSICAL_EVENT,0,,False,0,,,,
v2_1_pop0_de_a_001,6102,7102,17,25,10136.0,10386.0,1,1,0.27415425224624235,0.35700513312389087,0.27415425224624235,0.08285088087764853,0,,2,10272.4248046875,4,10249.15185546875,2,10264.599609375,True,,,"[-4.1005859375, 11.8994140625, 29.8994140625]",1.0170769727462607e-07,0.0,NOT_ESTIMABLE_NO_OVERLAPPING_PHYSICAL_EVENT,0,,False,0,,,,
v2_1_pop0_de_a_001,6102,7102,18,28,12152.0,12402.0,1,0,0.4936368509842014,0.8362158383528833,0.4936368509842014,0.34257898736868186,4,12234.822265625,2,12318.3671875,2,12289.96923828125,1,12299.9404296875,True,False,True,"[-2.1787109375, 45.8212890625, 79.8212890625]",3.052175121190642e-05,2.1080259133194173e-26,NOT_ESTIMABLE_NO_OVERLAPPING_PHYSICAL_EVENT,0,,False,0,,,,
v2_1_pop0_de_a_001,6102,7102,19,29,12426.0,12676.0,0,1,0.47201020937403315,0.47201020937403315,0.504492009785751,-0.03248180041171789,3,12521.7265625,1,12564.388671875,1,12540.951171875,3,12576.3427734375,True,False,False,"[8.01953125, 38.01953125, 62.01953125]",2.4336835408706695e-09,0.0,NOT_ESTIMABLE_NO_OVERLAPPING_PHYSICAL_EVENT,0,,False,0,,,,
v2_1_pop0_de_a_001,6102,7102,20,32,13268.0,13518.0,1,-1,0.8023208997576277,1.2744404801463294,0.8023208997576277,0.4721195803887017,4,13286.373046875,2,13418.7041015625,3,13387.591796875,3,13378.40234375,False,False,True,"[-1.5009765625, 84.4990234375, 124.4990234375]",0.08859812343063041,6.143816251100276e-07,NOT_ESTIMABLE_NO_OVERLAPPING_PHYSICAL_EVENT,0,,False,0,,,,
v2_1_pop0_de_a_001,6102,7102,21,33,13616.0,13866.0,1,1,0.26588991427341224,0.6209477551764185,0.26588991427341224,0.3550578409030063,0,,2,13771.85595703125,4,13737.67626953125,3,13712.595703125,False,,,"[1.2802734375, 31.2802734375, 59.2802734375]",4.9250532816397907e-05,2.0348452231397964e-12,UNIQUE_OVERLAPPING_PHYSICAL_EVENT,1,33,True,123,61.599999999999994,116.0,1,6.708203932499369
v2_1_pop0_de_a_001,6102,7102,22,34,14070.0,14320.0,0,0,0.6975910387504273,0.6975910387504273,1.2784448749649568,-0.5808538362145296,4,14204.505859375,2,14200.15869140625,3,14177.9794921875,3,14312.849609375,True,True,False,"[6.95703125, 28.95703125, 138.95703125]",8.240892170381693e-06,0.15653443726300145,AMBIGUOUS_OVERLAP_CHOSEN_MAXIMUM_FOR_DESCRIPTION,2,35,True,95,37.20000000000002,70.0,1,7.211102550927978
v2_1_pop0_de_a_001,6102,7102,23,35,14502.0,14752.0,1,-1,0.9254962970166464,1.1637884068530286,0.9254962970166464,0.23829210983638227,3,14521.7626953125,2,14646.845703125,4,14619.9765625,3,14626.0107421875,True,False,True,"[13.892578125, 111.892578125, 127.892578125]",0.034247296049052925,1.3602033393858365e-05,UNIQUE_OVERLAPPING_PHYSICAL_EVENT,1,36,True,155,39.2,98.0,1,9.433981132056603
v2_1_pop0_de_a_001,6102,7102,24,36,14900.0,15150.0,1,0,0.5627306512604215,0.5819848038749095,0.5627306512604215,0.01925415261448793,4,15073.1484375,2,15042.56787109375,4,15012.18505859375,3,15014.857421875,True,False,False,"[-2.197265625, 13.802734375, 67.802734375]",1.3302536924129454e-05,1.7539732703173428e-16,AMBIGUOUS_OVERLAP_CHOSEN_MAXIMUM_FOR_DESCRIPTION,2,38,True,180,72.39999999999998,154.0,1,10.44030650891055
v2_1_pop0_de_a_001,6102,7102,25,37,15172.0,15422.0,0,1,0.32368970019032317,0.32368970019032317,0.34518878038780876,-0.021499080197485587,0,,2,15306.9208984375,4,15289.5595703125,3,15303.9169921875,True,,,"[-2.56640625, 11.43359375, 25.43359375]",0.0,0.0,NOT_ESTIMABLE_NO_OVERLAPPING_PHYSICAL_EVENT,0,,False,0,,,,
v2_1_pop0_de_a_001,6102,7102,26,38,15686.0,15936.0,0,0,0.6018781641291502,0.6018781641291502,0.976944573538326,-0.3750664094091758,4,15821.736328125,2,15813.2978515625,1,15790.8798828125,3,15886.091796875,True,True,False,"[4.1201171875, 22.1201171875, 42.1201171875]",0.0092862693628017,0.013047971904729635,UNIQUE_OVERLAPPING_PHYSICAL_EVENT,1,40,True,92,39.80000000000001,70.0,1,5.830951894845301
v2_1_pop0_de_a_001,6102,7102,27,39,16106.0,16356.0,0,1,0.31026575880982366,0.31026575880982366,0.5298185583484651,-0.21955279953864149,4,16215.03369140625,0,,1,16245.0654296875,3,16256.2890625,,,,"[1.1806640625, 23.1806640625, 59.1806640625]",1.645246550106121e-08,7.280532664801671e-17,AMBIGUOUS_OVERLAP_CHOSEN_MAXIMUM_FOR_DESCRIPTION,2,42,True,158,40.0,84.0,1,9.433981132056603
v2_1_pop0_de_a_001,6102,7102,28,40,16598.0,16848.0,0,1,0.37402215966782953,0.37402215966782953,0.33430980406515876,0.03971235560267078,0,,2,16731.484375,2,16719.6328125,3,16728.6015625,True,,,"[1.3203125, 13.3203125, 25.3203125]",3.265952989046353e-07,0.0,AMBIGUOUS_OVERLAP_CHOSEN_MAXIMUM_FOR_DESCRIPTION,3,44,True,63,58.80000000000002,84.0,1,5.830951894845301
v2_1_pop0_de_a_001,6102,7102,29,41,16914.0,17164.0,1,-1,1.007218463968766,1.2799092320628749,1.007218463968766,0.27269076809410886,4,16919.130859375,2,17056.376953125,2,17023.1142578125,3,17036.537109375,True,False,True,"[4.26171875, 120.26171875, 142.26171875]",0.13092064648595977,0.00015714612827776383,AMBIGUOUS_OVERLAP_CHOSEN_MAXIMUM_FOR_DESCRIPTION,2,45,True,122,46.0,112.0,1,8.06225774829855
v2_1_pop0_de_a_001,6102,7102,30,42,17672.0,17922.0,0,0,0.655734546858697,0.655734546858697,0.5828976181799146,0.07283692867878244,2,17749.92578125,2,17813.447265625,2,17790.7470703125,2,17818.6552734375,True,False,False,"[39.55078125, 59.55078125, 75.55078125]",0.00028944028222021955,8.439619512847987e-23,AMBIGUOUS_OVERLAP_CHOSEN_MAXIMUM_FOR_DESCRIPTION,4,49,True,115,66.0,106.0,1,7.0710678118654755
v2_1_pop0_de_a_001,6102,7102,31,45,18470.0,18720.0,1,0,0.6226850246187104,0.8378178650902646,0.6226850246187104,0.21513284047155412,4,18517.41015625,2,18611.32421875,4,18585.7734375,3,18596.533203125,True,False,True,"[-14.083984375, 89.916015625, 113.916015625]",0.042990441482416486,7.75496667668058e-06,AMBIGUOUS_OVERLAP_CHOSEN_MAXIMUM_FOR_DESCRIPTION,2,53,True,115,37.2,80.0,1,7.615773105863909
v2_1_pop0_de_a_001,6102,7102,32,46,19134.0,19384.0,1,-1,0.6779926838567855,1.026281463444234,0.6779926838567855,0.34828877958744864,4,19277.0458984375,0,,2,19307.998046875,3,19248.9375,,,,"[2.37109375, 18.37109375, 58.37109375]",2.941831321586046e-21,0.07496270874794654,UNIQUE_OVERLAPPING_PHYSICAL_EVENT,1,57,True,146,42.0,106.0,1,8.94427190999916
v2_1_pop0_de_a_001,6102,7102,33,47,19506.0,19756.0,1,1,0.26685352109741045,0.5470171814436365,0.26685352109741045,0.2801636603462261,4,19616.7373046875,1,19664.419921875,3,19635.181640625,3,19626.564453125,False,False,True,"[0.30078125, 18.30078125, 46.30078125]",0.00010276005500807631,0.0,NOT_ESTIMABLE_NO_OVERLAPPING_PHYSICAL_EVENT,0,,False,0,,,,
v2_1_pop0_de_a_001,6102,7102,34,48,19982.0,20232.0,1,0,0.5028431032701433,0.7039348711853682,0.5028431032701433,0.20109176791522498,2,20059.6923828125,2,20125.4990234375,3,20101.078125,1,20119.09765625,True,False,True,"[37.759765625, 57.759765625, 75.759765625]",2.5143895420259147e-09,6.816316420456326e-07,AMBIGUOUS_OVERLAP_CHOSEN_MAXIMUM_FOR_DESCRIPTION,2,58,True,112,48.0,112.0,1,7.615773105863909
v2_1_pop0_de_a_001,6102,7102,35,49,20232.0,20482.0,1,1,0.3451460694622394,0.4275663498519605,0.3451460694622394,0.0824202803897211,4,20328.3896484375,2,20376.4853515625,4,20354.7822265625,3,20369.05859375,True,False,True,"[0.158203125, 32.158203125, 52.158203125]",1.213296489247406e-05,0.0,NOT_ESTIMABLE_NO_OVERLAPPING_PHYSICAL_EVENT,0,,False,0,,,,
v2_1_pop0_de_a_001,6102,7102,36,50,20546.0,20796.0,0,1,0.4337982061888502,0.4337982061888502,0.49535497958681696,-0.06155677339796678,4,20694.666015625,2,20670.1162109375,3,20649.404296875,0,,,,,"[5.146484375, 27.146484375, 57.146484375]",5.296074092248933e-08,6.7401744804163775e-12,UNIQUE_OVERLAPPING_PHYSICAL_EVENT,1,60,True,86,66.0,116.0,1,5.656854249492381
v2_1_pop0_de_a_001,6102,7102,37,51,21002.0,21252.0,1,1,0.20306607160583848,0.41333856536927155,0.20306607160583848,0.21027249376343307,4,21133.8427734375,2,21148.9208984375,4,21116.1865234375,3,21118.443359375,True,False,True,"[-1.25390625, 14.74609375, 34.74609375]",3.1693136509228735e-05,0.0008738732947568749,NOT_ESTIMABLE_NO_OVERLAPPING_PHYSICAL_EVENT,0,,False,0,,,,
v2_1_pop0_de_a_001,6102,7102,38,52,21352.0,21602.0,1,0,0.501490948177091,0.6092516401392833,0.501490948177091,0.1077606919621924,4,21425.814453125,1,21499.650390625,4,21476.4248046875,3,21481.376953125,True,False,True,"[-1.01171875, 48.98828125, 66.98828125]",1.7265272228698454e-05,1.7063260221535101e-06,NOT_ESTIMABLE_NO_OVERLAPPING_PHYSICAL_EVENT,0,,False,0,,,,
v2_1_pop0_de_a_001,6102,7102,39,53,21640.0,21890.0,0,0,0.7211489766191482,0.7211489766191482,1.428583971063253,-0.7074349944441048,4,21789.7431640625,2,21753.974609375,3,21866.37109375,3,21879.16015625,False,True,False,"[8.333984375, 52.333984375, 148.333984375]",0.0002011709805463371,0.1016365945343761,UNIQUE_OVERLAPPING_PHYSICAL_EVENT,1,61,True,171,38.0,96.0,1,9.433981132056603
v2_1_pop0_de_a_001,6102,7102,40,54,22946.0,23196.0,0,0,0.7282325149321133,0.7282325149321133,1.1772424983874852,-0.4490099834553719,1,23160.609375,2,23043.4140625,3,23096.59375,3,23108.630859375,False,True,False,"[8.849609375, 32.849609375, 96.849609375]",1.3701239707593978e-09,6.054495053317581e-12,UNIQUE_OVERLAPPING_PHYSICAL_EVENT,1,68,True,154,35.400000000000034,94.0,1,8.94427190999916
v2_1_pop0_de_a_001,6102,7102,41,55,23438.0,23688.0,1,1,0.32846220936949516,0.6273792963713516,0.32846220936949516,0.29891708700185643,4,23530.9462890625,2,23587.9052734375,2,23571.552734375,0,,,,,"[-5.68359375, 12.31640625, 62.31640625]",2.029283439630316e-06,0.0,NOT_ESTIMABLE_NO_OVERLAPPING_PHYSICAL_EVENT,0,,False,0,,,,
v2_1_pop0_de_a_001,6102,7102,42,56,23732.0,23982.0,1,1,0.39028804537007755,0.4743684714907306,0.39028804537007755,0.08408042612065303,3,23876.779296875,2,23873.2724609375,3,23840.34765625,3,23852.21875,True,False,False,"[8.96484375, 28.96484375, 48.96484375]",8.472995471926462e-05,0.0,NOT_ESTIMABLE_NO_OVERLAPPING_PHYSICAL_EVENT,0,,False,0,,,,
v2_1_pop1_de_b_002,6101,7101,0,2,1524.0,1774.0,1,0,0.4527225854399305,0.5012970116410784,0.4527225854399305,0.048574426201147936,3,1623.6488037109375,2,1660.8418579101562,3,1639.9617919921875,3,1658.1241455078125,True,False,True,"[11.183837890625, 29.183837890625, 53.183837890625]",0.0007033868846619312,0.0,NOT_ESTIMABLE_NO_OVERLAPPING_PHYSICAL_EVENT,0,,False,0,,,,
v2_1_pop1_de_b_002,6101,7101,1,3,2008.0,2258.0,0,1,0.3833431930374347,0.3833431930374347,0.44531820433048397,-0.061975011293049276,3,2159.530029296875,2,2136.888916015625,4,2116.0435791015625,3,2139.364990234375,True,True,False,"[-2.531494140625, 13.468505859375, 37.468505859375]",0.0004269221363788865,2.188799602956417e-43,NOT_ESTIMABLE_NO_OVERLAPPING_PHYSICAL_EVENT,0,,False,0,,,,
v2_1_pop1_de_b_002,6101,7101,2,4,2284.0,2534.0,1,-1,0.7490215621509662,1.1156259749354343,0.7490215621509662,0.3666044127844681,4,2409.950439453125,2,2423.7796630859375,2,2404.6063232421875,2,2327.0081787109375,False,False,True,"[6.358154296875, 88.358154296875, 102.358154296875]",2.702175796253281e-19,8.277637599812834e-11,UNIQUE_OVERLAPPING_PHYSICAL_EVENT,1,4,True,71,38.0,72.0,1,6.324555320336759
v2_1_pop1_de_b_002,6101,7101,3,5,2570.0,2820.0,1,0,0.6242343532172112,0.7637594146651827,0.6242343532172112,0.1395250614479715,4,2729.54443359375,2,2714.441650390625,4,2679.20166015625,3,2655.551513671875,False,False,False,"[4.837158203125, 40.837158203125, 82.837158203125]",8.963581964546884e-05,3.3259047621227184e-10,NOT_ESTIMABLE_NO_OVERLAPPING_PHYSICAL_EVENT,0,,False,0,,,,
v2_1_pop1_de_b_002,6101,7101,4,6,2846.0,3096.0,1,1,0.2999878174442593,0.614173893063857,0.2999878174442593,0.31418607561959766,3,2975.959228515625,2,2997.9991455078125,4,2962.8485107421875,3,2939.276611328125,False,False,True,"[2.679931640625, 30.679931640625, 60.679931640625]",2.26200382414503e-14,4.492402750805851e-29,NOT_ESTIMABLE_NO_OVERLAPPING_PHYSICAL_EVENT,0,,False,0,,,,
v2_1_pop1_de_b_002,6101,7101,5,9,3616.0,3866.0,0,0,0.6280036812467307,0.6280036812467307,1.0218826411679585,-0.3938789599212278,4,3751.9791259765625,2,3741.3438720703125,3,3719.720703125,3,3819.501708984375,True,True,False,"[5.106201171875, 27.106201171875, 97.106201171875]",1.1550769274383912e-06,1.9739141467268314e-07,UNIQUE_OVERLAPPING_PHYSICAL_EVENT,1,7,True,82,53.8,92.0,1,6.082762530298219
v2_1_pop1_de_b_002,6101,7101,6,10,3936.0,4186.0,1,0,0.5780377218039046,0.63055029900643,0.5780377218039046,0.052512577202525446,3,4027.60546875,2,4087.3763427734375,4,4083.7567138671875,0,,,,,"[6.151123046875, 60.151123046875, 74.151123046875]",1.0748269506655945e-06,0.0,NOT_ESTIMABLE_NO_OVERLAPPING_PHYSICAL_EVENT,0,,False,0,,,,
v2_1_pop1_de_b_002,6101,7101,7,11,4258.0,4508.0,0,1,0.3143663373424495,0.3143663373424495,0.3688809133530226,-0.05451457601057308,3,4383.51123046875,2,4392.263427734375,0,,2,4391.22021484375,,False,False,"[-0.14697265625, 11.85302734375, 21.85302734375]",6.904889865876857e-05,0.0,NOT_ESTIMABLE_NO_OVERLAPPING_PHYSICAL_EVENT,0,,False,0,,,,
v2_1_pop1_de_b_002,6101,7101,8,12,4508.0,4758.0,0,1,0.4713894550376696,0.4713894550376696,0.5995654105630525,-0.12817595552538286,4,4608.611083984375,1,4636.98486328125,3,4642.35546875,3,4644.7138671875,False,False,False,"[6.9833984375, 38.9833984375, 54.9833984375]",0.00028108948134710783,7.440114332059799e-27,NOT_ESTIMABLE_NO_OVERLAPPING_PHYSICAL_EVENT,0,,False,0,,,,
v2_1_pop1_de_b_002,6101,7101,9,13,5098.0,5348.0,1,0,0.5084618826653804,0.7339575202170338,0.5084618826653804,0.22549563755165336,2,5159.841552734375,2,5245.5712890625,4,5214.677001953125,0,,,,,"[50.36669921875, 68.36669921875, 90.36669921875]",0.0002190264753291458,8.162903696247985e-08,NOT_ESTIMABLE_NO_OVERLAPPING_PHYSICAL_EVENT,0,,False,0,,,,
v2_1_pop1_de_b_002,6101,7101,10,14,5380.0,5630.0,1,1,0.35658700563487306,0.48217752733496777,0.35658700563487306,0.12559052170009471,4,5486.526123046875,1,5533.9150390625,0,,3,5523.61328125,,False,True,"[2.18212890625, 38.18212890625, 52.18212890625]",5.399400504796311e-09,0.0,UNIQUE_OVERLAPPING_PHYSICAL_EVENT,1,8,True,60,58.60000000000001,102.0,1,5.0990195135927845
v2_1_pop1_de_b_002,6101,7101,11,15,5660.0,5910.0,1,1,0.3196341730928385,0.3911080938427915,0.3196341730928385,0.07147392074995301,4,5764.22705078125,2,5803.844482421875,4,5782.461181640625,2,5798.944580078125,True,False,True,"[-3.1123046875, 16.8876953125, 40.8876953125]",0.0,6.573865711759726e-28,UNIQUE_OVERLAPPING_PHYSICAL_EVENT,1,9,True,98,48.599999999999994,104.0,1,7.211102550927978
v2_1_pop1_de_b_002,6101,7101,12,20,6952.0,7202.0,1,1,0.2433712513374057,0.4795447355549295,0.2433712513374057,0.2361734842175238,3,7066.43505859375,2,7102.278564453125,3,7078.50048828125,0,,,,,"[9.26904296875, 29.26904296875, 47.26904296875]",4.961278145365479e-44,4.9425666137117254e-33,NOT_ESTIMABLE_NO_OVERLAPPING_PHYSICAL_EVENT,0,,False,0,,,,
v2_1_pop1_de_b_002,6101,7101,13,23,7738.0,7988.0,0,1,0.4369067678842534,0.4369067678842534,0.583351900426201,-0.14644513254194758,3,7891.5400390625,2,7851.73193359375,3,7823.41943359375,0,,,,,"[2.14501953125, 20.14501953125, 40.14501953125]",2.5374249529318806e-08,2.3255722638182666e-27,AMBIGUOUS_OVERLAP_CHOSEN_MAXIMUM_FOR_DESCRIPTION,2,14,True,185,45.199999999999996,68.0,1,9.433981132056603
v2_1_pop1_de_b_002,6101,7101,14,24,8016.0,8266.0,0,1,0.3736760030368407,0.3736760030368407,0.3833518492679809,-0.009675846231140206,3,8146.52880859375,1,8160.271484375,3,8139.43896484375,2,8139.910400390625,False,False,True,"[-3.27001953125, 6.72998046875, 18.72998046875]",0.0006777027549737266,0.0,NOT_ESTIMABLE_NO_OVERLAPPING_PHYSICAL_EVENT,0,,False,0,,,,
v2_1_pop1_de_b_002,6101,7101,15,25,8336.0,8586.0,0,0,0.6594986343846643,0.6594986343846643,0.7339317119622396,-0.07443307757757534,2,8407.79052734375,1,8470.3623046875,3,8449.94140625,3,8472.80078125,True,False,False,"[37.71484375, 61.71484375, 81.71484375]",9.831661435776888e-05,0.0,NOT_ESTIMABLE_NO_OVERLAPPING_PHYSICAL_EVENT,0,,False,0,,,,
v2_1_pop1_de_b_002,6101,7101,16,26,8592.0,8842.0,1,1,0.3276876937006158,0.3556115508670071,0.3276876937006158,0.027923857166391286,4,8718.125,0,,4,8713.48193359375,3,8719.2705078125,,,,"[-5.0361328125, 6.9638671875, 16.9638671875]",5.840122814155314e-10,0.0,NOT_ESTIMABLE_NO_OVERLAPPING_PHYSICAL_EVENT,0,,False,0,,,,
v2_1_pop1_de_b_002,6101,7101,17,27,9738.0,9988.0,1,-1,1.0780208837491443,1.6535501454619737,1.0780208837491443,0.5755292617128294,4,9835.90771484375,2,9893.53076171875,2,9875.6630859375,1,9744.7626953125,False,False,True,"[80.2373046875, 122.2373046875, 150.2373046875]",0.00829497644661542,0.0001154588907849991,AMBIGUOUS_OVERLAP_CHOSEN_MAXIMUM_FOR_DESCRIPTION,2,23,True,243,68.0,130.0,1,12.529964086141668
v2_1_pop1_de_b_002,6101,7101,18,28,10556.0,10806.0,1,1,0.32046114609121573,0.35454003750591856,0.32046114609121573,0.03407889141470283,4,10688.5888671875,2,10705.2607421875,4,10673.5458984375,1,10679.2802734375,True,False,True,"[-4.376953125, 11.623046875, 33.623046875]",5.1417759774609876e-06,0.0,NOT_ESTIMABLE_NO_OVERLAPPING_PHYSICAL_EVENT,0,,False,0,,,,
v2_1_pop1_de_b_002,6101,7101,19,29,10854.0,11104.0,1,1,0.3512209894046499,0.6162424877061384,0.3512209894046499,0.2650214983014885,4,10942.84814453125,2,11001.15478515625,4,10979.64453125,1,10971.4130859375,False,False,True,"[2.3681640625, 42.3681640625, 68.3681640625]",1.2565970800450022e-06,9.049593543642231e-22,UNIQUE_OVERLAPPING_PHYSICAL_EVENT,1,28,True,227,68.8,122.0,1,11.40175425099138
v2_1_pop1_de_b_002,6101,7101,20,30,11124.0,11374.0,0,0,0.5983345706841077,0.5983345706841077,0.5984532757796741,-0.00011870509556644038,4,11197.18603515625,2,11255.9404296875,4,11257.5234375,3,11261.8525390625,False,False,False,"[5.0458984375, 61.0458984375, 87.0458984375]",1.5317557504249363e-14,7.400779516804054e-14,UNIQUE_OVERLAPPING_PHYSICAL_EVENT,1,29,True,259,68.80000000000004,114.0,1,10.816653826391969
v2_1_pop1_de_b_002,6101,7101,21,31,11476.0,11726.0,1,-1,0.7292141196652573,0.9624423547550343,0.7292141196652573,0.23322823508977697,3,11572.794921875,2,11615.5546875,4,11593.1298828125,1,11581.5947265625,False,False,True,"[-12.703125, 83.296875, 105.296875]",0.020619265021984644,0.03472980755688406,UNIQUE_OVERLAPPING_PHYSICAL_EVENT,1,30,True,137,40.0,68.0,1,8.06225774829855
v2_1_pop1_de_b_002,6101,7101,22,34,13556.0,13806.0,1,0,0.5753780379057114,1.173587468503346,0.5753780379057114,0.5982094305976347,4,13653.11279296875,2,13712.54296875,1,13694.986328125,2,13590.62109375,False,False,True,"[14.4326171875, 76.4326171875, 126.4326171875]",1.074853371249018e-05,2.1573543042459102e-05,AMBIGUOUS_OVERLAP_CHOSEN_MAXIMUM_FOR_DESCRIPTION,2,38,True,251,72.0,114.0,1,11.40175425099138
v2_1_pop1_de_b_002,6101,7101,23,35,13820.0,14070.0,1,1,0.38114451382643033,0.6194627154156873,0.38114451382643033,0.23831820158925698,4,13914.7265625,2,13983.41943359375,0,,3,13928.48828125,,False,True,"[5.15625, 23.15625, 75.15625]",8.347499562023531e-06,9.803123562401385e-13,NOT_ESTIMABLE_NO_OVERLAPPING_PHYSICAL_EVENT,0,,False,0,,,,
v2_1_pop1_de_b_002,6101,7101,24,36,14076.0,14326.0,1,1,0.27495834378264267,0.6454801025948557,0.27495834378264267,0.370521758812213,4,14171.701171875,2,14231.63525390625,1,14214.8388671875,3,14195.5732421875,False,False,True,"[2.666015625, 34.666015625, 72.666015625]",1.6642163891022465e-12,3.873493127901519e-33,NOT_ESTIMABLE_NO_OVERLAPPING_PHYSICAL_EVENT,0,,False,0,,,,
v2_1_pop1_de_b_002,6101,7101,25,37,14362.0,14612.0,1,1,0.35555233508031237,0.6205852456066184,0.35555233508031237,0.26503291052630606,2,14449.98681640625,2,14519.04541015625,2,14495.74755859375,0,,,,,"[0.76953125, 54.76953125, 72.76953125]",1.3631092748377213e-10,0.0,NOT_ESTIMABLE_NO_OVERLAPPING_PHYSICAL_EVENT,0,,False,0,,,,
v2_1_pop1_de_b_002,6101,7101,26,38,14660.0,14910.0,0,0,0.5474846934129369,0.5474846934129369,0.5013483868363219,0.04613630657661505,4,14747.24560546875,1,14786.4912109375,2,14788.43359375,3,14791.3056640625,False,False,False,"[15.0615234375, 55.0615234375, 69.0615234375]",0.0003540705308868417,1.1368948708858158e-19,AMBIGUOUS_OVERLAP_CHOSEN_MAXIMUM_FOR_DESCRIPTION,2,39,True,92,44.0,86.0,1,7.810249675906654
v2_1_pop1_de_b_002,6101,7101,27,39,15290.0,15540.0,0,1,0.37045459563399674,0.37045459563399674,0.5696965796068529,-0.1992419839728562,3,15423.0849609375,2,15392.3896484375,4,15422.68115234375,2,15415.95703125,False,True,False,"[-0.9638671875, 23.0361328125, 43.0361328125]",2.874649608897932e-05,0.0,UNIQUE_OVERLAPPING_PHYSICAL_EVENT,1,43,True,102,45.60000000000001,80.0,1,7.211102550927978
v2_1_pop1_de_b_002,6101,7101,28,40,15596.0,15846.0,1,1,0.24705905622392343,0.44585477580600913,0.24705905622392343,0.1987957195820857,0,,2,15734.77880859375,2,15710.0791015625,3,15708.5712890625,False,,,"[-2.3125, 13.6875, 33.6875]",3.525013614602006e-06,0.0,UNIQUE_OVERLAPPING_PHYSICAL_EVENT,1,43,True,102,45.60000000000001,80.0,1,7.211102550927978
v2_1_pop1_de_b_002,6101,7101,29,41,16034.0,16284.0,0,0,0.5779283930197078,0.5779283930197078,0.6886544984882129,-0.11072610546850514,4,16117.38623046875,2,16167.78515625,1,16190.0166015625,3,16201.728515625,False,False,False,"[-1.9580078125, 50.0419921875, 92.0419921875]",1.583378419749983e-09,6.603344483153445e-31,NOT_ESTIMABLE_NO_OVERLAPPING_PHYSICAL_EVENT,0,,False,0,,,,
v2_1_pop1_de_b_002,6101,7101,30,42,16532.0,16782.0,1,1,0.3846839142002879,0.3663282104235485,0.3846839142002879,-0.018355703776739396,4,16665.8115234375,1,16673.794921875,0,,3,16645.6875,,False,True,"[4.837890625, 20.837890625, 34.837890625]",0.0002862624693951962,0.0,UNIQUE_OVERLAPPING_PHYSICAL_EVENT,1,44,True,151,46.0,84.0,1,9.848857801796104
v2_1_pop1_de_b_002,6101,7101,31,43,17022.0,17272.0,1,1,0.26392655435138324,0.48533596545590374,0.26392655435138324,0.2214094111045205,0,,2,17168.927734375,4,17139.134765625,2,17129.353515625,False,,,"[2.5, 20.5, 44.5]",7.039240914429758e-05,0.0,AMBIGUOUS_OVERLAP_CHOSEN_MAXIMUM_FOR_DESCRIPTION,2,45,True,172,58.0,92.0,1,9.899494936611665
v2_1_pop1_de_b_002,6101,7101,32,44,17676.0,17926.0,0,-1,0.8923951850372873,0.8923951850372873,0.7880614331211686,0.10433375191611871,4,17831.5068359375,2,17801.2353515625,2,17800.0947265625,2,17742.494140625,False,False,False,"[3.7890625, 57.7890625, 99.7890625]",0.00043734192601709417,0.0,AMBIGUOUS_OVERLAP_CHOSEN_MAXIMUM_FOR_DESCRIPTION,2,50,True,228,60.0,114.0,1,12.206555615733702
v2_1_pop1_de_b_002,6101,7101,33,47,18510.0,18760.0,1,1,0.2693455635906205,0.48491703990008866,0.2693455635906205,0.21557147630946816,3,18618.244140625,2,18658.53125,2,18635.4189453125,0,,,,,"[9.87109375, 29.87109375, 45.87109375]",1.740118923982849e-19,1.4981367536052289e-33,NOT_ESTIMABLE_NO_OVERLAPPING_PHYSICAL_EVENT,0,,False,0,,,,
v2_1_pop1_de_b_002,6101,7101,34,48,18788.0,19038.0,1,1,0.2939121151864532,0.33999918030665877,0.2939121151864532,0.04608706512020555,3,18906.91796875,2,18924.03125,0,,1,18915.625,,False,True,"[-3.20703125, 8.79296875, 22.79296875]",4.402483189645282e-10,0.0,NOT_ESTIMABLE_NO_OVERLAPPING_PHYSICAL_EVENT,0,,False,0,,,,
v2_1_pop1_de_b_002,6101,7101,35,49,19086.0,19336.0,0,-1,1.0611913245741804,1.0611913245741804,1.291087997166536,-0.2298966725923557,4,19181.7802734375,2,19241.3037109375,3,19223.671875,2,19330.0634765625,True,False,False,"[2.880859375, 50.880859375, 78.880859375]",0.00015388890185460667,0.05438145654178946,AMBIGUOUS_OVERLAP_CHOSEN_MAXIMUM_FOR_DESCRIPTION,3,55,True,215,70.0,128.0,1,10.0
v2_1_pop1_de_b_002,6101,7101,36,50,19546.0,19796.0,1,1,0.34955950096363503,0.5792439653212712,0.34955950096363503,0.22968446435763618,0,,2,19701.466796875,2,19672.986328125,2,19643.525390625,False,,,"[0.890625, 42.890625, 64.890625]",0.00037356459318094013,0.0,UNIQUE_OVERLAPPING_PHYSICAL_EVENT,1,57,True,97,37.599999999999994,90.0,1,6.4031242374328485
v2_1_pop1_de_b_002,6101,7101,37,51,19896.0,20146.0,1,-1,0.7379415537572052,0.700045527487414,0.7379415537572052,-0.03789602626979116,4,19970.62109375,2,19992.98828125,4,20046.55078125,3,20023.03125,False,False,False,"[17.193359375, 63.193359375, 93.193359375]",0.0003248765724728199,3.9646565003426067e-10,UNIQUE_OVERLAPPING_PHYSICAL_EVENT,1,58,True,116,57.0,114.0,1,7.615773105863909
v2_1_pop1_de_b_002,6101,7101,38,52,20158.0,20408.0,0,1,0.42352052766653053,0.42352052766653053,0.6667338790508114,-0.24321335138428085,4,20274.33203125,2,20252.25,0,,3,20309.689453125,,True,False,"[1.16796875, 25.16796875, 61.16796875]",5.988099589023069e-08,0.0,NOT_ESTIMABLE_NO_OVERLAPPING_PHYSICAL_EVENT,0,,False,0,,,,
v2_1_pop1_de_b_002,6101,7101,39,53,20478.0,20728.0,1,0,0.5530374126520108,0.6567549606896358,0.5530374126520108,0.10371754803762501,0,,2,20623.4140625,4,20592.8896484375,2,20631.6650390625,True,,,"[7.705078125, 25.705078125, 49.705078125]",0.00035346413345632824,2.0086381402289133e-05,UNIQUE_OVERLAPPING_PHYSICAL_EVENT,1,59,True,53,42.80000000000001,92.0,1,5.0990195135927845
v2_1_pop1_de_b_002,6101,7101,40,54,21112.0,21362.0,0,1,0.4311696711018825,0.4311696711018825,0.7963359423495173,-0.36516627124763484,4,21202.7099609375,1,21201.05859375,2,21269.4248046875,3,21266.501953125,False,False,False,"[-0.677734375, 17.322265625, 79.322265625]",1.8195783843426863e-06,1.2036853503597197e-26,NOT_ESTIMABLE_NO_OVERLAPPING_PHYSICAL_EVENT,0,,False,0,,,,
v2_1_pop1_de_b_002,6101,7101,41,55,21444.0,21694.0,1,-1,1.0575284848906592,1.2995590854063654,1.0575284848906592,0.24203060051570624,4,21471.3583984375,2,21590.46875,4,21561.4306640625,1,21546.62109375,False,False,True,"[78.1015625, 106.1015625, 130.1015625]",0.0035419229294118915,0.0032984626571553,AMBIGUOUS_OVERLAP_CHOSEN_MAXIMUM_FOR_DESCRIPTION,4,62,True,187,64.0,146.0,1,9.433981132056603
v2_1_pop1_de_b_002,6101,7101,42,56,21710.0,21960.0,1,-1,1.0205564681941426,1.2502302356134956,1.0205564681941426,0.22967376741935297,4,21718.6708984375,2,21856.0966796875,4,21825.0146484375,3,21837.65234375,True,False,True,"[7.78125, 119.78125, 139.78125]",0.07493633395727467,6.84050062625814e-05,AMBIGUOUS_OVERLAP_CHOSEN_MAXIMUM_FOR_DESCRIPTION,2,64,True,121,42.0,66.0,1,8.06225774829855
v2_1_pop1_de_b_002,6101,7101,43,57,22118.0,22368.0,0,1,0.4223346345010035,0.4223346345010035,0.5872246451983266,-0.16489001069732312,4,22221.7958984375,2,22228.220703125,1,22259.22265625,3,22271.5703125,False,False,False,"[9.0078125, 27.0078125, 67.0078125]",0.00015828101939601469,1.8024296640192845e-06,NOT_ESTIMABLE_NO_OVERLAPPING_PHYSICAL_EVENT,0,,False,0,,,,
v2_1_pop1_de_b_002,6101,7101,44,58,22904.0,23154.0,1,0,0.47932162769442704,0.7534672755761666,0.47932162769442704,0.2741456478817395,4,22986.609375,2,23064.990234375,4,23031.41015625,1,23022.904296875,False,False,True,"[16.951171875, 58.951171875, 84.951171875]",5.100272915948818e-05,3.096948930715549e-06,UNIQUE_OVERLAPPING_PHYSICAL_EVENT,1,68,True,132,41.80000000000001,76.0,1,7.211102550927978
v2_1_pop1_de_b_002,6101,7101,45,59,23470.0,23720.0,1,1,0.23706167396321137,0.5514267779236353,0.23706167396321137,0.3143651039604239,4,23574.310546875,2,23622.73046875,1,23601.32421875,0,,,,,"[1.951171875, 31.951171875, 61.951171875]",8.160179305405212e-05,3.7451775510235617e-41,NOT_ESTIMABLE_NO_OVERLAPPING_PHYSICAL_EVENT,0,,False,0,,,,
v2_1_pop1_de_b_002,6101,7102,0,2,1046.0,1296.0,1,1,0.38448294954140766,0.6883751544304909,0.38448294954140766,0.30389220488908325,4,1141.71533203125,2,1208.671142578125,2,1183.8826293945312,0,,,,,"[12.65283203125, 58.65283203125, 80.65283203125]",1.543012598718443e-08,0.0,NOT_ESTIMABLE_NO_OVERLAPPING_PHYSICAL_EVENT,0,,False,0,,,,
v2_1_pop1_de_b_002,6101,7102,1,3,1480.0,1730.0,1,-1,0.6822764337750513,0.6895503595623471,0.6822764337750513,0.0072739257872957985,3,1668.2508544921875,2,1624.5725708007812,3,1596.7431640625,3,1576.3624267578125,False,False,False,"[5.3154296875, 39.3154296875, 71.3154296875]",4.402651047757621e-05,0.0,UNIQUE_OVERLAPPING_PHYSICAL_EVENT,1,1,True,68,37.2,84.0,1,5.830951894845301
v2_1_pop1_de_b_002,6101,7102,2,4,1854.0,2104.0,1,1,0.304715355967626,0.38487778031386066,0.304715355967626,0.08016242434623466,0,,2,1978.9583129882812,4,1971.6532592773438,3,1975.9775390625,True,,,"[-4.3812255859375, 7.6187744140625, 21.6187744140625]",0.00033959546477363786,0.0,NOT_ESTIMABLE_NO_OVERLAPPING_PHYSICAL_EVENT,0,,False,0,,,,
v2_1_pop1_de_b_002,6101,7102,3,5,2554.0,2804.0,0,1,0.3159478284797442,0.3159478284797442,0.2914556164104277,0.024492212069316455,4,2686.9102783203125,2,2689.353759765625,4,2663.8485107421875,3,2682.120849609375,True,False,True,"[-0.2900390625, 15.7099609375, 33.7099609375]",0.00012410289355498655,0.0,NOT_ESTIMABLE_NO_OVERLAPPING_PHYSICAL_EVENT,0,,False,0,,,,
v2_1_pop1_de_b_002,6101,7102,4,6,3108.0,3358.0,1,1,0.2573556139596563,0.5671176797566397,0.2573556139596563,0.30976206579698345,4,3215.5411376953125,2,3267.0467529296875,0,,0,,,,,"[10.126708984375, 52.126708984375, 68.126708984375]",1.001710343429444e-05,0.0,UNIQUE_OVERLAPPING_PHYSICAL_EVENT,1,3,True,139,104.0,180.0,2,13.0
v2_1_pop1_de_b_002,6101,7102,5,9,4048.0,4298.0,0,1,0.514310735410107,0.514310735410107,0.6264257928646204,-0.11211505745451344,1,4243.73974609375,2,4185.017578125,4,4162.219970703125,3,4191.6103515625,True,True,False,"[2.11376953125, 32.11376953125, 50.11376953125]",0.007027389943948935,0.003945658874681427,AMBIGUOUS_OVERLAP_CHOSEN_MAXIMUM_FOR_DESCRIPTION,2,8,True,104,44.800000000000004,76.0,1,7.280109889280518
v2_1_pop1_de_b_002,6101,7102,6,10,4372.0,4622.0,1,1,0.3604420551812238,0.6432454403489306,0.3604420551812238,0.2828033851677068,0,,2,4532.25732421875,2,4458.527587890625,3,4467.2783203125,True,,,"[-3.3515625, 8.6484375, 66.6484375]",1.5818086162851276e-06,0.0,UNIQUE_OVERLAPPING_PHYSICAL_EVENT,1,9,True,117,41.60000000000001,76.0,1,7.810249675906654
v2_1_pop1_de_b_002,6101,7102,7,11,4660.0,4910.0,1,1,0.2384786820528016,0.5151067500644922,0.2384786820528016,0.27662806801169065,0,,2,4812.59228515625,1,4791.9072265625,3,4766.46240234375,False,,,"[0.08203125, 36.08203125, 52.08203125]",4.706582304260189e-10,0.0,UNIQUE_OVERLAPPING_PHYSICAL_EVENT,1,10,True,110,44.20000000000002,82.0,2,8.06225774829855
v2_1_pop1_de_b_002,6101,7102,8,14,5650.0,5900.0,1,-1,0.7515032206703338,0.8826004629641405,0.7515032206703338,0.1310972422938067,4,5824.0068359375,2,5793.993896484375,4,5758.912109375,3,5733.47509765625,False,False,False,"[4.06591796875, 42.06591796875, 102.06591796875]",0.0005869112698354995,1.689153758444094e-18,AMBIGUOUS_OVERLAP_CHOSEN_MAXIMUM_FOR_DESCRIPTION,2,14,True,134,65.4,136.0,1,9.486832980505138
v2_1_pop1_de_b_002,6101,7102,9,15,6244.0,6494.0,1,1,0.2815859838106891,0.5449510481526061,0.2815859838106891,0.263365064341917,4,6351.130126953125,2,6398.147705078125,2,6377.050048828125,0,,,,,"[0.45751953125, 36.45751953125, 54.45751953125]",5.016089070294369e-18,0.0,NOT_ESTIMABLE_NO_OVERLAPPING_PHYSICAL_EVENT,0,,False,0,,,,
v2_1_pop1_de_b_002,6101,7102,10,16,6516.0,6766.0,1,1,0.316753916116232,0.5707557516473505,0.316753916116232,0.2540018355311185,4,6610.93603515625,2,6671.749755859375,4,6640.62109375,0,,,,,"[4.1533203125, 38.1533203125, 70.1533203125]",3.809735634361042e-05,0.0,NOT_ESTIMABLE_NO_OVERLAPPING_PHYSICAL_EVENT,0,,False,0,,,,
v2_1_pop1_de_b_002,6101,7102,11,17,6900.0,7150.0,1,-1,1.0820158116123886,1.1083394162483426,1.0820158116123886,0.026323604635954068,2,6905.809814453125,0,,4,7016.917236328125,3,7017.7001953125,,,,"[7.09619140625, 111.09619140625, 123.09619140625]",0.08964123003396095,8.494864532023745e-07,AMBIGUOUS_OVERLAP_CHOSEN_MAXIMUM_FOR_DESCRIPTION,3,21,True,126,40.0,74.0,1,8.94427190999916
v2_1_pop1_de_b_002,6101,7102,12,18,7170.0,7420.0,1,-1,0.9203787835895518,1.1719243776868198,0.9203787835895518,0.25154559409726795,3,7178.59375,2,7181.48291015625,4,7294.120849609375,3,7278.88525390625,False,False,False,"[1.9619140625, 105.9619140625, 131.9619140625]",0.1467824833122075,0.00026354229327936587,UNIQUE_OVERLAPPING_PHYSICAL_EVENT,1,22,True,127,36.8,90.0,1,8.602325267042627
v2_1_pop1_de_b_002,6101,7102,13,19,7658.0,7908.0,1,0,0.4890620347071414,0.5581384966359335,0.4890620347071414,0.06907646192879213,2,7773.55712890625,2,7804.200927734375,4,7774.7412109375,1,7858.50732421875,True,False,False,"[1.86083984375, 21.86083984375, 49.86083984375]",0.0005779648295216294,0.0,UNIQUE_OVERLAPPING_PHYSICAL_EVENT,1,23,True,50,24.200000000000003,48.0,1,5.0
v2_1_pop1_de_b_002,6101,7102,14,20,7954.0,8204.0,1,1,0.41956049863583955,0.6550651091204672,0.41956049863583955,0.23550461048462767,1,8041.95703125,2,8117.92236328125,3,8092.91943359375,0,,,,,"[47.04296875, 63.04296875, 79.04296875]",7.932050395541616e-06,5.6307185008830945e-30,UNIQUE_OVERLAPPING_PHYSICAL_EVENT,1,24,True,72,39.8,70.0,1,5.0
v2_1_pop1_de_b_002,6101,7102,15,21,8204.0,8454.0,1,-1,1.0326137536450424,1.2730706809797627,1.0326137536450424,0.24045692733472035,4,8322.1064453125,1,8354.279296875,3,8329.4033203125,2,8232.04345703125,False,False,True,"[5.220703125, 99.220703125, 121.220703125]",0.0009493189513935234,3.782478749157104e-05,UNIQUE_OVERLAPPING_PHYSICAL_EVENT,1,24,True,72,39.8,70.0,1,5.0
v2_1_pop1_de_b_002,6101,7102,16,22,9280.0,9530.0,1,1,0.21538011983191216,0.45082166502326204,0.21538011983191216,0.23544154519134988,0,,2,9422.08935546875,4,9400.5166015625,1,9386.859375,False,,,"[4.140625, 24.140625, 40.140625]",4.3808531201327755e-05,1.703642460913078e-27,NOT_ESTIMABLE_NO_OVERLAPPING_PHYSICAL_EVENT,0,,False,0,,,,
v2_1_pop1_de_b_002,6101,7102,17,23,9592.0,9842.0,0,1,0.3002747335750308,0.3002747335750308,0.48165011116585027,-0.18137537759081945,0,,2,9711.42333984375,3,9717.619140625,2,9725.18798828125,False,,,"[-5.8740234375, 6.1259765625, 20.1259765625]",0.00015058773751331508,0.0,NOT_ESTIMABLE_NO_OVERLAPPING_PHYSICAL_EVENT,0,,False,0,,,,
v2_1_pop1_de_b_002,6101,7102,18,24,9874.0,10124.0,1,1,0.2912053059980843,0.49733957561482595,0.2912053059980843,0.20613426961674164,4,9965.7998046875,1,10028.1044921875,4,10003.146484375,3,9989.390625,False,False,True,"[2.416015625, 36.416015625, 62.416015625]",4.1617160412881944e-05,0.0,NOT_ESTIMABLE_NO_OVERLAPPING_PHYSICAL_EVENT,0,,False,0,,,,
v2_1_pop1_de_b_002,6101,7102,19,27,10900.0,11150.0,0,1,0.3480131481534475,0.3480131481534475,0.3546162124718185,-0.006603064318370988,4,11017.81689453125,2,11031.47802734375,4,11032.31201171875,0,,,,,"[5.0400390625, 17.0400390625, 29.0400390625]",0.0004914660292860478,6.3278758224111594e-15,NOT_ESTIMABLE_NO_OVERLAPPING_PHYSICAL_EVENT,0,,False,0,,,,
v2_1_pop1_de_b_002,6101,7102,20,28,11210.0,11460.0,0,1,0.3850220792199231,0.3850220792199231,0.734478871403639,-0.3494567921837159,4,11304.74462890625,0,,2,11362.755859375,3,11364.33203125,,,,"[2.6484375, 52.6484375, 78.6484375]",5.9350791058508635e-05,1.6365446384554243e-19,UNIQUE_OVERLAPPING_PHYSICAL_EVENT,1,33,True,78,64.6,112.0,1,5.656854249492381
v2_1_pop1_de_b_002,6101,7102,21,29,11484.0,11734.0,0,1,0.26582901385440644,0.26582901385440644,0.6018671271870688,-0.33603811333266237,4,11611.74267578125,2,11593.31494140625,4,11611.97705078125,3,11637.904296875,False,True,False,"[-2.0771484375, 15.9228515625, 35.9228515625]",6.426035692050624e-06,0.0,NOT_ESTIMABLE_NO_OVERLAPPING_PHYSICAL_EVENT,0,,False,0,,,,
v2_1_pop1_de_b_002,6101,7102,22,30,11782.0,12032.0,0,0,0.5276779824530248,0.5276779824530248,0.5176384721162794,0.010039510336745328,3,11884.2705078125,0,,3,11929.0595703125,3,11921.7783203125,,,,"[0.16796875, 40.16796875, 56.16796875]",6.254680876770063e-15,0.0,NOT_ESTIMABLE_NO_OVERLAPPING_PHYSICAL_EVENT,0,,False,0,,,,
v2_1_pop1_de_b_002,6101,7102,23,31,12052.0,12302.0,0,1,0.41919952144175054,0.41919952144175054,0.5618294042680565,-0.14262988282630595,1,12145.947265625,1,12181.9560546875,4,12201.4580078125,0,,,,,"[23.052734375, 39.052734375, 61.052734375]",0.0,0.0,NOT_ESTIMABLE_NO_OVERLAPPING_PHYSICAL_EVENT,0,,False,0,,,,
v2_1_pop1_de_b_002,6101,7102,24,32,12328.0,12578.0,1,0,0.4609672695143609,0.659639152128668,0.4609672695143609,0.19867188261430707,1,12405.861328125,2,12466.32080078125,4,12455.11767578125,2,12443.0654296875,False,False,True,"[31.138671875, 49.138671875, 61.138671875]",2.7555197102142288e-09,0.0,NOT_ESTIMABLE_NO_OVERLAPPING_PHYSICAL_EVENT,0,,False,0,,,,
v2_1_pop1_de_b_002,6101,7102,25,33,12626.0,12876.0,1,0,0.6361195738045214,0.9365489793622738,0.6361195738045214,0.3004294055577523,1,12667.009765625,2,12772.7529296875,4,12746.00537109375,2,12730.4345703125,False,False,True,"[67.990234375, 87.990234375, 107.990234375]",0.0003377750995278895,5.922024684022908e-11,AMBIGUOUS_OVERLAP_CHOSEN_MAXIMUM_FOR_DESCRIPTION,2,35,True,203,83.6,126.0,1,11.180339887498949
v2_1_pop1_de_b_002,6101,7102,26,34,12910.0,13160.0,1,0,0.6396051212308456,0.6376758904367574,0.6396051212308456,-0.0019292307940881326,4,13001.2734375,2,13058.4765625,4,13067.162109375,0,,,,,"[-1.4248046875, 60.5751953125, 80.5751953125]",4.806118370866401e-06,0.0,NOT_ESTIMABLE_NO_OVERLAPPING_PHYSICAL_EVENT,0,,False,0,,,,
v2_1_pop1_de_b_002,6101,7102,27,35,13210.0,13460.0,1,-1,0.6713526352791271,0.865845965975722,0.6713526352791271,0.1944933306965949,4,13277.03173828125,1,13375.4794921875,4,13345.02099609375,3,13333.8232421875,False,False,True,"[11.3603515625, 75.3603515625, 103.3603515625]",5.933692200851851e-07,1.0867215466541616e-11,AMBIGUOUS_OVERLAP_CHOSEN_MAXIMUM_FOR_DESCRIPTION,2,36,True,157,44.0,90.0,1,8.246211251235321
v2_1_pop1_de_b_002,6101,7102,28,36,13712.0,13962.0,1,1,0.4397058376600743,0.6476286701716687,0.4397058376600743,0.20792283251159438,4,13812.40234375,1,13879.318359375,3,13854.1064453125,0,,,,,"[10.7578125, 54.7578125, 74.7578125]",1.0077915832970896e-05,5.036137567669763e-07,NOT_ESTIMABLE_NO_OVERLAPPING_PHYSICAL_EVENT,0,,False,0,,,,
v2_1_pop1_de_b_002,6101,7102,29,37,14232.0,14482.0,0,1,0.4209763321865571,0.4209763321865571,0.7469208045743937,-0.3259444723878366,2,14390.65869140625,1,14324.7392578125,4,14349.728515625,3,14373.744140625,False,True,False,"[2.2607421875, 26.2607421875, 62.2607421875]",3.9272866253206585e-06,1.8777661613095342e-26,UNIQUE_OVERLAPPING_PHYSICAL_EVENT,1,40,True,211,64.0,108.0,1,9.055385138137417
v2_1_pop1_de_b_002,6101,7102,30,38,14814.0,15064.0,0,1,0.4644649297803499,0.4644649297803499,0.55637014196523,-0.09190521218488013,4,14912.26806640625,1,14942.6005859375,4,14939.75927734375,3,14963.6982421875,True,False,False,"[8.8759765625, 32.8759765625, 58.8759765625]",0.00024935142303809325,2.9283423983297214e-26,NOT_ESTIMABLE_NO_OVERLAPPING_PHYSICAL_EVENT,0,,False,0,,,,
v2_1_pop1_de_b_002,6101,7102,31,43,18022.0,18272.0,1,0,0.505316775439254,0.5161710507182848,0.505316775439254,0.010854275279030823,4,18149.119140625,2,18204.263671875,4,18129.9970703125,3,18148.96875,True,False,True,"[5.232421875, 25.232421875, 77.232421875]",0.0003210925470133201,0.0,NOT_ESTIMABLE_NO_OVERLAPPING_PHYSICAL_EVENT,0,,False,0,,,,
v2_1_pop1_de_b_002,6101,7102,32,44,18290.0,18540.0,1,1,0.29949990830904516,0.3434682281032602,0.29949990830904516,0.04396831979421506,3,18401.783203125,0,,1,18414.328125,3,18426.349609375,,,,"[5.6484375, 25.6484375, 39.6484375]",8.494842777791966e-38,0.0,NOT_ESTIMABLE_NO_OVERLAPPING_PHYSICAL_EVENT,0,,False,0,,,,
v2_1_pop1_de_b_002,6101,7102,33,45,19050.0,19300.0,1,0,0.45121990004138546,0.31943664779745906,0.45121990004138546,-0.1317832522439264,4,19191.9306640625,0,,1,19149.544921875,3,19157.01171875,,,,"[-2.544921875, 13.455078125, 51.455078125]",5.843192414549448e-10,0.0,NOT_ESTIMABLE_NO_OVERLAPPING_PHYSICAL_EVENT,0,,False,0,,,,
v2_1_pop1_de_b_002,6101,7102,34,46,19332.0,19582.0,1,0,0.5013333781572268,0.5361803888198249,0.5013333781572268,0.0348470106625981,2,19499.8515625,2,19473.8154296875,4,19440.8408203125,1,19425.970703125,False,False,False,"[5.029296875, 27.029296875, 57.029296875]",4.473198421436172e-05,0.0,NOT_ESTIMABLE_NO_OVERLAPPING_PHYSICAL_EVENT,0,,False,0,,,,
v2_1_pop1_de_b_002,6101,7102,35,47,19618.0,19868.0,1,-1,1.2220684378647626,1.0486966544481247,1.2220684378647626,-0.17337178341663795,3,19863.09765625,2,19769.2734375,4,19735.55859375,2,19717.3671875,False,False,False,"[8.73828125, 34.73828125, 138.73828125]",3.137243072159539e-19,0.07988436192759124,UNIQUE_OVERLAPPING_PHYSICAL_EVENT,1,52,True,115,53.2,86.0,1,8.602325267042627
v2_1_pop1_de_b_002,6101,7102,36,48,20008.0,20258.0,1,1,0.3103046643384323,0.6051809924122582,0.3103046643384323,0.2948763280738259,0,,2,20158.955078125,4,20124.95703125,2,20104.5859375,False,,,"[8.623046875, 32.623046875, 58.623046875]",0.00023525137660766925,0.0,AMBIGUOUS_OVERLAP_CHOSEN_MAXIMUM_FOR_DESCRIPTION,2,54,True,142,55.8,96.0,2,8.94427190999916
v2_1_pop1_de_b_002,6101,7102,37,49,20508.0,20758.0,1,-1,0.6951485515297454,0.7359313123297365,0.6951485515297454,0.0407827607999911,4,20615.4580078125,1,20665.08984375,3,20639.615234375,1,20725.9375,True,False,False,"[4.748046875, 36.748046875, 62.748046875]",3.325147507206564e-05,1.4156197352306324e-06,UNIQUE_OVERLAPPING_PHYSICAL_EVENT,1,55,True,43,29.60000000000001,60.0,1,3.605551275463989
v2_1_pop1_de_b_002,6101,7102,38,50,20788.0,21038.0,1,1,0.4165953088489978,0.5407228911865974,0.4165953088489978,0.12412758233759963,2,20887.2705078125,1,20945.505859375,4,20918.2705078125,0,,,,,"[14.169921875, 44.169921875, 62.169921875]",1.3288580461806363e-06,3.51392793131851e-18,NOT_ESTIMABLE_NO_OVERLAPPING_PHYSICAL_EVENT,0,,False,0,,,,
v2_1_pop1_de_b_002,6101,7102,39,51,21146.0,21396.0,0,0,0.7770045498263585,0.7770045498263585,0.8141559113569302,-0.03715136153057175,4,21211.583984375,2,21272.189453125,4,21308.927734375,3,21291.8984375,False,False,False,"[5.68359375, 71.68359375, 111.68359375]",0.0006992577679703485,6.144399294468001e-16,UNIQUE_OVERLAPPING_PHYSICAL_EVENT,1,56,True,97,41.60000000000001,82.0,1,7.211102550927978
v2_1_pop1_de_b_002,6101,7102,40,52,21710.0,21960.0,1,1,0.32223376913041624,0.575096666672305,0.32223376913041624,0.25286289754188873,4,21841.9365234375,2,21860.2392578125,4,21826.8623046875,2,21807.8896484375,False,False,True,"[13.224609375, 35.224609375, 55.224609375]",0.00015507258277078882,5.54338913492472e-16,UNIQUE_OVERLAPPING_PHYSICAL_EVENT,1,58,True,80,60.60000000000004,112.0,1,5.830951894845301
v2_1_pop1_de_b_002,6101,7102,41,53,22368.0,22618.0,0,-1,1.1317792888925209,1.1317792888925209,1.1811959142558495,-0.04941662536332858,4,22385.470703125,2,22482.857421875,4,22492.0927734375,2,22513.154296875,False,False,False,"[2.716796875, 96.716796875, 116.716796875]",0.091856920222556,1.3776009604430283e-05,AMBIGUOUS_OVERLAP_CHOSEN_MAXIMUM_FOR_DESCRIPTION,2,61,True,165,56.0,112.0,1,10.0
v2_1_pop1_de_b_002,6102,7101,0,0,640.0,890.0,0,-1,1.0507305640728934,1.0507305640728934,1.0996861145369352,-0.048955550464041764,2,671.9082641601562,2,728.632568359375,3,738.8674926757812,2,807.4589538574219,False,False,False,"[9.652587890625, 71.652587890625, 141.652587890625]",7.448372256432437e-05,5.22186176218701e-08,UNIQUE_OVERLAPPING_PHYSICAL_EVENT,1,3,True,117,88.0,124.0,1,7.211102550927978
v2_1_pop1_de_b_002,6102,7101,1,1,1162.0,1412.0,1,-1,0.8480788485721051,1.4763807919264196,0.8480788485721051,0.6283019433543144,4,1258.4637451171875,2,1318.5023803710938,1,1300.0389404296875,2,1175.1978759765625,False,False,True,"[9.72705078125, 95.72705078125, 145.72705078125]",0.030349576557346342,9.809347991864395e-06,AMBIGUOUS_OVERLAP_CHOSEN_MAXIMUM_FOR_DESCRIPTION,2,4,True,78,41.79999999999999,86.0,1,6.324555320336759
v2_1_pop1_de_b_002,6102,7101,2,2,1986.0,2236.0,1,0,0.5974477833100498,0.6485577703250615,0.5974477833100498,0.05110998701501168,4,2068.6768798828125,1,2074.20166015625,4,2130.441162109375,3,2111.078125,False,False,False,"[2.94873046875, 50.94873046875, 78.94873046875]",0.00027970542635121187,1.8621587765083847e-23,NOT_ESTIMABLE_NO_OVERLAPPING_PHYSICAL_EVENT,0,,False,0,,,,
v2_1_pop1_de_b_002,6102,7101,3,3,2250.0,2500.0,1,1,0.3840527503634411,0.6010010061629868,0.3840527503634411,0.2169482557995457,4,2347.994873046875,2,2401.6390380859375,3,2385.25927734375,0,,,,,"[-0.172119140625, 33.827880859375, 61.827880859375]",1.0157161110943607e-12,0.0,NOT_ESTIMABLE_NO_OVERLAPPING_PHYSICAL_EVENT,0,,False,0,,,,
v2_1_pop1_de_b_002,6102,7101,4,4,2810.0,3060.0,1,0,0.4666703970478455,0.555536526851092,0.4666703970478455,0.08886612980324649,2,2899.3087158203125,1,2956.771484375,4,2930.029296875,3,2939.3525390625,True,False,True,"[28.086181640625, 44.086181640625, 60.086181640625]",0.0002199766215270368,0.0,NOT_ESTIMABLE_NO_OVERLAPPING_PHYSICAL_EVENT,0,,False,0,,,,
v2_1_pop1_de_b_002,6102,7101,5,5,3636.0,3886.0,0,1,0.3065915198199044,0.3065915198199044,0.3788622486789174,-0.07227072885901298,4,3769.1221923828125,2,3764.4404296875,4,3762.80078125,2,3760.37451171875,False,False,False,"[-1.074462890625, 12.925537109375, 28.925537109375]",5.121204493395391e-05,0.0,UNIQUE_OVERLAPPING_PHYSICAL_EVENT,1,11,True,55,68.4,86.0,1,5.385164807134504
v2_1_pop1_de_b_002,6102,7101,6,6,4314.0,4564.0,1,1,0.34869428770781663,0.6206615766847496,0.34869428770781663,0.271967288976933,4,4405.92919921875,2,4467.342529296875,4,4443.5302734375,1,4429.80419921875,False,False,True,"[2.6015625, 44.6015625, 70.6015625]",0.00016829569118479346,1.2630089708044481e-26,NOT_ESTIMABLE_NO_OVERLAPPING_PHYSICAL_EVENT,0,,False,0,,,,
v2_1_pop1_de_b_002,6102,7101,7,7,4828.0,5078.0,1,1,0.3850622791533229,0.6706059391738448,0.3850622791533229,0.2855436600205219,1,4955.88623046875,2,4986.710205078125,2,4959.757080078125,3,4925.90478515625,False,False,True,"[0.87646484375, 42.87646484375, 66.87646484375]",0.0006481823923059122,0.0,NOT_ESTIMABLE_NO_OVERLAPPING_PHYSICAL_EVENT,0,,False,0,,,,
v2_1_pop1_de_b_002,6102,7101,8,8,5124.0,5374.0,1,-1,0.8238798923307027,0.937703090665295,0.8238798923307027,0.11382319833459231,4,5307.105712890625,2,5267.702880859375,4,5232.620849609375,3,5208.2578125,False,False,False,"[3.0751953125, 35.0751953125, 99.0751953125]",5.860335777070643e-06,2.2358782428489403e-07,UNIQUE_OVERLAPPING_PHYSICAL_EVENT,1,12,True,160,64.6,110.0,1,8.94427190999916
v2_1_pop1_de_b_002,6102,7101,9,9,5456.0,5706.0,0,1,0.33956754908860043,0.33956754908860043,0.34384870494474506,-0.004281155856144636,4,5584.3779296875,2,5591.2021484375,2,5569.86181640625,0,,,,,"[-2.7080078125, 13.2919921875, 27.2919921875]",4.5935155188786206e-05,3.4547115273022e-33,NOT_ESTIMABLE_NO_OVERLAPPING_PHYSICAL_EVENT,0,,False,0,,,,
v2_1_pop1_de_b_002,6102,7101,10,10,5776.0,6026.0,0,1,0.3988766169424851,0.3988766169424851,0.4354992307212152,-0.036622613778730106,4,5918.64697265625,2,5905.345703125,3,5883.55029296875,0,,,,,"[3.29150390625, 23.29150390625, 47.29150390625]",0.00011048070106068421,0.0,NOT_ESTIMABLE_NO_OVERLAPPING_PHYSICAL_EVENT,0,,False,0,,,,
v2_1_pop1_de_b_002,6102,7101,11,11,6036.0,6286.0,1,1,0.37879928601795676,0.44464734111685733,0.37879928601795676,0.06584805509890057,4,6143.61328125,2,6163.380126953125,4,6168.116455078125,1,6158.4951171875,False,False,True,"[5.3359375, 25.3359375, 41.3359375]",9.605030528876123e-06,8.30543486978419e-22,NOT_ESTIMABLE_NO_OVERLAPPING_PHYSICAL_EVENT,0,,False,0,,,,
v2_1_pop1_de_b_002,6102,7101,12,12,6524.0,6774.0,0,-1,1.6967507751677893,1.6967507751677893,2.0218048327345377,-0.32505405756674843,4,6735.466064453125,2,6535.5712890625,4,6647.4443359375,3,6627.60205078125,False,True,False,"[8.8994140625, 112.8994140625, 210.8994140625]",0.07331070109368625,0.0012774224095255867,AMBIGUOUS_OVERLAP_CHOSEN_MAXIMUM_FOR_DESCRIPTION,2,13,True,109,54.0,104.0,1,7.0710678118654755
v2_1_pop1_de_b_002,6102,7101,13,15,7752.0,8002.0,1,0,0.47698902751195354,0.48790271345326275,0.47698902751195354,0.010913685941309204,3,7930.11572265625,2,7895.8212890625,4,7869.98583984375,3,7875.33544921875,True,False,False,"[-5.126953125, 8.873046875, 32.873046875]",8.001140289578262e-12,0.0,NOT_ESTIMABLE_NO_OVERLAPPING_PHYSICAL_EVENT,0,,False,0,,,,
v2_1_pop1_de_b_002,6102,7101,14,16,8874.0,9124.0,1,-1,0.8898308957975537,1.1443453961750496,0.8898308957975537,0.2545145003774959,4,8905.5302734375,2,9026.34423828125,3,8997.2646484375,3,8985.150390625,False,False,True,"[4.5185546875, 100.5185546875, 130.5185546875]",0.005673741561772628,9.002697202970114e-06,AMBIGUOUS_OVERLAP_CHOSEN_MAXIMUM_FOR_DESCRIPTION,3,26,True,141,50.0,98.0,1,8.06225774829855
v2_1_pop1_de_b_002,6102,7101,15,17,9184.0,9434.0,0,1,0.3347633569346138,0.3347633569346138,0.4449733208633081,-0.11020996392869431,4,9332.21484375,2,9309.72705078125,2,9301.53564453125,3,9312.5078125,True,True,False,"[0.640625, 16.640625, 40.640625]",0.0002925256991912415,0.0,UNIQUE_OVERLAPPING_PHYSICAL_EVENT,1,28,True,118,64.6,116.0,1,7.615773105863909
v2_1_pop1_de_b_002,6102,7101,16,18,9524.0,9774.0,1,1,0.2511403007225826,0.6542605738142969,0.2511403007225826,0.40312027309171433,4,9621.83740234375,2,9684.08251953125,0,,0,,,,,"[0.44921875, 22.44921875, 76.44921875]",0.00015224796113845764,0.0,NOT_ESTIMABLE_NO_OVERLAPPING_PHYSICAL_EVENT,0,,False,0,,,,
v2_1_pop1_de_b_002,6102,7101,17,19,9798.0,10048.0,0,1,0.3801253369696177,0.3801253369696177,0.5368996074592187,-0.15677427048960102,1,9932.75,0,,4,9916.34228515625,3,9939.7734375,,,,"[1.0537109375, 19.0537109375, 39.0537109375]",1.5513190686160813e-05,0.0,NOT_ESTIMABLE_NO_OVERLAPPING_PHYSICAL_EVENT,0,,False,0,,,,
v2_1_pop1_de_b_002,6102,7101,18,20,10110.0,10360.0,1,0,0.4492072085927131,0.5710095274643938,0.4492072085927131,0.12180231887168069,4,10206.04248046875,2,10264.72509765625,3,10230.3037109375,3,10248.1611328125,True,False,True,"[4.7021484375, 40.7021484375, 68.7021484375]",0.00017959873505697722,0.0,NOT_ESTIMABLE_NO_OVERLAPPING_PHYSICAL_EVENT,0,,False,0,,,,
v2_1_pop1_de_b_002,6102,7101,19,21,10782.0,11032.0,0,-1,1.050154146870394,1.050154146870394,1.2933780338888727,-0.24322388701847864,4,11022.01904296875,2,10903.61328125,4,10890.4775390625,0,,,,,"[1.5185546875, 23.5185546875, 141.5185546875]",0.00017554556054752012,0.14712242404235054,UNIQUE_OVERLAPPING_PHYSICAL_EVENT,1,32,True,145,42.0,76.0,1,8.602325267042627
v2_1_pop1_de_b_002,6102,7101,20,22,11200.0,11450.0,1,0,0.633119065514466,0.8545566947793253,0.633119065514466,0.22143762926485933,3,11269.3798828125,2,11338.80712890625,3,11343.4658203125,3,11326.126953125,False,False,True,"[43.1201171875, 75.1201171875, 101.1201171875]",0.00021829638681441937,3.2243005517927495e-11,UNIQUE_OVERLAPPING_PHYSICAL_EVENT,1,33,True,59,38.800000000000004,86.0,1,6.324555320336759
v2_1_pop1_de_b_002,6102,7101,21,25,12548.0,12798.0,1,-1,0.7366633015266537,0.9386608232029368,0.7366633015266537,0.20199752167628304,3,12667.4580078125,1,12702.685546875,4,12673.10400390625,2,12636.033203125,False,False,True,"[53.2265625, 71.2265625, 91.2265625]",2.5578459057212597e-05,2.407394009443961e-13,UNIQUE_OVERLAPPING_PHYSICAL_EVENT,1,39,True,54,45.4,106.0,3,5.830951894845301
v2_1_pop1_de_b_002,6102,7101,22,26,12866.0,13116.0,1,1,0.3427616151959872,0.5844200767732799,0.3427616151959872,0.2416584615772927,4,12968.26318359375,2,13010.72216796875,3,12993.009765625,0,,,,,"[10.1181640625, 36.1181640625, 56.1181640625]",4.2830961921680205e-07,1.7746696810185763e-27,NOT_ESTIMABLE_NO_OVERLAPPING_PHYSICAL_EVENT,0,,False,0,,,,
v2_1_pop1_de_b_002,6102,7101,23,27,13156.0,13406.0,1,1,0.25255473264670736,0.5797229091570382,0.25255473264670736,0.3271681765103308,4,13259.51708984375,2,13308.96923828125,4,13287.7939453125,2,13270.9580078125,False,False,True,"[4.33984375, 32.33984375, 56.33984375]",0.0003030839261980626,1.131300126989743e-22,NOT_ESTIMABLE_NO_OVERLAPPING_PHYSICAL_EVENT,0,,False,0,,,,
v2_1_pop1_de_b_002,6102,7101,24,30,13916.0,14166.0,0,1,0.3283217427610393,0.3283217427610393,0.48508881116836483,-0.15676706840732552,0,,2,14042.7138671875,2,14019.638671875,3,14063.4267578125,True,,,"[1.04296875, 21.04296875, 49.04296875]",0.0,0.0,NOT_ESTIMABLE_NO_OVERLAPPING_PHYSICAL_EVENT,0,,False,0,,,,
v2_1_pop1_de_b_002,6102,7101,25,31,14208.0,14458.0,0,1,0.3503884751574474,0.3503884751574474,0.6183199674020753,-0.26793149224462787,2,14329.60205078125,2,14312.31494140625,4,14340.98486328125,3,14365.62890625,False,True,False,"[-3.7490234375, 14.2509765625, 42.2509765625]",5.113703721466094e-09,3.6397665179169114e-09,UNIQUE_OVERLAPPING_PHYSICAL_EVENT,1,40,True,36,45.0,86.0,1,4.123105625617661
v2_1_pop1_de_b_002,6102,7101,26,32,14670.0,14920.0,0,1,0.46784494745756405,0.46784494745756405,0.6746835935267598,-0.20683864606919572,4,14833.4326171875,2,14775.8544921875,4,14796.49951171875,0,,,,,"[0.23828125, 20.23828125, 66.23828125]",6.824702401651195e-05,4.344893372357651e-37,NOT_ESTIMABLE_NO_OVERLAPPING_PHYSICAL_EVENT,0,,False,0,,,,
v2_1_pop1_de_b_002,6102,7101,27,33,15214.0,15464.0,1,-1,0.9752544123267135,0.8600209258067306,0.9752544123267135,-0.11523348651998289,3,15447.6630859375,2,15364.5029296875,4,15330.37841796875,2,15310.4814453125,False,False,False,"[3.7001953125, 27.7001953125, 61.7001953125]",3.357593731273727e-05,0.03897961070759518,UNIQUE_OVERLAPPING_PHYSICAL_EVENT,1,42,True,128,47.19999999999999,178.0,1,8.94427190999916
v2_1_pop1_de_b_002,6102,7101,28,38,16826.0,17076.0,0,0,0.5892424184731506,0.5892424184731506,0.7388703431254087,-0.14962792465225805,4,16911.1640625,1,16944.443359375,4,16963.3779296875,3,16990.99609375,False,False,False,"[4.673828125, 50.673828125, 90.673828125]",0.0002219646885136783,0.0,UNIQUE_OVERLAPPING_PHYSICAL_EVENT,1,48,True,116,70.0,112.0,1,6.4031242374328485
v2_1_pop1_de_b_002,6102,7101,29,41,17790.0,18040.0,0,1,0.36015054915381983,0.36015054915381983,0.7548675206247737,-0.39471697147095386,4,17937.4189453125,2,17880.3798828125,4,17905.556640625,3,17929.65625,False,True,False,"[2.884765625, 30.884765625, 60.884765625]",9.51058179343e-05,0.0,NOT_ESTIMABLE_NO_OVERLAPPING_PHYSICAL_EVENT,0,,False,0,,,,
v2_1_pop1_de_b_002,6102,7101,30,42,18062.0,18312.0,0,1,0.3111831680839942,0.3111831680839942,0.5022169124296706,-0.19103374434567638,1,18180.482421875,0,,4,18186.3056640625,3,18206.283203125,,,,"[2.5703125, 18.5703125, 38.5703125]",1.0749819270714206e-10,3.8452147559330203e-19,NOT_ESTIMABLE_NO_OVERLAPPING_PHYSICAL_EVENT,0,,False,0,,,,
v2_1_pop1_de_b_002,6102,7101,31,43,18702.0,18952.0,0,0,0.6575172455943018,0.6575172455943018,0.7187047081592508,-0.061187462564949,4,18791.8896484375,1,18825.994140625,4,18841.0927734375,2,18847.60546875,False,False,False,"[11.90234375, 57.90234375, 73.90234375]",0.000876802242074377,2.743076786436962e-17,NOT_ESTIMABLE_NO_OVERLAPPING_PHYSICAL_EVENT,0,,False,0,,,,
v2_1_pop1_de_b_002,6102,7101,32,44,19212.0,19462.0,1,1,0.4064564632588506,0.5854177971743402,0.4064564632588506,0.17896133391548957,3,19302.787109375,1,19366.615234375,4,19342.017578125,2,19329.060546875,False,False,True,"[27.51171875, 47.51171875, 65.51171875]",1.3848756663247828e-05,4.646052327928483e-06,NOT_ESTIMABLE_NO_OVERLAPPING_PHYSICAL_EVENT,0,,False,0,,,,
v2_1_pop1_de_b_002,6102,7101,33,45,19562.0,19812.0,1,-1,0.9216462993282735,1.301495157236772,0.9216462993282735,0.3798488579084984,4,19570.2080078125,2,19697.396484375,3,19666.916015625,3,19679.412109375,True,False,True,"[6.84375, 116.84375, 148.84375]",0.08682770136747595,3.7661871839903825e-06,AMBIGUOUS_OVERLAP_CHOSEN_MAXIMUM_FOR_DESCRIPTION,3,53,True,63,35.20000000000001,98.0,1,5.385164807134504
v2_1_pop1_de_b_002,6102,7101,34,52,21370.0,21620.0,0,-1,1.0057008769321945,1.0057008769321945,1.283250919185786,-0.2775500422535915,3,21612.34765625,0,,4,21485.5322265625,3,21509.5703125,,,,"[22.943359375, 42.943359375, 66.943359375]",0.00930743413833842,0.017338608508355367,AMBIGUOUS_OVERLAP_CHOSEN_MAXIMUM_FOR_DESCRIPTION,3,60,True,130,42.20000000000002,78.0,1,9.486832980505138
v2_1_pop1_de_b_002,6102,7101,35,53,21990.0,22240.0,1,0,0.6282822368835287,0.6920310642586458,0.6282822368835287,0.06374882737511711,3,22176.078125,2,22151.7314453125,4,22117.1669921875,3,22094.015625,False,False,False,"[-8.685546875, 27.314453125, 131.314453125]",0.00013215602624075778,0.057604382469362614,AMBIGUOUS_OVERLAP_CHOSEN_MAXIMUM_FOR_DESCRIPTION,3,63,True,138,58.599999999999994,118.0,1,8.602325267042627
v2_1_pop1_de_b_002,6102,7101,36,54,22332.0,22582.0,1,1,0.3117213586487842,0.5827182733999567,0.3117213586487842,0.27099691475117255,0,,2,22477.8154296875,4,22444.5791015625,1,22417.904296875,False,,,"[17.095703125, 35.095703125, 59.095703125]",0.00017728574976237044,0.0,NOT_ESTIMABLE_NO_OVERLAPPING_PHYSICAL_EVENT,0,,False,0,,,,
v2_1_pop1_de_b_002,6102,7101,37,55,22604.0,22854.0,1,1,0.3417507813765342,0.6326473592548465,0.3417507813765342,0.2908965778783123,2,22712.1328125,2,22764.220703125,2,22738.9140625,3,22708.443359375,False,False,True,"[0.95703125, 34.95703125, 62.95703125]",7.554828492683485e-09,6.056503763103649e-23,NOT_ESTIMABLE_NO_OVERLAPPING_PHYSICAL_EVENT,0,,False,0,,,,
v2_1_pop1_de_b_002,6102,7101,38,56,22866.0,23116.0,1,1,0.30480562633334074,0.5550497518108612,0.30480562633334074,0.2502441254775205,3,22994.33984375,1,23022.447265625,4,22989.91796875,3,22967.47265625,False,False,True,"[-3.455078125, 20.544921875, 46.544921875]",9.050143782608944e-09,0.004212321532451148,UNIQUE_OVERLAPPING_PHYSICAL_EVENT,1,65,True,142,47.8,90.0,1,8.06225774829855
v2_1_pop1_de_b_002,6102,7101,39,57,23256.0,23506.0,0,-1,1.2258747976780247,1.2258747976780247,1.1869911287056423,0.03888366897238238,2,23260.5322265625,2,23387.9345703125,4,23373.609375,3,23397.408203125,True,False,False,"[99.93359375, 117.93359375, 137.93359375]",0.05734808304153379,5.6603051605201894e-11,AMBIGUOUS_OVERLAP_CHOSEN_MAXIMUM_FOR_DESCRIPTION,2,67,True,167,48.0,120.0,1,10.0
v2_1_pop1_de_b_002,6102,7102,0,0,850.0,1100.0,0,1,0.3034335431997345,0.3034335431997345,0.49031696678670833,-0.18688342358697385,0,,2,976.2033386230469,4,970.6495971679688,3,994.92626953125,True,,,"[-5.430908203125, 8.569091796875, 28.569091796875]",3.620823853953614e-42,0.0,NOT_ESTIMABLE_NO_OVERLAPPING_PHYSICAL_EVENT,0,,False,0,,,,
v2_1_pop1_de_b_002,6102,7102,1,1,1136.0,1386.0,1,1,0.37648648924253475,0.4110923789358586,0.37648648924253475,0.034605889693323844,1,1269.9459228515625,2,1273.8926391601562,4,1249.032470703125,2,1261.8663940429688,True,False,True,"[-4.443115234375, 9.556884765625, 25.556884765625]",3.3813926129043796e-07,6.11043315025242e-23,NOT_ESTIMABLE_NO_OVERLAPPING_PHYSICAL_EVENT,0,,False,0,,,,
v2_1_pop1_de_b_002,6102,7102,2,2,1636.0,1886.0,1,0,0.5443283796573829,0.677811764549824,0.5443283796573829,0.13348338489244105,4,1787.0491333007812,2,1775.75146484375,4,1743.086181640625,2,1723.8023681640625,False,False,False,"[6.5369873046875, 36.5369873046875, 68.5369873046875]",7.084741789405339e-06,0.0,NOT_ESTIMABLE_NO_OVERLAPPING_PHYSICAL_EVENT,0,,False,0,,,,
v2_1_pop1_de_b_002,6102,7102,3,3,1964.0,2214.0,1,1,0.2665920694456624,0.5312328047818965,0.2665920694456624,0.2646407353362341,4,2059.6478271484375,2,2119.4119873046875,4,2085.0333251953125,3,2091.372314453125,True,False,True,"[6.643798828125, 36.643798828125, 68.643798828125]",0.00015002011357599714,6.612313690772508e-10,NOT_ESTIMABLE_NO_OVERLAPPING_PHYSICAL_EVENT,0,,False,0,,,,
v2_1_pop1_de_b_002,6102,7102,4,13,4074.0,4324.0,0,1,0.4257919619637639,0.4257919619637639,0.5473609693141391,-0.12156900735037524,4,4199.632080078125,1,4260.3330078125,4,4193.0546875,3,4201.92919921875,True,False,True,"[4.45849609375, 20.45849609375, 34.45849609375]",3.22685841241896e-09,0.0,NOT_ESTIMABLE_NO_OVERLAPPING_PHYSICAL_EVENT,0,,False,0,,,,
v2_1_pop1_de_b_002,6102,7102,5,14,4376.0,4626.0,1,1,0.3657526581465814,0.6152289368918117,0.3657526581465814,0.24947627874523026,4,4462.482421875,2,4522.317626953125,3,4500.38427734375,3,4499.9736328125,False,False,True,"[4.38720703125, 48.38720703125, 70.38720703125]",8.817645985989393e-07,0.0,NOT_ESTIMABLE_NO_OVERLAPPING_PHYSICAL_EVENT,0,,False,0,,,,
v2_1_pop1_de_b_002,6102,7102,6,17,5194.0,5444.0,0,1,0.5049358061350351,0.5049358061350351,0.6113347182363829,-0.10639891210134778,3,5282.6083984375,2,5314.470947265625,4,5329.10400390625,3,5352.466796875,False,False,False,"[2.48095703125, 44.48095703125, 78.48095703125]",9.598781409618136e-05,4.555677152801293e-43,NOT_ESTIMABLE_NO_OVERLAPPING_PHYSICAL_EVENT,0,,False,0,,,,
v2_1_pop1_de_b_002,6102,7102,7,18,6226.0,6476.0,1,1,0.2597105015733381,0.4892785335409794,0.2597105015733381,0.2295680319676413,3,6360.92333984375,2,6371.599365234375,4,6341.7529296875,3,6335.486328125,False,False,True,"[-1.6064453125, 16.3935546875, 36.3935546875]",0.00015277591838710021,0.0,UNIQUE_OVERLAPPING_PHYSICAL_EVENT,1,13,True,46,38.0,64.0,2,4.47213595499958
v2_1_pop1_de_b_002,6102,7102,8,19,6548.0,6798.0,0,0,0.744137751290878,0.744137751290878,0.8189587724621455,-0.07482102117126754,3,6619.068359375,1,6685.4521484375,2,6663.820068359375,3,6709.47412109375,True,False,False,"[2.67626953125, 60.67626953125, 100.67626953125]",1.8151579070214285e-05,7.079350487780483e-19,NOT_ESTIMABLE_NO_OVERLAPPING_PHYSICAL_EVENT,0,,False,0,,,,
v2_1_pop1_de_b_002,6102,7102,9,20,6910.0,7160.0,0,-1,1.1130846873970015,1.1130846873970015,1.2045516076109588,-0.0914669202139573,2,6926.937255859375,2,6921.529052734375,4,7029.35302734375,3,7042.2490234375,False,True,False,"[4.51171875, 116.51171875, 132.51171875]",0.12050118074264998,0.0002456314877051223,AMBIGUOUS_OVERLAP_CHOSEN_MAXIMUM_FOR_DESCRIPTION,2,15,True,129,42.0,88.0,1,8.94427190999916
v2_1_pop1_de_b_002,6102,7102,10,21,7238.0,7488.0,1,-1,0.8269751955957882,0.7876531552123348,0.8269751955957882,-0.03932204038345344,1,7475.90234375,2,7378.206787109375,2,7352.00341796875,3,7353.83740234375,False,False,False,"[20.87744140625, 36.87744140625, 58.87744140625]",0.010313306669966937,0.0039033344892991616,UNIQUE_OVERLAPPING_PHYSICAL_EVENT,1,16,True,145,41.59999999999998,88.0,1,7.810249675906654
v2_1_pop1_de_b_002,6102,7102,11,22,7644.0,7894.0,1,1,0.2742258194706717,0.4234645185548153,0.2742258194706717,0.1492386990841436,0,,2,7793.319580078125,4,7763.154541015625,0,,,,,"[5.640625, 23.640625, 41.640625]",4.878364428846054e-06,1.7413854211287435e-30,UNIQUE_OVERLAPPING_PHYSICAL_EVENT,1,17,True,179,48.400000000000034,84.0,1,9.433981132056603
v2_1_pop1_de_b_002,6102,7102,12,23,8138.0,8388.0,0,1,0.47777644689928256,0.47777644689928256,0.49005473452028436,-0.012278287621001804,4,8281.53369140625,2,8270.15087890625,3,8242.2744140625,0,,,,,"[4.4697265625, 28.4697265625, 52.4697265625]",7.7828418729095e-05,0.0,NOT_ESTIMABLE_NO_OVERLAPPING_PHYSICAL_EVENT,0,,False,0,,,,
v2_1_pop1_de_b_002,6102,7102,13,24,8470.0,8720.0,1,0,0.5603931981537791,0.6756710353591692,0.5603931981537791,0.11527783720539009,4,8616.34814453125,2,8630.880859375,1,8566.275390625,3,8556.69140625,False,False,True,"[0.5791015625, 62.5791015625, 78.5791015625]",0.0008711810935138633,1.0372468560399932e-11,NOT_ESTIMABLE_NO_OVERLAPPING_PHYSICAL_EVENT,0,,False,0,,,,
v2_1_pop1_de_b_002,6102,7102,14,29,10062.0,10312.0,0,0,0.5806012964721019,0.5806012964721019,0.7891350240628026,-0.20853372759070066,3,10253.8017578125,2,10183.5341796875,4,10181.52294921875,2,10201.0732421875,True,True,False,"[-6.111328125, 7.888671875, 29.888671875]",0.00028931054306101037,1.098114837117478e-16,NOT_ESTIMABLE_NO_OVERLAPPING_PHYSICAL_EVENT,0,,False,0,,,,
v2_1_pop1_de_b_002,6102,7102,15,30,10406.0,10656.0,1,1,0.38818034230270804,0.47406135391810816,0.38818034230270804,0.08588101161540013,1,10545.021484375,2,10548.40087890625,4,10516.921875,0,,,,,"[6.1572265625, 24.1572265625, 42.1572265625]",7.25783740914977e-18,5.637825358606454e-17,NOT_ESTIMABLE_NO_OVERLAPPING_PHYSICAL_EVENT,0,,False,0,,,,
v2_1_pop1_de_b_002,6102,7102,16,31,10688.0,10938.0,1,1,0.44116936150152464,0.8414632733731094,0.44116936150152464,0.4002939118715848,4,10786.0166015625,2,10837.03759765625,2,10836.275390625,3,10760.880859375,False,False,True,"[1.732421875, 27.732421875, 83.732421875]",4.5070609873018647e-07,0.0,NOT_ESTIMABLE_NO_OVERLAPPING_PHYSICAL_EVENT,0,,False,0,,,,
v2_1_pop1_de_b_002,6102,7102,17,32,10980.0,11230.0,1,0,0.4717079660351472,0.618521306707075,0.4717079660351472,0.14681334067192775,4,11061.419921875,2,11122.50927734375,4,11109.87109375,1,11101.232421875,False,False,True,"[2.51171875, 54.51171875, 74.51171875]",3.244597520077215e-05,0.0,UNIQUE_OVERLAPPING_PHYSICAL_EVENT,1,26,True,257,69.60000000000001,124.0,1,11.180339887498949
v2_1_pop1_de_b_002,6102,7102,18,33,11246.0,11496.0,1,1,0.38964856535026554,0.6264356776644533,0.38964856535026554,0.23678711231418775,4,11329.91015625,2,11391.33203125,3,11374.38671875,3,11362.1015625,False,False,True,"[3.736328125, 45.736328125, 71.736328125]",5.878519113951461e-10,0.0,UNIQUE_OVERLAPPING_PHYSICAL_EVENT,1,27,True,271,72.0,118.0,1,10.0
v2_1_pop1_de_b_002,6102,7102,19,34,11500.0,11750.0,0,0,0.8754923812500588,0.8754923812500588,0.8274204692859997,0.04807191196405913,4,11581.58740234375,2,11643.52099609375,3,11664.669921875,1,11651.09375,False,False,False,"[3.38671875, 65.38671875, 97.38671875]",3.958805966454214e-07,0.0,UNIQUE_OVERLAPPING_PHYSICAL_EVENT,1,28,True,237,70.0,118.0,1,11.180339887498949
v2_1_pop1_de_b_002,6102,7102,20,35,11800.0,12050.0,1,1,0.29566988602849553,0.6623500566928069,0.29566988602849553,0.36668017066431136,4,11897.1484375,2,11961.54736328125,1,11937.013671875,0,,,,,"[0.986328125, 28.986328125, 76.986328125]",1.1190755207483556e-05,6.913734000084662e-27,NOT_ESTIMABLE_NO_OVERLAPPING_PHYSICAL_EVENT,0,,False,0,,,,
v2_1_pop1_de_b_002,6102,7102,21,40,13148.0,13398.0,1,1,0.25497622588132307,0.38831358143428024,0.25497622588132307,0.13333735555295717,4,13270.8818359375,2,13290.2685546875,0,,0,,,,,"[6.3779296875, 22.3779296875, 36.3779296875]",8.970717507522393e-16,7.455731067225176e-41,NOT_ESTIMABLE_NO_OVERLAPPING_PHYSICAL_EVENT,0,,False,0,,,,
v2_1_pop1_de_b_002,6102,7102,22,41,13428.0,13678.0,0,1,0.30565005314237004,0.30565005314237004,0.40596041782007725,-0.10031036467770721,2,13563.029296875,2,13546.77001953125,2,13545.60205078125,2,13555.59765625,False,True,False,"[-4.6298828125, 7.3701171875, 17.3701171875]",1.667182813799888e-05,0.0,NOT_ESTIMABLE_NO_OVERLAPPING_PHYSICAL_EVENT,0,,False,0,,,,
v2_1_pop1_de_b_002,6102,7102,23,42,13742.0,13992.0,1,1,0.18823383781803643,0.5826864936311045,0.18823383781803643,0.39445265581306804,4,13854.91796875,2,13907.80859375,4,13876.1611328125,3,13854.43359375,False,False,True,"[-4.103515625, 11.896484375, 57.896484375]",9.842346737430002e-06,0.0,NOT_ESTIMABLE_NO_OVERLAPPING_PHYSICAL_EVENT,0,,False,0,,,,
v2_1_pop1_de_b_002,6102,7102,24,43,14050.0,14300.0,1,1,0.25073359642558984,0.47687954659514764,0.25073359642558984,0.2261459501695578,4,14152.607421875,2,14206.7900390625,4,14171.5537109375,3,14179.9638671875,True,False,True,"[4.3359375, 28.3359375, 52.3359375]",3.0687752326409674e-07,0.0,NOT_ESTIMABLE_NO_OVERLAPPING_PHYSICAL_EVENT,0,,False,0,,,,
v2_1_pop1_de_b_002,6102,7102,25,44,14522.0,14772.0,1,-1,1.0330483904476846,1.3125804153410416,1.0330483904476846,0.27953202489335705,3,14528.3173828125,2,14666.3212890625,4,14633.5361328125,2,14634.83203125,False,False,True,"[92.1708984375, 112.1708984375, 134.1708984375]",0.06784448158495765,0.000182920540467554,AMBIGUOUS_OVERLAP_CHOSEN_MAXIMUM_FOR_DESCRIPTION,2,32,True,114,41.4,80.0,1,8.602325267042627
v2_1_pop1_de_b_002,6102,7102,26,48,16328.0,16578.0,0,0,0.5527524749677082,0.5527524749677082,0.49610751966695255,0.05664495530075564,4,16451.1015625,1,16448.107421875,4,16475.515625,3,16421.66015625,False,False,False,"[12.22265625, 40.22265625, 60.22265625]",4.4914745698778595e-07,1.178950263944809e-44,NOT_ESTIMABLE_NO_OVERLAPPING_PHYSICAL_EVENT,0,,False,0,,,,
v2_1_pop1_de_b_002,6102,7102,27,49,16622.0,16872.0,1,-1,0.8082825444622268,1.0579299263847226,0.8082825444622268,0.2496473819224958,4,16798.0478515625,2,16825.3193359375,4,16733.9404296875,3,16710.3828125,False,False,True,"[1.29296875, 63.29296875, 103.29296875]",9.529099920619546e-07,0.026816087270041228,UNIQUE_OVERLAPPING_PHYSICAL_EVENT,1,37,True,121,62.0,102.0,1,8.06225774829855
v2_1_pop1_de_b_002,6102,7102,28,50,16946.0,17196.0,1,1,0.2539280121418318,0.6462685174946557,0.2539280121418318,0.39234050535282394,4,17062.43359375,2,17116.3837890625,3,17055.447265625,3,17068.32421875,True,False,True,"[2.6015625, 20.6015625, 66.6015625]",0.00028674346784006866,0.0,NOT_ESTIMABLE_NO_OVERLAPPING_PHYSICAL_EVENT,0,,False,0,,,,
v2_1_pop1_de_b_002,6102,7102,29,51,17236.0,17486.0,1,1,0.32215613845535657,0.6069285266135663,0.32215613845535657,0.28477238815820977,4,17336.8837890625,2,17393.3974609375,2,17372.9521484375,0,,,,,"[3.65234375, 47.65234375, 69.65234375]",3.0485434188852553e-16,0.0,UNIQUE_OVERLAPPING_PHYSICAL_EVENT,1,38,True,233,70.0,134.0,1,11.40175425099138
v2_1_pop1_de_b_002,6102,7102,30,52,17534.0,17784.0,1,1,0.41446743870038716,0.5023191976504161,0.41446743870038716,0.08785175895002895,3,17630.2265625,1,17663.875,0,,3,17646.1171875,,False,True,"[1.853515625, 17.853515625, 41.853515625]",3.234036707603362e-05,0.0,NOT_ESTIMABLE_NO_OVERLAPPING_PHYSICAL_EVENT,0,,False,0,,,,
v2_1_pop1_de_b_002,6102,7102,31,53,17830.0,18080.0,1,0,0.5384140811854674,0.5745671829504824,0.5384140811854674,0.03615310176501496,3,18014.6640625,2,17976.3955078125,4,17942.9697265625,3,17939.46484375,False,False,False,"[-1.560546875, 16.439453125, 74.439453125]",8.439719692497388e-06,3.047774486038931e-47,NOT_ESTIMABLE_NO_OVERLAPPING_PHYSICAL_EVENT,0,,False,0,,,,
v2_1_pop1_de_b_002,6102,7102,32,54,18320.0,18570.0,0,0,0.8874445783109811,0.8874445783109811,1.126043666309532,-0.23859908799855079,4,18550.9619140625,0,,4,18436.1044921875,3,18444.078125,,,,"[-2.236328125, 13.763671875, 123.763671875]",4.1018339830977566e-05,0.06945490781893553,AMBIGUOUS_OVERLAP_CHOSEN_MAXIMUM_FOR_DESCRIPTION,3,41,True,143,42.0,90.0,1,8.06225774829855
v2_1_pop1_de_b_002,6102,7102,33,55,18744.0,18994.0,0,1,0.3048279108155763,0.3048279108155763,0.5452942988034577,-0.2404663879878814,4,18868.3603515625,1,18858.6640625,4,18869.9609375,3,18895.25,False,True,False,"[-0.330078125, 15.669921875, 39.669921875]",1.6091296828271256e-06,0.0,NOT_ESTIMABLE_NO_OVERLAPPING_PHYSICAL_EVENT,0,,False,0,,,,
v2_1_pop1_de_b_002,6102,7102,34,56,19048.0,19298.0,0,1,0.33647885613266154,0.33647885613266154,0.4101138491537773,-0.07363499302111576,3,19158.7109375,1,19171.75390625,4,19172.66796875,3,19192.484375,False,False,False,"[5.40625, 19.40625, 35.40625]",1.041834767718435e-06,1.0684417941438178e-11,UNIQUE_OVERLAPPING_PHYSICAL_EVENT,1,43,True,51,34.0,70.0,1,5.385164807134504
v2_1_pop1_de_b_002,6102,7102,35,57,19720.0,19970.0,0,1,0.4798651951560545,0.4798651951560545,0.5968823417852805,-0.11701714662922602,4,19877.8447265625,2,19842.8857421875,3,19818.966796875,0,,,,,"[-1.357421875, 22.642578125, 64.642578125]",1.0939217269143468e-09,0.0,NOT_ESTIMABLE_NO_OVERLAPPING_PHYSICAL_EVENT,0,,False,0,,,,
v2_1_pop1_de_b_002,6102,7102,36,58,20038.0,20288.0,1,1,0.22717778501138386,0.5131354572192283,0.22717778501138386,0.2859576722078444,3,20158.7578125,2,20187.55078125,4,20161.9501953125,3,20141.017578125,False,False,True,"[6.16796875, 26.16796875, 50.16796875]",0.00015460376351140778,3.042703192761774e-19,NOT_ESTIMABLE_NO_OVERLAPPING_PHYSICAL_EVENT,0,,False,0,,,,
v2_1_pop1_de_b_002,6102,7102,37,59,20310.0,20560.0,0,-1,1.1800648779573624,1.1800648779573624,1.4217544208838255,-0.24168954292646316,4,20408.251953125,2,20468.2060546875,4,20552.318359375,3,20543.169921875,False,False,False,"[2.7578125, 64.7578125, 154.7578125]",2.850274872931906e-12,0.14471066539998723,UNIQUE_OVERLAPPING_PHYSICAL_EVENT,1,47,True,110,50.2,100.0,1,7.810249675906654
v2_1_pop1_de_b_002,6102,7102,38,60,20704.0,20954.0,1,-1,0.8711916351256865,1.0962498441505664,0.8711916351256865,0.22505820902487983,2,20773.6904296875,2,20786.603515625,4,20823.0732421875,1,20814.552734375,False,False,False,"[79.126953125, 95.126953125, 107.126953125]",0.053465217288460674,0.008725711719335283,UNIQUE_OVERLAPPING_PHYSICAL_EVENT,1,48,True,149,42.400000000000034,76.0,1,9.219544457292887
v2_1_pop1_de_b_002,6102,7102,39,61,21122.0,21372.0,1,-1,0.8119047123955514,1.418735129078552,0.8119047123955514,0.6068304166830005,4,21222.0810546875,2,21283.625,2,21148.6796875,3,21137.369140625,False,False,True,"[0.75390625, 80.75390625, 148.75390625]",0.0643136660557033,7.877736155463967e-05,NOT_ESTIMABLE_NO_OVERLAPPING_PHYSICAL_EVENT,0,,False,0,,,,
v2_1_pop1_de_b_002,6102,7102,40,62,21438.0,21688.0,1,-1,0.7888952121462404,1.3474910015370347,0.7888952121462404,0.5585957893907944,4,21535.5283203125,2,21594.9814453125,2,21576.080078125,1,21465.0390625,False,False,True,"[57.9609375, 105.9609375, 131.9609375]",0.00012719092766904093,2.308225499168662e-09,UNIQUE_OVERLAPPING_PHYSICAL_EVENT,1,49,True,275,70.0,128.0,1,10.63014581273465
v2_1_pop1_de_b_002,6102,7102,41,63,21724.0,21974.0,1,1,0.3411852883468304,0.5269120683750399,0.3411852883468304,0.18572678002820953,4,21856.0498046875,2,21868.0439453125,4,21834.6640625,1,21820.7890625,False,False,True,"[6.2109375, 30.2109375, 50.2109375]",1.8600612733395332e-07,0.0,NOT_ESTIMABLE_NO_OVERLAPPING_PHYSICAL_EVENT,0,,False,0,,,,
v2_1_pop1_de_b_002,6102,7102,42,64,22556.0,22806.0,0,1,0.353272227002792,0.353272227002792,0.40486766785115125,-0.051595440848359264,3,22677.853515625,2,22678.7255859375,3,22684.4921875,3,22684.669921875,False,False,False,"[-1.01953125, 10.98046875, 22.98046875]",0.0004315056875627952,0.0,NOT_ESTIMABLE_NO_OVERLAPPING_PHYSICAL_EVENT,0,,False,0,,,,
v2_1_pop1_de_b_002,6102,7102,43,65,22884.0,23134.0,1,0,0.4863171084124002,0.47161094429733624,0.4863171084124002,-0.01470616411506398,4,22990.8466796875,1,23054.576171875,2,23012.2177734375,3,23028.388671875,True,False,True,"[8.70703125, 32.70703125, 54.70703125]",2.0797361920124036e-07,0.0,NOT_ESTIMABLE_NO_OVERLAPPING_PHYSICAL_EVENT,0,,False,0,,,,
v2_1_pop1_de_b_002,6102,7102,44,66,23188.0,23438.0,0,0,0.5635745432923261,0.5635745432923261,0.5581397731919159,0.005434770100410269,4,23281.3876953125,1,23312.482421875,4,23313.01171875,1,23335.544921875,False,False,False,"[7.1171875, 37.1171875, 53.1171875]",0.00028568671234727064,8.555520443248546e-36,NOT_ESTIMABLE_NO_OVERLAPPING_PHYSICAL_EVENT,0,,False,0,,,,
v2_1_pop1_de_b_002,6102,7102,45,67,23452.0,23702.0,1,1,0.29902070243514933,0.4498509040055013,0.29902070243514933,0.15083020157035198,4,23571.5654296875,2,23582.044921875,4,23577.857421875,0,,,,,"[2.189453125, 20.189453125, 32.189453125]",1.1145641475783787e-19,0.0,NOT_ESTIMABLE_NO_OVERLAPPING_PHYSICAL_EVENT,0,,False,0,,,,
v2_1_pop1_de_b_002,6102,7102,46,68,23720.0,23970.0,1,1,0.31292285847843054,0.7527260944384813,0.31292285847843054,0.4398032359600507,4,23845.3046875,2,23906.08984375,2,23826.4013671875,3,23841.818359375,True,False,True,"[5.775390625, 23.775390625, 81.775390625]",3.66644982209833e-20,0.0,NOT_ESTIMABLE_NO_OVERLAPPING_PHYSICAL_EVENT,0,,False,0,,,,
v2_anchor_support_rank__vth_low,6101,7101,0,0,830.0,1080.0,1,0,0.5290388381047262,0.806002258009185,0.5290388381047262,0.27696341990445883,4,893.1487731933594,2,973.9250793457031,4,964.0405883789062,0,,,,,"[-2.76788330078125, 67.23211669921875, 93.23211669921875]",0.00046027649633952105,4.0325974259747405e-05,AMBIGUOUS_OVERLAP_CHOSEN_MAXIMUM_FOR_DESCRIPTION,2,3,True,164,50.0,132.0,1,8.94427190999916
v2_anchor_support_rank__vth_low,6101,7101,1,1,1556.0,1806.0,1,1,0.38882395612139725,0.5581040717870099,0.38882395612139725,0.16928011566561268,1,1661.987060546875,2,1706.799072265625,2,1649.7708129882812,3,1666.4310302734375,True,False,True,"[4.613525390625, 20.613525390625, 60.613525390625]",0.000765846953775958,1.4984833962960906e-07,NOT_ESTIMABLE_NO_OVERLAPPING_PHYSICAL_EVENT,0,,False,0,,,,
v2_anchor_support_rank__vth_low,6101,7101,2,2,2234.0,2484.0,0,1,0.3656815717835343,0.3656815717835343,0.5861752830505907,-0.22049371126705647,3,2361.7197265625,2,2332.3712158203125,4,2362.5758056640625,2,2362.4129638671875,False,True,False,"[3.05810546875, 25.05810546875, 45.05810546875]",0.0003953685422773558,0.0,NOT_ESTIMABLE_NO_OVERLAPPING_PHYSICAL_EVENT,0,,False,0,,,,
v2_anchor_support_rank__vth_low,6101,7101,3,3,2566.0,2816.0,1,-1,0.7674441581685048,0.9017209628788792,0.7674441581685048,0.1342768047103744,4,2740.841796875,2,2709.41650390625,4,2675.1282958984375,3,2651.6689453125,False,False,False,"[9.1611328125, 49.1611328125, 101.1611328125]",0.00024036320832086243,3.786790052519425e-09,AMBIGUOUS_OVERLAP_CHOSEN_MAXIMUM_FOR_DESCRIPTION,2,10,True,156,65.0,94.0,1,8.602325267042627
v2_anchor_support_rank__vth_low,6101,7101,4,4,2840.0,3090.0,1,0,0.610028406709933,0.6145766357559547,0.610028406709933,0.004548229046021701,3,3006.722412109375,2,2967.535400390625,4,2964.6983642578125,3,2940.32177734375,False,False,False,"[3.668212890625, 23.668212890625, 61.668212890625]",1.4845931330303428e-05,5.918130628183671e-29,UNIQUE_OVERLAPPING_PHYSICAL_EVENT,1,12,True,89,38.800000000000004,92.0,1,7.280109889280518
v2_anchor_support_rank__vth_low,6101,7101,5,5,3384.0,3634.0,0,1,0.4939174960803635,0.4939174960803635,0.6834411200441309,-0.18952362396376743,4,3531.4984130859375,2,3485.1632080078125,3,3491.447998046875,3,3514.50634765625,False,True,False,"[3.71923828125, 33.71923828125, 61.71923828125]",0.00014050475236244324,0.007190645459098899,AMBIGUOUS_OVERLAP_CHOSEN_MAXIMUM_FOR_DESCRIPTION,2,14,True,71,38.0,72.0,1,6.082762530298219
v2_anchor_support_rank__vth_low,6101,7101,6,6,3702.0,3952.0,0,0,0.6067045891250171,0.6067045891250171,0.6781661492310713,-0.0714615601060542,2,3777.670166015625,2,3825.4876708984375,2,3831.4444580078125,3,3849.55810546875,False,False,False,"[38.02685546875, 62.02685546875, 82.02685546875]",0.0004195594324879528,2.0971761366991707e-17,NOT_ESTIMABLE_NO_OVERLAPPING_PHYSICAL_EVENT,0,,False,0,,,,
v2_anchor_support_rank__vth_low,6101,7101,7,7,4518.0,4768.0,1,1,0.23686782813160984,0.45819927776296066,0.23686782813160984,0.22133144963135082,4,4632.906005859375,1,4666.09326171875,4,4641.70947265625,3,4644.1923828125,True,False,True,"[6.4306640625, 22.4306640625, 40.4306640625]",0.0003173192569968036,3.2630132538371656e-31,NOT_ESTIMABLE_NO_OVERLAPPING_PHYSICAL_EVENT,0,,False,0,,,,
v2_anchor_support_rank__vth_low,6101,7101,8,8,4846.0,5096.0,1,-1,0.6875614266155845,0.6378227625737694,0.6875614266155845,-0.04973866404181515,3,5018.67236328125,2,4986.77001953125,2,4949.193115234375,3,4933.025390625,False,False,False,"[-1.74560546875, 80.25439453125, 94.25439453125]",1.5520034541421597e-05,0.00030332734656580014,UNIQUE_OVERLAPPING_PHYSICAL_EVENT,1,17,True,106,60.0,108.0,1,7.0710678118654755
v2_anchor_support_rank__vth_low,6101,7101,9,9,5522.0,5772.0,0,0,0.778416545774214,0.778416545774214,0.9978644041738509,-0.21944785839963687,4,5739.91162109375,2,5656.15185546875,4,5636.054931640625,3,5657.458984375,True,False,False,"[-0.572265625, 21.427734375, 111.427734375]",0.00021391989099459277,0.0006401077897451968,AMBIGUOUS_OVERLAP_CHOSEN_MAXIMUM_FOR_DESCRIPTION,3,20,True,81,44.0,116.0,1,5.830951894845301
v2_anchor_support_rank__vth_low,6101,7101,10,10,5784.0,6034.0,1,1,0.2898053854503412,0.39570530966179474,0.2898053854503412,0.10589992421145356,0,,2,5928.477294921875,4,5899.319091796875,3,5912.708984375,True,,,"[-1.80126953125, 14.19873046875, 34.19873046875]",7.354425298047167e-06,5.950794912601634e-27,AMBIGUOUS_OVERLAP_CHOSEN_MAXIMUM_FOR_DESCRIPTION,2,22,True,133,37.599999999999994,86.0,1,9.433981132056603
v2_anchor_support_rank__vth_low,6101,7101,11,11,6064.0,6314.0,1,0,0.5346652004194606,0.6191263514984009,0.5346652004194606,0.08446115107894026,0,,2,6177.609619140625,4,6184.455078125,3,6190.75244140625,False,,,"[33.3310546875, 49.3310546875, 67.3310546875]",8.070125921383117e-05,3.052214240904516e-08,UNIQUE_OVERLAPPING_PHYSICAL_EVENT,1,23,True,104,43.4,72.0,1,7.615773105863909
v2_anchor_support_rank__vth_low,6101,7101,12,12,6454.0,6704.0,0,1,0.2849128473804626,0.2849128473804626,0.46551207352238455,-0.18059922614192198,0,,2,6579.081298828125,4,6575.01904296875,3,6591.22509765625,True,,,"[-1.33447265625, 14.66552734375, 32.66552734375]",0.0003167740474126548,1.2185410853971254e-14,NOT_ESTIMABLE_NO_OVERLAPPING_PHYSICAL_EVENT,0,,False,0,,,,
v2_anchor_support_rank__vth_low,6101,7101,13,13,6972.0,7222.0,0,1,0.4215354439531267,0.4215354439531267,0.6271034642501327,-0.20556802029700605,4,7076.70849609375,2,7075.56787109375,2,7124.997314453125,3,7095.96875,False,False,False,"[0.212890625, 14.212890625, 52.212890625]",4.975342128740686e-05,7.796321406186377e-22,UNIQUE_OVERLAPPING_PHYSICAL_EVENT,1,24,True,87,61.600000000000016,146.0,1,5.830951894845301
v2_anchor_support_rank__vth_low,6101,7101,14,14,7300.0,7550.0,0,1,0.28958912910873574,0.28958912910873574,0.4561569924952492,-0.16656786338651347,0,,2,7402.34619140625,4,7438.204833984375,1,7405.34130859375,False,,,"[2.04833984375, 18.04833984375, 38.04833984375]",0.0001185938265058602,2.357735929486917e-19,UNIQUE_OVERLAPPING_PHYSICAL_EVENT,1,25,True,141,68.0,110.0,1,8.602325267042627
v2_anchor_support_rank__vth_low,6101,7101,15,15,7562.0,7812.0,0,0,0.6841409485404037,0.6841409485404037,0.8193390627227123,-0.13519811418230854,4,7639.218505859375,2,7678.2080078125,4,7702.65478515625,3,7728.22021484375,False,False,False,"[15.37939453125, 67.37939453125, 105.37939453125]",2.9331579198225017e-06,0.00015414640020766643,UNIQUE_OVERLAPPING_PHYSICAL_EVENT,1,26,True,157,60.0,110.0,1,9.055385138137417
v2_anchor_support_rank__vth_low,6101,7101,16,16,7830.0,8080.0,1,1,0.4367289809224168,0.4557561325298116,0.4367289809224168,0.01902715160739482,4,7924.31689453125,2,7956.374267578125,0,,1,7980.75390625,,False,False,"[0.14404296875, 22.14404296875, 46.14404296875]",0.00038780330411362744,2.082844049927068e-07,NOT_ESTIMABLE_NO_OVERLAPPING_PHYSICAL_EVENT,0,,False,0,,,,
v2_anchor_support_rank__vth_low,6101,7101,17,17,9990.0,10240.0,0,0,0.5463408444265659,0.5463408444265659,0.8485929820058283,-0.3022521375792624,1,10180.12890625,2,10092.54443359375,2,10130.07763671875,3,10144.7607421875,False,True,False,"[1.2890625, 51.2890625, 69.2890625]",1.916656029701141e-05,0.0,UNIQUE_OVERLAPPING_PHYSICAL_EVENT,1,34,True,132,39.8,84.0,1,8.54400374531753
v2_anchor_support_rank__vth_low,6101,7101,18,20,11088.0,11338.0,0,1,0.4347555496223972,0.4347555496223972,0.4855863613769394,-0.05083081175454218,4,11181.53857421875,2,11215.09765625,4,11210.515625,3,11235.6513671875,True,False,False,"[-1.4541015625, 32.5458984375, 58.5458984375]",0.00037093453869998215,3.872966860823215e-23,NOT_ESTIMABLE_NO_OVERLAPPING_PHYSICAL_EVENT,0,,False,0,,,,
v2_anchor_support_rank__vth_low,6101,7101,19,25,13290.0,13540.0,1,1,0.3725662077551756,0.38554388958770425,0.3725662077551756,0.01297768183252862,0,,2,13421.6083984375,3,13397.9287109375,1,13447.0107421875,True,,,"[5.4853515625, 21.4853515625, 45.4853515625]",0.00023876192995987743,0.0,NOT_ESTIMABLE_NO_OVERLAPPING_PHYSICAL_EVENT,0,,False,0,,,,
v2_anchor_support_rank__vth_low,6101,7101,20,26,13590.0,13840.0,1,1,0.18372644578534778,0.5025083960862834,0.18372644578534778,0.3187819503009356,4,13717.6171875,2,13746.4306640625,4,13712.4111328125,3,13696.0576171875,False,False,True,"[5.9580078125, 25.9580078125, 49.9580078125]",0.0004487129468500776,6.007568855975309e-06,NOT_ESTIMABLE_NO_OVERLAPPING_PHYSICAL_EVENT,0,,False,0,,,,
v2_anchor_support_rank__vth_low,6101,7101,21,27,13872.0,14122.0,0,0,0.8440555401356891,0.8440555401356891,1.0705569426789752,-0.2265014025432861,3,13977.5654296875,2,14027.5400390625,1,14004.0126953125,3,14114.59375,True,False,False,"[8.4189453125, 48.4189453125, 144.4189453125]",1.8126889589514048e-05,0.14798244082633463,UNIQUE_OVERLAPPING_PHYSICAL_EVENT,1,43,True,87,36.80000000000001,94.0,3,8.246211251235321
v2_anchor_support_rank__vth_low,6101,7101,22,28,14664.0,14914.0,0,0,0.8800490058250183,0.8800490058250183,1.1469681317943157,-0.26691912596929734,4,14895.71630859375,2,14781.81396484375,4,14788.26025390625,2,14798.80029296875,False,True,False,"[3.021484375, 21.021484375, 123.021484375]",0.0001617819445443768,0.07799324800892407,AMBIGUOUS_OVERLAP_CHOSEN_MAXIMUM_FOR_DESCRIPTION,2,45,True,84,38.800000000000004,82.0,1,7.615773105863909
v2_anchor_support_rank__vth_low,6101,7101,23,29,15002.0,15252.0,1,1,0.30435117033119957,0.6733549119610073,0.30435117033119957,0.3690037416298077,0,,2,15160.60546875,4,15120.97314453125,3,15095.26953125,False,,,"[4.4892578125, 40.4892578125, 72.4892578125]",0.00021516787118075142,4.8602562548110545e-09,NOT_ESTIMABLE_NO_OVERLAPPING_PHYSICAL_EVENT,0,,False,0,,,,
v2_anchor_support_rank__vth_low,6101,7101,24,30,15300.0,15550.0,0,0,0.8050562911542671,0.8050562911542671,0.882521975210427,-0.07746568405615983,4,15357.42333984375,1,15406.154296875,4,15438.62158203125,3,15463.0517578125,False,False,False,"[-1.5615234375, 66.4384765625, 102.4384765625]",0.00011181261219994638,1.0763577746676145e-06,UNIQUE_OVERLAPPING_PHYSICAL_EVENT,1,47,True,148,66.0,142.0,1,9.433981132056603
v2_anchor_support_rank__vth_low,6101,7101,25,31,15564.0,15814.0,0,1,0.34619620678998037,0.34619620678998037,0.519781893430078,-0.1735856866400976,1,15687.9111328125,0,,4,15682.07666015625,3,15709.521484375,,,,"[5.33984375, 27.33984375, 43.33984375]",6.689409334775193e-05,0.0,NOT_ESTIMABLE_NO_OVERLAPPING_PHYSICAL_EVENT,0,,False,0,,,,
v2_anchor_support_rank__vth_low,6101,7101,26,32,15846.0,16096.0,1,1,0.3867624396124871,0.39166415192199194,0.3867624396124871,0.004901712309504869,2,15939.20458984375,2,15982.09765625,3,15959.9736328125,3,15981.185546875,True,False,False,"[4.7109375, 32.7109375, 48.7109375]",7.192045113851045e-05,6.50970739390281e-07,NOT_ESTIMABLE_NO_OVERLAPPING_PHYSICAL_EVENT,0,,False,0,,,,
v2_anchor_support_rank__vth_low,6101,7101,27,33,16522.0,16772.0,1,1,0.3438507845992978,0.4355029049518869,0.3438507845992978,0.09165212035258913,0,,2,16662.66015625,3,16647.49609375,3,16633.453125,False,,,"[-2.078125, 19.921875, 35.921875]",0.0005409346215592465,8.881649314096014e-17,NOT_ESTIMABLE_NO_OVERLAPPING_PHYSICAL_EVENT,0,,False,0,,,,
v2_anchor_support_rank__vth_low,6101,7101,28,34,17012.0,17262.0,1,1,0.4122301361974913,0.4787073135857642,0.4122301361974913,0.06647717738827286,4,17126.44140625,2,17137.6630859375,3,17144.876953125,0,,,,,"[1.935546875, 21.935546875, 41.935546875]",0.00038984293865735567,9.22078749784991e-11,NOT_ESTIMABLE_NO_OVERLAPPING_PHYSICAL_EVENT,0,,False,0,,,,
v2_anchor_support_rank__vth_low,6101,7101,29,35,17488.0,17738.0,0,1,0.5118549930555882,0.5118549930555882,0.8165515698069294,-0.3046965767513412,3,17677.552734375,2,17603.1953125,4,17608.5615234375,3,17631.5625,False,True,False,"[-1.13671875, 14.86328125, 86.86328125]",0.00010731995541265794,8.708137345755472e-22,UNIQUE_OVERLAPPING_PHYSICAL_EVENT,1,50,True,157,54.8,122.0,1,10.44030650891055
v2_anchor_support_rank__vth_low,6101,7101,30,36,17764.0,18014.0,0,1,0.3785313131099136,0.3785313131099136,0.6365439451889416,-0.258012632079028,2,17874.4677734375,2,17865.05078125,4,17898.8681640625,3,17924.9140625,False,True,False,"[2.09375, 30.09375, 66.09375]",5.0280573346401e-05,7.829314358607419e-10,NOT_ESTIMABLE_NO_OVERLAPPING_PHYSICAL_EVENT,0,,False,0,,,,
v2_anchor_support_rank__vth_low,6101,7101,31,37,18504.0,18754.0,1,1,0.3468967988759052,0.3565465055805972,0.3468967988759052,0.009649706704692007,4,18630.0478515625,2,18639.7490234375,2,18615.2412109375,0,,,,,"[4.181640625, 18.181640625, 30.181640625]",0.0003790083279161306,1.2919594088112303e-33,NOT_ESTIMABLE_NO_OVERLAPPING_PHYSICAL_EVENT,0,,False,0,,,,
v2_anchor_support_rank__vth_low,6101,7101,32,41,21714.0,21964.0,1,1,0.24772974190419278,0.41462159843083163,0.24772974190419278,0.16689185652663885,4,21842.56640625,2,21856.9150390625,4,21821.244140625,3,21829.30859375,True,False,True,"[9.783203125, 25.783203125, 41.783203125]",0.000697506971348604,3.4626517452282226e-43,NOT_ESTIMABLE_NO_OVERLAPPING_PHYSICAL_EVENT,0,,False,0,,,,
v2_anchor_support_rank__vth_low,6101,7101,33,42,22526.0,22776.0,1,1,0.2978788181797841,0.5028764126112526,0.2978788181797841,0.20499759443146848,0,,2,22674.8359375,3,22650.6640625,3,22633.658203125,False,,,"[0.4140625, 20.4140625, 44.4140625]",0.00027590641936905475,3.6909817816057945e-18,UNIQUE_OVERLAPPING_PHYSICAL_EVENT,1,63,True,104,37.4,64.0,1,7.615773105863909
v2_anchor_support_rank__vth_low,6101,7101,34,43,22784.0,23034.0,0,-1,0.991767971432935,0.991767971432935,1.17354468563683,-0.18177671420389485,4,23021.33203125,2,22927.2978515625,2,22901.34765625,3,22902.36328125,False,False,False,"[8.66796875, 32.66796875, 134.66796875]",5.924395859442448e-06,0.14659727506155387,UNIQUE_OVERLAPPING_PHYSICAL_EVENT,1,63,True,104,37.4,64.0,1,7.615773105863909
v2_anchor_support_rank__vth_low,6101,7101,35,44,23310.0,23560.0,1,1,0.2644775728474992,0.4720225377621273,0.2644775728474992,0.20754496491462815,0,,2,23454.642578125,4,23426.0576171875,3,23429.80078125,True,,,"[-3.31640625, 10.68359375, 34.68359375]",0.0012074034942312357,4.1858144746195133e-13,UNIQUE_OVERLAPPING_PHYSICAL_EVENT,1,65,True,116,43.0,104.0,1,8.06225774829855
v2_anchor_support_rank__vth_low,6101,7102,0,2,1066.0,1316.0,1,1,0.41399389125025393,0.44853040749195044,0.41399389125025393,0.03453651624169651,3,1167.2884521484375,2,1208.3765869140625,3,1185.2626953125,2,1202.93359375,True,False,True,"[9.8909912109375, 33.8909912109375, 49.8909912109375]",4.828629068122908e-05,4.7768136113510984e-12,AMBIGUOUS_OVERLAP_CHOSEN_MAXIMUM_FOR_DESCRIPTION,3,6,True,111,56.0,86.0,1,7.280109889280518
v2_anchor_support_rank__vth_low,6101,7102,1,3,1858.0,2108.0,0,0,0.762338415578159,0.762338415578159,0.7837383165586855,-0.021399900980526576,4,1908.9143676757812,2,1966.0433349609375,4,1986.0204467773438,3,1990.110595703125,False,False,False,"[1.0335693359375, 75.0335693359375, 93.0335693359375]",0.0005270382875061787,3.3791391735770997e-06,AMBIGUOUS_OVERLAP_CHOSEN_MAXIMUM_FOR_DESCRIPTION,2,8,True,178,54.0,118.0,1,8.94427190999916
v2_anchor_support_rank__vth_low,6101,7102,2,6,2940.0,3190.0,1,0,0.5352645387515267,0.804256653411751,0.5352645387515267,0.2689921146602243,2,2984.431396484375,2,3077.3345947265625,4,3045.457275390625,0,,,,,"[6.783203125, 72.783203125, 94.783203125]",0.0006008928583768467,2.1946841593321995e-05,UNIQUE_OVERLAPPING_PHYSICAL_EVENT,1,12,True,153,34.0,80.0,1,8.94427190999916
v2_anchor_support_rank__vth_low,6101,7102,3,7,3416.0,3666.0,1,1,0.27558353077786296,0.47474597573246113,0.27558353077786296,0.19916244495459817,0,,2,3564.008544921875,4,3531.62353515625,3,3534.739501953125,True,,,"[-0.4296875, 13.5703125, 37.5703125]",3.766925643981738e-05,1.834806689563273e-23,NOT_ESTIMABLE_NO_OVERLAPPING_PHYSICAL_EVENT,0,,False,0,,,,
v2_anchor_support_rank__vth_low,6101,7102,4,8,3712.0,3962.0,0,0,0.5191664012393052,0.5191664012393052,0.6066183941818875,-0.08745199294258221,4,3882.99169921875,2,3842.638916015625,3,3818.42578125,2,3836.308837890625,True,False,False,"[3.7548828125, 29.7548828125, 75.7548828125]",9.990740099593554e-05,3.623833215513595e-09,UNIQUE_OVERLAPPING_PHYSICAL_EVENT,1,13,True,174,36.0,104.0,1,8.602325267042627
v2_anchor_support_rank__vth_low,6101,7102,5,9,4270.0,4520.0,1,1,0.33755781666327345,0.5515094986001999,0.33755781666327345,0.21395168193692649,3,4410.05810546875,2,4417.8603515625,4,4382.785888671875,3,4368.02978515625,False,False,True,"[-1.74853515625, 18.25146484375, 50.25146484375]",0.000661908891332895,1.306771038126556e-13,UNIQUE_OVERLAPPING_PHYSICAL_EVENT,1,14,True,97,48.80000000000001,90.0,1,8.246211251235321
v2_anchor_support_rank__vth_low,6101,7102,6,10,5200.0,5450.0,0,1,0.32892750149300354,0.32892750149300354,0.6041221571246137,-0.27519465563161016,0,,2,5313.1806640625,4,5325.69189453125,3,5351.84326171875,False,,,"[-3.33154296875, 12.66845703125, 46.66845703125]",0.00021397275672539094,2.0547153037252888e-38,UNIQUE_OVERLAPPING_PHYSICAL_EVENT,1,20,True,177,62.8,116.0,1,10.63014581273465
v2_anchor_support_rank__vth_low,6101,7102,7,11,5780.0,6030.0,0,1,0.37824579923520674,0.37824579923520674,0.5542520428471946,-0.1760062436119879,2,5912.680419921875,0,,4,5894.688720703125,3,5919.0791015625,,,,"[7.4521484375, 25.4521484375, 41.4521484375]",0.00012208497308559897,1.1254873451956715e-09,UNIQUE_OVERLAPPING_PHYSICAL_EVENT,1,23,True,79,40.4,80.0,1,8.06225774829855
v2_anchor_support_rank__vth_low,6101,7102,8,12,6058.0,6308.0,0,0,0.6575281380727327,0.6575281380727327,0.8517326026666705,-0.1942044645939378,3,6148.0693359375,2,6186.7353515625,3,6220.9990234375,3,6242.2685546875,False,False,False,"[14.2685546875, 76.2685546875, 106.2685546875]",0.0002373581609968729,0.00010762187780498876,UNIQUE_OVERLAPPING_PHYSICAL_EVENT,1,24,True,120,72.40000000000002,122.0,1,10.198039027185569
v2_anchor_support_rank__vth_low,6101,7102,9,13,6906.0,7156.0,1,-1,1.5449194084121074,1.756098219327533,1.5449194084121074,0.21117881091542556,3,7135.248046875,2,7030.23095703125,4,7023.098388671875,3,7026.90625,True,False,False,"[103.7705078125, 119.7705078125, 147.7705078125]",0.025134122390066294,0.003479039528452317,UNIQUE_OVERLAPPING_PHYSICAL_EVENT,1,28,True,122,40.0,84.0,1,7.615773105863909
v2_anchor_support_rank__vth_low,6101,7102,10,14,7164.0,7414.0,1,-1,0.8640940017806933,0.7902009731563062,0.8640940017806933,-0.07389302862438707,3,7394.37890625,2,7318.780029296875,4,7285.8271484375,3,7274.07958984375,False,False,False,"[9.64990234375, 33.64990234375, 123.64990234375]",1.1712781303557163e-06,0.03186689682825909,AMBIGUOUS_OVERLAP_CHOSEN_MAXIMUM_FOR_DESCRIPTION,3,29,True,147,52.0,128.0,1,8.54400374531753
v2_anchor_support_rank__vth_low,6101,7102,11,15,7658.0,7908.0,1,0,0.5158278693906018,0.6320702923899433,0.5158278693906018,0.11624242299934151,3,7760.5205078125,2,7800.513427734375,3,7783.58056640625,1,7850.390625,True,False,False,"[9.7255859375, 37.7255859375, 53.7255859375]",0.001210538133493789,1.3097329706124479e-08,NOT_ESTIMABLE_NO_OVERLAPPING_PHYSICAL_EVENT,0,,False,0,,,,
v2_anchor_support_rank__vth_low,6101,7102,12,16,8416.0,8666.0,1,1,0.2868506734944982,0.5204951152831725,0.2868506734944982,0.23364444178867427,2,8534.138671875,1,8568.435546875,4,8544.03369140625,3,8520.8564453125,False,False,True,"[-0.3984375, 19.6015625, 47.6015625]",1.1848899303306874e-06,4.146498534744771e-21,NOT_ESTIMABLE_NO_OVERLAPPING_PHYSICAL_EVENT,0,,False,0,,,,
v2_anchor_support_rank__vth_low,6101,7102,13,17,8714.0,8964.0,1,-1,0.730094018706901,0.7527999934764511,0.730094018706901,0.022705974769550052,4,8887.2607421875,2,8853.27490234375,3,8816.328125,3,8800.3515625,False,False,False,"[4.3828125, 82.3828125, 96.3828125]",5.1221836301603906e-05,0.0,UNIQUE_OVERLAPPING_PHYSICAL_EVENT,1,35,True,108,60.0,122.0,1,6.4031242374328485
v2_anchor_support_rank__vth_low,6101,7102,14,18,9400.0,9650.0,1,-1,0.8885106863866505,1.2673484253640843,0.8885106863866505,0.3788377389774338,4,9412.74072265625,2,9536.6259765625,2,9511.82861328125,2,9526.642578125,True,False,True,"[6.0654296875, 114.0654296875, 134.0654296875]",0.09146782789527226,0.00027371125177690135,AMBIGUOUS_OVERLAP_CHOSEN_MAXIMUM_FOR_DESCRIPTION,2,39,True,109,40.0,104.0,1,8.06225774829855
v2_anchor_support_rank__vth_low,6101,7102,15,19,10098.0,10348.0,0,1,0.3183267304050378,0.3183267304050378,0.4298245293929536,-0.11149779898791584,3,10201.265625,2,10226.73046875,4,10224.2373046875,3,10248.8388671875,True,False,False,"[4.53515625, 24.53515625, 48.53515625]",0.00010636400783620635,9.722951953122003e-15,AMBIGUOUS_OVERLAP_CHOSEN_MAXIMUM_FOR_DESCRIPTION,2,41,True,113,39.19999999999999,76.0,1,8.246211251235321
v2_anchor_support_rank__vth_low,6101,7102,16,22,11256.0,11506.0,1,1,0.3912098436379304,0.49092882432235563,0.3912098436379304,0.09971898068442525,1,11388.705078125,2,11401.97265625,2,11360.494140625,3,11363.8193359375,True,False,True,"[-3.05859375, 8.94140625, 42.94140625]",3.536884033458504e-06,0.0,NOT_ESTIMABLE_NO_OVERLAPPING_PHYSICAL_EVENT,0,,False,0,,,,
v2_anchor_support_rank__vth_low,6101,7102,17,23,11628.0,11878.0,1,0,0.5985801970393874,0.7538128591882768,0.5985801970393874,0.15523266214888942,4,11717.52685546875,1,11777.845703125,3,11775.2001953125,0,,,,,"[2.6865234375, 56.6865234375, 84.6865234375]",0.00042702874955702943,1.0559910221565184e-05,UNIQUE_OVERLAPPING_PHYSICAL_EVENT,1,43,True,76,40.0,70.0,1,6.324555320336759
v2_anchor_support_rank__vth_low,6101,7102,18,24,12370.0,12620.0,0,1,0.348323258852678,0.348323258852678,0.3583857313436766,-0.010062472490998564,4,12513.46728515625,2,12498.7919921875,4,12475.3837890625,3,12494.8330078125,True,False,False,"[0.7119140625, 20.7119140625, 44.7119140625]",4.206229019039729e-09,6.44966957642052e-30,NOT_ESTIMABLE_NO_OVERLAPPING_PHYSICAL_EVENT,0,,False,0,,,,
v2_anchor_support_rank__vth_low,6101,7102,19,25,12766.0,13016.0,1,-1,0.7133842935981797,0.7946488358877986,0.7133842935981797,0.08126454228961888,4,12894.1005859375,2,12895.75927734375,4,12881.65087890625,3,12894.087890625,True,False,False,"[-55.5048828125, 62.4951171875, 176.4951171875]",0.12028111574292848,0.09323341752291248,AMBIGUOUS_OVERLAP_CHOSEN_MAXIMUM_FOR_DESCRIPTION,3,47,True,136,38.0,80.0,1,8.94427190999916
v2_anchor_support_rank__vth_low,6101,7102,20,26,13368.0,13618.0,0,1,0.4673470445719238,0.4673470445719238,0.7093189714596566,-0.24197192688773284,4,13534.3740234375,2,13472.24658203125,4,13485.86474609375,3,13508.4189453125,False,True,False,"[1.8212890625, 15.8212890625, 73.8212890625]",8.111891665927093e-06,3.396704328802938e-10,AMBIGUOUS_OVERLAP_CHOSEN_MAXIMUM_FOR_DESCRIPTION,2,49,True,119,48.800000000000004,98.0,1,7.810249675906654
v2_anchor_support_rank__vth_low,6101,7102,21,27,13740.0,13990.0,1,-1,0.7141145334045808,0.7552088246797182,0.7141145334045808,0.04109429127513742,4,13804.0322265625,1,13855.5986328125,4,13884.0224609375,3,13863.5849609375,False,False,False,"[-0.0732421875, 61.9267578125, 87.9267578125]",0.0002476815755252981,1.8537554313332884e-05,UNIQUE_OVERLAPPING_PHYSICAL_EVENT,1,51,True,159,52.0,100.0,1,9.848857801796104
v2_anchor_support_rank__vth_low,6101,7102,22,28,14044.0,14294.0,1,0,0.5100813347009379,0.5624430763771122,0.5100813347009379,0.052361741676174356,4,14214.50439453125,2,14187.74560546875,4,14153.546875,3,14160.775390625,True,False,False,"[-0.0751953125, 17.9248046875, 65.9248046875]",7.308465919218594e-05,0.0,NOT_ESTIMABLE_NO_OVERLAPPING_PHYSICAL_EVENT,0,,False,0,,,,
v2_anchor_support_rank__vth_low,6101,7102,23,29,14368.0,14618.0,0,1,0.32115538902051977,0.32115538902051977,0.7557633182665253,-0.43460792924600555,4,14506.68505859375,2,14455.90625,4,14484.34375,3,14509.7392578125,False,True,False,"[5.306640625, 35.306640625, 59.306640625]",0.0002275179352054967,3.818196258510503e-08,NOT_ESTIMABLE_NO_OVERLAPPING_PHYSICAL_EVENT,0,,False,0,,,,
v2_anchor_support_rank__vth_low,6101,7102,24,30,14640.0,14890.0,0,1,0.5012913929397099,0.5012913929397099,0.5042839708864031,-0.0029925779466931646,4,14801.70703125,2,14783.755859375,4,14764.51513671875,2,14772.19921875,True,False,False,"[-60.8583984375, 9.1416015625, 103.1416015625]",0.00011733481366394045,0.018186077863257367,UNIQUE_OVERLAPPING_PHYSICAL_EVENT,1,52,True,140,60.0,110.0,1,9.219544457292887
v2_anchor_support_rank__vth_low,6101,7102,25,31,14966.0,15216.0,0,1,0.3836877711215526,0.3836877711215526,0.8004912034946143,-0.4168034323730617,3,15114.3466796875,2,15055.412109375,4,15085.009765625,3,15110.6591796875,False,True,False,"[0.5654296875, 30.5654296875, 64.5654296875]",0.00011541585343797085,4.611239437020078e-16,UNIQUE_OVERLAPPING_PHYSICAL_EVENT,1,53,True,220,68.19999999999999,118.0,1,10.63014581273465
v2_anchor_support_rank__vth_low,6101,7102,26,32,15224.0,15474.0,1,1,0.28535496452956005,0.4284179862876008,0.28535496452956005,0.14306302175804075,0,,2,15369.99365234375,2,15342.626953125,2,15336.3662109375,False,,,"[3.2578125, 21.2578125, 39.2578125]",2.178511651996674e-08,6.793967473640612e-45,NOT_ESTIMABLE_NO_OVERLAPPING_PHYSICAL_EVENT,0,,False,0,,,,
v2_anchor_support_rank__vth_low,6101,7102,27,33,16188.0,16438.0,1,1,0.2653930564042394,0.5690328244614229,0.2653930564042394,0.3036397680571835,0,,2,16325.470703125,4,16310.98388671875,3,16287.1240234375,False,,,"[12.7587890625, 40.7587890625, 68.7587890625]",0.03324291157930024,0.0,AMBIGUOUS_OVERLAP_CHOSEN_MAXIMUM_FOR_DESCRIPTION,2,58,True,128,62.599999999999994,100.0,1,8.602325267042627
v2_anchor_support_rank__vth_low,6101,7102,28,34,16464.0,16714.0,0,1,0.47793418393669346,0.47793418393669346,0.5153113189160445,-0.03737713497935108,2,16555.88671875,1,16573.6328125,4,16586.0078125,3,16601.224609375,False,False,False,"[10.294921875, 38.294921875, 56.294921875]",5.069942086207577e-06,3.2754737152094374e-16,UNIQUE_OVERLAPPING_PHYSICAL_EVENT,1,59,True,157,38.0,78.0,1,10.44030650891055
v2_anchor_support_rank__vth_low,6101,7102,29,35,17280.0,17530.0,0,1,0.419210421620387,0.419210421620387,0.551106870551264,-0.13189644893087693,2,17423.001953125,0,,4,17393.4970703125,2,17415.2783203125,,,,"[1.814453125, 21.814453125, 41.814453125]",7.474175787418963e-06,1.3728495539253624e-07,NOT_ESTIMABLE_NO_OVERLAPPING_PHYSICAL_EVENT,0,,False,0,,,,
v2_anchor_support_rank__vth_low,6101,7102,30,36,17584.0,17834.0,1,0,0.6442853281822043,0.7691151891507726,0.6442853281822043,0.1248298609685683,4,17683.79296875,2,17738.8544921875,1,17716.779296875,1,17824.595703125,True,False,False,"[-0.505859375, 37.494140625, 65.494140625]",2.1869469195935566e-05,0.030357887690047953,UNIQUE_OVERLAPPING_PHYSICAL_EVENT,1,62,True,65,36.0,80.0,1,5.830951894845301
v2_anchor_support_rank__vth_low,6101,7102,31,37,17904.0,18154.0,1,0,0.5813325389116036,0.835812575558734,0.5813325389116036,0.25448003664713037,1,17963.0703125,2,18037.837890625,4,18034.279296875,2,18016.2421875,False,False,True,"[47.9296875, 75.9296875, 97.9296875]",2.3371797110139708e-05,1.0457928071905556e-06,NOT_ESTIMABLE_NO_OVERLAPPING_PHYSICAL_EVENT,0,,False,0,,,,
v2_anchor_support_rank__vth_low,6101,7102,32,38,18350.0,18600.0,0,0,0.5225823852935196,0.5225823852935196,0.6242241156250694,-0.10164173033154977,4,18447.2822265625,0,,4,18484.861328125,3,18508.8515625,,,,"[12.791015625, 48.791015625, 74.791015625]",0.00021714622587818512,2.654714185097886e-14,NOT_ESTIMABLE_NO_OVERLAPPING_PHYSICAL_EVENT,0,,False,0,,,,
v2_anchor_support_rank__vth_low,6101,7102,33,39,18994.0,19244.0,1,1,0.3911809716845209,0.4491193294143109,0.3911809716845209,0.05793835772979,2,19102.638671875,1,19111.197265625,4,19120.3583984375,0,,,,,"[10.123046875, 28.123046875, 44.123046875]",0.0004707340388256022,1.1506998322184555e-13,NOT_ESTIMABLE_NO_OVERLAPPING_PHYSICAL_EVENT,0,,False,0,,,,
v2_anchor_support_rank__vth_low,6101,7102,34,40,19630.0,19880.0,1,1,0.281150801543412,0.6141235475315856,0.281150801543412,0.3329727459881736,4,19723.5546875,2,19785.1669921875,4,19762.0458984375,2,19743.3642578125,False,False,True,"[0.3984375, 36.3984375, 62.3984375]",0.0005805325014932483,0.0,NOT_ESTIMABLE_NO_OVERLAPPING_PHYSICAL_EVENT,0,,False,0,,,,
v2_anchor_support_rank__vth_low,6101,7102,35,41,19998.0,20248.0,0,-1,1.0295945631736703,1.0295945631736703,1.0689277458632112,-0.03933318268954089,2,20004.830078125,2,20044.498046875,4,20123.76953125,3,20099.05859375,False,False,False,"[28.9765625, 94.9765625, 122.9765625]",0.063782437654654,9.665499485600213e-05,UNIQUE_OVERLAPPING_PHYSICAL_EVENT,1,64,True,200,62.399999999999984,98.0,1,10.0
v2_anchor_support_rank__vth_low,6101,7102,36,44,21244.0,21494.0,0,0,0.8632606117662567,0.8632606117662567,0.905541552200839,-0.042280940434582304,3,21460.330078125,2,21391.0419921875,4,21359.5849609375,1,21431.96484375,True,True,False,"[5.46484375, 25.46484375, 101.46484375]",1.517052027672352e-07,1.6809879691128815e-06,AMBIGUOUS_OVERLAP_CHOSEN_MAXIMUM_FOR_DESCRIPTION,3,68,True,132,38.0,118.0,1,9.219544457292887
v2_anchor_support_rank__vth_low,6101,7102,37,45,21720.0,21970.0,1,1,0.2695762541872707,0.43877749871338556,0.2695762541872707,0.16920124452611485,0,,2,21866.3134765625,4,21834.45703125,0,,,,,"[3.8828125, 23.8828125, 43.8828125]",0.00034854792834342394,7.630357074278206e-17,NOT_ESTIMABLE_NO_OVERLAPPING_PHYSICAL_EVENT,0,,False,0,,,,
v2_anchor_support_rank__vth_low,6101,7102,38,46,22036.0,22286.0,0,0,0.8600976871593552,0.8600976871593552,0.9451407649780682,-0.08504307781871301,4,22246.6923828125,2,22178.8076171875,4,22150.0400390625,0,,,,,"[9.3828125, 35.3828125, 109.3828125]",0.013175808585930518,1.2314704089794176e-05,UNIQUE_OVERLAPPING_PHYSICAL_EVENT,1,70,True,125,55.2,108.0,1,8.54400374531753
v2_anchor_support_rank__vth_low,6101,7102,39,47,22388.0,22638.0,0,0,0.7436433489370643,0.7436433489370643,1.1340270067197111,-0.39038365778264683,4,22609.8232421875,2,22507.783203125,4,22510.548828125,3,22535.599609375,False,True,False,"[-0.083984375, 19.916015625, 117.916015625]",3.7386380271577252e-06,0.016201086870273947,AMBIGUOUS_OVERLAP_CHOSEN_MAXIMUM_FOR_DESCRIPTION,3,72,True,173,52.0,148.0,1,10.295630140987
v2_anchor_support_rank__vth_low,6101,7102,40,48,23058.0,23308.0,0,0,0.6855041175776775,0.6855041175776775,0.8959858154120909,-0.2104816978344134,4,23254.6572265625,2,23182.4970703125,3,23162.17578125,3,23186.263671875,True,True,False,"[4.546875, 28.546875, 100.546875]",0.00042394252610795425,7.58712563756479e-10,AMBIGUOUS_OVERLAP_CHOSEN_MAXIMUM_FOR_DESCRIPTION,2,77,True,144,46.0,118.0,1,8.94427190999916
v2_anchor_support_rank__vth_low,6102,7101,0,0,736.0,986.0,0,0,0.741021472713185,0.741021472713185,0.968091786008511,-0.227070313295326,4,938.1854858398438,2,866.6324157714844,4,848.2892761230469,3,871.6509399414062,True,True,False,"[4.0819091796875, 24.0819091796875, 102.0819091796875]",5.352348335081992e-05,0.005787211494913419,UNIQUE_OVERLAPPING_PHYSICAL_EVENT,1,2,True,151,46.0,100.0,1,9.219544457292887
v2_anchor_support_rank__vth_low,6102,7101,1,1,1544.0,1794.0,0,0,0.7790981471752693,0.7790981471752693,0.978037677481623,-0.1989395303063537,3,1778.728271484375,2,1680.019775390625,2,1663.9984741210938,2,1679.2288818359375,True,False,False,"[5.1553955078125, 21.1553955078125, 121.1553955078125]",2.5255485153697857e-11,0.0715191761311515,UNIQUE_OVERLAPPING_PHYSICAL_EVENT,1,6,True,76,25.0,74.0,1,6.324555320336759
v2_anchor_support_rank__vth_low,6102,7101,2,2,1840.0,2090.0,1,1,0.36982257949557,0.47776437053377324,0.36982257949557,0.10794179103820323,0,,2,1971.2623901367188,4,1972.3983764648438,3,1948.1463623046875,False,,,"[-1.0665283203125, 20.9334716796875, 40.9334716796875]",6.302341773257193e-05,1.0646447090497886e-24,NOT_ESTIMABLE_NO_OVERLAPPING_PHYSICAL_EVENT,0,,False,0,,,,
v2_anchor_support_rank__vth_low,6102,7101,3,3,2566.0,2816.0,1,1,0.38342914166021164,0.41469286903559255,0.38342914166021164,0.03126372737538091,1,2713.663330078125,0,,4,2697.23779296875,3,2679.696044921875,,,,"[-1.360595703125, 14.639404296875, 28.639404296875]",0.000697156010350761,7.301531182213843e-24,NOT_ESTIMABLE_NO_OVERLAPPING_PHYSICAL_EVENT,0,,False,0,,,,
v2_anchor_support_rank__vth_low,6102,7101,4,4,2832.0,3082.0,1,1,0.4098790434605551,0.7790076477853647,0.4098790434605551,0.3691286043248096,3,2906.684326171875,2,2998.51513671875,4,2964.458251953125,3,2940.63525390625,False,False,True,"[16.072265625, 62.072265625, 98.072265625]",2.6714555164337744e-12,1.2683889468373093e-12,AMBIGUOUS_OVERLAP_CHOSEN_MAXIMUM_FOR_DESCRIPTION,2,10,True,150,60.39999999999999,106.0,1,8.602325267042627
v2_anchor_support_rank__vth_low,6102,7101,5,5,3228.0,3478.0,0,0,0.6732814803416252,0.6732814803416252,0.7296890692570931,-0.05640758891546793,2,3283.170654296875,2,3353.96142578125,4,3351.097900390625,3,3375.210205078125,True,False,False,"[54.29931640625, 72.29931640625, 96.29931640625]",0.00016662666240109569,0.0004246151956723946,AMBIGUOUS_OVERLAP_CHOSEN_MAXIMUM_FOR_DESCRIPTION,2,12,True,151,50.0,116.0,1,9.848857801796104
v2_anchor_support_rank__vth_low,6102,7101,6,6,3638.0,3888.0,1,1,0.36844915658795496,0.5614747471496304,0.36844915658795496,0.19302559056167545,1,3797.719482421875,2,3790.8603515625,4,3755.854736328125,3,3741.23046875,False,False,False,"[0.966552734375, 22.966552734375, 54.966552734375]",8.594410046203977e-05,0.0,UNIQUE_OVERLAPPING_PHYSICAL_EVENT,1,14,True,125,56.0,124.0,1,8.06225774829855
v2_anchor_support_rank__vth_low,6102,7101,7,7,4826.0,5076.0,1,1,0.262944712306846,0.58631560608646,0.262944712306846,0.32337089377961403,0,,2,4984.741943359375,4,4945.65380859375,3,4928.4716796875,False,,,"[-2.7431640625, 17.2568359375, 59.2568359375]",0.0007806616880294498,0.0,NOT_ESTIMABLE_NO_OVERLAPPING_PHYSICAL_EVENT,0,,False,0,,,,
v2_anchor_support_rank__vth_low,6102,7101,8,8,5118.0,5368.0,0,0,0.5595694006254528,0.5595694006254528,0.5058217616472757,0.05374763897817714,3,5217.5478515625,2,5270.0625,0,,3,5273.28369140625,,False,False,"[6.69873046875, 56.69873046875, 68.69873046875]",0.00035744366652072683,1.7389398553730748e-12,UNIQUE_OVERLAPPING_PHYSICAL_EVENT,1,17,True,176,58.0,120.0,1,10.295630140987
v2_anchor_support_rank__vth_low,6102,7101,9,11,5822.0,6072.0,1,1,0.3026714192355814,0.42956424920224245,0.3026714192355814,0.12689282996666107,0,,2,5935.72607421875,4,5939.204345703125,2,5921.594970703125,False,,,"[-1.5107421875, 26.4892578125, 56.4892578125]",0.05407621601871546,9.157875232783714e-09,AMBIGUOUS_OVERLAP_CHOSEN_MAXIMUM_FOR_DESCRIPTION,4,19,True,149,60.80000000000003,100.0,1,8.602325267042627
v2_anchor_support_rank__vth_low,6102,7101,10,12,6182.0,6432.0,1,1,0.43848662314950576,0.6500209040968553,0.43848662314950576,0.21153428094734955,4,6323.266357421875,2,6325.48046875,4,6290.746337890625,3,6267.02587890625,False,False,True,"[5.19921875, 43.19921875, 67.19921875]",0.00014880536600507446,5.762509438768655e-14,NOT_ESTIMABLE_NO_OVERLAPPING_PHYSICAL_EVENT,0,,False,0,,,,
v2_anchor_support_rank__vth_low,6102,7101,11,16,7268.0,7518.0,0,1,0.33975281607845975,0.33975281607845975,0.5213202011224831,-0.18156738504402337,1,7372.41748046875,2,7385.871826171875,4,7393.97216796875,3,7420.23193359375,False,False,False,"[6.58251953125, 20.58251953125, 48.58251953125]",8.788054206789176e-05,5.276900769492473e-13,UNIQUE_OVERLAPPING_PHYSICAL_EVENT,1,23,True,97,42.0,80.0,1,7.615773105863909
v2_anchor_support_rank__vth_low,6102,7101,12,19,8184.0,8434.0,0,-1,0.9614178127663028,0.9614178127663028,1.08534046722299,-0.12392265445668726,1,8207.2568359375,1,8207.677734375,4,8311.62841796875,3,8318.5654296875,False,False,False,"[85.7431640625, 105.7431640625, 117.7431640625]",0.0005400169642727875,1.0614944947790065e-05,UNIQUE_OVERLAPPING_PHYSICAL_EVENT,1,25,True,126,41.0,86.0,1,8.602325267042627
v2_anchor_support_rank__vth_low,6102,7101,13,20,9188.0,9438.0,1,1,0.3670731804970323,0.4297808828959176,0.3670731804970323,0.06270770239888529,1,9334.990234375,2,9326.88818359375,2,9310.26806640625,3,9306.166015625,False,False,False,"[2.7861328125, 18.7861328125, 36.7861328125]",0.00039745545021831647,0.0,NOT_ESTIMABLE_NO_OVERLAPPING_PHYSICAL_EVENT,0,,False,0,,,,
v2_anchor_support_rank__vth_low,6102,7101,14,21,9806.0,10056.0,0,1,0.35153798141401527,0.35153798141401527,0.543093640140563,-0.19155565872654778,4,9935.5810546875,1,9918.9423828125,4,9917.9169921875,3,9941.384765625,False,True,False,"[3.7421875, 25.7421875, 43.7421875]",0.0007964436751587121,1.3924713685411454e-11,NOT_ESTIMABLE_NO_OVERLAPPING_PHYSICAL_EVENT,0,,False,0,,,,
v2_anchor_support_rank__vth_low,6102,7101,15,22,10078.0,10328.0,1,1,0.3769548787116597,0.34882696993289375,0.3769548787116597,-0.028127908778765975,3,10210.72265625,1,10221.4033203125,2,10199.65966796875,3,10190.7958984375,False,False,True,"[-2.4345703125, 11.5654296875, 29.5654296875]",7.288639019231473e-10,2.4762281036654257e-36,NOT_ESTIMABLE_NO_OVERLAPPING_PHYSICAL_EVENT,0,,False,0,,,,
v2_anchor_support_rank__vth_low,6102,7101,16,23,10342.0,10592.0,1,1,0.35178381544393894,0.42015638095362523,0.35178381544393894,0.06837256550968629,0,,2,10475.96484375,4,10473.16455078125,3,10449.390625,False,,,"[-2.7060546875, 17.2939453125, 35.2939453125]",5.770388645844123e-06,0.0,UNIQUE_OVERLAPPING_PHYSICAL_EVENT,1,29,True,111,48.0,100.0,1,8.54400374531753
v2_anchor_support_rank__vth_low,6102,7101,17,24,10592.0,10842.0,1,0,0.5124915430061912,0.6369559291995446,0.5124915430061912,0.12446438619335343,4,10746.3916015625,2,10731.76416015625,4,10698.8935546875,2,10681.8623046875,False,False,False,"[10.7890625, 42.7890625, 70.7890625]",0.0,1.957193596488496e-10,NOT_ESTIMABLE_NO_OVERLAPPING_PHYSICAL_EVENT,0,,False,0,,,,
v2_anchor_support_rank__vth_low,6102,7101,18,25,10862.0,11112.0,1,0,0.4722706502318924,0.5253113954082371,0.4722706502318924,0.05304074517634472,1,11063.7587890625,1,10985.4453125,4,10986.12060546875,2,10983.6611328125,False,False,False,"[2.5166015625, 16.5166015625, 30.5166015625]",1.0488688276611481e-09,0.00020748259937737522,UNIQUE_OVERLAPPING_PHYSICAL_EVENT,1,30,True,96,36.0,74.0,1,6.082762530298219
v2_anchor_support_rank__vth_low,6102,7101,19,28,12126.0,12376.0,0,0,0.627126498573367,0.627126498573367,0.8490596428781536,-0.2219331443047866,0,,2,12184.30029296875,4,12255.251953125,3,12253.52734375,False,,,"[2.060546875, 74.060546875, 88.060546875]",6.367588330886246e-05,1.7799363729379655e-12,AMBIGUOUS_OVERLAP_CHOSEN_MAXIMUM_FOR_DESCRIPTION,3,36,True,99,42.80000000000001,80.0,1,6.324555320336759
v2_anchor_support_rank__vth_low,6102,7101,20,29,12562.0,12812.0,1,0,0.5950353200144007,0.6318859981994309,0.5950353200144007,0.03685067818503018,4,12735.84912109375,2,12705.89208984375,4,12672.25439453125,3,12672.74609375,False,False,False,"[0.3466796875, 22.3466796875, 76.3466796875]",0.00017986460748030302,1.0400094675246372e-11,AMBIGUOUS_OVERLAP_CHOSEN_MAXIMUM_FOR_DESCRIPTION,2,39,True,119,58.0,98.0,1,8.246211251235321
v2_anchor_support_rank__vth_low,6102,7101,21,30,12910.0,13160.0,1,1,0.311303738190648,0.37753865348096205,0.311303738190648,0.06623491529031406,4,13013.97900390625,2,13055.564453125,4,13031.7578125,3,13049.3076171875,True,False,True,"[4.5390625, 30.5390625, 52.5390625]",0.0002455498930987827,1.0063512256742734e-05,NOT_ESTIMABLE_NO_OVERLAPPING_PHYSICAL_EVENT,0,,False,0,,,,
v2_anchor_support_rank__vth_low,6102,7101,22,31,13264.0,13514.0,1,0,0.5988563288657174,0.8712631266646952,0.5988563288657174,0.2724067977989778,4,13326.306640625,2,13413.8740234375,4,13395.18505859375,2,13375.64599609375,False,False,True,"[6.15234375, 76.15234375, 100.15234375]",0.0004763892868240752,2.3329686762324485e-05,UNIQUE_OVERLAPPING_PHYSICAL_EVENT,1,40,True,151,44.0,84.0,1,10.44030650891055
v2_anchor_support_rank__vth_low,6102,7101,23,32,13528.0,13778.0,1,0,0.6001067893490444,0.8891896594314517,0.6001067893490444,0.2890828700824073,4,13589.48583984375,2,13697.60595703125,4,13661.44775390625,3,13644.953125,False,False,True,"[4.30859375, 76.30859375, 110.30859375]",1.1204045768762529e-05,2.109034478608408e-05,AMBIGUOUS_OVERLAP_CHOSEN_MAXIMUM_FOR_DESCRIPTION,2,42,True,110,62.20000000000002,106.0,1,7.615773105863909
v2_anchor_support_rank__vth_low,6102,7101,24,33,13856.0,14106.0,1,-1,0.8272583504006766,0.9445648416677986,0.8272583504006766,0.117306491267122,4,13900.43408203125,2,13961.25634765625,4,13993.8818359375,2,13974.63427734375,False,False,False,"[7.8505859375, 93.8505859375, 117.8505859375]",0.00027946808835454054,1.8650886870890768e-05,AMBIGUOUS_OVERLAP_CHOSEN_MAXIMUM_FOR_DESCRIPTION,2,44,True,119,56.400000000000006,130.0,1,7.211102550927978
v2_anchor_support_rank__vth_low,6102,7101,25,34,14326.0,14576.0,1,0,0.4806054026452456,0.5756694204707061,0.4806054026452456,0.09506401782546053,3,14470.369140625,2,14465.5546875,3,14436.4501953125,2,14412.95263671875,False,False,False,"[8.2919921875, 40.2919921875, 64.2919921875]",1.2322547888329267e-05,0.0,NOT_ESTIMABLE_NO_OVERLAPPING_PHYSICAL_EVENT,0,,False,0,,,,
v2_anchor_support_rank__vth_low,6102,7101,26,35,14688.0,14938.0,0,0,0.6674274500411903,0.6674274500411903,1.0170190822624003,-0.34959163222121004,2,14844.60205078125,2,14790.05859375,3,14827.28515625,3,14848.283203125,False,True,False,"[13.361328125, 55.361328125, 81.361328125]",0.001159062721821795,0.02047284444170886,NOT_ESTIMABLE_NO_OVERLAPPING_PHYSICAL_EVENT,0,,False,0,,,,
v2_anchor_support_rank__vth_low,6102,7101,27,36,15216.0,15466.0,1,-1,0.8885314845854655,1.083961236272986,0.8885314845854655,0.19542975168752053,4,15245.4140625,2,15340.90673828125,4,15343.09765625,2,15323.67236328125,False,False,True,"[1.3662109375, 97.3662109375, 125.3662109375]",0.005655536698695204,7.887142400777043e-05,AMBIGUOUS_OVERLAP_CHOSEN_MAXIMUM_FOR_DESCRIPTION,2,46,True,151,50.0,120.0,1,9.848857801796104
v2_anchor_support_rank__vth_low,6102,7101,28,37,15610.0,15860.0,1,0,0.4466296590939317,0.5488931457911036,0.4466296590939317,0.10226348669717189,2,15772.4267578125,2,15757.119140625,3,15716.8271484375,3,15713.095703125,False,False,False,"[-5.96875, 8.03125, 62.03125]",0.0006314338983297481,4.807988319194764e-09,NOT_ESTIMABLE_NO_OVERLAPPING_PHYSICAL_EVENT,0,,False,0,,,,
v2_anchor_support_rank__vth_low,6102,7101,29,40,16836.0,17086.0,0,1,0.44291279273237566,0.44291279273237566,0.5885326298070732,-0.14561983707469756,3,16935.30859375,1,16947.611328125,4,16970.498046875,3,16995.4921875,False,False,False,"[10.8984375, 40.8984375, 68.8984375]",0.00024974136935449994,1.308046569317244e-10,NOT_ESTIMABLE_NO_OVERLAPPING_PHYSICAL_EVENT,0,,False,0,,,,
v2_anchor_support_rank__vth_low,6102,7101,30,41,17290.0,17540.0,1,-1,0.8586675821226459,1.2297666238950111,0.8586675821226459,0.3710990417723652,4,17302.2861328125,2,17446.125,4,17412.16796875,3,17389.4375,False,False,True,"[11.392578125, 111.392578125, 143.392578125]",0.03755917989687667,1.0678782160581823e-05,UNIQUE_OVERLAPPING_PHYSICAL_EVENT,1,51,True,147,56.80000000000001,98.0,1,8.246211251235321
v2_anchor_support_rank__vth_low,6102,7101,31,42,17586.0,17836.0,1,1,0.3735335754274631,0.6240669890305167,0.3735335754274631,0.2505334136030536,2,17665.4326171875,2,17741.0634765625,4,17707.70703125,1,17691.529296875,False,False,True,"[28.837890625, 54.837890625, 78.837890625]",1.0450154556842168e-05,1.143835705495356e-19,NOT_ESTIMABLE_NO_OVERLAPPING_PHYSICAL_EVENT,0,,False,0,,,,
v2_anchor_support_rank__vth_low,6102,7101,32,43,18046.0,18296.0,0,0,0.8020438448126294,0.8020438448126294,0.8500108832501297,-0.04796703843750039,1,18287.3125,2,18144.1416015625,4,18162.982421875,2,18143.65625,False,False,False,"[-78.0, 28.0, 60.0]",0.06949923596693058,0.005566366030021515,AMBIGUOUS_OVERLAP_CHOSEN_MAXIMUM_FOR_DESCRIPTION,3,53,True,158,64.0,122.0,1,8.602325267042627
v2_anchor_support_rank__vth_low,6102,7101,33,46,18724.0,18974.0,1,1,0.33959263635068215,0.46878821159037143,0.33959263635068215,0.12919557523968928,2,18834.0478515625,2,18861.349609375,4,18855.8701171875,2,18836.0361328125,False,False,True,"[4.814453125, 24.814453125, 40.814453125]",0.0004997578961186566,3.396435424090222e-22,UNIQUE_OVERLAPPING_PHYSICAL_EVENT,1,57,True,81,38.0,68.0,1,7.280109889280518
v2_anchor_support_rank__vth_low,6102,7101,34,47,19226.0,19476.0,1,1,0.31244302248126776,0.5943946578354388,0.31244302248126776,0.281951635354171,2,19332.5322265625,2,19383.2255859375,4,19349.2216796875,2,19331.8740234375,False,False,True,"[6.583984375, 28.583984375, 56.583984375]",3.9016194039992163e-08,2.4961019107671863e-05,UNIQUE_OVERLAPPING_PHYSICAL_EVENT,1,58,True,168,48.0,108.0,1,8.94427190999916
v2_anchor_support_rank__vth_low,6102,7101,35,48,19846.0,20096.0,1,1,0.23976123708655214,0.5075724061986033,0.23976123708655214,0.26781116911205116,4,19955.7685546875,2,19998.6123046875,0,,1,19944.513671875,,False,True,"[2.486328125, 18.486328125, 52.486328125]",7.278607136971268e-15,8.293892551092244e-10,NOT_ESTIMABLE_NO_OVERLAPPING_PHYSICAL_EVENT,0,,False,0,,,,
v2_anchor_support_rank__vth_low,6102,7101,36,49,20402.0,20652.0,0,1,0.3244720810621625,0.3244720810621625,0.36220403729244066,-0.03773195623027814,1,20511.205078125,2,20541.0751953125,4,20519.048828125,3,20539.837890625,True,False,False,"[1.794921875, 17.794921875, 35.794921875]",8.405527933483822e-06,4.482168578414476e-39,NOT_ESTIMABLE_NO_OVERLAPPING_PHYSICAL_EVENT,0,,False,0,,,,
v2_anchor_support_rank__vth_low,6102,7101,37,50,21040.0,21290.0,1,1,0.29334002056811637,0.6024682947934789,0.29334002056811637,0.3091282742253625,1,21177.85546875,2,21191.6875,4,21158.37890625,3,21135.9921875,False,False,True,"[7.603515625, 33.603515625, 59.603515625]",7.653029679562301e-07,3.385730954483654e-08,NOT_ESTIMABLE_NO_OVERLAPPING_PHYSICAL_EVENT,0,,False,0,,,,
v2_anchor_support_rank__vth_low,6102,7101,38,51,21304.0,21554.0,1,1,0.2476112864927265,0.5375105332959579,0.2476112864927265,0.28989924680323137,4,21405.283203125,2,21450.9462890625,0,,1,21391.576171875,,False,True,"[3.423828125, 17.423828125, 55.423828125]",3.0743620880722043e-06,4.6325042609257465e-21,NOT_ESTIMABLE_NO_OVERLAPPING_PHYSICAL_EVENT,0,,False,0,,,,
v2_anchor_support_rank__vth_low,6102,7101,39,52,21726.0,21976.0,1,1,0.2714095281604574,0.368033726915702,0.2714095281604574,0.09662419875524464,0,,2,21866.05078125,4,21839.0146484375,2,21857.048828125,True,,,"[1.865234375, 17.865234375, 35.865234375]",0.0002915451009451777,2.2031427982232253e-15,AMBIGUOUS_OVERLAP_CHOSEN_MAXIMUM_FOR_DESCRIPTION,2,62,True,146,39.0,92.0,1,9.433981132056603
v2_anchor_support_rank__vth_low,6102,7101,40,53,22770.0,23020.0,0,1,0.4496876761792044,0.4496876761792044,0.6687947237677474,-0.219107047588543,1,22917.560546875,2,22872.4814453125,4,22889.1259765625,3,22916.048828125,False,True,False,"[-5.8203125, 8.1796875, 52.1796875]",0.0017476212195265412,1.508691354490447e-19,AMBIGUOUS_OVERLAP_CHOSEN_MAXIMUM_FOR_DESCRIPTION,2,68,True,190,62.19999999999999,150.0,1,11.40175425099138
v2_anchor_support_rank__vth_low,6102,7101,41,54,23224.0,23474.0,0,1,0.2834174813726828,0.2834174813726828,0.33679177545678257,-0.05337429408409977,4,23342.892578125,2,23355.2568359375,4,23344.455078125,3,23367.9296875,True,False,False,"[3.669921875, 19.669921875, 37.669921875]",0.00023964403683013243,5.921204782535687e-19,NOT_ESTIMABLE_NO_OVERLAPPING_PHYSICAL_EVENT,0,,False,0,,,,
v2_anchor_support_rank__vth_low,6102,7102,0,0,686.0,936.0,1,1,0.3250184146038765,0.3535034474120383,0.3250184146038765,0.028485032808161836,0,,2,823.9779968261719,4,799.17578125,3,820.20947265625,True,,,"[0.051025390625, 18.051025390625, 32.051025390625]",0.00039820751262591045,0.0,UNIQUE_OVERLAPPING_PHYSICAL_EVENT,1,2,True,150,60.19999999999999,98.0,1,7.810249675906654
v2_anchor_support_rank__vth_low,6102,7102,1,1,998.0,1248.0,1,-1,0.8182264630435316,0.900806499001162,0.8182264630435316,0.08258003595763042,4,1186.0179443359375,2,1142.2340087890625,4,1108.3614501953125,3,1086.42041015625,False,False,False,"[9.02734375, 41.02734375, 105.02734375]",7.339382108170035e-05,5.01127811074865e-13,AMBIGUOUS_OVERLAP_CHOSEN_MAXIMUM_FOR_DESCRIPTION,3,3,True,157,60.0,116.0,1,8.602325267042627
v2_anchor_support_rank__vth_low,6102,7102,2,4,3378.0,3628.0,1,1,0.43012932544977256,0.5676344178164087,0.43012932544977256,0.1375050923666361,4,3471.95751953125,0,,2,3514.9202880859375,3,3520.37744140625,,,,"[3.7841796875, 49.7841796875, 69.7841796875]",0.0003377397115078026,4.075532211471812e-28,AMBIGUOUS_OVERLAP_CHOSEN_MAXIMUM_FOR_DESCRIPTION,2,10,True,142,41.8,146.0,1,10.295630140987
v2_anchor_support_rank__vth_low,6102,7102,3,5,3810.0,4060.0,1,1,0.18336493949379873,0.5753333547573725,0.18336493949379873,0.39196841526357373,4,3926.8115234375,2,3979.7613525390625,4,3945.129150390625,3,3924.668212890625,False,False,True,"[-1.279541015625, 14.720458984375, 54.720458984375]",0.000313175533940626,1.5493603057317402e-26,NOT_ESTIMABLE_NO_OVERLAPPING_PHYSICAL_EVENT,0,,False,0,,,,
v2_anchor_support_rank__vth_low,6102,7102,4,8,4644.0,4894.0,1,1,0.2965004250705905,0.45146445444768357,0.2965004250705905,0.15496402937709308,1,4786.44775390625,0,,4,4768.431884765625,3,4747.58349609375,,,,"[-4.0517578125, 13.9482421875, 41.9482421875]",5.9479967158640004e-05,1.501954585067773e-08,UNIQUE_OVERLAPPING_PHYSICAL_EVENT,1,13,True,75,38.40000000000002,84.0,1,7.280109889280518
v2_anchor_support_rank__vth_low,6102,7102,5,9,4928.0,5178.0,1,1,0.25128085060311756,0.5070915207578617,0.25128085060311756,0.2558106701547441,0,,2,5076.061767578125,4,5043.319580078125,1,5026.822265625,False,,,"[6.177734375, 26.177734375, 52.177734375]",7.395393616769153e-05,5.857239061174826e-20,UNIQUE_OVERLAPPING_PHYSICAL_EVENT,1,14,True,169,58.400000000000034,128.0,1,9.486832980505138
v2_anchor_support_rank__vth_low,6102,7102,6,10,5194.0,5444.0,1,-1,0.9281847445141903,1.003099180550955,0.9281847445141903,0.07491443603676473,4,5220.008056640625,2,5280.5791015625,4,5328.95263671875,3,5305.7431640625,False,False,False,"[11.1279296875, 99.1279296875, 127.1279296875]",0.0013287579881128965,3.843051507556063e-05,UNIQUE_OVERLAPPING_PHYSICAL_EVENT,1,14,True,169,58.400000000000034,128.0,1,9.486832980505138
v2_anchor_support_rank__vth_low,6102,7102,7,13,6218.0,6468.0,1,1,0.13779671610439176,0.5485832742481381,0.13779671610439176,0.41078655814374637,4,6338.68701171875,2,6379.05029296875,4,6344.59765625,3,6335.74072265625,False,False,True,"[1.77978515625, 17.77978515625, 47.77978515625]",9.240417901725259e-06,0.0,NOT_ESTIMABLE_NO_OVERLAPPING_PHYSICAL_EVENT,0,,False,0,,,,
v2_anchor_support_rank__vth_low,6102,7102,8,14,6608.0,6858.0,1,0,0.46357876536262665,0.8969933892448377,0.46357876536262665,0.4334146238822111,0,,2,6768.56103515625,3,6689.72119140625,3,6703.61962890625,True,,,"[26.2490234375, 48.2490234375, 106.2490234375]",0.00125092457173609,5.196337118729843e-18,AMBIGUOUS_OVERLAP_CHOSEN_MAXIMUM_FOR_DESCRIPTION,2,19,True,109,46.400000000000006,86.0,1,9.219544457292887
v2_anchor_support_rank__vth_low,6102,7102,9,15,6918.0,7168.0,1,-1,1.0505425259199583,1.0933815933786917,1.0505425259199583,0.04283906745873334,3,6941.630859375,1,7048.4287109375,4,7034.916259765625,3,7043.98583984375,True,False,True,"[9.30517578125, 103.30517578125, 117.30517578125]",0.00433370308044088,9.432250106628266e-05,UNIQUE_OVERLAPPING_PHYSICAL_EVENT,1,20,True,122,59.8,124.0,1,7.810249675906654
v2_anchor_support_rank__vth_low,6102,7102,10,16,7800.0,8050.0,1,1,0.31912056106340325,0.557242018889536,0.31912056106340325,0.2381214578261327,3,7899.048828125,2,7952.2626953125,3,7931.48583984375,3,7910.9345703125,False,False,True,"[6.98681640625, 26.98681640625, 60.98681640625]",0.00036171322671545977,1.3965737099331098e-10,NOT_ESTIMABLE_NO_OVERLAPPING_PHYSICAL_EVENT,0,,False,0,,,,
v2_anchor_support_rank__vth_low,6102,7102,11,17,8438.0,8688.0,1,-1,0.9053398825670531,1.2873465137219677,0.9053398825670531,0.3820066311549146,3,8447.9453125,2,8596.7216796875,4,8558.6826171875,3,8534.5751953125,False,False,True,"[-0.22265625, 113.77734375, 149.77734375]",0.10530045102468574,0.0003509768748176701,NOT_ESTIMABLE_NO_OVERLAPPING_PHYSICAL_EVENT,0,,False,0,,,,
v2_anchor_support_rank__vth_low,6102,7102,12,18,9684.0,9934.0,1,1,0.25404678111928014,0.4438347404164501,0.25404678111928014,0.18978795929716996,3,9798.4853515625,2,9832.66943359375,1,9810.1171875,0,,,,,"[10.197265625, 28.197265625, 44.197265625]",0.00029245550686521197,6.60287316152457e-12,NOT_ESTIMABLE_NO_OVERLAPPING_PHYSICAL_EVENT,0,,False,0,,,,
v2_anchor_support_rank__vth_low,6102,7102,13,19,10022.0,10272.0,1,0,0.5273219385207402,0.69612991141442,0.5273219385207402,0.16880797289367988,1,10095.982421875,2,10160.55078125,3,10150.150390625,1,10136.75390625,False,False,True,"[43.017578125, 59.017578125, 71.017578125]",0.0014491638998776369,2.492526438117649e-06,NOT_ESTIMABLE_NO_OVERLAPPING_PHYSICAL_EVENT,0,,False,0,,,,
v2_anchor_support_rank__vth_low,6102,7102,14,20,11424.0,11674.0,1,1,0.33444646067529726,0.34807866746947586,0.33444646067529726,0.013632206794178592,2,11554.6494140625,2,11564.0654296875,4,11539.7294921875,3,11557.6337890625,True,False,True,"[-4.501953125, 15.498046875, 39.498046875]",0.0058427457719136145,2.1146927266120672e-14,AMBIGUOUS_OVERLAP_CHOSEN_MAXIMUM_FOR_DESCRIPTION,2,35,True,147,34.80000000000001,82.0,1,9.848857801796104
v2_anchor_support_rank__vth_low,6102,7102,15,23,12648.0,12898.0,0,1,0.2656431395635704,0.2656431395635704,0.4093388073276606,-0.1436956677640902,4,12770.8349609375,0,,2,12769.75341796875,3,12789.404296875,,,,"[2.943359375, 18.943359375, 34.943359375]",8.190638665261013e-11,7.761608708497474e-17,NOT_ESTIMABLE_NO_OVERLAPPING_PHYSICAL_EVENT,0,,False,0,,,,
v2_anchor_support_rank__vth_low,6102,7102,16,24,12942.0,13192.0,1,1,0.42028015339811786,0.7886779100535917,0.42028015339811786,0.3683977566554738,4,13013.00048828125,2,13102.93505859375,4,13068.7783203125,0,,,,,"[6.9775390625, 70.9775390625, 98.9775390625]",0.0003343712684125588,8.025915831145759e-07,NOT_ESTIMABLE_NO_OVERLAPPING_PHYSICAL_EVENT,0,,False,0,,,,
v2_anchor_support_rank__vth_low,6102,7102,17,25,13266.0,13516.0,1,-1,0.9488015346668979,1.0751852347563744,0.9488015346668979,0.12638370008947653,3,13271.5400390625,2,13323.13232421875,4,13376.9150390625,1,13363.8583984375,False,False,False,"[7.6416015625, 103.6416015625, 125.6416015625]",0.09244268871706268,1.1704726627042397e-05,AMBIGUOUS_OVERLAP_CHOSEN_MAXIMUM_FOR_DESCRIPTION,2,38,True,150,58.2,116.0,1,11.180339887498949
v2_anchor_support_rank__vth_low,6102,7102,18,26,13586.0,13836.0,0,-1,1.2239731938390963,1.2239731938390963,1.4886017667687483,-0.26462857292965203,4,13829.359375,2,13669.75830078125,4,13706.0263671875,3,13682.8544921875,False,True,False,"[-64.619140625, 43.380859375, 89.380859375]",0.07217188463236755,0.07195287274815146,AMBIGUOUS_OVERLAP_CHOSEN_MAXIMUM_FOR_DESCRIPTION,3,40,True,138,62.599999999999994,110.0,1,7.810249675906654
v2_anchor_support_rank__vth_low,6102,7102,19,27,14040.0,14290.0,1,1,0.22764583958649184,0.4655940285884575,0.22764583958649184,0.23794818900196565,3,14155.638671875,2,14196.18115234375,4,14162.82080078125,3,14169.8173828125,True,False,True,"[-0.4384765625, 15.5615234375, 37.5615234375]",3.521262702959115e-05,2.0937323408551844e-10,NOT_ESTIMABLE_NO_OVERLAPPING_PHYSICAL_EVENT,0,,False,0,,,,
v2_anchor_support_rank__vth_low,6102,7102,20,28,14656.0,14906.0,1,1,0.26057899227642417,0.604283908612845,0.26057899227642417,0.3437049163364208,0,,2,14812.89794921875,4,14778.35888671875,3,14755.44140625,False,,,"[2.525390625, 42.525390625, 62.525390625]",0.00025119134895247054,0.0,NOT_ESTIMABLE_NO_OVERLAPPING_PHYSICAL_EVENT,0,,False,0,,,,
v2_anchor_support_rank__vth_low,6102,7102,21,29,14966.0,15216.0,1,-1,0.7447894151798471,1.084244492805052,0.7447894151798471,0.339455077625205,4,15002.5341796875,2,15114.1953125,4,15088.99755859375,3,15064.388671875,False,False,True,"[3.53125, 35.53125, 131.53125]",0.001849539540627052,0.00907981124269358,AMBIGUOUS_OVERLAP_CHOSEN_MAXIMUM_FOR_DESCRIPTION,2,42,True,149,42.400000000000034,88.0,1,9.486832980505138
v2_anchor_support_rank__vth_low,6102,7102,22,30,15332.0,15582.0,1,-1,0.8134169785392285,0.957463250675833,0.8134169785392285,0.1440462721366046,4,15490.81103515625,1,15551.9736328125,3,15416.83984375,3,15436.6572265625,True,False,True,"[2.9404296875, 24.9404296875, 90.9404296875]",0.00039000269049665174,1.201863558936659e-05,AMBIGUOUS_OVERLAP_CHOSEN_MAXIMUM_FOR_DESCRIPTION,2,45,True,165,52.0,118.0,1,10.295630140987
v2_anchor_support_rank__vth_low,6102,7102,23,31,16194.0,16444.0,0,1,0.5045800589102505,0.5045800589102505,0.4864640493115188,0.018116009598731664,4,16287.197265625,2,16310.1689453125,4,16337.44140625,2,16322.564453125,False,False,False,"[0.060546875, 36.060546875, 60.060546875]",1.2452017476804155e-05,1.8967583115882384e-06,NOT_ESTIMABLE_NO_OVERLAPPING_PHYSICAL_EVENT,0,,False,0,,,,
v2_anchor_support_rank__vth_low,6102,7102,24,32,16964.0,17214.0,1,-1,0.760438717101921,0.8763171224714986,0.760438717101921,0.11587840536957761,1,17196.310546875,2,17117.98828125,1,17093.89453125,3,17065.09765625,False,False,False,"[0.869140625, 40.869140625, 132.869140625]",0.00020470579737157115,0.01757637868484156,NOT_ESTIMABLE_NO_OVERLAPPING_PHYSICAL_EVENT,0,,False,0,,,,
v2_anchor_support_rank__vth_low,6102,7102,25,35,18022.0,18272.0,1,1,0.269274828257872,0.4349704434229233,0.269274828257872,0.16569561516505127,0,,2,18170.5966796875,4,18139.84765625,0,,,,,"[8.572265625, 26.572265625, 44.572265625]",3.4643448754546966e-18,0.0,UNIQUE_OVERLAPPING_PHYSICAL_EVENT,1,51,True,212,64.0,120.0,1,10.0
v2_anchor_support_rank__vth_low,6102,7102,26,36,18482.0,18732.0,1,0,0.5393155491302197,0.681220406255151,0.5393155491302197,0.14190485712493128,4,18640.8310546875,2,18625.8984375,4,18591.5771484375,3,18571.130859375,False,False,False,"[7.908203125, 41.908203125, 75.908203125]",7.800483895222811e-06,9.935509113551324e-17,NOT_ESTIMABLE_NO_OVERLAPPING_PHYSICAL_EVENT,0,,False,0,,,,
v2_anchor_support_rank__vth_low,6102,7102,27,37,18818.0,19068.0,0,0,0.5442940763096247,0.5442940763096247,0.5787538141928372,-0.03445973788321255,1,18954.3359375,1,19002.634765625,4,18923.42578125,3,18946.248046875,True,False,True,"[5.42578125, 23.42578125, 45.42578125]",0.0005860716984961815,0.0,NOT_ESTIMABLE_NO_OVERLAPPING_PHYSICAL_EVENT,0,,False,0,,,,
v2_anchor_support_rank__vth_low,6102,7102,28,38,19070.0,19320.0,0,1,0.3185211070277796,0.3185211070277796,0.3497015428739489,-0.031180435846169308,0,,2,19205.845703125,4,19182.0771484375,3,19203.0546875,True,,,"[-2.78515625, 13.21484375, 31.21484375]",1.379964236934346e-09,3.4565103416029795e-14,AMBIGUOUS_OVERLAP_CHOSEN_MAXIMUM_FOR_DESCRIPTION,2,52,True,154,36.0,92.0,1,8.94427190999916
v2_anchor_support_rank__vth_low,6102,7102,29,41,20412.0,20662.0,0,1,0.4860409536777235,0.4860409536777235,0.675606776257199,-0.18956582257947552,3,20564.82421875,0,,3,20504.5859375,3,20524.451171875,,,,"[5.296875, 23.296875, 69.296875]",0.00032001746057926935,5.853723462962473e-21,UNIQUE_OVERLAPPING_PHYSICAL_EVENT,1,55,True,122,51.60000000000001,112.0,1,11.180339887498949
v2_anchor_support_rank__vth_low,6102,7102,30,44,21808.0,22058.0,1,1,0.2713408949301546,0.49159801590101315,0.2713408949301546,0.22025712097085853,3,21924.376953125,1,21956.296875,4,21938.34765625,3,21917.802734375,False,False,True,"[2.884765625, 20.884765625, 40.884765625]",6.989651170443337e-06,6.267959894730747e-17,NOT_ESTIMABLE_NO_OVERLAPPING_PHYSICAL_EVENT,0,,False,0,,,,
v2_anchor_support_rank__vth_low,6102,7102,31,45,22236.0,22486.0,0,-1,1.3318268315565345,1.3318268315565345,1.5656872500707588,-0.23386041851422434,4,22433.029296875,2,22301.1357421875,2,22340.4072265625,3,22354.6796875,False,True,False,"[63.87890625, 91.87890625, 169.87890625]",0.02584420556311915,0.0005453532023963452,AMBIGUOUS_OVERLAP_CHOSEN_MAXIMUM_FOR_DESCRIPTION,2,60,True,143,45.599999999999994,84.0,1,8.94427190999916
v2_anchor_support_rank__vth_low,6102,7102,32,46,22560.0,22810.0,1,1,0.3679110017534791,0.4053247184537341,0.3679110017534791,0.03741371670025495,0,,2,22683.8662109375,4,22684.7578125,3,22680.6328125,False,,,"[-1.876953125, 10.123046875, 22.123046875]",0.00044785983021116397,0.0,NOT_ESTIMABLE_NO_OVERLAPPING_PHYSICAL_EVENT,0,,False,0,,,,
v2_anchor_support_rank__vth_low,6102,7102,33,47,23024.0,23274.0,1,0,0.5650280220872967,0.5328252609725381,0.5650280220872967,-0.032202761114758616,3,23196.91796875,1,23156.216796875,3,23145.599609375,3,23132.705078125,False,False,False,"[-2.951171875, 13.048828125, 63.048828125]",5.570034075738797e-06,8.528991982150208e-26,NOT_ESTIMABLE_NO_OVERLAPPING_PHYSICAL_EVENT,0,,False,0,,,,
v2_anchor_support_rank__vth_low,6102,7102,34,48,23424.0,23674.0,1,1,0.3070380258898501,0.35522006089609204,0.3070380258898501,0.04818203500624196,4,23554.0771484375,2,23563.0419921875,4,23540.5810546875,0,,,,,"[-3.357421875, 12.642578125, 30.642578125]",0.00016359951529615582,0.0,NOT_ESTIMABLE_NO_OVERLAPPING_PHYSICAL_EVENT,0,,False,0,,,,
