{
  "clusters": {
    "0": {
      "n_events_total_k": 3168,
      "n_events_kept_k": 154,
      "drop_rate_k": 0.9513888888888888,
      "eligibility_flag": "high_drop_rate_warning",
      "delta": -0.16707860439874567,
      "asymmetry": -0.04786984813376094,
      "H_p_norm": [
        0.6500274562120993,
        0.7489705135288923,
        0.8160726836900244,
        0.8752795686122894,
        0.863180030799012,
        0.8433282224498209,
        0.9017341198490868,
        0.9118886376133999,
        0.9255072715299317,
        0.9242960464823757,
        0.8886503536332744,
        0.8499898973573768,
        0.6974063291101381,
        0.6872291261548092,
        0.6978973043458603
      ],
      "p_N0": 1.0,
      "N1_cluster": {
        "delta_obs": -0.16707860439874567,
        "endpoint_pair_rank": 103,
        "endpoint_pair_percentile": 0.02857142857142857,
        "is_endpoint_pair_max": false,
        "p_N1": 0.9809523809523809,
        "min_attainable_p_N1": 0.009523809523809525,
        "n_valid": 15
      }
    },
    "1": {
      "n_events_total_k": 3388,
      "n_events_kept_k": 93,
      "drop_rate_k": 0.9725501770956316,
      "eligibility_flag": "high_drop_rate_warning",
      "delta": -0.30095212140320227,
      "asymmetry": -0.03914486456377969,
      "H_p_norm": [
        0.49912760208713697,
        0.6624702790574618,
        0.7098888427387225,
        0.7921206897411402,
        0.8620594153415057,
        0.8791656886360364,
        0.9240801306966548,
        0.9231020734859571,
        0.8991628690427955,
        0.8410191512662344,
        0.8017298717251043,
        0.8128414454367013,
        0.8366975329991928,
        0.7111400348714706,
        0.5382724666509167
      ],
      "p_N0": 1.0,
      "N1_cluster": {
        "delta_obs": -0.30095212140320227,
        "endpoint_pair_rank": 105,
        "endpoint_pair_percentile": 0.009523809523809525,
        "is_endpoint_pair_max": false,
        "p_N1": 1.0,
        "min_attainable_p_N1": 0.009523809523809525,
        "n_valid": 15
      }
    }
  },
  "params": {
    "n_clusters": 2,
    "n_valid": 15,
    "n_perm_N0": 1000,
    "base_seed_N0": 0,
    "min_kept_events": 50,
    "high_drop_rate_warn": 0.5
  },
  "subject_level": {
    "delta_obs_subject": -0.23401536290097397,
    "n_combos": 11025,
    "subject_combo_rank": 11023,
    "subject_combo_percentile": 0.00027210884353741496,
    "is_subject_combo_max": false,
    "p_N1_subject": 0.9998185941043084,
    "min_attainable_p_N1_subject": 9.070294784580499e-05,
    "subject_eligibility_flag": "ok"
  },
  "subject_id": "442",
  "dataset": "epilepsiae",
  "stem": "epilepsiae_442",
  "stable_k": 2,
  "valid_mask_provenance": "pr6_union",
  "n_valid_channels": 15,
  "swap_class_full": "none"
}