{
  "clusters": {
    "0": {
      "n_events_total_k": 37755,
      "n_events_kept_k": 376,
      "drop_rate_k": 0.9900410541650112,
      "eligibility_flag": "high_drop_rate_warning",
      "delta": -0.32712281231217044,
      "asymmetry": 0.43079668860182735,
      "H_p_norm": [
        0.7693387516520748,
        0.8862553684913538,
        0.8558738650723873,
        0.8680222243127581,
        0.9115585715584927,
        0.9155790841816608,
        0.8490902043633364,
        0.3385420630502474
      ],
      "p_N0": 1.0,
      "N1_cluster": {
        "delta_obs": -0.3271228123121702,
        "endpoint_pair_rank": 28,
        "endpoint_pair_percentile": 0.03571428571428571,
        "is_endpoint_pair_max": false,
        "p_N1": 1.0,
        "min_attainable_p_N1": 0.03571428571428571,
        "n_valid": 8
      }
    },
    "1": {
      "n_events_total_k": 37298,
      "n_events_kept_k": 364,
      "drop_rate_k": 0.9902407635798166,
      "eligibility_flag": "high_drop_rate_warning",
      "delta": -0.34644784424358865,
      "asymmetry": -0.46646736967983865,
      "H_p_norm": [
        0.31113224268674705,
        0.8568045300940685,
        0.9168905875715693,
        0.9239969904444384,
        0.9164962428291862,
        0.8692445817594705,
        0.8614496979227968,
        0.7775996123665857
      ],
      "p_N0": 1.0,
      "N1_cluster": {
        "delta_obs": -0.34644784424358865,
        "endpoint_pair_rank": 28,
        "endpoint_pair_percentile": 0.03571428571428571,
        "is_endpoint_pair_max": false,
        "p_N1": 1.0,
        "min_attainable_p_N1": 0.03571428571428571,
        "n_valid": 8
      }
    }
  },
  "params": {
    "n_clusters": 2,
    "n_valid": 8,
    "n_perm_N0": 1000,
    "base_seed_N0": 0,
    "min_kept_events": 50,
    "high_drop_rate_warn": 0.5
  },
  "subject_level": {
    "delta_obs_subject": -0.33678532827787944,
    "n_combos": 784,
    "subject_combo_rank": 784,
    "subject_combo_percentile": 0.0012755102040816326,
    "is_subject_combo_max": false,
    "p_N1_subject": 1.0,
    "min_attainable_p_N1_subject": 0.0012755102040816326,
    "subject_eligibility_flag": "ok"
  },
  "subject_id": "253",
  "dataset": "epilepsiae",
  "stem": "epilepsiae_253",
  "stable_k": 2,
  "valid_mask_provenance": "pr6_union",
  "n_valid_channels": 8,
  "swap_class_full": "none"
}