{
  "clusters": {
    "0": {
      "n_events_total_k": 3758,
      "n_events_kept_k": 4,
      "drop_rate_k": 0.9989356040447046,
      "eligibility_flag": "excluded_low_kept_events",
      "delta": NaN,
      "asymmetry": NaN,
      "H_p_norm": null,
      "p_N0": NaN,
      "N1_cluster": null
    },
    "1": {
      "n_events_total_k": 3821,
      "n_events_kept_k": 2,
      "drop_rate_k": 0.9994765768123528,
      "eligibility_flag": "excluded_low_kept_events",
      "delta": NaN,
      "asymmetry": NaN,
      "H_p_norm": null,
      "p_N0": NaN,
      "N1_cluster": null
    }
  },
  "params": {
    "n_clusters": 2,
    "n_valid": 16,
    "n_perm_N0": 1000,
    "base_seed_N0": 0,
    "min_kept_events": 50,
    "high_drop_rate_warn": 0.5
  },
  "with_absent": {
    "clusters_with_absent": {
      "0": {
        "n_events_total": 3758,
        "H_p_norm": [
          0.806241500530921,
          0.823770288894318,
          0.8398010675294026,
          0.8997384610060447,
          0.9314624507596806,
          0.9099368881499962,
          0.8708800552228798,
          0.8559812716454556,
          0.7549030085627694,
          0.5098351936019017,
          0.2694786770147427,
          0.09592248707423114,
          0.05529717401405746,
          0.026529095713442252,
          0.013254819370766547,
          0.0034679901346809663
        ],
        "P_absent": [
          0.0,
          0.0,
          0.0,
          0.0,
          0.00026609898882384245,
          0.002394890899414582,
          0.003991484832357637,
          0.009845662586482172,
          0.3815859499733901,
          0.658861096327834,
          0.854709952102182,
          0.9584885577434806,
          0.9779137839276211,
          0.9904204364023417,
          0.9954763171899946,
          0.9989356040447046
        ],
        "n_part_median": 9.0,
        "n_part_max": 16
      },
      "1": {
        "n_events_total": 3821,
        "H_p_norm": [
          0.808998575000224,
          0.8395279982420444,
          0.8560874764459148,
          0.8920457501210344,
          0.9287051574147434,
          0.918406884832464,
          0.899179867000144,
          0.8764508860313449,
          0.7365807711094591,
          0.47207684742564965,
          0.230308219619747,
          0.0874526371366804,
          0.04348923404809739,
          0.02280586046158971,
          0.006529080672285006,
          0.0017085266903349272
        ],
        "P_absent": [
          0.0,
          0.0,
          0.0,
          0.0,
          0.0,
          0.007327924627060979,
          0.009683328971473436,
          0.017272965192358023,
          0.40617639361423713,
          0.6872546453807904,
          0.8735933001831981,
          0.9623135304894007,
          0.9829887464014656,
          0.9921486521852918,
          0.9979063072494111,
          0.9994765768123528
        ],
        "n_part_median": 9.0,
        "n_part_max": 16
      }
    },
    "n_valid": 16
  },
  "subject_level": {
    "subject_eligibility_flag": "excluded_one_or_both_clusters"
  },
  "subject_id": "590",
  "dataset": "epilepsiae",
  "stem": "epilepsiae_590",
  "stable_k": 2,
  "valid_mask_provenance": "pr6_union",
  "n_valid_channels": 16,
  "swap_class_full": "none"
}