{
  "clusters": {
    "0": {
      "n_events_total_k": 6056,
      "n_events_kept_k": 12,
      "drop_rate_k": 0.9980184940554822,
      "eligibility_flag": "excluded_low_kept_events",
      "delta": NaN,
      "asymmetry": NaN,
      "H_p_norm": null,
      "p_N0": NaN,
      "N1_cluster": null
    },
    "1": {
      "n_events_total_k": 6306,
      "n_events_kept_k": 55,
      "drop_rate_k": 0.9912781477957501,
      "eligibility_flag": "high_drop_rate_warning",
      "delta": -0.2059854988662606,
      "asymmetry": 0.15230397633762682,
      "H_p_norm": [
        0.6516944574266059,
        0.7111614429142245,
        0.793366592834226,
        0.8213107737689046,
        0.8161917060199599,
        0.844252727050028,
        0.8678367051239737,
        0.6165758291570541,
        0.4993904810889791
      ],
      "p_N0": 1.0,
      "N1_cluster": {
        "delta_obs": -0.20598549886626039,
        "endpoint_pair_rank": 35,
        "endpoint_pair_percentile": 0.05555555555555555,
        "is_endpoint_pair_max": false,
        "p_N1": 0.9722222222222222,
        "min_attainable_p_N1": 0.027777777777777776,
        "n_valid": 9
      }
    }
  },
  "params": {
    "n_clusters": 2,
    "n_valid": 9,
    "n_perm_N0": 1000,
    "base_seed_N0": 0,
    "min_kept_events": 50,
    "high_drop_rate_warn": 0.5
  },
  "with_absent": {
    "clusters_with_absent": {
      "0": {
        "n_events_total": 6056,
        "H_p_norm": [
          0.8418032053746959,
          0.8377131510259709,
          0.8190588407998673,
          0.7978926414326291,
          0.7577594512729161,
          0.5051892304776482,
          0.16825869986589204,
          0.05088283417801876,
          0.007578207962358153
        ],
        "P_absent": [
          0.0,
          0.0,
          0.0,
          0.00016512549537648613,
          0.0059445178335535,
          0.6940224570673712,
          0.9313077939233818,
          0.9834874504623514,
          0.9980184940554822
        ],
        "n_part_median": 5.0,
        "n_part_max": 9
      },
      "1": {
        "n_events_total": 6306,
        "H_p_norm": [
          0.7237325917788213,
          0.7722419532025138,
          0.8110371680187216,
          0.8769172341451632,
          0.92021225547813,
          0.6640182574561411,
          0.2760074501758744,
          0.09865131847953554,
          0.02588930004000807
        ],
        "P_absent": [
          0.0,
          0.0,
          0.0,
          0.0001585791309863622,
          0.010307643514113543,
          0.5830954646368538,
          0.8539486203615604,
          0.9570250555026959,
          0.9912781477957501
        ],
        "n_part_median": 5.0,
        "n_part_max": 9
      }
    },
    "n_valid": 9
  },
  "subject_level": {
    "subject_eligibility_flag": "excluded_one_or_both_clusters"
  },
  "subject_id": "1150",
  "dataset": "epilepsiae",
  "stem": "epilepsiae_1150",
  "stable_k": 2,
  "valid_mask_provenance": "pr6_union",
  "n_valid_channels": 9,
  "swap_class_full": "candidate"
}