{
  "clusters": {
    "0": {
      "n_events_total_k": 6056,
      "n_events_kept_k": 12,
      "drop_rate_k": 0.9980184940554822,
      "eligibility_flag": "excluded_low_kept_events",
      "delta": NaN,
      "asymmetry": NaN,
      "H_p_norm": null,
      "p_N0": NaN,
      "N1_cluster": null
    },
    "1": {
      "n_events_total_k": 6306,
      "n_events_kept_k": 55,
      "drop_rate_k": 0.9912781477957501,
      "eligibility_flag": "high_drop_rate_warning",
      "delta": -0.2059854988662606,
      "asymmetry": 0.15230397633762682,
      "H_p_norm": [
        0.6516944574266059,
        0.7111614429142245,
        0.793366592834226,
        0.8213107737689046,
        0.8161917060199599,
        0.844252727050028,
        0.8678367051239737,
        0.6165758291570541,
        0.4993904810889791
      ],
      "p_N0": 1.0,
      "N1_cluster": {
        "delta_obs": -0.20598549886626039,
        "endpoint_pair_rank": 35,
        "endpoint_pair_percentile": 0.05555555555555555,
        "is_endpoint_pair_max": false,
        "p_N1": 0.9722222222222222,
        "min_attainable_p_N1": 0.027777777777777776,
        "n_valid": 9
      }
    }
  },
  "params": {
    "n_clusters": 2,
    "n_valid": 9,
    "n_perm_N0": 1000,
    "base_seed_N0": 0,
    "min_kept_events": 50,
    "high_drop_rate_warn": 0.5
  },
  "subject_level": {
    "subject_eligibility_flag": "excluded_one_or_both_clusters"
  },
  "subject_id": "1150",
  "dataset": "epilepsiae",
  "stem": "epilepsiae_1150",
  "stable_k": 2,
  "valid_mask_provenance": "pr6_union",
  "n_valid_channels": 9,
  "swap_class_full": "candidate"
}