{
  "clusters": {
    "0": {
      "n_events_total_k": 133426,
      "n_events_kept_k": 13549,
      "drop_rate_k": 0.8984530751127966,
      "eligibility_flag": "high_drop_rate_warning",
      "delta": -0.16932844514994982,
      "asymmetry": -0.14209399702103376,
      "H_p_norm": [
        0.6393122257773385,
        0.7942695592433265,
        0.8929544993785591,
        0.9486159996322239,
        0.9428665634068757,
        0.8849714193530204,
        0.8144479756128252,
        0.7814062227983722
      ],
      "p_N0": 1.0,
      "N1_cluster": {
        "delta_obs": -0.1693284451499496,
        "endpoint_pair_rank": 28,
        "endpoint_pair_percentile": 0.03571428571428571,
        "is_endpoint_pair_max": false,
        "p_N1": 1.0,
        "min_attainable_p_N1": 0.03571428571428571,
        "n_valid": 8
      }
    },
    "1": {
      "n_events_total_k": 110564,
      "n_events_kept_k": 14251,
      "drop_rate_k": 0.8711063275568901,
      "eligibility_flag": "high_drop_rate_warning",
      "delta": -0.2001280412522951,
      "asymmetry": -0.10587909342880919,
      "H_p_norm": [
        0.6432834167966507,
        0.829275502389985,
        0.907889474576327,
        0.9509585414139208,
        0.9523693838363666,
        0.9095880889947289,
        0.8280250373687741,
        0.7491625102254599
      ],
      "p_N0": 1.0,
      "N1_cluster": {
        "delta_obs": -0.2001280412522951,
        "endpoint_pair_rank": 28,
        "endpoint_pair_percentile": 0.03571428571428571,
        "is_endpoint_pair_max": false,
        "p_N1": 1.0,
        "min_attainable_p_N1": 0.03571428571428571,
        "n_valid": 8
      }
    }
  },
  "params": {
    "n_clusters": 2,
    "n_valid": 8,
    "n_perm_N0": 1000,
    "base_seed_N0": 0,
    "min_kept_events": 50,
    "high_drop_rate_warn": 0.5
  },
  "with_absent": {
    "clusters_with_absent": {
      "0": {
        "n_events_total": 133426,
        "H_p_norm": [
          0.594237561220671,
          0.7600996799968233,
          0.881647920422344,
          0.8736476538832226,
          0.8674222209910821,
          0.6967792326310479,
          0.47379146272914574,
          0.2245883841933917
        ],
        "P_absent": [
          0.0,
          0.0,
          0.0,
          0.00022484373360514442,
          0.2778244120336366,
          0.5137379521232743,
          0.7268148636697496,
          0.8984530751127966
        ],
        "n_part_median": 5.0,
        "n_part_max": 8
      },
      "1": {
        "n_events_total": 110564,
        "H_p_norm": [
          0.6186395111467016,
          0.8543991716614758,
          0.8903260832066783,
          0.8731284152026872,
          0.8848254178991742,
          0.713466507517786,
          0.494919343344859,
          0.2662785944290855
        ],
        "P_absent": [
          0.0,
          0.0,
          0.0,
          0.00034369234108751494,
          0.2856806917260591,
          0.5151586411490178,
          0.7122571542274158,
          0.8711063275568901
        ],
        "n_part_median": 5.0,
        "n_part_max": 8
      }
    },
    "n_valid": 8
  },
  "subject_level": {
    "delta_obs_subject": -0.18472824320112236,
    "n_combos": 784,
    "subject_combo_rank": 784,
    "subject_combo_percentile": 0.0012755102040816326,
    "is_subject_combo_max": false,
    "p_N1_subject": 1.0,
    "min_attainable_p_N1_subject": 0.0012755102040816326,
    "subject_eligibility_flag": "ok"
  },
  "subject_id": "922",
  "dataset": "epilepsiae",
  "stem": "epilepsiae_922",
  "stable_k": 2,
  "valid_mask_provenance": "pr6_union",
  "n_valid_channels": 8,
  "swap_class_full": "none"
}