{
  "clusters": {
    "0": {
      "n_events_total_k": 79122,
      "n_events_kept_k": 2122,
      "drop_rate_k": 0.9731806577184601,
      "eligibility_flag": "high_drop_rate_warning",
      "delta": -0.21967412688049837,
      "asymmetry": 0.30815118114940776,
      "H_p_norm": [
        0.8291360409492824,
        0.855937948161622,
        0.8774576812488999,
        0.8652024454375351,
        0.8860535847733317,
        0.92242304179074,
        0.9421120972050355,
        0.947466380885535,
        0.9541011012871043,
        0.9485212349249904,
        0.9399684379253999,
        0.9180850079814616,
        0.9025163722251781,
        0.868890583017284,
        0.697548164706959,
        0.5209848597998746
      ],
      "p_N0": 1.0,
      "N1_cluster": {
        "delta_obs": -0.21967412688049848,
        "endpoint_pair_rank": 119,
        "endpoint_pair_percentile": 0.016666666666666666,
        "is_endpoint_pair_max": false,
        "p_N1": 0.9916666666666667,
        "min_attainable_p_N1": 0.008333333333333333,
        "n_valid": 16
      }
    },
    "1": {
      "n_events_total_k": 86455,
      "n_events_kept_k": 4667,
      "drop_rate_k": 0.946018159736279,
      "eligibility_flag": "high_drop_rate_warning",
      "delta": -0.2235179983278205,
      "asymmetry": 0.19549936836936244,
      "H_p_norm": [
        0.7693880720187982,
        0.7811058879873447,
        0.8549117626397531,
        0.8908389138950432,
        0.9146479967442218,
        0.9203311182998613,
        0.9381471932799973,
        0.9422367543718582,
        0.9517480230585725,
        0.9536856675559235,
        0.9544660949461663,
        0.9261820372507965,
        0.9119888913558039,
        0.842817396487525,
        0.7490816683942559,
        0.5738887036494358
      ],
      "p_N0": 1.0,
      "N1_cluster": {
        "delta_obs": -0.22351799832782038,
        "endpoint_pair_rank": 119,
        "endpoint_pair_percentile": 0.016666666666666666,
        "is_endpoint_pair_max": false,
        "p_N1": 0.9916666666666667,
        "min_attainable_p_N1": 0.008333333333333333,
        "n_valid": 16
      }
    }
  },
  "params": {
    "n_clusters": 2,
    "n_valid": 16,
    "n_perm_N0": 1000,
    "base_seed_N0": 0,
    "min_kept_events": 50,
    "high_drop_rate_warn": 0.5
  },
  "subject_level": {
    "delta_obs_subject": -0.22159606260415943,
    "n_combos": 14400,
    "subject_combo_rank": 14393,
    "subject_combo_percentile": 0.0005555555555555556,
    "is_subject_combo_max": false,
    "p_N1_subject": 0.9995138888888889,
    "min_attainable_p_N1_subject": 6.944444444444444e-05,
    "subject_eligibility_flag": "ok"
  },
  "subject_id": "958",
  "dataset": "epilepsiae",
  "stem": "epilepsiae_958",
  "stable_k": 2,
  "valid_mask_provenance": "pr6_union",
  "n_valid_channels": 16,
  "swap_class_full": "strict"
}