{
  "clusters": {
    "0": {
      "n_events_total_k": 7250,
      "n_events_kept_k": 10,
      "drop_rate_k": 0.9986206896551724,
      "eligibility_flag": "excluded_low_kept_events",
      "delta": NaN,
      "asymmetry": NaN,
      "H_p_norm": null,
      "p_N0": NaN,
      "N1_cluster": null
    },
    "1": {
      "n_events_total_k": 6723,
      "n_events_kept_k": 7,
      "drop_rate_k": 0.9989587981555853,
      "eligibility_flag": "excluded_low_kept_events",
      "delta": NaN,
      "asymmetry": NaN,
      "H_p_norm": null,
      "p_N0": NaN,
      "N1_cluster": null
    }
  },
  "params": {
    "n_clusters": 2,
    "n_valid": 10,
    "n_perm_N0": 1000,
    "base_seed_N0": 0,
    "min_kept_events": 50,
    "high_drop_rate_warn": 0.5
  },
  "with_absent": {
    "clusters_with_absent": {
      "0": {
        "n_events_total": 7250,
        "H_p_norm": [
          0.8033771633884015,
          0.7817604760272727,
          0.8054904589510244,
          0.8309358916515526,
          0.8722916339258833,
          0.7592902148276754,
          0.4214835678749184,
          0.14558947049005283,
          0.03760268851692469,
          0.0049099105677026765
        ],
        "P_absent": [
          0.0,
          0.0,
          0.0,
          0.0008275862068965517,
          0.004413793103448276,
          0.47613793103448276,
          0.7678620689655172,
          0.9355862068965517,
          0.9864827586206897,
          0.9986206896551724
        ],
        "n_part_median": 6.0,
        "n_part_max": 10
      },
      "1": {
        "n_events_total": 6723,
        "H_p_norm": [
          0.9300980234165851,
          0.8743110637967374,
          0.8355613027183042,
          0.8270680663999345,
          0.8338762945193107,
          0.7430225828193425,
          0.41565358421995446,
          0.13793550938025279,
          0.03811098161334105,
          0.0038519643227515744
        ],
        "P_absent": [
          0.0,
          0.0,
          0.0,
          0.0004462293618920125,
          0.004016064257028112,
          0.4667559125390451,
          0.7761416034508404,
          0.9446675591253905,
          0.9876543209876543,
          0.9989587981555853
        ],
        "n_part_median": 6.0,
        "n_part_max": 10
      }
    },
    "n_valid": 10
  },
  "subject_level": {
    "subject_eligibility_flag": "excluded_one_or_both_clusters"
  },
  "subject_id": "635",
  "dataset": "epilepsiae",
  "stem": "epilepsiae_635",
  "stable_k": 2,
  "valid_mask_provenance": "pr6_union",
  "n_valid_channels": 10,
  "swap_class_full": "strict"
}