{
  "clusters": {
    "0": {
      "n_events_total_k": 30758,
      "n_events_kept_k": 8666,
      "drop_rate_k": 0.7182521620391442,
      "eligibility_flag": "high_drop_rate_warning",
      "delta": -0.16381940530312622,
      "asymmetry": 0.20856532506913628,
      "H_p_norm": [
        0.8008805402468552,
        0.8541699562096385,
        0.8730141359391473,
        0.8856893442144506,
        0.9070135852950033,
        0.9205211767451559,
        0.9342643755495056,
        0.9435484874511871,
        0.9382314990472002,
        0.8924956808482395,
        0.8478061926305597,
        0.7922551946439521,
        0.7443391745715139,
        0.6520758760548174,
        0.5923152151777189
      ],
      "p_N0": 1.0,
      "N1_cluster": {
        "delta_obs": -0.16381940530312622,
        "endpoint_pair_rank": 102,
        "endpoint_pair_percentile": 0.0380952380952381,
        "is_endpoint_pair_max": false,
        "p_N1": 0.9714285714285714,
        "min_attainable_p_N1": 0.009523809523809525,
        "n_valid": 15
      }
    },
    "1": {
      "n_events_total_k": 15925,
      "n_events_kept_k": 2556,
      "drop_rate_k": 0.8394976452119309,
      "eligibility_flag": "high_drop_rate_warning",
      "delta": -0.07616904325923035,
      "asymmetry": -0.0324230853136932,
      "H_p_norm": [
        0.8742621823377962,
        0.9175276383698076,
        0.9376707399132405,
        0.954302040568056,
        0.9709802675577485,
        0.9897421056152602,
        0.9940063149112669,
        0.9924498548514578,
        0.9881335822465245,
        0.9846895006145344,
        0.9717070075170321,
        0.9619890267430486,
        0.9576325892379514,
        0.9455253191544213,
        0.9066852676514894
      ],
      "p_N0": 1.0,
      "N1_cluster": {
        "delta_obs": -0.07616904325923024,
        "endpoint_pair_rank": 105,
        "endpoint_pair_percentile": 0.009523809523809525,
        "is_endpoint_pair_max": false,
        "p_N1": 1.0,
        "min_attainable_p_N1": 0.009523809523809525,
        "n_valid": 15
      }
    }
  },
  "params": {
    "n_clusters": 2,
    "n_valid": 15,
    "n_perm_N0": 1000,
    "base_seed_N0": 0,
    "min_kept_events": 50,
    "high_drop_rate_warn": 0.5
  },
  "with_absent": {
    "clusters_with_absent": {
      "0": {
        "n_events_total": 30758,
        "H_p_norm": [
          0.8002114873732168,
          0.8470113496465637,
          0.8689546658935021,
          0.8944441372687688,
          0.923126286052707,
          0.9477439272855396,
          0.9636676737401197,
          0.9674852211376329,
          0.9736333739208234,
          0.9086289900824636,
          0.822342421176498,
          0.7263804050539324,
          0.6368793102273651,
          0.5115241979930516,
          0.3774542860188587
        ],
        "P_absent": [
          0.0,
          0.0,
          0.0,
          0.0,
          0.0,
          0.0,
          3.2511866831393456e-05,
          0.00019507120098836075,
          0.08716431497496586,
          0.17709213863060017,
          0.26620716561544966,
          0.3618895897002406,
          0.46443201768645553,
          0.5832954028220301,
          0.7182521620391443
        ],
        "n_part_median": 13.0,
        "n_part_max": 15
      },
      "1": {
        "n_events_total": 15925,
        "H_p_norm": [
          0.8458614013081158,
          0.8783813487512362,
          0.9122414730189762,
          0.9390809654983375,
          0.9641286998329728,
          0.9704106977148816,
          0.9648654477036305,
          0.9553837433581821,
          0.9597885910174757,
          0.9033487166848985,
          0.8257316652771453,
          0.7283574754411959,
          0.6139237377757809,
          0.46336401315008235,
          0.3010151795454415
        ],
        "P_absent": [
          0.0,
          0.0,
          0.0,
          0.0,
          0.0,
          6.279434850863422e-05,
          0.0003139717425431711,
          0.0009419152276295133,
          0.12521193092621663,
          0.24766091051805336,
          0.36339089481946624,
          0.4794348508634223,
          0.5963579277864992,
          0.7249607535321821,
          0.8394976452119309
        ],
        "n_part_median": 12.0,
        "n_part_max": 15
      }
    },
    "n_valid": 15
  },
  "subject_level": {
    "delta_obs_subject": -0.11999422428117823,
    "n_combos": 11025,
    "subject_combo_rank": 10956,
    "subject_combo_percentile": 0.006349206349206349,
    "is_subject_combo_max": false,
    "p_N1_subject": 0.9937414965986394,
    "min_attainable_p_N1_subject": 9.070294784580499e-05,
    "subject_eligibility_flag": "ok"
  },
  "subject_id": "1146",
  "dataset": "epilepsiae",
  "stem": "epilepsiae_1146",
  "stable_k": 2,
  "valid_mask_provenance": "pr6_union",
  "n_valid_channels": 15,
  "swap_class_full": "strict"
}