{
  "clusters": {
    "0": {
      "n_events_total_k": 3168,
      "n_events_kept_k": 154,
      "drop_rate_k": 0.9513888888888888,
      "eligibility_flag": "high_drop_rate_warning",
      "delta": -0.16707860439874567,
      "asymmetry": -0.04786984813376094,
      "H_p_norm": [
        0.6500274562120993,
        0.7489705135288923,
        0.8160726836900244,
        0.8752795686122894,
        0.863180030799012,
        0.8433282224498209,
        0.9017341198490868,
        0.9118886376133999,
        0.9255072715299317,
        0.9242960464823757,
        0.8886503536332744,
        0.8499898973573768,
        0.6974063291101381,
        0.6872291261548092,
        0.6978973043458603
      ],
      "p_N0": 1.0,
      "N1_cluster": {
        "delta_obs": -0.16707860439874567,
        "endpoint_pair_rank": 103,
        "endpoint_pair_percentile": 0.02857142857142857,
        "is_endpoint_pair_max": false,
        "p_N1": 0.9809523809523809,
        "min_attainable_p_N1": 0.009523809523809525,
        "n_valid": 15
      }
    },
    "1": {
      "n_events_total_k": 3388,
      "n_events_kept_k": 93,
      "drop_rate_k": 0.9725501770956316,
      "eligibility_flag": "high_drop_rate_warning",
      "delta": -0.30095212140320227,
      "asymmetry": -0.03914486456377969,
      "H_p_norm": [
        0.49912760208713697,
        0.6624702790574618,
        0.7098888427387225,
        0.7921206897411402,
        0.8620594153415057,
        0.8791656886360364,
        0.9240801306966548,
        0.9231020734859571,
        0.8991628690427955,
        0.8410191512662344,
        0.8017298717251043,
        0.8128414454367013,
        0.8366975329991928,
        0.7111400348714706,
        0.5382724666509167
      ],
      "p_N0": 1.0,
      "N1_cluster": {
        "delta_obs": -0.30095212140320227,
        "endpoint_pair_rank": 105,
        "endpoint_pair_percentile": 0.009523809523809525,
        "is_endpoint_pair_max": false,
        "p_N1": 1.0,
        "min_attainable_p_N1": 0.009523809523809525,
        "n_valid": 15
      }
    }
  },
  "params": {
    "n_clusters": 2,
    "n_valid": 15,
    "n_perm_N0": 1000,
    "base_seed_N0": 0,
    "min_kept_events": 50,
    "high_drop_rate_warn": 0.5
  },
  "with_absent": {
    "clusters_with_absent": {
      "0": {
        "n_events_total": 3168,
        "H_p_norm": [
          0.8240180859658544,
          0.8630553484593568,
          0.8850808766153463,
          0.9052841693115046,
          0.9329983737563425,
          0.9442013502776815,
          0.9416056561534395,
          0.9251892671074097,
          0.901532909889118,
          0.7676671904569333,
          0.6434152029057738,
          0.5037247623998832,
          0.3694854054805792,
          0.23772331241180356,
          0.10325274182820009
        ],
        "P_absent": [
          0.0,
          0.0,
          0.0,
          0.0,
          0.0,
          0.0,
          0.0003156565656565657,
          0.002840909090909091,
          0.19318181818181818,
          0.3712121212121212,
          0.5050505050505051,
          0.6363636363636364,
          0.7547348484848485,
          0.8611111111111112,
          0.9513888888888888
        ],
        "n_part_median": 10.0,
        "n_part_max": 15
      },
      "1": {
        "n_events_total": 3388,
        "H_p_norm": [
          0.8256597384763291,
          0.8429579467669993,
          0.8759380143212326,
          0.9149107986250878,
          0.9387442810250416,
          0.9466209867978466,
          0.9485482677478403,
          0.9504577712259339,
          0.9070470523622531,
          0.7435544326884946,
          0.5687185420902349,
          0.40693157469688945,
          0.2744784401344843,
          0.15431855671186812,
          0.059790802523433065
        ],
        "P_absent": [
          0.0,
          0.0,
          0.0,
          0.0,
          0.0,
          0.0,
          0.0,
          0.0029515938606847697,
          0.2334710743801653,
          0.4462809917355372,
          0.6165879574970484,
          0.7482290436835891,
          0.8438606847697757,
          0.9211924439197167,
          0.9725501770956316
        ],
        "n_part_median": 10.0,
        "n_part_max": 15
      }
    },
    "n_valid": 15
  },
  "subject_level": {
    "delta_obs_subject": -0.23401536290097397,
    "n_combos": 11025,
    "subject_combo_rank": 11023,
    "subject_combo_percentile": 0.00027210884353741496,
    "is_subject_combo_max": false,
    "p_N1_subject": 0.9998185941043084,
    "min_attainable_p_N1_subject": 9.070294784580499e-05,
    "subject_eligibility_flag": "ok"
  },
  "subject_id": "442",
  "dataset": "epilepsiae",
  "stem": "epilepsiae_442",
  "stable_k": 2,
  "valid_mask_provenance": "pr6_union",
  "n_valid_channels": 15,
  "swap_class_full": "none"
}