{
  "clusters": {
    "0": {
      "n_events_total_k": 4059,
      "n_events_kept_k": 41,
      "drop_rate_k": 0.98989898989899,
      "eligibility_flag": "excluded_low_kept_events",
      "delta": NaN,
      "asymmetry": NaN,
      "H_p_norm": null,
      "p_N0": NaN,
      "N1_cluster": null
    },
    "1": {
      "n_events_total_k": 5550,
      "n_events_kept_k": 115,
      "drop_rate_k": 0.9792792792792793,
      "eligibility_flag": "high_drop_rate_warning",
      "delta": -0.1672147416698503,
      "asymmetry": 0.5278652356557642,
      "H_p_norm": [
        0.7721325179737145,
        0.7591653043186337,
        0.7612295310672359,
        0.7741253143415238,
        0.7886148135675064,
        0.7696142926589478,
        0.4633647374296302,
        0.5507960732319052,
        0.536407067910079,
        0.2442672823179504
      ],
      "p_N0": 1.0,
      "N1_cluster": {
        "delta_obs": -0.1672147416698503,
        "endpoint_pair_rank": 37,
        "endpoint_pair_percentile": 0.2,
        "is_endpoint_pair_max": false,
        "p_N1": 0.8222222222222222,
        "min_attainable_p_N1": 0.022222222222222223,
        "n_valid": 10
      }
    }
  },
  "params": {
    "n_clusters": 2,
    "n_valid": 10,
    "n_perm_N0": 1000,
    "base_seed_N0": 0,
    "min_kept_events": 50,
    "high_drop_rate_warn": 0.5
  },
  "subject_level": {
    "subject_eligibility_flag": "excluded_one_or_both_clusters"
  },
  "subject_id": "chenziyang",
  "dataset": "yuquan",
  "stem": "yuquan_chenziyang",
  "stable_k": 2,
  "valid_mask_provenance": "pr6_union",
  "n_valid_channels": 10,
  "swap_class_full": "candidate"
}