{
  "clusters": {
    "0": {
      "n_events_total_k": 3284,
      "n_events_kept_k": 47,
      "drop_rate_k": 0.9856881851400731,
      "eligibility_flag": "excluded_low_kept_events",
      "delta": NaN,
      "asymmetry": NaN,
      "H_p_norm": null,
      "p_N0": NaN,
      "N1_cluster": null
    },
    "1": {
      "n_events_total_k": 2184,
      "n_events_kept_k": 19,
      "drop_rate_k": 0.9913003663003663,
      "eligibility_flag": "excluded_low_kept_events",
      "delta": NaN,
      "asymmetry": NaN,
      "H_p_norm": null,
      "p_N0": NaN,
      "N1_cluster": null
    }
  },
  "params": {
    "n_clusters": 2,
    "n_valid": 22,
    "n_perm_N0": 1000,
    "base_seed_N0": 0,
    "min_kept_events": 50,
    "high_drop_rate_warn": 0.5
  },
  "with_absent": {
    "clusters_with_absent": {
      "0": {
        "n_events_total": 3284,
        "H_p_norm": [
          0.8856092573634957,
          0.8843416253125668,
          0.8925926459033342,
          0.9076892192535876,
          0.925700256280482,
          0.9463220660274,
          0.9577202347689496,
          0.9663443032440728,
          0.9742514484162594,
          0.9793100340441748,
          0.9756691505058945,
          0.9728877547508192,
          0.918015752257875,
          0.8387170956796065,
          0.7368010133137749,
          0.621908936200285,
          0.506607581336376,
          0.3946723501412846,
          0.2869574313089453,
          0.1876258695999805,
          0.09358610755100334,
          0.03323068602394534
        ],
        "P_absent": [
          0.0,
          0.0,
          0.0,
          0.0,
          0.0,
          0.0,
          0.0,
          0.0,
          0.0,
          0.0009135200974421437,
          0.003958587088915956,
          0.09470158343483556,
          0.20188794153471376,
          0.31425091352009743,
          0.4278319123020706,
          0.5398903775883069,
          0.642204628501827,
          0.7384287454323996,
          0.8227771010962242,
          0.8958587088915956,
          0.953714981729598,
          0.9856881851400731
        ],
        "n_part_median": 15.0,
        "n_part_max": 22
      },
      "1": {
        "n_events_total": 2184,
        "H_p_norm": [
          0.909091485515371,
          0.9198671385719749,
          0.9291555976042096,
          0.9478942492185699,
          0.96369305452942,
          0.974266373290223,
          0.9694072166342035,
          0.9623626522056938,
          0.9514971662470155,
          0.9473649306211582,
          0.9475044038942099,
          0.9344617498429307,
          0.8619228941729815,
          0.7695861358074872,
          0.6542744712751507,
          0.5532169400234416,
          0.4342333660630634,
          0.3075158731684483,
          0.20466532637323492,
          0.13860798254095877,
          0.06668338500683264,
          0.022121072474487358
        ],
        "P_absent": [
          0.0,
          0.0,
          0.0,
          0.0,
          0.0,
          0.0,
          0.0,
          0.0,
          0.0,
          0.0009157509157509158,
          0.005952380952380952,
          0.1401098901098901,
          0.2673992673992674,
          0.3882783882783883,
          0.521978021978022,
          0.6263736263736264,
          0.7257326007326007,
          0.8214285714285714,
          0.8901098901098901,
          0.9317765567765568,
          0.9702380952380952,
          0.9913003663003663
        ],
        "n_part_median": 14.0,
        "n_part_max": 22
      }
    },
    "n_valid": 22
  },
  "subject_level": {
    "subject_eligibility_flag": "excluded_one_or_both_clusters"
  },
  "subject_id": "hanyuxuan",
  "dataset": "yuquan",
  "stem": "yuquan_hanyuxuan",
  "stable_k": 2,
  "valid_mask_provenance": "pr6_union",
  "n_valid_channels": 22,
  "swap_class_full": "strict"
}