{
  "clusters": {
    "0": {
      "n_events_total_k": 176,
      "n_events_kept_k": 0,
      "drop_rate_k": 1.0,
      "eligibility_flag": "excluded_low_kept_events",
      "delta": NaN,
      "asymmetry": NaN,
      "H_p_norm": null,
      "p_N0": NaN,
      "N1_cluster": null
    },
    "1": {
      "n_events_total_k": 271,
      "n_events_kept_k": 0,
      "drop_rate_k": 1.0,
      "eligibility_flag": "excluded_low_kept_events",
      "delta": NaN,
      "asymmetry": NaN,
      "H_p_norm": null,
      "p_N0": NaN,
      "N1_cluster": null
    }
  },
  "params": {
    "n_clusters": 2,
    "n_valid": 38,
    "n_perm_N0": 1000,
    "base_seed_N0": 0,
    "min_kept_events": 50,
    "high_drop_rate_warn": 0.5
  },
  "with_absent": {
    "clusters_with_absent": {
      "0": {
        "n_events_total": 176,
        "H_p_norm": [
          0.8865023244369472,
          0.9173237450513279,
          0.91801158963895,
          0.9103000940093591,
          0.9086914811612617,
          0.9376239293667968,
          0.9314365604086705,
          0.9385598264935914,
          0.9380204208939767,
          0.9491237944296568,
          0.939328971160968,
          0.9448312146047708,
          0.949735561199433,
          0.9565826326049975,
          0.9538758648967052,
          0.9480866647537716,
          0.9384411570441159,
          0.9504280567872784,
          0.939754305079615,
          0.9137684525071068,
          0.8561401455211799,
          0.7093559281832447,
          0.6023846070534296,
          0.49754462763454277,
          0.41577336379639057,
          0.302669747260747,
          0.24280089314274642,
          0.1800102117611688,
          0.11934379819707865,
          0.06676981753503469,
          0.04773781440825431,
          0.019121917682972913,
          0.019121917682972913,
          0.009565390008790317,
          -0.0,
          -0.0,
          -0.0,
          -0.0
        ],
        "P_absent": [
          0.0,
          0.0,
          0.0,
          0.0,
          0.0,
          0.0,
          0.0,
          0.0,
          0.0,
          0.0,
          0.0,
          0.0,
          0.0,
          0.0,
          0.0,
          0.0,
          0.0,
          0.0,
          0.005681818181818182,
          0.11363636363636363,
          0.23863636363636365,
          0.3977272727272727,
          0.5170454545454546,
          0.6306818181818182,
          0.7045454545454546,
          0.7897727272727273,
          0.8409090909090909,
          0.8806818181818182,
          0.9261363636363636,
          0.9602272727272727,
          0.9715909090909091,
          0.9886363636363636,
          0.9886363636363636,
          0.9943181818181818,
          1.0,
          1.0,
          1.0,
          1.0
        ],
        "n_part_median": 22.0,
        "n_part_max": 34
      },
      "1": {
        "n_events_total": 271,
        "H_p_norm": [
          0.7666638684370386,
          0.7552621593144928,
          0.7880913596488793,
          0.815121410619374,
          0.8453623371967223,
          0.8625202428182568,
          0.9014939796651863,
          0.8975267522641845,
          0.8964207526239187,
          0.9244972355187268,
          0.9271818259199938,
          0.917866858629904,
          0.9195937006158427,
          0.8987263224666298,
          0.9028893441091845,
          0.9177972669811919,
          0.9234410451666986,
          0.8945237275355643,
          0.8866989463416898,
          0.8793747453581678,
          0.7878055889705491,
          0.7005018693199739,
          0.5964034623481312,
          0.5391528126285908,
          0.4560533137266435,
          0.36315077992174155,
          0.3000954021949848,
          0.24086859915832426,
          0.2117158869628436,
          0.17784438936921193,
          0.13457034156772507,
          0.11622771787234142,
          0.0833359571432494,
          0.05168220480222189,
          0.006647969338688817,
          -0.0,
          -0.0,
          -0.0
        ],
        "P_absent": [
          0.0,
          0.0,
          0.0,
          0.0,
          0.0,
          0.0,
          0.0,
          0.0,
          0.0,
          0.0,
          0.0,
          0.0,
          0.0,
          0.0,
          0.0,
          0.0,
          0.0,
          0.0,
          0.0036900369003690036,
          0.12546125461254612,
          0.2767527675276753,
          0.4095940959409594,
          0.5018450184501845,
          0.5719557195571956,
          0.6457564575645757,
          0.7306273062730627,
          0.7896678966789668,
          0.8376383763837638,
          0.8523985239852399,
          0.8856088560885609,
          0.9114391143911439,
          0.9298892988929889,
          0.9520295202952029,
          0.9704797047970479,
          0.996309963099631,
          1.0,
          1.0,
          1.0
        ],
        "n_part_median": 22.0,
        "n_part_max": 35
      }
    },
    "n_valid": 38
  },
  "subject_level": {
    "subject_eligibility_flag": "excluded_one_or_both_clusters"
  },
  "subject_id": "songzishuo",
  "dataset": "yuquan",
  "stem": "yuquan_songzishuo",
  "stable_k": 2,
  "valid_mask_provenance": "pr6_union",
  "n_valid_channels": 38,
  "swap_class_full": "none"
}