{
  "clusters": {
    "0": {
      "n_events_total_k": 4249,
      "n_events_kept_k": 5,
      "drop_rate_k": 0.998823252530007,
      "eligibility_flag": "excluded_low_kept_events",
      "delta": NaN,
      "asymmetry": NaN,
      "H_p_norm": null,
      "p_N0": NaN,
      "N1_cluster": null
    },
    "1": {
      "n_events_total_k": 4122,
      "n_events_kept_k": 1,
      "drop_rate_k": 0.999757399320718,
      "eligibility_flag": "excluded_low_kept_events",
      "delta": NaN,
      "asymmetry": NaN,
      "H_p_norm": null,
      "p_N0": NaN,
      "N1_cluster": null
    }
  },
  "params": {
    "n_clusters": 2,
    "n_valid": 52,
    "n_perm_N0": 1000,
    "base_seed_N0": 0,
    "min_kept_events": 50,
    "high_drop_rate_warn": 0.5
  },
  "with_absent": {
    "clusters_with_absent": {
      "0": {
        "n_events_total": 4249,
        "H_p_norm": [
          0.8851359090400411,
          0.8871197278081596,
          0.8974801109010899,
          0.9020906510185749,
          0.9075364563324857,
          0.9127698610825734,
          0.9183155680260647,
          0.9303784627634137,
          0.93970623963195,
          0.9457037239407776,
          0.9521378525391908,
          0.9547926629933268,
          0.9618193271247423,
          0.9643086014589076,
          0.9695869826446976,
          0.9718871316806252,
          0.9738597742745267,
          0.9798414402115331,
          0.9820484192715941,
          0.9817330637430007,
          0.9827177515846843,
          0.9805557289155327,
          0.9803373607262488,
          0.9771225375121879,
          0.9744259319076088,
          0.9708534505536229,
          0.9648834791188942,
          0.9415378229602732,
          0.9067719442134609,
          0.8661215983622987,
          0.8248429862827198,
          0.7687089317527129,
          0.7222084756639604,
          0.6663838602207702,
          0.6163015965144243,
          0.5647196241537257,
          0.505999028333815,
          0.4536706217720035,
          0.40364510833702183,
          0.3542149010380693,
          0.3103540811745348,
          0.26344755993853686,
          0.2130306609282045,
          0.17479401262328817,
          0.13503082613414039,
          0.09743109554969435,
          0.06949873110886876,
          0.04655430639187251,
          0.031466554886378055,
          0.013523655377568163,
          0.007433051876888389,
          0.002772370383993077
        ],
        "P_absent": [
          0.0,
          0.0,
          0.0,
          0.0,
          0.0,
          0.0,
          0.0,
          0.0,
          0.0,
          0.0,
          0.0,
          0.0,
          0.0,
          0.0,
          0.0,
          0.0,
          0.0,
          0.0,
          0.0,
          0.0,
          0.0,
          0.0002353494939985879,
          0.0004706989879971758,
          0.0007060484819957637,
          0.0011767474699929394,
          0.004706989879971758,
          0.05036479171569781,
          0.10661332078136032,
          0.16427394681101434,
          0.22617086373264297,
          0.2857142857142857,
          0.3502000470698988,
          0.4097434690515415,
          0.46481525064721113,
          0.5158860908449047,
          0.5655448340786068,
          0.6206166156742763,
          0.6667451164979995,
          0.708166627441751,
          0.7491174393975053,
          0.7872440574252766,
          0.8239585784890563,
          0.8618498470228289,
          0.8898564368086609,
          0.91833372558249,
          0.942339373970346,
          0.9616380324782302,
          0.9748176041421511,
          0.9837608849140974,
          0.9936455636620382,
          0.9967051070840197,
          0.998823252530007
        ],
        "n_part_median": 34.0,
        "n_part_max": 52
      },
      "1": {
        "n_events_total": 4122,
        "H_p_norm": [
          0.9508478183028036,
          0.9541098434200108,
          0.9576283748977256,
          0.9604531234537967,
          0.9643265131908464,
          0.9705848354842876,
          0.9698862768519879,
          0.9691764475868497,
          0.9725626674591741,
          0.9728301860504007,
          0.9741491576608174,
          0.9774792810927423,
          0.9797430346192834,
          0.9773639097204654,
          0.9815769298994752,
          0.9834267005143964,
          0.9850211452975962,
          0.9851154345111744,
          0.9860616928504715,
          0.9863466580789813,
          0.9857742202287316,
          0.9878679637243617,
          0.986222695534583,
          0.9858059608350609,
          0.9843366618455779,
          0.9846355006469879,
          0.9762003198239838,
          0.9410631152010054,
          0.8991120560297758,
          0.8458335049004926,
          0.7921025870344137,
          0.732169751845149,
          0.667162821217444,
          0.6144622074433406,
          0.5618824895421441,
          0.5009852849622758,
          0.4481108734386516,
          0.3874069620387766,
          0.33579750511200956,
          0.27859594646976,
          0.2304434291194453,
          0.19024723079822545,
          0.15560573474966372,
          0.12686200359842395,
          0.09560241139050403,
          0.067539343155747,
          0.04427436063615269,
          0.026280524725671932,
          0.013999684630154068,
          0.006897108732892264,
          0.0021941305988973188,
          0.0005697319238845344
        ],
        "P_absent": [
          0.0,
          0.0,
          0.0,
          0.0,
          0.0,
          0.0,
          0.0,
          0.0,
          0.0,
          0.0,
          0.0,
          0.0,
          0.0,
          0.0,
          0.0,
          0.0,
          0.0,
          0.0,
          0.0,
          0.0,
          0.0,
          0.0,
          0.0,
          0.0,
          0.0012130033964095099,
          0.005579815623483746,
          0.06283357593401262,
          0.13779718583212033,
          0.2088791848617176,
          0.2819019893255701,
          0.34740417273168367,
          0.4153323629306162,
          0.48301795245026685,
          0.537117903930131,
          0.5873362445414847,
          0.6414361960213488,
          0.6872877244056284,
          0.7367782629791363,
          0.7792333818534692,
          0.8209606986899564,
          0.8578360019408054,
          0.885977680737506,
          0.9082969432314411,
          0.9274623968947113,
          0.9475982532751092,
          0.9636098981077147,
          0.9771955361475012,
          0.9868995633187773,
          0.9932071809801067,
          0.9968461911693353,
          0.9990295972828724,
          0.999757399320718
        ],
        "n_part_median": 33.0,
        "n_part_max": 52
      }
    },
    "n_valid": 52
  },
  "subject_level": {
    "subject_eligibility_flag": "excluded_one_or_both_clusters"
  },
  "subject_id": "zhangbichen",
  "dataset": "yuquan",
  "stem": "yuquan_zhangbichen",
  "stable_k": 2,
  "valid_mask_provenance": "pr6_union",
  "n_valid_channels": 52,
  "swap_class_full": "none"
}