{
  "clusters": {
    "0": {
      "n_events_total_k": 2105,
      "n_events_kept_k": 1,
      "drop_rate_k": 0.9995249406175772,
      "eligibility_flag": "excluded_low_kept_events",
      "delta": NaN,
      "asymmetry": NaN,
      "H_p_norm": null,
      "p_N0": NaN,
      "N1_cluster": null
    },
    "1": {
      "n_events_total_k": 1709,
      "n_events_kept_k": 1,
      "drop_rate_k": 0.9994148624926857,
      "eligibility_flag": "excluded_low_kept_events",
      "delta": NaN,
      "asymmetry": NaN,
      "H_p_norm": null,
      "p_N0": NaN,
      "N1_cluster": null
    }
  },
  "params": {
    "n_clusters": 2,
    "n_valid": 26,
    "n_perm_N0": 1000,
    "base_seed_N0": 0,
    "min_kept_events": 50,
    "high_drop_rate_warn": 0.5
  },
  "with_absent": {
    "clusters_with_absent": {
      "0": {
        "n_events_total": 2105,
        "H_p_norm": [
          0.915672202341324,
          0.9192412160742547,
          0.9335899091116306,
          0.9441695671904632,
          0.954715829253964,
          0.9510304584077428,
          0.9579236573290824,
          0.9696804031659919,
          0.9734664068729659,
          0.9799572415329335,
          0.9831025669145148,
          0.9715362866366429,
          0.9511514875166183,
          0.8875874241819224,
          0.7279790057197248,
          0.5598907051391475,
          0.40945283968242774,
          0.29988765435390463,
          0.19686360305876832,
          0.11659196778453604,
          0.07360107983222637,
          0.03618789058268179,
          0.019537391226129408,
          0.009175350834510071,
          0.0012470685576528517,
          0.0012470685576528517
        ],
        "P_absent": [
          0.0,
          0.0,
          0.0,
          0.0,
          0.0,
          0.0,
          0.0,
          0.0,
          0.00047505938242280285,
          0.00047505938242280285,
          0.0014251781472684087,
          0.008076009501187649,
          0.027553444180522565,
          0.2142517814726841,
          0.42470308788598576,
          0.5942992874109264,
          0.7273159144893112,
          0.8109263657957244,
          0.8850356294536817,
          0.9387173396674584,
          0.9619952494061758,
          0.9828978622327791,
          0.9914489311163895,
          0.9961995249406176,
          0.9995249406175772,
          0.9995249406175772
        ],
        "n_part_median": 15.0,
        "n_part_max": 26
      },
      "1": {
        "n_events_total": 1709,
        "H_p_norm": [
          0.905425685577797,
          0.9136270960951942,
          0.9474413250183299,
          0.9718217099905422,
          0.9742735946993047,
          0.9744795494293227,
          0.9717680071743192,
          0.9721273917810356,
          0.9628731785440499,
          0.9588605997791986,
          0.964318475151247,
          0.9577682793732963,
          0.9608398688855385,
          0.8959066370862502,
          0.7603362954073276,
          0.5791251730527419,
          0.4187464867596045,
          0.28580058627648053,
          0.18051076163517904,
          0.1051302692333715,
          0.06224646813004242,
          0.03049318143581424,
          0.012749092589819743,
          0.0044967551259553545,
          0.001499022340804148,
          0.001499022340804148
        ],
        "P_absent": [
          0.0,
          0.0,
          0.0,
          0.0,
          0.0,
          0.0,
          0.0,
          0.0,
          0.0,
          0.0,
          0.0017554125219426564,
          0.007021650087770626,
          0.03510825043885313,
          0.2205968402574605,
          0.4154476301930954,
          0.6026916325336454,
          0.7419543592744295,
          0.8385020479812756,
          0.9052077238150965,
          0.9508484493856056,
          0.9724985371562317,
          0.9871269748390872,
          0.994733762434172,
          0.9982445874780573,
          0.9994148624926857,
          0.9994148624926857
        ],
        "n_part_median": 15.0,
        "n_part_max": 26
      }
    },
    "n_valid": 26
  },
  "subject_level": {
    "subject_eligibility_flag": "excluded_one_or_both_clusters"
  },
  "subject_id": "zhaochenxi",
  "dataset": "yuquan",
  "stem": "yuquan_zhaochenxi",
  "stable_k": 2,
  "valid_mask_provenance": "pr6_union",
  "n_valid_channels": 26,
  "swap_class_full": "strict"
}