{
  "clusters": {
    "0": {
      "n_events_total_k": 5847,
      "n_events_kept_k": 83,
      "drop_rate_k": 0.9858046861638448,
      "eligibility_flag": "high_drop_rate_warning",
      "delta": -0.4311118606100682,
      "asymmetry": 0.1830036557455097,
      "H_p_norm": [
        0.4728968246436929,
        0.6111642270920075,
        0.8195724780659257,
        0.8626015037919202,
        0.8727825032045415,
        0.8846071265379567,
        0.8959733768391978,
        0.901249413662941,
        0.8896181458222832,
        0.8886815706886174,
        0.8697415728597344,
        0.862989787663623,
        0.8247348338123602,
        0.3788726059119711,
        0.28989316889818323
      ],
      "p_N0": 1.0,
      "N1_cluster": {
        "delta_obs": -0.43111186061006807,
        "endpoint_pair_rank": 104,
        "endpoint_pair_percentile": 0.01904761904761905,
        "is_endpoint_pair_max": false,
        "p_N1": 0.9904761904761905,
        "min_attainable_p_N1": 0.009523809523809525,
        "n_valid": 15
      }
    },
    "1": {
      "n_events_total_k": 3799,
      "n_events_kept_k": 41,
      "drop_rate_k": 0.9892076862332193,
      "eligibility_flag": "excluded_low_kept_events",
      "delta": NaN,
      "asymmetry": NaN,
      "H_p_norm": null,
      "p_N0": NaN,
      "N1_cluster": null
    }
  },
  "params": {
    "n_clusters": 2,
    "n_valid": 15,
    "n_perm_N0": 1000,
    "base_seed_N0": 0,
    "min_kept_events": 50,
    "high_drop_rate_warn": 0.5
  },
  "subject_level": {
    "subject_eligibility_flag": "excluded_one_or_both_clusters"
  },
  "subject_id": "xuxinyi",
  "dataset": "yuquan",
  "stem": "yuquan_xuxinyi",
  "stable_k": 2,
  "valid_mask_provenance": "pr6_union",
  "n_valid_channels": 15,
  "swap_class_full": "none"
}