{
  "clusters": {
    "0": {
      "n_events_total_k": 1317,
      "n_events_kept_k": 7,
      "drop_rate_k": 0.9946848899012908,
      "eligibility_flag": "excluded_low_kept_events",
      "delta": NaN,
      "asymmetry": NaN,
      "H_p_norm": null,
      "p_N0": NaN,
      "N1_cluster": null
    },
    "1": {
      "n_events_total_k": 3768,
      "n_events_kept_k": 70,
      "drop_rate_k": 0.9814225053078556,
      "eligibility_flag": "high_drop_rate_warning",
      "delta": -0.1759320714512007,
      "asymmetry": -0.09780859201841163,
      "H_p_norm": [
        0.6320511597893419,
        0.7456832666102882,
        0.8249297659146594,
        0.8042330419681136,
        0.9508533742671453,
        0.9095922675939305,
        0.8728029348704688,
        0.9306842292916214,
        0.887353503276135,
        0.802912929235513,
        0.8398299594696091,
        0.7298597518077535
      ],
      "p_N0": 1.0,
      "N1_cluster": {
        "delta_obs": -0.1759320714512007,
        "endpoint_pair_rank": 66,
        "endpoint_pair_percentile": 0.015151515151515152,
        "is_endpoint_pair_max": false,
        "p_N1": 1.0,
        "min_attainable_p_N1": 0.015151515151515152,
        "n_valid": 12
      }
    }
  },
  "params": {
    "n_clusters": 2,
    "n_valid": 12,
    "n_perm_N0": 1000,
    "base_seed_N0": 0,
    "min_kept_events": 50,
    "high_drop_rate_warn": 0.5
  },
  "with_absent": {
    "clusters_with_absent": {
      "0": {
        "n_events_total": 1317,
        "H_p_norm": [
          0.864810652578639,
          0.9064027988691378,
          0.9255479629190573,
          0.9471710019005113,
          0.9569415466157078,
          0.9611431357655696,
          0.847905745272727,
          0.6360134174238797,
          0.42662092158583553,
          0.2438884070726289,
          0.12027549633418395,
          0.016541213152201188
        ],
        "P_absent": [
          0.0,
          0.0,
          0.0,
          0.0,
          0.0007593014426727411,
          0.02201974183750949,
          0.36522399392558846,
          0.5968109339407744,
          0.765375854214123,
          0.8830675778283978,
          0.9491268033409264,
          0.9946848899012908
        ],
        "n_part_median": 7.0,
        "n_part_max": 12
      },
      "1": {
        "n_events_total": 3768,
        "H_p_norm": [
          0.6856182396022273,
          0.7982648572235858,
          0.8836312113555606,
          0.9303994957594972,
          0.8910822490135561,
          0.8468416554385053,
          0.8304923185044732,
          0.6991875591854435,
          0.5227020835446832,
          0.3432065087411362,
          0.1731539321767573,
          0.04917948105201838
        ],
        "P_absent": [
          0.0,
          0.0,
          0.0,
          0.0,
          0.0,
          0.005573248407643312,
          0.273619957537155,
          0.4737261146496815,
          0.6618895966029724,
          0.807855626326964,
          0.9193205944798302,
          0.9814225053078556
        ],
        "n_part_median": 8.0,
        "n_part_max": 12
      }
    },
    "n_valid": 12
  },
  "subject_level": {
    "subject_eligibility_flag": "excluded_one_or_both_clusters"
  },
  "subject_id": "sunyuanxin",
  "dataset": "yuquan",
  "stem": "yuquan_sunyuanxin",
  "stable_k": 2,
  "valid_mask_provenance": "pr6_union",
  "n_valid_channels": 12,
  "swap_class_full": "none"
}