{
  "clusters": {
    "0": {
      "n_events_total_k": 2833,
      "n_events_kept_k": 29,
      "drop_rate_k": 0.9897635015884222,
      "eligibility_flag": "excluded_low_kept_events",
      "delta": NaN,
      "asymmetry": NaN,
      "H_p_norm": null,
      "p_N0": NaN,
      "N1_cluster": null
    },
    "1": {
      "n_events_total_k": 15357,
      "n_events_kept_k": 629,
      "drop_rate_k": 0.9590414794556228,
      "eligibility_flag": "high_drop_rate_warning",
      "delta": -0.09785848427465615,
      "asymmetry": -0.08784217847275588,
      "H_p_norm": [
        0.647162247227942,
        0.6308829861059015,
        0.642644843396041,
        0.67708870323805,
        0.6988014971115643,
        0.7467014038735996,
        0.7892114422993971,
        0.7596337096173892,
        0.7742948911299821,
        0.7873951541359685,
        0.7894054422445452,
        0.818948838304017,
        0.8849061694275556,
        0.8867709912218842,
        0.86837314916186,
        0.8567112141937256,
        0.8420510214300705,
        0.8320533154101044,
        0.8275452905694233,
        0.828532144069822,
        0.8272889990178178,
        0.8302290987015865,
        0.8331723677607812,
        0.803462276278867,
        0.698498749035473,
        0.7350044257006979
      ],
      "p_N0": 1.0,
      "N1_cluster": {
        "delta_obs": -0.09785848427465593,
        "endpoint_pair_rank": 308,
        "endpoint_pair_percentile": 0.055384615384615386,
        "is_endpoint_pair_max": false,
        "p_N1": 0.9476923076923077,
        "min_attainable_p_N1": 0.003076923076923077,
        "n_valid": 26
      }
    }
  },
  "params": {
    "n_clusters": 2,
    "n_valid": 26,
    "n_perm_N0": 1000,
    "base_seed_N0": 0,
    "min_kept_events": 50,
    "high_drop_rate_warn": 0.5
  },
  "with_absent": {
    "clusters_with_absent": {
      "0": {
        "n_events_total": 2833,
        "H_p_norm": [
          0.9460836911259204,
          0.9465265926303587,
          0.9417403266150465,
          0.9483473858751403,
          0.9429548717620905,
          0.9490185158425516,
          0.9558100306264364,
          0.9602228646400929,
          0.9631266944515666,
          0.9679457298643745,
          0.9727106066123273,
          0.9733878886811892,
          0.9775628639513169,
          0.9862089595536722,
          0.9649982862376001,
          0.9323683683932447,
          0.8683601121585249,
          0.7842794866110813,
          0.6984604090684428,
          0.5924100085506239,
          0.47887636077910845,
          0.3622496421296965,
          0.25213209057897895,
          0.15144222129755286,
          0.0815835408160926,
          0.02472638869165214
        ],
        "P_absent": [
          0.0,
          0.0,
          0.0,
          0.0,
          0.0,
          0.0,
          0.0,
          0.0,
          0.0,
          0.00035298270384751147,
          0.00035298270384751147,
          0.0014119308153900459,
          0.005294740557712672,
          0.0554182845040593,
          0.11683727497352629,
          0.18919872926226614,
          0.27920931874338156,
          0.38969290504765264,
          0.4832333215672432,
          0.5870102364984116,
          0.6858453935757148,
          0.7793858100953053,
          0.8598658665725379,
          0.9223438051535475,
          0.9622308506883163,
          0.9897635015884222
        ],
        "n_part_median": 19.0,
        "n_part_max": 26
      },
      "1": {
        "n_events_total": 15357,
        "H_p_norm": [
          0.5992751236113117,
          0.6904262608703223,
          0.7794187764044358,
          0.8455666690330929,
          0.8866616708325431,
          0.9184437837351858,
          0.931176322928795,
          0.9331474864386288,
          0.9294387394865565,
          0.9212536767115792,
          0.9136679065247748,
          0.9083044332249882,
          0.9008650180304426,
          0.9016758861279677,
          0.8908435795684883,
          0.8681604287231162,
          0.83171123986362,
          0.7813545644151538,
          0.7138641190758308,
          0.6391032122779003,
          0.5517249782466485,
          0.4633677281622263,
          0.36654437823772734,
          0.27120445340437566,
          0.17589974582171977,
          0.0816370818360242
        ],
        "P_absent": [
          0.0,
          0.0,
          0.0,
          0.0,
          0.0,
          0.0,
          0.0,
          0.0,
          0.0,
          0.0,
          0.0004558181936576154,
          0.001172103926548154,
          0.004102363742918539,
          0.04193527381650062,
          0.093963664778277,
          0.15992706908901477,
          0.23240216188057564,
          0.31444943673894643,
          0.40535260793123656,
          0.4987953376310477,
          0.5875496516246663,
          0.6722016018753663,
          0.7550302793514359,
          0.8286774760695448,
          0.8963339193852966,
          0.9590414794556228
        ],
        "n_part_median": 20.0,
        "n_part_max": 26
      }
    },
    "n_valid": 26
  },
  "subject_level": {
    "subject_eligibility_flag": "excluded_one_or_both_clusters"
  },
  "subject_id": "zhangkexuan",
  "dataset": "yuquan",
  "stem": "yuquan_zhangkexuan",
  "stable_k": 2,
  "valid_mask_provenance": "pr6_union",
  "n_valid_channels": 26,
  "swap_class_full": "candidate"
}