{
  "clusters": {
    "0": {
      "n_events_total_k": 4059,
      "n_events_kept_k": 41,
      "drop_rate_k": 0.98989898989899,
      "eligibility_flag": "excluded_low_kept_events",
      "delta": NaN,
      "asymmetry": NaN,
      "H_p_norm": null,
      "p_N0": NaN,
      "N1_cluster": null
    },
    "1": {
      "n_events_total_k": 5550,
      "n_events_kept_k": 115,
      "drop_rate_k": 0.9792792792792793,
      "eligibility_flag": "high_drop_rate_warning",
      "delta": -0.1672147416698503,
      "asymmetry": 0.5278652356557642,
      "H_p_norm": [
        0.7721325179737145,
        0.7591653043186337,
        0.7612295310672359,
        0.7741253143415238,
        0.7886148135675064,
        0.7696142926589478,
        0.4633647374296302,
        0.5507960732319052,
        0.536407067910079,
        0.2442672823179504
      ],
      "p_N0": 1.0,
      "N1_cluster": {
        "delta_obs": -0.1672147416698503,
        "endpoint_pair_rank": 37,
        "endpoint_pair_percentile": 0.2,
        "is_endpoint_pair_max": false,
        "p_N1": 0.8222222222222222,
        "min_attainable_p_N1": 0.022222222222222223,
        "n_valid": 10
      }
    }
  },
  "params": {
    "n_clusters": 2,
    "n_valid": 10,
    "n_perm_N0": 1000,
    "base_seed_N0": 0,
    "min_kept_events": 50,
    "high_drop_rate_warn": 0.5
  },
  "with_absent": {
    "clusters_with_absent": {
      "0": {
        "n_events_total": 4059,
        "H_p_norm": [
          0.896153780059977,
          0.9239100086465727,
          0.9441958989157887,
          0.9295196902667116,
          0.8370811243211328,
          0.6818156671701872,
          0.4289667190890049,
          0.24009144576797462,
          0.11184792806057044,
          0.03036828808667028
        ],
        "P_absent": [
          0.0,
          0.0,
          0.0,
          0.0034491254003449125,
          0.0349839862034984,
          0.494210396649421,
          0.7464892830746489,
          0.880019709288002,
          0.9507267799950727,
          0.98989898989899
        ],
        "n_part_median": 6.0,
        "n_part_max": 10
      },
      "1": {
        "n_events_total": 5550,
        "H_p_norm": [
          0.7938500716050113,
          0.8450787159492857,
          0.9112364669642474,
          0.95014068493061,
          0.9416596907774764,
          0.8041199138303909,
          0.5323207245929777,
          0.3418627088171751,
          0.1769041730941152,
          0.04690998100329622
        ],
        "P_absent": [
          0.0,
          0.0,
          0.0,
          0.003243243243243243,
          0.016396396396396395,
          0.36162162162162165,
          0.6156756756756757,
          0.7962162162162162,
          0.9099099099099099,
          0.9792792792792793
        ],
        "n_part_median": 6.0,
        "n_part_max": 10
      }
    },
    "n_valid": 10
  },
  "subject_level": {
    "subject_eligibility_flag": "excluded_one_or_both_clusters"
  },
  "subject_id": "chenziyang",
  "dataset": "yuquan",
  "stem": "yuquan_chenziyang",
  "stable_k": 2,
  "valid_mask_provenance": "pr6_union",
  "n_valid_channels": 10,
  "swap_class_full": "candidate"
}