{
  "clusters": {
    "0": {
      "n_events_total_k": 5847,
      "n_events_kept_k": 83,
      "drop_rate_k": 0.9858046861638448,
      "eligibility_flag": "high_drop_rate_warning",
      "delta": -0.4311118606100682,
      "asymmetry": 0.1830036557455097,
      "H_p_norm": [
        0.4728968246436929,
        0.6111642270920075,
        0.8195724780659257,
        0.8626015037919202,
        0.8727825032045415,
        0.8846071265379567,
        0.8959733768391978,
        0.901249413662941,
        0.8896181458222832,
        0.8886815706886174,
        0.8697415728597344,
        0.862989787663623,
        0.8247348338123602,
        0.3788726059119711,
        0.28989316889818323
      ],
      "p_N0": 1.0,
      "N1_cluster": {
        "delta_obs": -0.43111186061006807,
        "endpoint_pair_rank": 104,
        "endpoint_pair_percentile": 0.01904761904761905,
        "is_endpoint_pair_max": false,
        "p_N1": 0.9904761904761905,
        "min_attainable_p_N1": 0.009523809523809525,
        "n_valid": 15
      }
    },
    "1": {
      "n_events_total_k": 3799,
      "n_events_kept_k": 41,
      "drop_rate_k": 0.9892076862332193,
      "eligibility_flag": "excluded_low_kept_events",
      "delta": NaN,
      "asymmetry": NaN,
      "H_p_norm": null,
      "p_N0": NaN,
      "N1_cluster": null
    }
  },
  "params": {
    "n_clusters": 2,
    "n_valid": 15,
    "n_perm_N0": 1000,
    "base_seed_N0": 0,
    "min_kept_events": 50,
    "high_drop_rate_warn": 0.5
  },
  "with_absent": {
    "clusters_with_absent": {
      "0": {
        "n_events_total": 5847,
        "H_p_norm": [
          0.7993845887773642,
          0.8474137640733596,
          0.881661965302809,
          0.8924486198575112,
          0.9139198009438363,
          0.9103583394603936,
          0.9006474167188991,
          0.8969058766967826,
          0.9027607895536641,
          0.8255841744620824,
          0.6790104992379016,
          0.484200336124737,
          0.27899035234865255,
          0.11233861768939912,
          0.030886975913729194
        ],
        "P_absent": [
          0.0,
          0.0,
          0.0,
          0.0,
          0.0,
          0.0,
          0.0001710278775440397,
          0.0035915854284248334,
          0.14075594321874466,
          0.2955361723961006,
          0.474089276552078,
          0.6533264922182316,
          0.8217889515991107,
          0.935180434410809,
          0.9858046861638448
        ],
        "n_part_median": 11.0,
        "n_part_max": 15
      },
      "1": {
        "n_events_total": 3799,
        "H_p_norm": [
          0.8403691230761416,
          0.850863588409279,
          0.8790180192325914,
          0.911747226168531,
          0.9273183395540343,
          0.9386347264112724,
          0.9417731591179435,
          0.9456524411582494,
          0.9153354781331311,
          0.7839908004964904,
          0.6142660617086223,
          0.4238936431151826,
          0.23560323883462428,
          0.10336012117067872,
          0.0260780018392658
        ],
        "P_absent": [
          0.0,
          0.0,
          0.0,
          0.0,
          0.0,
          0.0,
          0.0015793629902605948,
          0.01816267438799684,
          0.20294814424848645,
          0.38773361410897605,
          0.551460910765991,
          0.7186101605685706,
          0.8602263753619374,
          0.9478810213214004,
          0.9892076862332193
        ],
        "n_part_median": 10.0,
        "n_part_max": 15
      }
    },
    "n_valid": 15
  },
  "subject_level": {
    "subject_eligibility_flag": "excluded_one_or_both_clusters"
  },
  "subject_id": "xuxinyi",
  "dataset": "yuquan",
  "stem": "yuquan_xuxinyi",
  "stable_k": 2,
  "valid_mask_provenance": "pr6_union",
  "n_valid_channels": 15,
  "swap_class_full": "none"
}