{
  "clusters": {
    "0": {
      "n_events_total_k": 1072,
      "n_events_kept_k": 16,
      "drop_rate_k": 0.9850746268656716,
      "eligibility_flag": "excluded_low_kept_events",
      "delta": NaN,
      "asymmetry": NaN,
      "H_p_norm": null,
      "p_N0": NaN,
      "N1_cluster": null
    },
    "1": {
      "n_events_total_k": 847,
      "n_events_kept_k": 8,
      "drop_rate_k": 0.9905548996458088,
      "eligibility_flag": "excluded_low_kept_events",
      "delta": NaN,
      "asymmetry": NaN,
      "H_p_norm": null,
      "p_N0": NaN,
      "N1_cluster": null
    }
  },
  "params": {
    "n_clusters": 2,
    "n_valid": 22,
    "n_perm_N0": 1000,
    "base_seed_N0": 0,
    "min_kept_events": 50,
    "high_drop_rate_warn": 0.5
  },
  "with_absent": {
    "clusters_with_absent": {
      "0": {
        "n_events_total": 1072,
        "H_p_norm": [
          0.8342075577035569,
          0.8562657746813863,
          0.8877892130403675,
          0.9110667199322506,
          0.9249780167066345,
          0.9449884433972084,
          0.9655855964912232,
          0.9713936993671173,
          0.9804469923842863,
          0.97336898924884,
          0.9608095336108284,
          0.9274839086952181,
          0.8461364959765917,
          0.74381200566232,
          0.6382725769137411,
          0.5467374880580519,
          0.45506705324923347,
          0.3582385702080225,
          0.28011180663915,
          0.19674655242011502,
          0.09084076822838283,
          0.03430581902466493
        ],
        "P_absent": [
          0.0,
          0.0,
          0.0,
          0.0,
          0.0,
          0.0,
          0.0,
          0.0,
          0.0009328358208955224,
          0.0018656716417910447,
          0.013059701492537313,
          0.14738805970149255,
          0.2891791044776119,
          0.41324626865671643,
          0.5242537313432836,
          0.6156716417910447,
          0.6977611940298507,
          0.7798507462686567,
          0.835820895522388,
          0.8936567164179104,
          0.9561567164179104,
          0.9850746268656716
        ],
        "n_part_median": 14.0,
        "n_part_max": 22
      },
      "1": {
        "n_events_total": 847,
        "H_p_norm": [
          0.9051315846320861,
          0.9033345348855916,
          0.9335166119735845,
          0.9579290076008183,
          0.966960495957307,
          0.9781588476083998,
          0.972004565474579,
          0.9779287251608013,
          0.9709715169422278,
          0.9629750402348901,
          0.9468316306878314,
          0.9087527223896725,
          0.8285223378094159,
          0.7518932230414506,
          0.642858627804657,
          0.5363926385704838,
          0.43031763645482074,
          0.3231257849049307,
          0.2207600683554385,
          0.1438845910444924,
          0.06979677077838543,
          0.022065167531710207
        ],
        "P_absent": [
          0.0,
          0.0,
          0.0,
          0.0,
          0.0,
          0.0,
          0.0,
          0.0,
          0.0,
          0.0023612750885478157,
          0.0059031877213695395,
          0.15584415584415584,
          0.3010625737898465,
          0.4155844155844156,
          0.5360094451003542,
          0.6363636363636364,
          0.7284533648170012,
          0.8110979929161747,
          0.8807556080283353,
          0.9279811097992916,
          0.9681227863046045,
          0.9905548996458088
        ],
        "n_part_median": 14.0,
        "n_part_max": 22
      }
    },
    "n_valid": 22
  },
  "subject_level": {
    "subject_eligibility_flag": "excluded_one_or_both_clusters"
  },
  "subject_id": "wangyiyang",
  "dataset": "yuquan",
  "stem": "yuquan_wangyiyang",
  "stable_k": 2,
  "valid_mask_provenance": "pr6_union",
  "n_valid_channels": 22,
  "swap_class_full": "strict"
}