{
  "clusters": {
    "0": {
      "n_events_total_k": 1045,
      "n_events_kept_k": 0,
      "drop_rate_k": 1.0,
      "eligibility_flag": "excluded_low_kept_events",
      "delta": NaN,
      "asymmetry": NaN,
      "H_p_norm": null,
      "p_N0": NaN,
      "N1_cluster": null
    },
    "1": {
      "n_events_total_k": 1301,
      "n_events_kept_k": 10,
      "drop_rate_k": 0.9923136049192929,
      "eligibility_flag": "excluded_low_kept_events",
      "delta": NaN,
      "asymmetry": NaN,
      "H_p_norm": null,
      "p_N0": NaN,
      "N1_cluster": null
    }
  },
  "params": {
    "n_clusters": 2,
    "n_valid": 17,
    "n_perm_N0": 1000,
    "base_seed_N0": 0,
    "min_kept_events": 50,
    "high_drop_rate_warn": 0.5
  },
  "with_absent": {
    "clusters_with_absent": {
      "0": {
        "n_events_total": 1045,
        "H_p_norm": [
          0.9238965755106588,
          0.9357998713351345,
          0.9422416100867741,
          0.955516340099769,
          0.9594350699771216,
          0.9678414646058107,
          0.9601969491386358,
          0.9585782904566507,
          0.9474355447804226,
          0.9174868955634602,
          0.7941259269264206,
          0.6218082646658583,
          0.4682988159915425,
          0.3156750222656057,
          0.1716342575361104,
          0.08321328234325073,
          -0.0
        ],
        "P_absent": [
          0.0,
          0.0,
          0.0,
          0.0,
          0.0,
          0.0,
          0.0,
          0.0019138755980861245,
          0.01722488038277512,
          0.19808612440191387,
          0.3799043062200957,
          0.570334928229665,
          0.7062200956937799,
          0.8267942583732057,
          0.9138755980861244,
          0.9636363636363636,
          1.0
        ],
        "n_part_median": 11.0,
        "n_part_max": 16
      },
      "1": {
        "n_events_total": 1301,
        "H_p_norm": [
          0.8041647190536151,
          0.8606113815397046,
          0.891530521012347,
          0.9072477017133518,
          0.9249223278561456,
          0.9516778656291512,
          0.9489155292801901,
          0.941301379203007,
          0.9307151608751821,
          0.9195139363674647,
          0.8231446797483111,
          0.6856070845619551,
          0.5511430834400984,
          0.39915494754571307,
          0.22317250145298306,
          0.095386429809441,
          0.01885977395196752
        ],
        "P_absent": [
          0.0,
          0.0,
          0.0,
          0.0,
          0.0,
          0.0,
          0.0,
          0.0,
          0.006149116064565719,
          0.16218293620292082,
          0.31821675634127594,
          0.48347425057647964,
          0.6264411990776326,
          0.7524980784012298,
          0.8762490392006149,
          0.9561875480399693,
          0.9923136049192929
        ],
        "n_part_median": 12.0,
        "n_part_max": 17
      }
    },
    "n_valid": 17
  },
  "subject_level": {
    "subject_eligibility_flag": "excluded_one_or_both_clusters"
  },
  "subject_id": "liyouran",
  "dataset": "yuquan",
  "stem": "yuquan_liyouran",
  "stable_k": 2,
  "valid_mask_provenance": "pr6_union",
  "n_valid_channels": 17,
  "swap_class_full": "candidate"
}