{
  "clusters": {
    "0": {
      "n_events_total_k": 4338,
      "n_events_kept_k": 131,
      "drop_rate_k": 0.9698017519594283,
      "eligibility_flag": "high_drop_rate_warning",
      "delta": -0.12685250979858653,
      "asymmetry": 0.19966730711691738,
      "H_p_norm": [
        0.8000953374588086,
        0.8307826409380118,
        0.8422469766314234,
        0.86977451391513,
        0.8681481560439469,
        0.8640430865457126,
        0.8552994644307479,
        0.889051950070967,
        0.8974825605343628,
        0.7372205609092084,
        0.6170920269698533,
        0.6004280303418912
      ],
      "p_N0": 1.0,
      "N1_cluster": {
        "delta_obs": -0.12685250979858653,
        "endpoint_pair_rank": 63,
        "endpoint_pair_percentile": 0.06060606060606061,
        "is_endpoint_pair_max": false,
        "p_N1": 0.9545454545454546,
        "min_attainable_p_N1": 0.015151515151515152,
        "n_valid": 12
      }
    },
    "1": {
      "n_events_total_k": 3113,
      "n_events_kept_k": 50,
      "drop_rate_k": 0.983938323160938,
      "eligibility_flag": "high_drop_rate_warning",
      "delta": -0.07571568290866204,
      "asymmetry": -0.067383494869803,
      "H_p_norm": [
        0.7457598093675069,
        0.668533889642961,
        0.7821474420724044,
        0.9775551211080153,
        0.9706088141517442,
        0.8583542322424944,
        0.8910368086920124,
        0.8732479435112683,
        0.8730683603710035,
        0.8655339808593575,
        0.791585804459442,
        0.8131433042373098
      ],
      "p_N0": 1.0,
      "N1_cluster": {
        "delta_obs": -0.07571568290866226,
        "endpoint_pair_rank": 56,
        "endpoint_pair_percentile": 0.16666666666666666,
        "is_endpoint_pair_max": false,
        "p_N1": 0.8484848484848485,
        "min_attainable_p_N1": 0.015151515151515152,
        "n_valid": 12
      }
    }
  },
  "params": {
    "n_clusters": 2,
    "n_valid": 12,
    "n_perm_N0": 1000,
    "base_seed_N0": 0,
    "min_kept_events": 50,
    "high_drop_rate_warn": 0.5
  },
  "with_absent": {
    "clusters_with_absent": {
      "0": {
        "n_events_total": 4338,
        "H_p_norm": [
          0.7612260481802597,
          0.8198753469087441,
          0.8437242086113994,
          0.8693414417643988,
          0.9037097398456088,
          0.9289755584181711,
          0.922639073337676,
          0.6806315670449625,
          0.4866308125143972,
          0.30449175915315585,
          0.17405006122824168,
          0.07036655101681319
        ],
        "P_absent": [
          0.0,
          0.0,
          0.0,
          0.0,
          0.0004610419548178884,
          0.004840940525587829,
          0.2346703550023052,
          0.5140617796219455,
          0.6871830336560627,
          0.8241124942369755,
          0.9114799446749654,
          0.9698017519594283
        ],
        "n_part_median": 7.0,
        "n_part_max": 12
      },
      "1": {
        "n_events_total": 3113,
        "H_p_norm": [
          0.8886125172156624,
          0.9297546571979535,
          0.9350200341813124,
          0.8963816992823991,
          0.8814982142190753,
          0.8687790089556796,
          0.851030788996439,
          0.6504800884798877,
          0.4578160475114444,
          0.2785752861841149,
          0.14620509172220597,
          0.044734564252032226
        ],
        "P_absent": [
          0.0,
          0.0,
          0.0,
          0.0,
          0.0,
          0.007709604882749759,
          0.27369097333761644,
          0.5685833601027948,
          0.7359460327658207,
          0.8615483456472856,
          0.9347895920334083,
          0.983938323160938
        ],
        "n_part_median": 7.0,
        "n_part_max": 12
      }
    },
    "n_valid": 12
  },
  "subject_level": {
    "delta_obs_subject": -0.1012840963536244,
    "n_combos": 4356,
    "subject_combo_rank": 4200,
    "subject_combo_percentile": 0.03604224058769513,
    "is_subject_combo_max": false,
    "p_N1_subject": 0.9641873278236914,
    "min_attainable_p_N1_subject": 0.0002295684113865932,
    "subject_eligibility_flag": "ok"
  },
  "subject_id": "gaolan",
  "dataset": "yuquan",
  "stem": "yuquan_gaolan",
  "stable_k": 2,
  "valid_mask_provenance": "pr2_sentinel_union",
  "n_valid_channels": 12,
  "swap_class_full": "none"
}