{
  "clusters": {
    "0": {
      "n_events_total_k": 743,
      "n_events_kept_k": 1,
      "drop_rate_k": 0.9986541049798116,
      "eligibility_flag": "excluded_low_kept_events",
      "delta": NaN,
      "asymmetry": NaN,
      "H_p_norm": null,
      "p_N0": NaN,
      "N1_cluster": null
    },
    "1": {
      "n_events_total_k": 1327,
      "n_events_kept_k": 3,
      "drop_rate_k": 0.9977392614920875,
      "eligibility_flag": "excluded_low_kept_events",
      "delta": NaN,
      "asymmetry": NaN,
      "H_p_norm": null,
      "p_N0": NaN,
      "N1_cluster": null
    }
  },
  "params": {
    "n_clusters": 2,
    "n_valid": 24,
    "n_perm_N0": 1000,
    "base_seed_N0": 0,
    "min_kept_events": 50,
    "high_drop_rate_warn": 0.5
  },
  "with_absent": {
    "clusters_with_absent": {
      "0": {
        "n_events_total": 743,
        "H_p_norm": [
          0.9181137511651694,
          0.9197552289130126,
          0.9364967201953984,
          0.9545634453474765,
          0.9452439701589754,
          0.9626258052757045,
          0.9617210823520508,
          0.9706507612031783,
          0.9600669385842571,
          0.9589113532093729,
          0.9630587933722092,
          0.9489550921812928,
          0.9067918419017884,
          0.714134756874545,
          0.5489610480869451,
          0.38485482882922784,
          0.27026698253606796,
          0.19974667072032293,
          0.1348887780463013,
          0.06424051365114503,
          0.04217711564400468,
          0.01850356772940718,
          0.015324446067387289,
          0.0031819468475032683
        ],
        "P_absent": [
          0.0,
          0.0,
          0.0,
          0.0,
          0.0,
          0.0,
          0.0,
          0.0,
          0.0,
          0.0,
          0.0,
          0.004037685060565276,
          0.22072678331090176,
          0.4670255720053836,
          0.6352624495289367,
          0.7698519515477793,
          0.8492597577388964,
          0.8950201884253028,
          0.9286675639300135,
          0.9690444145356663,
          0.9811574697173621,
          0.9919246298788694,
          0.9932705248990579,
          0.9986541049798116
        ],
        "n_part_median": 14.0,
        "n_part_max": 24
      },
      "1": {
        "n_events_total": 1327,
        "H_p_norm": [
          0.8727946043273015,
          0.8801745248671015,
          0.8915685206140136,
          0.9106962115718332,
          0.9176736078729834,
          0.9194148354177205,
          0.9349270432945009,
          0.9508920885043421,
          0.962578029089435,
          0.9713658999148156,
          0.9689164011671816,
          0.9593303136302093,
          0.9185380079023389,
          0.8140577903734619,
          0.6777237780659483,
          0.5345973480682684,
          0.405512540621589,
          0.2944929067313967,
          0.2061159278135401,
          0.1203312529037998,
          0.0737734393468082,
          0.03714153702741351,
          0.013711923991106083,
          0.005751827758121103
        ],
        "P_absent": [
          0.0,
          0.0,
          0.0,
          0.0,
          0.0,
          0.0,
          0.0,
          0.0,
          0.0,
          0.0,
          0.0,
          0.006028636021100226,
          0.16880180859080632,
          0.3360964581763376,
          0.4762622456669179,
          0.6058779201205727,
          0.7256970610399397,
          0.8138658628485306,
          0.8741522230595328,
          0.9299171062547099,
          0.9623210248681235,
          0.9819140919366993,
          0.9939713639788997,
          0.9977392614920875
        ],
        "n_part_median": 15.0,
        "n_part_max": 24
      }
    },
    "n_valid": 24
  },
  "subject_level": {
    "subject_eligibility_flag": "excluded_one_or_both_clusters"
  },
  "subject_id": "litengsheng",
  "dataset": "yuquan",
  "stem": "yuquan_litengsheng",
  "stable_k": 2,
  "valid_mask_provenance": "pr6_union",
  "n_valid_channels": 24,
  "swap_class_full": "none"
}