{
  "clusters": {
    "0": {
      "n_events_total_k": 226,
      "n_events_kept_k": 0,
      "drop_rate_k": 1.0,
      "eligibility_flag": "excluded_low_kept_events",
      "delta": NaN,
      "asymmetry": NaN,
      "H_p_norm": null,
      "p_N0": NaN,
      "N1_cluster": null
    },
    "1": {
      "n_events_total_k": 258,
      "n_events_kept_k": 0,
      "drop_rate_k": 1.0,
      "eligibility_flag": "excluded_low_kept_events",
      "delta": NaN,
      "asymmetry": NaN,
      "H_p_norm": null,
      "p_N0": NaN,
      "N1_cluster": null
    }
  },
  "params": {
    "n_clusters": 2,
    "n_valid": 10,
    "n_perm_N0": 1000,
    "base_seed_N0": 0,
    "min_kept_events": 50,
    "high_drop_rate_warn": 0.5
  },
  "with_absent": {
    "clusters_with_absent": {
      "0": {
        "n_events_total": 226,
        "H_p_norm": [
          0.881638207174617,
          0.8761046794612535,
          0.915733819725093,
          0.9341126248024434,
          0.9719675722734737,
          0.5635276808341392,
          0.27546540198916986,
          0.08742156917220328,
          -0.0,
          -0.0
        ],
        "P_absent": [
          0.0,
          0.0,
          0.0,
          0.0,
          0.030973451327433628,
          0.6769911504424779,
          0.8672566371681416,
          0.9601769911504425,
          1.0,
          1.0
        ],
        "n_part_median": 5.0,
        "n_part_max": 8
      },
      "1": {
        "n_events_total": 258,
        "H_p_norm": [
          0.884964878162762,
          0.9523714037131797,
          0.9276633986944464,
          0.8640621506731911,
          0.8593468247558819,
          0.48230831558068565,
          0.19855375604265232,
          0.04007774180554827,
          -0.0,
          -0.0
        ],
        "P_absent": [
          0.0,
          0.0,
          0.0,
          0.0,
          0.027131782945736434,
          0.7093023255813954,
          0.8992248062015504,
          0.9844961240310077,
          1.0,
          1.0
        ],
        "n_part_median": 5.0,
        "n_part_max": 8
      }
    },
    "n_valid": 10
  },
  "subject_level": {
    "subject_eligibility_flag": "excluded_one_or_both_clusters"
  },
  "subject_id": "huanghanwen",
  "dataset": "yuquan",
  "stem": "yuquan_huanghanwen",
  "stable_k": 2,
  "valid_mask_provenance": "pr6_union",
  "n_valid_channels": 10,
  "swap_class_full": "candidate"
}